6868654,LA갈비구이
6953424,LA갈비구이
6881010,LA갈비구이
6953035,LA갈비구이
6953162,LA갈비구이
6947760,LA갈비구이
6907762,LA갈비구이
6831592,LA갈비구이
6908459,LA갈비구이
6746220,LA갈비구이
6904822,LA갈비구이
6925139,LA갈비구이
6772395,LA갈비구이
6905236,LA갈비구이
6858164,LA갈비구이
1446268,LA갈비구이
6881636,LA갈비구이
6834901,LA갈비구이
6835067,LA갈비구이
6845919,LA갈비구이
6896219,LA갈비구이
6957390,LA갈비구이
6952372,LA갈비구이
6947798,LA갈비구이
6947759,LA갈비구이
6946662,LA갈비구이
6943274,LA갈비구이
6943099,LA갈비구이
6943011,LA갈비구이
6941923,LA갈비구이
6939673,LA갈비구이
6938734,LA갈비구이
6938519,LA갈비구이
6937418,LA갈비구이
6936174,LA갈비구이
6935703,LA갈비구이
6933668,LA갈비구이
6931620,LA갈비구이
6924454,LA갈비구이
6913448,LA갈비구이
6913241,LA갈비구이
6911797,LA갈비구이
6910879,LA갈비구이
6903337,LA갈비구이
6898633,LA갈비구이
6896980,LA갈비구이
6896486,LA갈비구이
6896208,LA갈비구이
6896101,LA갈비구이
6889368,LA갈비구이
6884894,LA갈비구이
6881680,LA갈비구이
6879216,LA갈비구이
6876244,LA갈비구이
6864509,LA갈비구이
6862224,LA갈비구이
6861097,LA갈비구이
6857773,LA갈비구이
6856787,LA갈비구이
6856449,LA갈비구이
6848751,LA갈비구이
6839277,LA갈비구이
6839178,LA갈비구이
6835149,LA갈비구이
6545254,LA갈비구이
4559006,LA갈비구이
1051014,LA갈비구이
76256,LA갈비구이
