6872531,나물비빔밥
6870996,나물비빔밥
6832090,나물비빔밥
6924586,나물비빔밥
6864783,나물비빔밥
6842491,나물비빔밥
6924837,나물비빔밥
1796132,나물비빔밥
6944640,나물비빔밥
6940552,나물비빔밥
6889149,나물비빔밥
6868375,나물비빔밥
6876253,나물비빔밥
6911238,나물비빔밥
6864782,나물비빔밥
6954992,나물비빔밥
5191292,나물비빔밥
6949944,나물비빔밥
6874826,나물비빔밥
6866107,나물비빔밥
6884591,나물비빔밥
6831613,나물비빔밥
6907185,나물비빔밥
6857064,나물비빔밥
6860569,나물비빔밥
6852570,나물비빔밥
6836363,나물비빔밥
1763033,나물비빔밥
6865237,나물비빔밥
6895471,나물비빔밥
6864722,나물비빔밥
625862,나물비빔밥
6867310,나물비빔밥
6886237,나물비빔밥
6891168,나물비빔밥
6846532,나물비빔밥
2393365,나물비빔밥
6640397,나물비빔밥
3047390,나물비빔밥
2830994,나물비빔밥
6945947,나물비빔밥
6957732,나물비빔밥
6956466,나물비빔밥
6955403,나물비빔밥
6954740,나물비빔밥
6954431,나물비빔밥
6954349,나물비빔밥
6949312,나물비빔밥
6947438,나물비빔밥
6946241,나물비빔밥
6946076,나물비빔밥
6944494,나물비빔밥
6943617,나물비빔밥
6943275,나물비빔밥
6943272,나물비빔밥
6943004,나물비빔밥
6941385,나물비빔밥
6940532,나물비빔밥
6939397,나물비빔밥
6938039,나물비빔밥
6935625,나물비빔밥
6935593,나물비빔밥
6935411,나물비빔밥
6935126,나물비빔밥
6934957,나물비빔밥
6934077,나물비빔밥
6932335,나물비빔밥
6931493,나물비빔밥
6931010,나물비빔밥
6930948,나물비빔밥
6929474,나물비빔밥
6928543,나물비빔밥
6927616,나물비빔밥
6927615,나물비빔밥
6927593,나물비빔밥
6927592,나물비빔밥
6927119,나물비빔밥
6926554,나물비빔밥
6926373,나물비빔밥
6925833,나물비빔밥
6925675,나물비빔밥
6925670,나물비빔밥
6923449,나물비빔밥
6923264,나물비빔밥
6921707,나물비빔밥
6920912,나물비빔밥
6920756,나물비빔밥
6920360,나물비빔밥
6918778,나물비빔밥
6916456,나물비빔밥
6915857,나물비빔밥
6913586,나물비빔밥
6911913,나물비빔밥
6908981,나물비빔밥
6904299,나물비빔밥
6903867,나물비빔밥
6901803,나물비빔밥
6901044,나물비빔밥
6900778,나물비빔밥
6897831,나물비빔밥
6897430,나물비빔밥
6896639,나물비빔밥
6896501,나물비빔밥
6887338,나물비빔밥
6886097,나물비빔밥
6884188,나물비빔밥
6884134,나물비빔밥
6882927,나물비빔밥
6882778,나물비빔밥
6882314,나물비빔밥
6882193,나물비빔밥
6879275,나물비빔밥
6877817,나물비빔밥
6876888,나물비빔밥
6875257,나물비빔밥
6869582,나물비빔밥
6868807,나물비빔밥
6868163,나물비빔밥
6865554,나물비빔밥
6865223,나물비빔밥
6864902,나물비빔밥
6864503,나물비빔밥
6863617,나물비빔밥
6858871,나물비빔밥
6857098,나물비빔밥
6857084,나물비빔밥
6855741,나물비빔밥
6854781,나물비빔밥
6854166,나물비빔밥
6852965,나물비빔밥
6852449,나물비빔밥
6848795,나물비빔밥
6848702,나물비빔밥
6848176,나물비빔밥
6847175,나물비빔밥
6845794,나물비빔밥
6845038,나물비빔밥
6841323,나물비빔밥
6838097,나물비빔밥
6836410,나물비빔밥
6836018,나물비빔밥
6835204,나물비빔밥
6835198,나물비빔밥
6731284,나물비빔밥
6581604,나물비빔밥
6016512,나물비빔밥
5974760,나물비빔밥
5892435,나물비빔밥
5852422,나물비빔밥
4978608,나물비빔밥
4593249,나물비빔밥
4317775,나물비빔밥
3580241,나물비빔밥
3568868,나물비빔밥
3063223,나물비빔밥
2640460,나물비빔밥
2530732,나물비빔밥
2501202,나물비빔밥
2465888,나물비빔밥
2382646,나물비빔밥
1946346,나물비빔밥
1869748,나물비빔밥
1834864,나물비빔밥
1771725,나물비빔밥
1759050,나물비빔밥
1674107,나물비빔밥
1668676,나물비빔밥
1607272,나물비빔밥
1557697,나물비빔밥
1030793,나물비빔밥
1008057,나물비빔밥
674776,나물비빔밥
633817,나물비빔밥
116154,나물비빔밥
