6867165,냉이된장찌개
6867811,냉이된장찌개
4629204,냉이된장찌개
6843046,냉이된장찌개
6887389,냉이된장찌개
6884231,냉이된장찌개
6885550,냉이된장찌개
6844406,냉이된장찌개
6884710,냉이된장찌개
6867655,냉이된장찌개
6807072,냉이된장찌개
1656332,냉이된장찌개
6956096,냉이된장찌개
6955122,냉이된장찌개
6954434,냉이된장찌개
6954405,냉이된장찌개
6954270,냉이된장찌개
6954029,냉이된장찌개
6953963,냉이된장찌개
6952951,냉이된장찌개
6950716,냉이된장찌개
6950590,냉이된장찌개
6949967,냉이된장찌개
6948647,냉이된장찌개
6947334,냉이된장찌개
6937797,냉이된장찌개
6936633,냉이된장찌개
6930412,냉이된장찌개
6929189,냉이된장찌개
6926586,냉이된장찌개
6924772,냉이된장찌개
6921835,냉이된장찌개
6912280,냉이된장찌개
6910153,냉이된장찌개
6908685,냉이된장찌개
6908369,냉이된장찌개
6908060,냉이된장찌개
6907949,냉이된장찌개
6906026,냉이된장찌개
6886496,냉이된장찌개
6885802,냉이된장찌개
6885779,냉이된장찌개
6884023,냉이된장찌개
6869861,냉이된장찌개
6868698,냉이된장찌개
6866744,냉이된장찌개
6864846,냉이된장찌개
6848636,냉이된장찌개
6845378,냉이된장찌개
6842853,냉이된장찌개
6723380,냉이된장찌개
6697193,냉이된장찌개
6594372,냉이된장찌개
6594343,냉이된장찌개
6542812,냉이된장찌개
4630337,냉이된장찌개
4409716,냉이된장찌개
3536947,냉이된장찌개
1864424,냉이된장찌개
1837997,냉이된장찌개
1788855,냉이된장찌개
1775691,냉이된장찌개
1216036,냉이된장찌개
1088058,냉이된장찌개
84191,냉이된장찌개
