6955558,닭다리구이
6854399,닭다리구이
3730762,닭다리구이
6951749,닭다리구이
6887308,닭다리구이
6895195,닭다리구이
6881385,닭다리구이
6883854,닭다리구이
6875197,닭다리구이
6884602,닭다리구이
6877423,닭다리구이
6708201,닭다리구이
6835460,닭다리구이
6846217,닭다리구이
6928603,닭다리구이
1711942,닭다리구이
6881355,닭다리구이
6858090,닭다리구이
6913304,닭다리구이
6888098,닭다리구이
6865463,닭다리구이
1648387,닭다리구이
6906241,닭다리구이
4848439,닭다리구이
1815652,닭다리구이
981412,닭다리구이
6868229,닭다리구이
6694934,닭다리구이
6916417,닭다리구이
6836570,닭다리구이
1849777,닭다리구이
6903510,닭다리구이
6835223,닭다리구이
6894313,닭다리구이
708454,닭다리구이
375680,닭다리구이
6956846,닭다리구이
6956324,닭다리구이
6954046,닭다리구이
6952993,닭다리구이
6952896,닭다리구이
6952198,닭다리구이
6951902,닭다리구이
6950468,닭다리구이
6936830,닭다리구이
6932267,닭다리구이
6930001,닭다리구이
6929984,닭다리구이
6924256,닭다리구이
6923986,닭다리구이
6917905,닭다리구이
6917435,닭다리구이
6916205,닭다리구이
6915933,닭다리구이
6914943,닭다리구이
6914593,닭다리구이
6910738,닭다리구이
6906791,닭다리구이
6903815,닭다리구이
6901350,닭다리구이
6900373,닭다리구이
6898203,닭다리구이
6893050,닭다리구이
6889706,닭다리구이
6888634,닭다리구이
6881323,닭다리구이
6870364,닭다리구이
6870151,닭다리구이
6862607,닭다리구이
6857425,닭다리구이
6857326,닭다리구이
6852586,닭다리구이
6848998,닭다리구이
6848898,닭다리구이
6848230,닭다리구이
6846997,닭다리구이
6836549,닭다리구이
6719542,닭다리구이
6694494,닭다리구이
6681211,닭다리구이
6603351,닭다리구이
6445627,닭다리구이
6308333,닭다리구이
6219240,닭다리구이
4849691,닭다리구이
2432860,닭다리구이
2311741,닭다리구이
1938937,닭다리구이
1938040,닭다리구이
1476171,닭다리구이
1402773,닭다리구이
1386454,닭다리구이
1080192,닭다리구이
1026517,닭다리구이
767195,닭다리구이
671634,닭다리구이
621434,닭다리구이
412643,닭다리구이
91949,닭다리구이
