6842456,닭가슴살볶음
6937841,닭가슴살볶음
6882435,닭가슴살볶음
6844208,닭가슴살볶음
6882319,닭가슴살볶음
6929119,닭가슴살볶음
6935495,닭가슴살볶음
6945221,닭가슴살볶음
6842996,닭가슴살볶음
6892053,닭가슴살볶음
6831536,닭가슴살볶음
6862750,닭가슴살볶음
6900344,닭가슴살볶음
6848218,닭가슴살볶음
4299006,닭가슴살볶음
3975588,닭가슴살볶음
6952355,닭가슴살볶음
6913807,닭가슴살볶음
6851642,닭가슴살볶음
6837611,닭가슴살볶음
2528933,닭가슴살볶음
4684909,닭가슴살볶음
6876256,닭가슴살볶음
6835519,닭가슴살볶음
6926430,닭가슴살볶음
6920633,닭가슴살볶음
6918512,닭가슴살볶음
6888952,닭가슴살볶음
6832856,닭가슴살볶음
6875845,닭가슴살볶음
6948330,닭가슴살볶음
6289291,닭가슴살볶음
6947611,닭가슴살볶음
6865408,닭가슴살볶음
6919405,닭가슴살볶음
6843130,닭가슴살볶음
6767876,닭가슴살볶음
6754761,닭가슴살볶음
6889016,닭가슴살볶음
6857662,닭가슴살볶음
6849696,닭가슴살볶음
6866700,닭가슴살볶음
6889983,닭가슴살볶음
6830984,닭가슴살볶음
6927606,닭가슴살볶음
6899743,닭가슴살볶음
6723453,닭가슴살볶음
6904260,닭가슴살볶음
4588743,닭가슴살볶음
6848271,닭가슴살볶음
4703736,닭가슴살볶음
6786497,닭가슴살볶음
5978907,닭가슴살볶음
1805944,닭가슴살볶음
6865939,닭가슴살볶음
6833232,닭가슴살볶음
1839271,닭가슴살볶음
6879281,닭가슴살볶음
702040,닭가슴살볶음
527137,닭가슴살볶음
6957264,닭가슴살볶음
6956531,닭가슴살볶음
6956500,닭가슴살볶음
6956234,닭가슴살볶음
6953978,닭가슴살볶음
6952666,닭가슴살볶음
6951987,닭가슴살볶음
6950870,닭가슴살볶음
6949381,닭가슴살볶음
6948325,닭가슴살볶음
6948138,닭가슴살볶음
6946458,닭가슴살볶음
6944620,닭가슴살볶음
6944399,닭가슴살볶음
6944127,닭가슴살볶음
6942931,닭가슴살볶음
6942484,닭가슴살볶음
6942275,닭가슴살볶음
6941853,닭가슴살볶음
6941718,닭가슴살볶음
6940384,닭가슴살볶음
6939357,닭가슴살볶음
6939159,닭가슴살볶음
6936908,닭가슴살볶음
6936832,닭가슴살볶음
6936258,닭가슴살볶음
6935292,닭가슴살볶음
6934053,닭가슴살볶음
6932884,닭가슴살볶음
6932196,닭가슴살볶음
6929835,닭가슴살볶음
6927532,닭가슴살볶음
6927159,닭가슴살볶음
6926834,닭가슴살볶음
6920523,닭가슴살볶음
6917654,닭가슴살볶음
6916237,닭가슴살볶음
6915942,닭가슴살볶음
6913965,닭가슴살볶음
6913666,닭가슴살볶음
6913456,닭가슴살볶음
6912443,닭가슴살볶음
6910420,닭가슴살볶음
6909023,닭가슴살볶음
6906270,닭가슴살볶음
6905115,닭가슴살볶음
6904079,닭가슴살볶음
6899195,닭가슴살볶음
6899134,닭가슴살볶음
6898792,닭가슴살볶음
6897167,닭가슴살볶음
6895157,닭가슴살볶음
6893812,닭가슴살볶음
6888486,닭가슴살볶음
6887461,닭가슴살볶음
6887225,닭가슴살볶음
6885514,닭가슴살볶음
6885251,닭가슴살볶음
6884784,닭가슴살볶음
6883807,닭가슴살볶음
6882814,닭가슴살볶음
6880824,닭가슴살볶음
6878073,닭가슴살볶음
6876813,닭가슴살볶음
6875186,닭가슴살볶음
6874872,닭가슴살볶음
6874443,닭가슴살볶음
6871274,닭가슴살볶음
6868429,닭가슴살볶음
6865829,닭가슴살볶음
6859746,닭가슴살볶음
6859453,닭가슴살볶음
6856626,닭가슴살볶음
6856149,닭가슴살볶음
6853727,닭가슴살볶음
6853664,닭가슴살볶음
6853242,닭가슴살볶음
6852988,닭가슴살볶음
6850398,닭가슴살볶음
6850387,닭가슴살볶음
6846963,닭가슴살볶음
6845910,닭가슴살볶음
6845767,닭가슴살볶음
6838579,닭가슴살볶음
6838452,닭가슴살볶음
6836731,닭가슴살볶음
6833460,닭가슴살볶음
6833320,닭가슴살볶음
6831887,닭가슴살볶음
6831297,닭가슴살볶음
6732140,닭가슴살볶음
6721752,닭가슴살볶음
6659181,닭가슴살볶음
6575628,닭가슴살볶음
6509174,닭가슴살볶음
6478815,닭가슴살볶음
6323863,닭가슴살볶음
5988367,닭가슴살볶음
5956777,닭가슴살볶음
5935890,닭가슴살볶음
5741689,닭가슴살볶음
5725904,닭가슴살볶음
5471864,닭가슴살볶음
5456695,닭가슴살볶음
5450249,닭가슴살볶음
5419453,닭가슴살볶음
5291986,닭가슴살볶음
4175589,닭가슴살볶음
3446170,닭가슴살볶음
3267123,닭가슴살볶음
1992974,닭가슴살볶음
1957295,닭가슴살볶음
1936354,닭가슴살볶음
1911362,닭가슴살볶음
1800097,닭가슴살볶음
1662070,닭가슴살볶음
1576983,닭가슴살볶음
1545739,닭가슴살볶음
681503,닭가슴살볶음
130162,닭가슴살볶음
