6888310,달래된장찌개
6955434,달래된장찌개
6841780,달래된장찌개
6778544,달래된장찌개
6884742,달래된장찌개
6862555,달래된장찌개
6930149,달래된장찌개
6907645,달래된장찌개
6688158,달래된장찌개
6885550,달래된장찌개
6867325,달래된장찌개
6845510,달래된장찌개
6862963,달래된장찌개
6846701,달래된장찌개
6844139,달래된장찌개
6488444,달래된장찌개
5800668,달래된장찌개
6957658,달래된장찌개
6956831,달래된장찌개
6954788,달래된장찌개
6938550,달래된장찌개
6932782,달래된장찌개
6931564,달래된장찌개
6930303,달래된장찌개
6929750,달래된장찌개
6928798,달래된장찌개
6928289,달래된장찌개
6927402,달래된장찌개
6927333,달래된장찌개
6924772,달래된장찌개
6923316,달래된장찌개
6920042,달래된장찌개
6910652,달래된장찌개
6910153,달래된장찌개
6909885,달래된장찌개
6909208,달래된장찌개
6908369,달래된장찌개
6906380,달래된장찌개
6900956,달래된장찌개
6899201,달래된장찌개
6887046,달래된장찌개
6886988,달래된장찌개
6886688,달래된장찌개
6886150,달래된장찌개
6885779,달래된장찌개
6885215,달래된장찌개
6884195,달래된장찌개
6881565,달래된장찌개
6869861,달래된장찌개
6868463,달래된장찌개
6866943,달래된장찌개
6863278,달래된장찌개
6856173,달래된장찌개
6846081,달래된장찌개
6845755,달래된장찌개
6845260,달래된장찌개
6830605,달래된장찌개
6640673,달래된장찌개
6595140,달래된장찌개
5579037,달래된장찌개
4630337,달래된장찌개
3653699,달래된장찌개
3582235,달래된장찌개
3290836,달래된장찌개
2619977,달래된장찌개
2478039,달래된장찌개
1853139,달래된장찌개
1841400,달래된장찌개
1819328,달래된장찌개
1783474,달래된장찌개
1775691,달래된장찌개
650530,달래된장찌개
