6847772,닭가슴살샐러드
6839048,닭가슴살샐러드
6897486,닭가슴살샐러드
6909397,닭가슴살샐러드
6887379,닭가슴살샐러드
6887941,닭가슴살샐러드
6907418,닭가슴살샐러드
6844730,닭가슴살샐러드
1729566,닭가슴살샐러드
6948903,닭가슴살샐러드
6878050,닭가슴살샐러드
6900897,닭가슴살샐러드
6852639,닭가슴살샐러드
6853743,닭가슴살샐러드
6897201,닭가슴살샐러드
6900544,닭가슴살샐러드
6890698,닭가슴살샐러드
6921603,닭가슴살샐러드
6920815,닭가슴살샐러드
6891066,닭가슴살샐러드
6900480,닭가슴살샐러드
6839361,닭가슴살샐러드
3522952,닭가슴살샐러드
2005904,닭가슴살샐러드
6853059,닭가슴살샐러드
6884261,닭가슴살샐러드
6886159,닭가슴살샐러드
6852947,닭가슴살샐러드
2601649,닭가슴살샐러드
6857156,닭가슴살샐러드
2998440,닭가슴살샐러드
784818,닭가슴살샐러드
6883995,닭가슴살샐러드
6848119,닭가슴살샐러드
2753079,닭가슴살샐러드
6957520,닭가슴살샐러드
6955828,닭가슴살샐러드
6953524,닭가슴살샐러드
6952349,닭가슴살샐러드
6950394,닭가슴살샐러드
6949985,닭가슴살샐러드
6949377,닭가슴살샐러드
6948249,닭가슴살샐러드
6947976,닭가슴살샐러드
6947115,닭가슴살샐러드
6945893,닭가슴살샐러드
6945280,닭가슴살샐러드
6943249,닭가슴살샐러드
6942154,닭가슴살샐러드
6937728,닭가슴살샐러드
6935829,닭가슴살샐러드
6934752,닭가슴살샐러드
6934099,닭가슴살샐러드
6928784,닭가슴살샐러드
6927488,닭가슴살샐러드
6925546,닭가슴살샐러드
6925326,닭가슴살샐러드
6924719,닭가슴살샐러드
6922916,닭가슴살샐러드
6921947,닭가슴살샐러드
6921614,닭가슴살샐러드
6921231,닭가슴살샐러드
6920219,닭가슴살샐러드
6919467,닭가슴살샐러드
6919434,닭가슴살샐러드
6919383,닭가슴살샐러드
6917392,닭가슴살샐러드
6913945,닭가슴살샐러드
6913012,닭가슴살샐러드
6912026,닭가슴살샐러드
6910353,닭가슴살샐러드
6907836,닭가슴살샐러드
6907659,닭가슴살샐러드
6907368,닭가슴살샐러드
6907208,닭가슴살샐러드
6906883,닭가슴살샐러드
6906387,닭가슴살샐러드
6906340,닭가슴살샐러드
6905466,닭가슴살샐러드
6904613,닭가슴살샐러드
6901266,닭가슴살샐러드
6901013,닭가슴살샐러드
6900832,닭가슴살샐러드
6900828,닭가슴살샐러드
6900668,닭가슴살샐러드
6900608,닭가슴살샐러드
6900600,닭가슴살샐러드
6894690,닭가슴살샐러드
6894005,닭가슴살샐러드
6893254,닭가슴살샐러드
6889798,닭가슴살샐러드
6888850,닭가슴살샐러드
6887954,닭가슴살샐러드
6887886,닭가슴살샐러드
6887610,닭가슴살샐러드
6884122,닭가슴살샐러드
6882485,닭가슴살샐러드
6881742,닭가슴살샐러드
6879062,닭가슴살샐러드
6878220,닭가슴살샐러드
6877890,닭가슴살샐러드
6874450,닭가슴살샐러드
6874405,닭가슴살샐러드
6874144,닭가슴살샐러드
6872066,닭가슴살샐러드
6871881,닭가슴살샐러드
6871257,닭가슴살샐러드
6871056,닭가슴살샐러드
6870475,닭가슴살샐러드
6869206,닭가슴살샐러드
6869184,닭가슴살샐러드
6867829,닭가슴살샐러드
6865335,닭가슴살샐러드
6862481,닭가슴살샐러드
6857947,닭가슴살샐러드
6854901,닭가슴살샐러드
6854322,닭가슴살샐러드
6850207,닭가슴살샐러드
6847297,닭가슴살샐러드
6843013,닭가슴살샐러드
6842723,닭가슴살샐러드
6840024,닭가슴살샐러드
6838409,닭가슴살샐러드
6836922,닭가슴살샐러드
6831159,닭가슴살샐러드
6831158,닭가슴살샐러드
6829469,닭가슴살샐러드
6828868,닭가슴살샐러드
6826131,닭가슴살샐러드
6784509,닭가슴살샐러드
6731007,닭가슴살샐러드
6497878,닭가슴살샐러드
6443998,닭가슴살샐러드
6133118,닭가슴살샐러드
6089481,닭가슴살샐러드
5843982,닭가슴살샐러드
5690886,닭가슴살샐러드
5661975,닭가슴살샐러드
5490562,닭가슴살샐러드
5361148,닭가슴살샐러드
5201949,닭가슴살샐러드
5140582,닭가슴살샐러드
5102821,닭가슴살샐러드
4926600,닭가슴살샐러드
4494078,닭가슴살샐러드
4291808,닭가슴살샐러드
3686895,닭가슴살샐러드
3553567,닭가슴살샐러드
3424102,닭가슴살샐러드
3070308,닭가슴살샐러드
2710380,닭가슴살샐러드
2615238,닭가슴살샐러드
2565176,닭가슴살샐러드
2440377,닭가슴살샐러드
2026325,닭가슴살샐러드
2005595,닭가슴살샐러드
1980902,닭가슴살샐러드
1866383,닭가슴살샐러드
1794237,닭가슴살샐러드
1778958,닭가슴살샐러드
1777669,닭가슴살샐러드
1763897,닭가슴살샐러드
1711967,닭가슴살샐러드
1645230,닭가슴살샐러드
1456766,닭가슴살샐러드
1396607,닭가슴살샐러드
1244508,닭가슴살샐러드
1220100,닭가슴살샐러드
772510,닭가슴살샐러드
732470,닭가슴살샐러드
591345,닭가슴살샐러드
149198,닭가슴살샐러드
137049,닭가슴살샐러드
