6940941,닭똥집볶음
6837968,닭똥집볶음
6868325,닭똥집볶음
6913805,닭똥집볶음
6899716,닭똥집볶음
6904327,닭똥집볶음
6837097,닭똥집볶음
6839335,닭똥집볶음
6880096,닭똥집볶음
6904935,닭똥집볶음
6889135,닭똥집볶음
6685927,닭똥집볶음
6842945,닭똥집볶음
6876090,닭똥집볶음
6859050,닭똥집볶음
6915129,닭똥집볶음
4619371,닭똥집볶음
6839164,닭똥집볶음
6884442,닭똥집볶음
6837474,닭똥집볶음
1703671,닭똥집볶음
6873101,닭똥집볶음
1889330,닭똥집볶음
128830,닭똥집볶음
672564,닭똥집볶음
6956082,닭똥집볶음
6954065,닭똥집볶음
6953104,닭똥집볶음
6946961,닭똥집볶음
6944358,닭똥집볶음
6942901,닭똥집볶음
6933342,닭똥집볶음
6929813,닭똥집볶음
6911981,닭똥집볶음
6909480,닭똥집볶음
6906252,닭똥집볶음
6898232,닭똥집볶음
6897321,닭똥집볶음
6874910,닭똥집볶음
6874376,닭똥집볶음
6870400,닭똥집볶음
6863461,닭똥집볶음
6852121,닭똥집볶음
6844570,닭똥집볶음
6842881,닭똥집볶음
6836837,닭똥집볶음
6834546,닭똥집볶음
6693206,닭똥집볶음
6662650,닭똥집볶음
6194579,닭똥집볶음
29127,닭똥집볶음
