6915088,달걀+유제품
6891606,달걀+유제품
6916408,달걀+유제품
6885805,달걀+유제품
6938068,달걀+유제품
6853446,달걀+유제품
6895112,달걀+유제품
6898369,달걀+유제품
6924130,달걀+유제품
6955413,달걀+유제품
6839363,달걀+유제품
6890181,달걀+유제품
6956618,달걀+유제품
6881913,달걀+유제품
6855421,달걀+유제품
6899367,달걀+유제품
6904793,달걀+유제품
6889370,달걀+유제품
6894872,달걀+유제품
6892728,달걀+유제품
6900423,달걀+유제품
6922045,달걀+유제품
6907004,달걀+유제품
6904806,달걀+유제품
6908683,달걀+유제품
6866586,달걀+유제품
6922493,달걀+유제품
6920148,달걀+유제품
6950127,달걀+유제품
6913900,달걀+유제품
6912205,달걀+유제품
6929819,달걀+유제품
6882367,달걀+유제품
6884174,달걀+유제품
6916782,달걀+유제품
6956414,달걀+유제품
6902741,달걀+유제품
6904302,달걀+유제품
6887364,달걀+유제품
6926327,달걀+유제품
6871815,달걀+유제품
6940834,달걀+유제품
6833897,달걀+유제품
6900822,달걀+유제품
6948688,달걀+유제품
6945694,달걀+유제품
6871467,달걀+유제품
6859648,달걀+유제품
6947966,달걀+유제품
6933999,달걀+유제품
6934182,달걀+유제품
6957659,달걀+유제품
6879904,달걀+유제품
6953188,달걀+유제품
6937518,달걀+유제품
6920475,달걀+유제품
6865345,달걀+유제품
6930877,달걀+유제품
6929414,달걀+유제품
6909564,달걀+유제품
6856552,달걀+유제품
6896662,달걀+유제품
6882939,달걀+유제품
6844674,달걀+유제품
6915873,달걀+유제품
6924404,달걀+유제품
6953836,달걀+유제품
6925166,달걀+유제품
6917514,달걀+유제품
6920254,달걀+유제품
6838447,달걀+유제품
6953539,달걀+유제품
6835328,달걀+유제품
6874711,달걀+유제품
6949348,달걀+유제품
6953924,달걀+유제품
6943868,달걀+유제품
6925808,달걀+유제품
6889709,달걀+유제품
6926412,달걀+유제품
6936322,달걀+유제품
6848445,달걀+유제품
6862079,달걀+유제품
6890759,달걀+유제품
6947263,달걀+유제품
6883112,달걀+유제품
6861554,달걀+유제품
6862416,달걀+유제품
6900525,달걀+유제품
6923187,달걀+유제품
6914619,달걀+유제품
6908257,달걀+유제품
6930198,달걀+유제품
6894986,달걀+유제품
6870827,달걀+유제품
6921556,달걀+유제품
6935359,달걀+유제품
6868053,달걀+유제품
6866839,달걀+유제품
6883303,달걀+유제품
4015267,달걀+유제품
6842043,달걀+유제품
4757767,달걀+유제품
6860060,달걀+유제품
6929283,달걀+유제품
6840149,달걀+유제품
6925654,달걀+유제품
6929690,달걀+유제품
6869760,달걀+유제품
6898178,달걀+유제품
6865021,달걀+유제품
6841766,달걀+유제품
6867114,달걀+유제품
6938241,달걀+유제품
6921521,달걀+유제품
6889499,달걀+유제품
4243352,달걀+유제품
6877054,달걀+유제품
6942051,달걀+유제품
6923152,달걀+유제품
6942856,달걀+유제품
6906941,달걀+유제품
3979404,달걀+유제품
6948357,달걀+유제품
6850895,달걀+유제품
6878310,달걀+유제품
6911496,달걀+유제품
6795909,달걀+유제품
6882783,달걀+유제품
6830359,달걀+유제품
6858537,달걀+유제품
6913463,달걀+유제품
6892853,달걀+유제품
6830194,달걀+유제품
4045350,달걀+유제품
6830992,달걀+유제품
6914883,달걀+유제품
6887805,달걀+유제품
6894202,달걀+유제품
6848470,달걀+유제품
6925094,달걀+유제품
6954980,달걀+유제품
6887279,달걀+유제품
6851671,달걀+유제품
6857412,달걀+유제품
6912701,달걀+유제품
6932225,달걀+유제품
6922149,달걀+유제품
6925135,달걀+유제품
6895339,달걀+유제품
6956988,달걀+유제품
6872350,달걀+유제품
6883531,달걀+유제품
6862020,달걀+유제품
6852617,달걀+유제품
6895279,달걀+유제품
6907878,달걀+유제품
6906766,달걀+유제품
6957590,달걀+유제품
6859835,달걀+유제품
6951352,달걀+유제품
6927599,달걀+유제품
6905106,달걀+유제품
6909912,달걀+유제품
6858395,달걀+유제품
6934991,달걀+유제품
6931737,달걀+유제품
6951245,달걀+유제품
6840605,달걀+유제품
6944305,달걀+유제품
6865367,달걀+유제품
6833211,달걀+유제품
6930102,달걀+유제품
6858625,달걀+유제품
6908420,달걀+유제품
6935680,달걀+유제품
6900500,달걀+유제품
6877811,달걀+유제품
6914346,달걀+유제품
2026376,달걀+유제품
6834808,달걀+유제품
6934170,달걀+유제품
6913784,달걀+유제품
6936043,달걀+유제품
6845019,달걀+유제품
6928754,달걀+유제품
6873467,달걀+유제품
6854270,달걀+유제품
6956745,달걀+유제품
6926683,달걀+유제품
6842702,달걀+유제품
6889424,달걀+유제품
6858626,달걀+유제품
6891591,달걀+유제품
6778614,달걀+유제품
6934727,달걀+유제품
6862612,달걀+유제품
6904580,달걀+유제품
3993622,달걀+유제품
6914003,달걀+유제품
6869652,달걀+유제품
6831477,달걀+유제품
6908834,달걀+유제품
6876705,달걀+유제품
6896594,달걀+유제품
6865303,달걀+유제품
6921596,달걀+유제품
6903743,달걀+유제품
6903445,달걀+유제품
6871949,달걀+유제품
6898900,달걀+유제품
6880412,달걀+유제품
6873641,달걀+유제품
6829107,달걀+유제품
6899521,달걀+유제품
6957743,달걀+유제품
6866483,달걀+유제품
6900179,달걀+유제품
6919530,달걀+유제품
6917826,달걀+유제품
6907988,달걀+유제품
6845310,달걀+유제품
6951338,달걀+유제품
6885771,달걀+유제품
6930390,달걀+유제품
6851022,달걀+유제품
6906547,달걀+유제품
6876685,달걀+유제품
6906605,달걀+유제품
6832385,달걀+유제품
6948907,달걀+유제품
6863905,달걀+유제품
6908671,달걀+유제품
6887525,달걀+유제품
4123616,달걀+유제품
6872859,달걀+유제품
6875356,달걀+유제품
6856772,달걀+유제품
6846117,달걀+유제품
6845728,달걀+유제품
6939617,달걀+유제품
6853859,달걀+유제품
6904065,달걀+유제품
6872994,달걀+유제품
6912016,달걀+유제품
6929967,달걀+유제품
4031003,달걀+유제품
6883128,달걀+유제품
6918971,달걀+유제품
6901527,달걀+유제품
6952081,달걀+유제품
3849788,달걀+유제품
6918322,달걀+유제품
6834910,달걀+유제품
6952566,달걀+유제품
6937868,달걀+유제품
6884538,달걀+유제품
6857466,달걀+유제품
6884982,달걀+유제품
6946278,달걀+유제품
2373346,달걀+유제품
6928532,달걀+유제품
6929228,달걀+유제품
6925591,달걀+유제품
6920771,달걀+유제품
6917212,달걀+유제품
6832504,달걀+유제품
6879224,달걀+유제품
6904222,달걀+유제품
6876551,달걀+유제품
6933884,달걀+유제품
6909560,달걀+유제품
6909554,달걀+유제품
6840144,달걀+유제품
6912061,달걀+유제품
6877329,달걀+유제품
6918174,달걀+유제품
6841913,달걀+유제품
6900085,달걀+유제품
6879897,달걀+유제품
6877456,달걀+유제품
6868879,달걀+유제품
6951092,달걀+유제품
6902540,달걀+유제품
6897096,달걀+유제품
6922171,달걀+유제품
6832907,달걀+유제품
6879741,달걀+유제품
6876172,달걀+유제품
6940720,달걀+유제품
4863391,달걀+유제품
6872243,달걀+유제품
6938921,달걀+유제품
6860486,달걀+유제품
6928808,달걀+유제품
6916329,달걀+유제품
6893835,달걀+유제품
6871533,달걀+유제품
6861650,달걀+유제품
6930031,달걀+유제품
6932363,달걀+유제품
6854212,달걀+유제품
6939034,달걀+유제품
6933618,달걀+유제품
6950965,달걀+유제품
6904668,달걀+유제품
6895527,달걀+유제품
6868125,달걀+유제품
6946185,달걀+유제품
6904619,달걀+유제품
6918312,달걀+유제품
6920657,달걀+유제품
6948438,달걀+유제품
6898226,달걀+유제품
6918841,달걀+유제품
6910438,달걀+유제품
6939510,달걀+유제품
6898924,달걀+유제품
6923905,달걀+유제품
6957252,달걀+유제품
6929520,달걀+유제품
6889899,달걀+유제품
6955308,달걀+유제품
6828693,달걀+유제품
6931794,달걀+유제품
6952797,달걀+유제품
6841170,달걀+유제품
6934258,달걀+유제품
6919458,달걀+유제품
6840451,달걀+유제품
6872150,달걀+유제품
4841288,달걀+유제품
6853655,달걀+유제품
6938120,달걀+유제품
6839149,달걀+유제품
6908628,달걀+유제품
6839701,달걀+유제품
6904609,달걀+유제품
6869700,달걀+유제품
6852823,달걀+유제품
6911134,달걀+유제품
6854194,달걀+유제품
6912412,달걀+유제품
6920112,달걀+유제품
6844913,달걀+유제품
6925624,달걀+유제품
6940349,달걀+유제품
6905454,달걀+유제품
6892106,달걀+유제품
6933397,달걀+유제품
6879566,달걀+유제품
6844804,달걀+유제품
6894284,달걀+유제품
4003549,달걀+유제품
6832183,달걀+유제품
6898340,달걀+유제품
6899191,달걀+유제품
6831288,달걀+유제품
4043265,달걀+유제품
6956835,달걀+유제품
6855581,달걀+유제품
6833522,달걀+유제품
6919200,달걀+유제품
6871978,달걀+유제품
6867653,달걀+유제품
6920098,달걀+유제품
6829327,달걀+유제품
6887623,달걀+유제품
6908845,달걀+유제품
6862880,달걀+유제품
6937260,달걀+유제품
4019962,달걀+유제품
6931406,달걀+유제품
6850326,달걀+유제품
6930934,달걀+유제품
6898545,달걀+유제품
6920803,달걀+유제품
6868148,달걀+유제품
6950138,달걀+유제품
6916302,달걀+유제품
5202322,달걀+유제품
6863872,달걀+유제품
6948848,달걀+유제품
6889174,달걀+유제품
6873341,달걀+유제품
6920673,달걀+유제품
6877297,달걀+유제품
6925804,달걀+유제품
6930223,달걀+유제품
6888439,달걀+유제품
6928056,달걀+유제품
6904682,달걀+유제품
6901655,달걀+유제품
6930344,달걀+유제품
6888631,달걀+유제품
6854767,달걀+유제품
6894942,달걀+유제품
6889221,달걀+유제품
6841438,달걀+유제품
6894643,달걀+유제품
6955895,달걀+유제품
6917893,달걀+유제품
6841910,달걀+유제품
6850688,달걀+유제품
6944889,달걀+유제품
6848405,달걀+유제품
6928455,달걀+유제품
6912889,달걀+유제품
6835210,달걀+유제품
6920101,달걀+유제품
6932713,달걀+유제품
6903153,달걀+유제품
6920563,달걀+유제품
6898827,달걀+유제품
6832536,달걀+유제품
6922950,달걀+유제품
6887078,달걀+유제품
6927720,달걀+유제품
6740420,달걀+유제품
6838011,달걀+유제품
6914712,달걀+유제품
6933785,달걀+유제품
6841988,달걀+유제품
2669101,달걀+유제품
6900895,달걀+유제품
6847271,달걀+유제품
6910057,달걀+유제품
6913145,달걀+유제품
6899884,달걀+유제품
6901019,달걀+유제품
6908721,달걀+유제품
6946357,달걀+유제품
6830519,달걀+유제품
6942140,달걀+유제품
6916890,달걀+유제품
6838591,달걀+유제품
6841296,달걀+유제품
6926926,달걀+유제품
6833463,달걀+유제품
6912885,달걀+유제품
6876572,달걀+유제품
6896164,달걀+유제품
6891482,달걀+유제품
6876753,달걀+유제품
6850199,달걀+유제품
6868189,달걀+유제품
6873385,달걀+유제품
6873672,달걀+유제품
6953608,달걀+유제품
6951980,달걀+유제품
1762278,달걀+유제품
6951207,달걀+유제품
6784492,달걀+유제품
6940890,달걀+유제품
6900899,달걀+유제품
6930997,달걀+유제품
6850951,달걀+유제품
6949132,달걀+유제품
6875877,달걀+유제품
6880751,달걀+유제품
6844211,달걀+유제품
6936937,달걀+유제품
6858390,달걀+유제품
6924729,달걀+유제품
6834391,달걀+유제품
6843910,달걀+유제품
6948317,달걀+유제품
6905699,달걀+유제품
6829600,달걀+유제품
6933889,달걀+유제품
6893945,달걀+유제품
6893429,달걀+유제품
6834782,달걀+유제품
6923453,달걀+유제품
6935882,달걀+유제품
6908170,달걀+유제품
3919727,달걀+유제품
6844805,달걀+유제품
4070510,달걀+유제품
6901518,달걀+유제품
6882123,달걀+유제품
6899011,달걀+유제품
6857302,달걀+유제품
6853851,달걀+유제품
6887173,달걀+유제품
6911537,달걀+유제품
6893876,달걀+유제품
6837424,달걀+유제품
2848922,달걀+유제품
6898919,달걀+유제품
6938661,달걀+유제품
6876782,달걀+유제품
6885549,달걀+유제품
6830713,달걀+유제품
6922218,달걀+유제품
6885047,달걀+유제품
6858509,달걀+유제품
6924535,달걀+유제품
6877410,달걀+유제품
6898536,달걀+유제품
6845183,달걀+유제품
6917162,달걀+유제품
6847126,달걀+유제품
6846641,달걀+유제품
6954747,달걀+유제품
6876416,달걀+유제품
6882537,달걀+유제품
6841122,달걀+유제품
6948946,달걀+유제품
6885638,달걀+유제품
6832838,달걀+유제품
6933405,달걀+유제품
6944543,달걀+유제품
6878477,달걀+유제품
6858233,달걀+유제품
6863327,달걀+유제품
6858656,달걀+유제품
6830867,달걀+유제품
6844785,달걀+유제품
6901406,달걀+유제품
6867266,달걀+유제품
6955514,달걀+유제품
6917908,달걀+유제품
6921666,달걀+유제품
6928003,달걀+유제품
6948170,달걀+유제품
6933743,달걀+유제품
6897931,달걀+유제품
6938607,달걀+유제품
6903844,달걀+유제품
6893458,달걀+유제품
6845567,달걀+유제품
6946918,달걀+유제품
6846287,달걀+유제품
6906892,달걀+유제품
6874315,달걀+유제품
6943849,달걀+유제품
6949942,달걀+유제품
6839375,달걀+유제품
6904585,달걀+유제품
6902239,달걀+유제품
6954199,달걀+유제품
6938340,달걀+유제품
6911560,달걀+유제품
6891227,달걀+유제품
6916604,달걀+유제품
6869045,달걀+유제품
6900395,달걀+유제품
6842435,달걀+유제품
6837634,달걀+유제품
6904973,달걀+유제품
6917049,달걀+유제품
6851899,달걀+유제품
6944691,달걀+유제품
6888838,달걀+유제품
6851075,달걀+유제품
6917843,달걀+유제품
6868238,달걀+유제품
6929769,달걀+유제품
6910366,달걀+유제품
6916185,달걀+유제품
6831665,달걀+유제품
6877428,달걀+유제품
6902541,달걀+유제품
6914344,달걀+유제품
6917299,달걀+유제품
6920896,달걀+유제품
1475206,달걀+유제품
6916657,달걀+유제품
6952472,달걀+유제품
6927432,달걀+유제품
6865138,달걀+유제품
6940692,달걀+유제품
6902797,달걀+유제품
6930854,달걀+유제품
6918877,달걀+유제품
6872713,달걀+유제품
6954825,달걀+유제품
6830343,달걀+유제품
6855583,달걀+유제품
6903096,달걀+유제품
6881041,달걀+유제품
4294495,달걀+유제품
6842052,달걀+유제품
6884883,달걀+유제품
6886982,달걀+유제품
6842958,달걀+유제품
6901628,달걀+유제품
6842053,달걀+유제품
6905232,달걀+유제품
6907399,달걀+유제품
6929461,달걀+유제품
6893866,달걀+유제품
6928769,달걀+유제품
6953672,달걀+유제품
6856428,달걀+유제품
6934295,달걀+유제품
6838155,달걀+유제품
6858346,달걀+유제품
6928230,달걀+유제품
6848262,달걀+유제품
6907218,달걀+유제품
6830991,달걀+유제품
6891643,달걀+유제품
6897565,달걀+유제품
6828904,달걀+유제품
6925542,달걀+유제품
6946991,달걀+유제품
6879341,달걀+유제품
6900708,달걀+유제품
6921368,달걀+유제품
6947121,달걀+유제품
6869698,달걀+유제품
6829785,달걀+유제품
6921587,달걀+유제품
6857520,달걀+유제품
6865383,달걀+유제품
6902911,달걀+유제품
6928075,달걀+유제품
6829005,달걀+유제품
6919362,달걀+유제품
6881073,달걀+유제품
2637829,달걀+유제품
6933356,달걀+유제품
6873293,달걀+유제품
6933663,달걀+유제품
6914476,달걀+유제품
6950436,달걀+유제품
6930540,달걀+유제품
6942327,달걀+유제품
6912616,달걀+유제품
6940921,달걀+유제품
6912003,달걀+유제품
6896614,달걀+유제품
6930651,달걀+유제품
6894116,달걀+유제품
6873844,달걀+유제품
6859392,달걀+유제품
6857961,달걀+유제품
6903946,달걀+유제품
6912905,달걀+유제품
6841763,달걀+유제품
6832438,달걀+유제품
6861139,달걀+유제품
6916450,달걀+유제품
6922021,달걀+유제품
6706633,달걀+유제품
6930355,달걀+유제품
6881505,달걀+유제품
6858790,달걀+유제품
6927482,달걀+유제품
6923002,달걀+유제품
3989037,달걀+유제품
6842265,달걀+유제품
6924253,달걀+유제품
6910013,달걀+유제품
6881422,달걀+유제품
6922213,달걀+유제품
6887956,달걀+유제품
6944956,달걀+유제품
6858800,달걀+유제품
6845312,달걀+유제품
6912746,달걀+유제품
6935957,달걀+유제품
6768297,달걀+유제품
6927359,달걀+유제품
6873500,달걀+유제품
6895115,달걀+유제품
6928064,달걀+유제품
6937358,달걀+유제품
6941462,달걀+유제품
6942610,달걀+유제품
6922819,달걀+유제품
4509338,달걀+유제품
6852056,달걀+유제품
6902447,달걀+유제품
6935300,달걀+유제품
4068861,달걀+유제품
6952931,달걀+유제품
6908751,달걀+유제품
6851147,달걀+유제품
6908321,달걀+유제품
3593266,달걀+유제품
6935732,달걀+유제품
6903784,달걀+유제품
6866696,달걀+유제품
6900678,달걀+유제품
6850646,달걀+유제품
6826434,달걀+유제품
6911042,달걀+유제품
6875620,달걀+유제품
6893673,달걀+유제품
6873885,달걀+유제품
6907365,달걀+유제품
6830052,달걀+유제품
6880518,달걀+유제품
6940309,달걀+유제품
6931613,달걀+유제품
6890532,달걀+유제품
6864007,달걀+유제품
6875211,달걀+유제품
6933202,달걀+유제품
2442087,달걀+유제품
6921256,달걀+유제품
6954648,달걀+유제품
6908763,달걀+유제품
6890271,달걀+유제품
6908283,달걀+유제품
6908303,달걀+유제품
6935592,달걀+유제품
6909940,달걀+유제품
6886701,달걀+유제품
6903831,달걀+유제품
6953163,달걀+유제품
6934653,달걀+유제품
6894488,달걀+유제품
6925566,달걀+유제품
6865296,달걀+유제품
6918183,달걀+유제품
6905256,달걀+유제품
6898852,달걀+유제품
6876014,달걀+유제품
6908769,달걀+유제품
6850253,달걀+유제품
6876331,달걀+유제품
6903387,달걀+유제품
6916723,달걀+유제품
6946594,달걀+유제품
6930053,달걀+유제품
6883313,달걀+유제품
6922651,달걀+유제품
6831242,달걀+유제품
6871485,달걀+유제품
6844881,달걀+유제품
6869632,달걀+유제품
6931674,달걀+유제품
6943119,달걀+유제품
2394891,달걀+유제품
6862110,달걀+유제품
4551326,달걀+유제품
6914597,달걀+유제품
4645165,달걀+유제품
6929502,달걀+유제품
6744531,달걀+유제품
6892328,달걀+유제품
6831684,달걀+유제품
6916100,달걀+유제품
6853588,달걀+유제품
6903260,달걀+유제품
6943687,달걀+유제품
6914391,달걀+유제품
6923032,달걀+유제품
6940576,달걀+유제품
6914885,달걀+유제품
3606334,달걀+유제품
6842570,달걀+유제품
6880117,달걀+유제품
6835042,달걀+유제품
6919849,달걀+유제품
6940842,달걀+유제품
6896050,달걀+유제품
6906767,달걀+유제품
6941243,달걀+유제품
6880845,달걀+유제품
6862056,달걀+유제품
6944083,달걀+유제품
6880207,달걀+유제품
6931275,달걀+유제품
6878729,달걀+유제품
6953534,달걀+유제품
6881154,달걀+유제품
6861738,달걀+유제품
6908210,달걀+유제품
6925515,달걀+유제품
6840438,달걀+유제품
6909874,달걀+유제품
6905625,달걀+유제품
6862044,달걀+유제품
6857848,달걀+유제품
6679390,달걀+유제품
6834190,달걀+유제품
6862099,달걀+유제품
6908573,달걀+유제품
6945312,달걀+유제품
6892428,달걀+유제품
6897339,달걀+유제품
6952315,달걀+유제품
6888480,달걀+유제품
6881941,달걀+유제품
6899230,달걀+유제품
6888452,달걀+유제품
2360672,달걀+유제품
6911147,달걀+유제품
6936210,달걀+유제품
6907974,달걀+유제품
6914562,달걀+유제품
6871415,달걀+유제품
6852621,달걀+유제품
6842012,달걀+유제품
6934510,달걀+유제품
4197548,달걀+유제품
6912117,달걀+유제품
6945255,달걀+유제품
6902879,달걀+유제품
6832991,달걀+유제품
6909345,달걀+유제품
2691221,달걀+유제품
6860064,달걀+유제품
5372032,달걀+유제품
6916883,달걀+유제품
6878954,달걀+유제품
6846477,달걀+유제품
6923681,달걀+유제품
6897399,달걀+유제품
6938776,달걀+유제품
6930821,달걀+유제품
6869773,달걀+유제품
6932473,달걀+유제품
6901724,달걀+유제품
6881818,달걀+유제품
6927082,달걀+유제품
6873686,달걀+유제품
6928756,달걀+유제품
6898855,달걀+유제품
6889969,달걀+유제품
6930379,달걀+유제품
6924689,달걀+유제품
6859238,달걀+유제품
6870709,달걀+유제품
6850211,달걀+유제품
6930195,달걀+유제품
6951991,달걀+유제품
6918729,달걀+유제품
6831618,달걀+유제품
6902272,달걀+유제품
6832019,달걀+유제품
6947359,달걀+유제품
6949287,달걀+유제품
6950734,달걀+유제품
6918342,달걀+유제품
6905879,달걀+유제품
6919842,달걀+유제품
6938113,달걀+유제품
6923774,달걀+유제품
6935787,달걀+유제품
6891260,달걀+유제품
6829179,달걀+유제품
4254634,달걀+유제품
6933640,달걀+유제품
6888586,달걀+유제품
6842461,달걀+유제품
6929124,달걀+유제품
6926321,달걀+유제품
6639574,달걀+유제품
6928292,달걀+유제품
6836483,달걀+유제품
6843882,달걀+유제품
6908143,달걀+유제품
6941481,달걀+유제품
6906136,달걀+유제품
6942693,달걀+유제품
6846074,달걀+유제품
6872694,달걀+유제품
6901011,달걀+유제품
6878148,달걀+유제품
6901835,달걀+유제품
6868370,달걀+유제품
6945512,달걀+유제품
6931481,달걀+유제품
6940768,달걀+유제품
6915888,달걀+유제품
6909563,달걀+유제품
6918389,달걀+유제품
6654935,달걀+유제품
6875053,달걀+유제품
6934754,달걀+유제품
6882530,달걀+유제품
6956929,달걀+유제품
6922276,달걀+유제품
1921616,달걀+유제품
6912391,달걀+유제품
6895501,달걀+유제품
6883591,달걀+유제품
6922693,달걀+유제품
1872510,달걀+유제품
6912532,달걀+유제품
6928691,달걀+유제품
6829311,달걀+유제품
6932750,달걀+유제품
6861526,달걀+유제품
6845846,달걀+유제품
6945561,달걀+유제품
6901112,달걀+유제품
6865260,달걀+유제품
6863464,달걀+유제품
6836795,달걀+유제품
6831177,달걀+유제품
6912823,달걀+유제품
6908669,달걀+유제품
6824190,달걀+유제품
6892255,달걀+유제품
6906108,달걀+유제품
6954376,달걀+유제품
6908919,달걀+유제품
6864708,달걀+유제품
6845398,달걀+유제품
6932818,달걀+유제품
6858419,달걀+유제품
6905735,달걀+유제품
6866151,달걀+유제품
6850481,달걀+유제품
6916077,달걀+유제품
6905456,달걀+유제품
6926920,달걀+유제품
6931503,달걀+유제품
6938877,달걀+유제품
6886243,달걀+유제품
6885474,달걀+유제품
6853492,달걀+유제품
6878547,달걀+유제품
6841926,달걀+유제품
6866370,달걀+유제품
6913195,달걀+유제품
6950936,달걀+유제품
6910708,달걀+유제품
6897596,달걀+유제품
6879943,달걀+유제품
6911745,달걀+유제품
6908723,달걀+유제품
6885701,달걀+유제품
6948126,달걀+유제품
6924850,달걀+유제품
6896630,달걀+유제품
6898847,달걀+유제품
6874281,달걀+유제품
6848376,달걀+유제품
6895109,달걀+유제품
6879164,달걀+유제품
4621317,달걀+유제품
6895922,달걀+유제품
6943906,달걀+유제품
6284061,달걀+유제품
6905738,달걀+유제품
6914752,달걀+유제품
6890948,달걀+유제품
6830947,달걀+유제품
6907138,달걀+유제품
6637004,달걀+유제품
6873393,달걀+유제품
4290053,달걀+유제품
6826383,달걀+유제품
6880023,달걀+유제품
6856719,달걀+유제품
6949714,달걀+유제품
4584449,달걀+유제품
6883529,달걀+유제품
6906482,달걀+유제품
6929587,달걀+유제품
6894625,달걀+유제품
6595446,달걀+유제품
6929916,달걀+유제품
6871422,달걀+유제품
6914519,달걀+유제품
6911091,달걀+유제품
6923250,달걀+유제품
6908344,달걀+유제품
4518359,달걀+유제품
6947031,달걀+유제품
6924264,달걀+유제품
6850197,달걀+유제품
6908246,달걀+유제품
6832747,달걀+유제품
6917174,달걀+유제품
6951945,달걀+유제품
6837430,달걀+유제품
6892293,달걀+유제품
6896893,달걀+유제품
6934880,달걀+유제품
1244497,달걀+유제품
4735285,달걀+유제품
6876186,달걀+유제품
6915580,달걀+유제품
6863206,달걀+유제품
6841962,달걀+유제품
6876217,달걀+유제품
6903519,달걀+유제품
6862126,달걀+유제품
6938091,달걀+유제품
6898400,달걀+유제품
6874098,달걀+유제품
6873716,달걀+유제품
6907327,달걀+유제품
6876174,달걀+유제품
6892600,달걀+유제품
6843127,달걀+유제품
6884413,달걀+유제품
6902327,달걀+유제품
6888963,달걀+유제품
6953352,달걀+유제품
6836535,달걀+유제품
6858099,달걀+유제품
6904183,달걀+유제품
6846292,달걀+유제품
6917145,달걀+유제품
6852771,달걀+유제품
3406268,달걀+유제품
6830273,달걀+유제품
6933429,달걀+유제품
6878911,달걀+유제품
6925360,달걀+유제품
6829824,달걀+유제품
6952144,달걀+유제품
6840995,달걀+유제품
6853775,달걀+유제품
4514397,달걀+유제품
6899472,달걀+유제품
6938710,달걀+유제품
6913981,달걀+유제품
6885484,달걀+유제품
6832957,달걀+유제품
1996354,달걀+유제품
6838395,달걀+유제품
6864843,달걀+유제품
6883464,달걀+유제품
6942020,달걀+유제품
6954260,달걀+유제품
6844213,달걀+유제품
6898594,달걀+유제품
6891442,달걀+유제품
6850985,달걀+유제품
6903303,달걀+유제품
6880458,달걀+유제품
6879635,달걀+유제품
6892713,달걀+유제품
6829421,달걀+유제품
6862137,달걀+유제품
6855295,달걀+유제품
6915648,달걀+유제품
6936647,달걀+유제품
6917572,달걀+유제품
6945943,달걀+유제품
6837187,달걀+유제품
6837700,달걀+유제품
6851528,달걀+유제품
6856302,달걀+유제품
6862088,달걀+유제품
6944781,달걀+유제품
6906237,달걀+유제품
6858105,달걀+유제품
6936761,달걀+유제품
6935523,달걀+유제품
6910137,달걀+유제품
6885746,달걀+유제품
6918670,달걀+유제품
6912545,달걀+유제품
6948822,달걀+유제품
6866602,달걀+유제품
6762527,달걀+유제품
6862279,달걀+유제품
6884905,달걀+유제품
6837004,달걀+유제품
6937794,달걀+유제품
6840745,달걀+유제품
6832065,달걀+유제품
6950380,달걀+유제품
6867747,달걀+유제품
6902655,달걀+유제품
6930919,달걀+유제품
6943731,달걀+유제품
6903906,달걀+유제품
6899783,달걀+유제품
6854033,달걀+유제품
6939588,달걀+유제품
6828922,달걀+유제품
6950081,달걀+유제품
6894112,달걀+유제품
6841025,달걀+유제품
6897613,달걀+유제품
6906295,달걀+유제품
6888458,달걀+유제품
6921047,달걀+유제품
6929777,달걀+유제품
6834768,달걀+유제품
6904666,달걀+유제품
6940614,달걀+유제품
6907700,달걀+유제품
1809118,달걀+유제품
6895414,달걀+유제품
6955746,달걀+유제품
6885665,달걀+유제품
6910852,달걀+유제품
6943471,달걀+유제품
6932545,달걀+유제품
6855094,달걀+유제품
6915929,달걀+유제품
6931321,달걀+유제품
6846779,달걀+유제품
6833988,달걀+유제품
6894490,달걀+유제품
4864156,달걀+유제품
6595514,달걀+유제품
6832625,달걀+유제품
6898133,달걀+유제품
6923675,달걀+유제품
6894710,달걀+유제품
6865257,달걀+유제품
6839095,달걀+유제품
6832458,달걀+유제품
6932500,달걀+유제품
2902953,달걀+유제품
6936025,달걀+유제품
6835945,달걀+유제품
6859336,달걀+유제품
6923568,달걀+유제품
6904431,달걀+유제품
6897080,달걀+유제품
6919909,달걀+유제품
6924640,달걀+유제품
6889545,달걀+유제품
6922445,달걀+유제품
6866567,달걀+유제품
6866642,달걀+유제품
6829371,달걀+유제품
6908856,달걀+유제품
6911761,달걀+유제품
6854308,달걀+유제품
6890871,달걀+유제품
6953588,달걀+유제품
6953890,달걀+유제품
6882931,달걀+유제품
6932474,달걀+유제품
6901669,달걀+유제품
6834656,달걀+유제품
6864489,달걀+유제품
6944650,달걀+유제품
6902403,달걀+유제품
6928324,달걀+유제품
6930759,달걀+유제품
6938101,달걀+유제품
6920387,달걀+유제품
6870640,달걀+유제품
6942938,달걀+유제품
6832680,달걀+유제품
6941639,달걀+유제품
6902203,달걀+유제품
6913388,달걀+유제품
6922072,달걀+유제품
6882043,달걀+유제품
6851972,달걀+유제품
6903566,달걀+유제품
6834826,달걀+유제품
6857545,달걀+유제품
4913164,달걀+유제품
6952217,달걀+유제품
6837436,달걀+유제품
6911752,달걀+유제품
2001917,달걀+유제품
6883444,달걀+유제품
6905910,달걀+유제품
6862809,달걀+유제품
2916560,달걀+유제품
6843670,달걀+유제품
6854718,달걀+유제품
6897474,달걀+유제품
6917479,달걀+유제품
6915226,달걀+유제품
6927339,달걀+유제품
6909154,달걀+유제품
6868179,달걀+유제품
6948352,달걀+유제품
6858307,달걀+유제품
6904915,달걀+유제품
6914515,달걀+유제품
6956318,달걀+유제품
6830220,달걀+유제품
6837263,달걀+유제품
6909349,달걀+유제품
6894411,달걀+유제품
6880133,달걀+유제품
6923785,달걀+유제품
6606178,달걀+유제품
6882732,달걀+유제품
6909622,달걀+유제품
6915319,달걀+유제품
6866083,달걀+유제품
6882133,달걀+유제품
6526915,달걀+유제품
6888625,달걀+유제품
6954423,달걀+유제품
6873862,달걀+유제품
6842907,달걀+유제품
6850493,달걀+유제품
6735794,달걀+유제품
6858248,달걀+유제품
6888538,달걀+유제품
6945379,달걀+유제품
6886444,달걀+유제품
6902854,달걀+유제품
6935521,달걀+유제품
6880413,달걀+유제품
6921476,달걀+유제품
4410833,달걀+유제품
6905320,달걀+유제품
6871118,달걀+유제품
6884878,달걀+유제품
6924365,달걀+유제품
6831004,달걀+유제품
6903459,달걀+유제품
6925572,달걀+유제품
5322514,달걀+유제품
6845653,달걀+유제품
6865745,달걀+유제품
6929658,달걀+유제품
3271213,달걀+유제품
6923683,달걀+유제품
6892956,달걀+유제품
6937842,달걀+유제품
6933028,달걀+유제품
6556831,달걀+유제품
6876909,달걀+유제품
6903847,달걀+유제품
6915696,달걀+유제품
6910985,달걀+유제품
6842355,달걀+유제품
6793547,달걀+유제품
6951157,달걀+유제품
6900628,달걀+유제품
6877245,달걀+유제품
6918447,달걀+유제품
6945485,달걀+유제품
6896770,달걀+유제품
6894263,달걀+유제품
6934286,달걀+유제품
6932656,달걀+유제품
6873202,달걀+유제품
6954064,달걀+유제품
6908397,달걀+유제품
6833179,달걀+유제품
6905740,달걀+유제품
6905626,달걀+유제품
6909032,달걀+유제품
6903316,달걀+유제품
6905358,달걀+유제품
6928910,달걀+유제품
6867916,달걀+유제품
6920171,달걀+유제품
6905235,달걀+유제품
6882993,달걀+유제품
6883331,달걀+유제품
6900463,달걀+유제품
6888882,달걀+유제품
6863689,달걀+유제품
6903397,달걀+유제품
6862399,달걀+유제품
6934072,달걀+유제품
6864716,달걀+유제품
6884930,달걀+유제품
6935208,달걀+유제품
6830435,달걀+유제품
6866110,달걀+유제품
6850059,달걀+유제품
6905186,달걀+유제품
6762509,달걀+유제품
6882363,달걀+유제품
6926262,달걀+유제품
6929068,달걀+유제품
6898912,달걀+유제품
6854847,달걀+유제품
4748457,달걀+유제품
6847520,달걀+유제품
3763331,달걀+유제품
6931670,달걀+유제품
6887510,달걀+유제품
6504791,달걀+유제품
6868188,달걀+유제품
6918864,달걀+유제품
6891130,달걀+유제품
6920992,달걀+유제품
2351687,달걀+유제품
6928026,달걀+유제품
6886745,달걀+유제품
6619736,달걀+유제품
6941014,달걀+유제품
6868848,달걀+유제품
6918660,달걀+유제품
6893625,달걀+유제품
6838502,달걀+유제품
6931239,달걀+유제품
6884168,달걀+유제품
6921309,달걀+유제품
6946050,달걀+유제품
5022086,달걀+유제품
6934893,달걀+유제품
6879510,달걀+유제품
6890171,달걀+유제품
6843277,달걀+유제품
6842224,달걀+유제품
6889261,달걀+유제품
6831002,달걀+유제품
6868436,달걀+유제품
6864294,달걀+유제품
6840187,달걀+유제품
6905896,달걀+유제품
6832910,달걀+유제품
6829370,달걀+유제품
6910308,달걀+유제품
6899392,달걀+유제품
6918482,달걀+유제품
6905900,달걀+유제품
6930255,달걀+유제품
6903309,달걀+유제품
6871412,달걀+유제품
6863723,달걀+유제품
6869605,달걀+유제품
6928841,달걀+유제품
6886490,달걀+유제품
6866482,달걀+유제품
6863176,달걀+유제품
6883199,달걀+유제품
6930964,달걀+유제품
6875604,달걀+유제품
6918511,달걀+유제품
6898728,달걀+유제품
6854917,달걀+유제품
6793268,달걀+유제품
6909850,달걀+유제품
6898442,달걀+유제품
6833198,달걀+유제품
6870751,달걀+유제품
6911066,달걀+유제품
6917862,달걀+유제품
6913653,달걀+유제품
6909277,달걀+유제품
6877027,달걀+유제품
6909694,달걀+유제품
6857653,달걀+유제품
6933050,달걀+유제품
6884289,달걀+유제품
6830822,달걀+유제품
6861805,달걀+유제품
6911133,달걀+유제품
6863680,달걀+유제품
6938783,달걀+유제품
6873491,달걀+유제품
6831295,달걀+유제품
6875089,달걀+유제품
6831510,달걀+유제품
6924977,달걀+유제품
6900407,달걀+유제품
6858923,달걀+유제품
6886593,달걀+유제품
6945696,달걀+유제품
6833711,달걀+유제품
6896598,달걀+유제품
6900366,달걀+유제품
6834238,달걀+유제품
6863602,달걀+유제품
6930232,달걀+유제품
6955778,달걀+유제품
6869132,달걀+유제품
