6928213,달걀장조림
6952081,달걀장조림
6882123,달걀장조림
6862099,달걀장조림
6905456,달걀장조림
6883529,달걀장조림
6855295,달걀장조림
4913164,달걀장조림
6840312,달걀장조림
6929123,달걀장조림
6793547,달걀장조림
6830822,달걀장조림
6902355,달걀장조림
6852755,달걀장조림
6911195,달걀장조림
6861914,달걀장조림
6900041,달걀장조림
6921920,달걀장조림
6955147,달걀장조림
6843450,달걀장조림
6849739,달걀장조림
6845257,달걀장조림
6883783,달걀장조림
6909313,달걀장조림
6879704,달걀장조림
6228576,달걀장조림
2769437,달걀장조림
1773064,달걀장조림
6682240,달걀장조림
6845551,달걀장조림
654185,달걀장조림
6908260,달걀장조림
6910978,달걀장조림
3269726,달걀장조림
346140,달걀장조림
6945907,달걀장조림
6940672,달걀장조림
6937902,달걀장조림
6937492,달걀장조림
6935994,달걀장조림
6934032,달걀장조림
6917316,달걀장조림
6911029,달걀장조림
6910446,달걀장조림
6908842,달걀장조림
6898144,달걀장조림
6895284,달걀장조림
6895150,달걀장조림
6888372,달걀장조림
6886289,달걀장조림
6885544,달걀장조림
6884083,달걀장조림
6879968,달걀장조림
6871439,달걀장조림
6853290,달걀장조림
6838931,달걀장조림
6835879,달걀장조림
6835261,달걀장조림
6835188,달걀장조림
6705044,달걀장조림
4747256,달걀장조림
4369427,달걀장조림
4334536,달걀장조림
3764447,달걀장조림
3245365,달걀장조림
2412273,달걀장조림
1795110,달걀장조림
1289620,달걀장조림
407220,달걀장조림
