6833227,닭가슴살스테이크
6904225,닭가슴살스테이크
3889578,닭가슴살스테이크
6830243,닭가슴살스테이크
6865618,닭가슴살스테이크
6875375,닭가슴살스테이크
5252909,닭가슴살스테이크
6835482,닭가슴살스테이크
5321056,닭가슴살스테이크
6898347,닭가슴살스테이크
5474658,닭가슴살스테이크
6835005,닭가슴살스테이크
6888203,닭가슴살스테이크
6899010,닭가슴살스테이크
6898260,닭가슴살스테이크
6837014,닭가슴살스테이크
923966,닭가슴살스테이크
6887822,닭가슴살스테이크
1612574,닭가슴살스테이크
6719230,닭가슴살스테이크
6956576,닭가슴살스테이크
6955955,닭가슴살스테이크
6953705,닭가슴살스테이크
6950454,닭가슴살스테이크
6947610,닭가슴살스테이크
6941390,닭가슴살스테이크
6938706,닭가슴살스테이크
6933292,닭가슴살스테이크
6924531,닭가슴살스테이크
6922164,닭가슴살스테이크
6909226,닭가슴살스테이크
6907512,닭가슴살스테이크
6900293,닭가슴살스테이크
6899761,닭가슴살스테이크
6898764,닭가슴살스테이크
6895157,닭가슴살스테이크
6893980,닭가슴살스테이크
6893703,닭가슴살스테이크
6892337,닭가슴살스테이크
6876363,닭가슴살스테이크
6863473,닭가슴살스테이크
6863064,닭가슴살스테이크
6850567,닭가슴살스테이크
6849671,닭가슴살스테이크
6844123,닭가슴살스테이크
6842487,닭가슴살스테이크
6834626,닭가슴살스테이크
6832814,닭가슴살스테이크
6768283,닭가슴살스테이크
5997538,닭가슴살스테이크
3868741,닭가슴살스테이크
2386680,닭가슴살스테이크
1967543,닭가슴살스테이크
1808463,닭가슴살스테이크
841828,닭가슴살스테이크
731170,닭가슴살스테이크
354696,닭가슴살스테이크
