6903663,느타리버섯무침
6908697,느타리버섯무침
6873274,느타리버섯무침
6838207,느타리버섯무침
1151407,느타리버섯무침
6841318,느타리버섯무침
6920193,느타리버섯무침
6833129,느타리버섯무침
6901840,느타리버섯무침
6865455,느타리버섯무침
1711568,느타리버섯무침
6927304,느타리버섯무침
5831081,느타리버섯무침
6927079,느타리버섯무침
6846958,느타리버섯무침
1151398,느타리버섯무침
6949992,느타리버섯무침
6946985,느타리버섯무침
6943039,느타리버섯무침
6942765,느타리버섯무침
6942702,느타리버섯무침
6939746,느타리버섯무침
6921600,느타리버섯무침
6919808,느타리버섯무침
6918464,느타리버섯무침
6913089,느타리버섯무침
6911800,느타리버섯무침
6906853,느타리버섯무침
6901183,느타리버섯무침
6878301,느타리버섯무침
6875100,느타리버섯무침
6863719,느타리버섯무침
6845433,느타리버섯무침
5809648,느타리버섯무침
5570802,느타리버섯무침
3669119,느타리버섯무침
2500820,느타리버섯무침
1997090,느타리버섯무침
1668686,느타리버섯무침
1390725,느타리버섯무침
