6843863,단호박샐러드
6857140,단호박샐러드
6908303,단호박샐러드
4115894,단호박샐러드
6955983,단호박샐러드
6948035,단호박샐러드
6843548,단호박샐러드
6870152,단호박샐러드
6850067,단호박샐러드
6905355,단호박샐러드
5235653,단호박샐러드
6803610,단호박샐러드
6857647,단호박샐러드
6909356,단호박샐러드
6837158,단호박샐러드
6904501,단호박샐러드
6912660,단호박샐러드
6835141,단호박샐러드
6899714,단호박샐러드
6860998,단호박샐러드
6891503,단호박샐러드
6746262,단호박샐러드
6901821,단호박샐러드
6854393,단호박샐러드
6892078,단호박샐러드
6857703,단호박샐러드
6940004,단호박샐러드
6956905,단호박샐러드
6951683,단호박샐러드
6946370,단호박샐러드
6945526,단호박샐러드
6945495,단호박샐러드
6943700,단호박샐러드
6939358,단호박샐러드
6937130,단호박샐러드
6932486,단호박샐러드
6931848,단호박샐러드
6931554,단호박샐러드
6921695,단호박샐러드
6919994,단호박샐러드
6919001,단호박샐러드
6913296,단호박샐러드
6909086,단호박샐러드
6907893,단호박샐러드
6906546,단호박샐러드
6906132,단호박샐러드
6903234,단호박샐러드
6902334,단호박샐러드
6897124,단호박샐러드
6896997,단호박샐러드
6896301,단호박샐러드
6895886,단호박샐러드
6895404,단호박샐러드
6894582,단호박샐러드
6880659,단호박샐러드
6879120,단호박샐러드
6878725,단호박샐러드
6876916,단호박샐러드
6872422,단호박샐러드
6868217,단호박샐러드
6861109,단호박샐러드
6859540,단호박샐러드
6858712,단호박샐러드
6856458,단호박샐러드
6855812,단호박샐러드
6854366,단호박샐러드
6850652,단호박샐러드
6849212,단호박샐러드
6844121,단호박샐러드
6840564,단호박샐러드
6838610,단호박샐러드
6836640,단호박샐러드
6833577,단호박샐러드
6831159,단호박샐러드
6830634,단호박샐러드
6107458,단호박샐러드
4598732,단호박샐러드
3169475,단호박샐러드
2835253,단호박샐러드
2748570,단호박샐러드
2711856,단호박샐러드
2533043,단호박샐러드
2497170,단호박샐러드
2424898,단호박샐러드
2380477,단호박샐러드
1920554,단호박샐러드
1637872,단호박샐러드
1568495,단호박샐러드
1020504,단호박샐러드
844628,단호박샐러드
792295,단호박샐러드
640276,단호박샐러드
594511,단호박샐러드
525458,단호박샐러드
419884,단호박샐러드
336609,단호박샐러드
142637,단호박샐러드
129715,단호박샐러드
94669,단호박샐러드
23339,단호박샐러드
