6901231,단호박스프
6840574,단호박스프
6909076,단호박스프
5571602,단호박스프
6836879,단호박스프
6876338,단호박스프
6884251,단호박스프
6871238,단호박스프
6938497,단호박스프
6887428,단호박스프
6896385,단호박스프
6858400,단호박스프
6836918,단호박스프
6922212,단호박스프
6832287,단호박스프
6922607,단호박스프
6834162,단호박스프
6860808,단호박스프
4354447,단호박스프
4649540,단호박스프
6832782,단호박스프
6859628,단호박스프
6893276,단호박스프
6872461,단호박스프
6866168,단호박스프
6852509,단호박스프
3007424,단호박스프
6832112,단호박스프
6893855,단호박스프
1377595,단호박스프
6870117,단호박스프
6921446,단호박스프
6858551,단호박스프
6956111,단호박스프
6952215,단호박스프
6942750,단호박스프
6942379,단호박스프
6941939,단호박스프
6939377,단호박스프
6938088,단호박스프
6933233,단호박스프
6928163,단호박스프
6925728,단호박스프
6922930,단호박스프
6920810,단호박스프
6919244,단호박스프
6918087,단호박스프
6917960,단호박스프
6917576,단호박스프
6914652,단호박스프
6912021,단호박스프
6904859,단호박스프
6903525,단호박스프
6902625,단호박스프
6901733,단호박스프
6901196,단호박스프
6900621,단호박스프
6899463,단호박스프
6895866,단호박스프
6881347,단호박스프
6881051,단호박스프
6880508,단호박스프
6879671,단호박스프
6878288,단호박스프
6877736,단호박스프
6876354,단호박스프
6875904,단호박스프
6875724,단호박스프
6875586,단호박스프
6874842,단호박스프
6874683,단호박스프
6867469,단호박스프
6866815,단호박스프
6863367,단호박스프
6863174,단호박스프
6858417,단호박스프
6857174,단호박스프
6853546,단호박스프
6850243,단호박스프
6848534,단호박스프
6848412,단호박스프
6845383,단호박스프
6845191,단호박스프
6845174,단호박스프
6841432,단호박스프
6835655,단호박스프
6833734,단호박스프
6830643,단호박스프
6777811,단호박스프
5852024,단호박스프
4440945,단호박스프
2821797,단호박스프
2422497,단호박스프
1917343,단호박스프
1807274,단호박스프
1777041,단호박스프
1574441,단호박스프
1254767,단호박스프
1137139,단호박스프
681129,단호박스프
626796,단호박스프
373325,단호박스프
