6875326,브루스케타
6921922,브루스케타
6941352,브루스케타
6852650,브루스케타
6879280,브루스케타
6867769,브루스케타
6892624,브루스케타
6896006,브루스케타
5918294,브루스케타
6955753,브루스케타
6954877,브루스케타
6949866,브루스케타
6949229,브루스케타
6948059,브루스케타
6947632,브루스케타
6946417,브루스케타
6939482,브루스케타
6936682,브루스케타
6936297,브루스케타
6925872,브루스케타
6925128,브루스케타
6925015,브루스케타
6918475,브루스케타
6917573,브루스케타
6915366,브루스케타
6915346,브루스케타
6914657,브루스케타
6910881,브루스케타
6909116,브루스케타
6902763,브루스케타
6900930,브루스케타
6899165,브루스케타
6897909,브루스케타
6890947,브루스케타
6890636,브루스케타
6890618,브루스케타
6889783,브루스케타
6889414,브루스케타
6888621,브루스케타
6885840,브루스케타
6885325,브루스케타
6881885,브루스케타
6881369,브루스케타
6881350,브루스케타
6879150,브루스케타
6879022,브루스케타
6878656,브루스케타
6876759,브루스케타
6876094,브루스케타
6874701,브루스케타
6873792,브루스케타
6873785,브루스케타
6871042,브루스케타
6867574,브루스케타
6861758,브루스케타
6860580,브루스케타
6858913,브루스케타
6849977,브루스케타
6849405,브루스케타
6849039,브루스케타
6848889,브루스케타
6843877,브루스케타
6840968,브루스케타
6840552,브루스케타
6840448,브루스케타
6837510,브루스케타
6837191,브루스케타
6836158,브루스케타
6829149,브루스케타
6597023,브루스케타
6337558,브루스케타
6332790,브루스케타
5467658,브루스케타
5378899,브루스케타
5293976,브루스케타
4648164,브루스케타
4422290,브루스케타
3601904,브루스케타
3271691,브루스케타
2744107,브루스케타
2469644,브루스케타
2335882,브루스케타
2021405,브루스케타
1775644,브루스케타
1196760,브루스케타
1119854,브루스케타
854267,브루스케타
143242,브루스케타
26020,브루스케타
