6855484,브로콜리스프
5771515,브로콜리스프
6942085,브로콜리스프
6865445,브로콜리스프
6882512,브로콜리스프
6836966,브로콜리스프
6851056,브로콜리스프
6877291,브로콜리스프
6843975,브로콜리스프
6867260,브로콜리스프
6877480,브로콜리스프
3882331,브로콜리스프
6876334,브로콜리스프
6857859,브로콜리스프
1498760,브로콜리스프
6852752,브로콜리스프
6849693,브로콜리스프
6863175,브로콜리스프
6946724,브로콜리스프
6935552,브로콜리스프
6934786,브로콜리스프
6927814,브로콜리스프
6902621,브로콜리스프
6898554,브로콜리스프
6896782,브로콜리스프
6892627,브로콜리스프
6887772,브로콜리스프
6856851,브로콜리스프
6852815,브로콜리스프
6848467,브로콜리스프
6848343,브로콜리스프
6848144,브로콜리스프
6837914,브로콜리스프
6837475,브로콜리스프
1672404,브로콜리스프
1648620,브로콜리스프
784863,브로콜리스프
720456,브로콜리스프
33468,브로콜리스프
