6828951,부추샐러드
5895982,부추샐러드
6914576,부추샐러드
6923488,부추샐러드
6852639,부추샐러드
6835043,부추샐러드
6934047,부추샐러드
1098031,부추샐러드
6951531,부추샐러드
6841757,부추샐러드
6070719,부추샐러드
6950821,부추샐러드
6919094,부추샐러드
6917946,부추샐러드
6908934,부추샐러드
6880320,부추샐러드
6873688,부추샐러드
6870599,부추샐러드
6865427,부추샐러드
6856919,부추샐러드
6856523,부추샐러드
6853034,부추샐러드
6848526,부추샐러드
6847795,부추샐러드
6846952,부추샐러드
6844911,부추샐러드
6844033,부추샐러드
6842647,부추샐러드
6835743,부추샐러드
6069286,부추샐러드
5939384,부추샐러드
5410913,부추샐러드
5274425,부추샐러드
3784965,부추샐러드
3679605,부추샐러드
3623100,부추샐러드
3028357,부추샐러드
2794639,부추샐러드
2791079,부추샐러드
2644676,부추샐러드
2566013,부추샐러드
2369195,부추샐러드
1949326,부추샐러드
1319666,부추샐러드
1202273,부추샐러드
1189057,부추샐러드
746837,부추샐러드
201862,부추샐러드
