6905378,불고기덮밥
6882840,불고기덮밥
6951883,불고기덮밥
6942132,불고기덮밥
6892218,불고기덮밥
6908238,불고기덮밥
6863079,불고기덮밥
6839838,불고기덮밥
6836785,불고기덮밥
6918797,불고기덮밥
6869303,불고기덮밥
6946438,불고기덮밥
6877338,불고기덮밥
6941116,불고기덮밥
6935647,불고기덮밥
6947317,불고기덮밥
6911633,불고기덮밥
6843508,불고기덮밥
6915154,불고기덮밥
6623627,불고기덮밥
4496790,불고기덮밥
6880634,불고기덮밥
6851490,불고기덮밥
6867860,불고기덮밥
6492971,불고기덮밥
6864158,불고기덮밥
6935676,불고기덮밥
6956294,불고기덮밥
6956277,불고기덮밥
6956249,불고기덮밥
6951623,불고기덮밥
6949527,불고기덮밥
6949288,불고기덮밥
6946347,불고기덮밥
6944565,불고기덮밥
6942486,불고기덮밥
6941466,불고기덮밥
6941002,불고기덮밥
6937644,불고기덮밥
6937232,불고기덮밥
6936458,불고기덮밥
6936400,불고기덮밥
6935657,불고기덮밥
6932396,불고기덮밥
6931204,불고기덮밥
6929585,불고기덮밥
6928949,불고기덮밥
6925533,불고기덮밥
6922470,불고기덮밥
6921006,불고기덮밥
6919334,불고기덮밥
6915432,불고기덮밥
6913556,불고기덮밥
6904157,불고기덮밥
6903055,불고기덮밥
6895876,불고기덮밥
6895846,불고기덮밥
6895314,불고기덮밥
6894374,불고기덮밥
6890341,불고기덮밥
6890050,불고기덮밥
6889581,불고기덮밥
6888763,불고기덮밥
6888568,불고기덮밥
6885065,불고기덮밥
6883680,불고기덮밥
6877491,불고기덮밥
6877000,불고기덮밥
6876461,불고기덮밥
6875602,불고기덮밥
6872498,불고기덮밥
6872397,불고기덮밥
6871716,불고기덮밥
6869249,불고기덮밥
6865038,불고기덮밥
6854545,불고기덮밥
6852739,불고기덮밥
6852719,불고기덮밥
6848845,불고기덮밥
6848664,불고기덮밥
6848340,불고기덮밥
6848124,불고기덮밥
6845389,불고기덮밥
6845176,불고기덮밥
6844912,불고기덮밥
6844892,불고기덮밥
6840921,불고기덮밥
6838618,불고기덮밥
6838210,불고기덮밥
6832780,불고기덮밥
6832776,불고기덮밥
6832761,불고기덮밥
6829926,불고기덮밥
6707603,불고기덮밥
6706909,불고기덮밥
6246449,불고기덮밥
6116980,불고기덮밥
5879452,불고기덮밥
5711287,불고기덮밥
5103006,불고기덮밥
4622611,불고기덮밥
4478351,불고기덮밥
4453297,불고기덮밥
4440755,불고기덮밥
4407510,불고기덮밥
2738393,불고기덮밥
2729724,불고기덮밥
2693349,불고기덮밥
2382638,불고기덮밥
1964242,불고기덮밥
1950834,불고기덮밥
1836044,불고기덮밥
1828329,불고기덮밥
1780255,불고기덮밥
1679614,불고기덮밥
1572996,불고기덮밥
1107800,불고기덮밥
