6861235,목살스테이크
6885470,목살스테이크
6926119,목살스테이크
6945081,목살스테이크
6876942,목살스테이크
6868658,목살스테이크
6836794,목살스테이크
6935719,목살스테이크
6870516,목살스테이크
6852685,목살스테이크
6909063,목살스테이크
6830712,목살스테이크
6829100,목살스테이크
6829208,목살스테이크
6900360,목살스테이크
6847899,목살스테이크
6883021,목살스테이크
6901482,목살스테이크
6830660,목살스테이크
6918821,목살스테이크
6905003,목살스테이크
6891324,목살스테이크
6867617,목살스테이크
6913820,목살스테이크
6897290,목살스테이크
6886370,목살스테이크
6829245,목살스테이크
6952262,목살스테이크
6831468,목살스테이크
6842275,목살스테이크
6863035,목살스테이크
6885237,목살스테이크
6864807,목살스테이크
6895882,목살스테이크
6869905,목살스테이크
6851913,목살스테이크
6830055,목살스테이크
6886758,목살스테이크
6829814,목살스테이크
6836921,목살스테이크
5400865,목살스테이크
6829295,목살스테이크
6832909,목살스테이크
6844134,목살스테이크
6903235,목살스테이크
6853642,목살스테이크
1467731,목살스테이크
6723164,목살스테이크
6837948,목살스테이크
6897291,목살스테이크
6873921,목살스테이크
6481682,목살스테이크
6851495,목살스테이크
6894489,목살스테이크
6843209,목살스테이크
6841882,목살스테이크
2449871,목살스테이크
6867218,목살스테이크
6622211,목살스테이크
6881613,목살스테이크
6954870,목살스테이크
6954789,목살스테이크
6952850,목살스테이크
6952110,목살스테이크
6948405,목살스테이크
6948295,목살스테이크
6946422,목살스테이크
6937941,목살스테이크
6937028,목살스테이크
6936121,목살스테이크
6933677,목살스테이크
6933506,목살스테이크
6933338,목살스테이크
6931901,목살스테이크
6930274,목살스테이크
6929793,목살스테이크
6926781,목살스테이크
6926263,목살스테이크
6926043,목살스테이크
6920730,목살스테이크
6918354,목살스테이크
6916311,목살스테이크
6914373,목살스테이크
6914107,목살스테이크
6913649,목살스테이크
6912395,목살스테이크
6910829,목살스테이크
6909907,목살스테이크
6909020,목살스테이크
6907962,목살스테이크
6902649,목살스테이크
6901789,목살스테이크
6899040,목살스테이크
6895288,목살스테이크
6893551,목살스테이크
6890267,목살스테이크
6889666,목살스테이크
6882946,목살스테이크
6881888,목살스테이크
6879214,목살스테이크
6877649,목살스테이크
6877145,목살스테이크
6875103,목살스테이크
6874363,목살스테이크
6872869,목살스테이크
6872785,목살스테이크
6872273,목살스테이크
6871606,목살스테이크
6868499,목살스테이크
6868133,목살스테이크
6865545,목살스테이크
6865362,목살스테이크
6863637,목살스테이크
6862386,목살스테이크
6861719,목살스테이크
6861140,목살스테이크
6855528,목살스테이크
6851967,목살스테이크
6851771,목살스테이크
6847815,목살스테이크
6847577,목살스테이크
6847555,목살스테이크
6847551,목살스테이크
6846853,목살스테이크
6846594,목살스테이크
6846246,목살스테이크
6844125,목살스테이크
6843934,목살스테이크
6843499,목살스테이크
6841775,목살스테이크
6841459,목살스테이크
6841185,목살스테이크
6841168,목살스테이크
6834241,목살스테이크
6834050,목살스테이크
6832432,목살스테이크
6830973,목살스테이크
6829891,목살스테이크
6829575,목살스테이크
6682314,목살스테이크
6330785,목살스테이크
671360,목살스테이크
