6945694,리코타치즈
6881749,리코타치즈
6830992,리코타치즈
6952566,리코타치즈
4019962,리코타치즈
6842958,리코타치즈
6933202,리코타치즈
6844881,리코타치즈
6857848,리코타치즈
6949287,리코타치즈
6837430,리코타치즈
6851579,리코타치즈
6919684,리코타치즈
6916497,리코타치즈
389261,리코타치즈
6825241,리코타치즈
6830727,리코타치즈
6909576,리코타치즈
6922978,리코타치즈
6927306,리코타치즈
6835930,리코타치즈
6921554,리코타치즈
6846824,리코타치즈
6872682,리코타치즈
6689208,리코타치즈
6870164,리코타치즈
6849951,리코타치즈
6847882,리코타치즈
6954925,리코타치즈
6833351,리코타치즈
1811602,리코타치즈
6846512,리코타치즈
6900424,리코타치즈
6955829,리코타치즈
6954006,리코타치즈
6953519,리코타치즈
6952397,리코타치즈
6952197,리코타치즈
6951798,리코타치즈
6951284,리코타치즈
6950145,리코타치즈
6948944,리코타치즈
6948682,리코타치즈
6948448,리코타치즈
6940167,리코타치즈
6939647,리코타치즈
6935640,리코타치즈
6934652,리코타치즈
6933799,리코타치즈
6933290,리코타치즈
6932352,리코타치즈
6929824,리코타치즈
6929486,리코타치즈
6927999,리코타치즈
6921344,리코타치즈
6920749,리코타치즈
6920334,리코타치즈
6917624,리코타치즈
6917144,리코타치즈
6915739,리코타치즈
6915025,리코타치즈
6910773,리코타치즈
6905345,리코타치즈
6903940,리코타치즈
6901767,리코타치즈
6901389,리코타치즈
6901279,리코타치즈
6901238,리코타치즈
6899106,리코타치즈
6898324,리코타치즈
6898108,리코타치즈
6898061,리코타치즈
6897814,리코타치즈
6896026,리코타치즈
6895570,리코타치즈
6894606,리코타치즈
6893490,리코타치즈
6893159,리코타치즈
6893069,리코타치즈
6891146,리코타치즈
6888895,리코타치즈
6884498,리코타치즈
6882233,리코타치즈
6880253,리코타치즈
6877879,리코타치즈
6873850,리코타치즈
6873512,리코타치즈
6870913,리코타치즈
6870574,리코타치즈
6868712,리코타치즈
6868385,리코타치즈
6867459,리코타치즈
6867428,리코타치즈
6865863,리코타치즈
6865074,리코타치즈
6865039,리코타치즈
6864134,리코타치즈
6863621,리코타치즈
6861403,리코타치즈
6860137,리코타치즈
6858913,리코타치즈
6858608,리코타치즈
6857273,리코타치즈
6853067,리코타치즈
6851014,리코타치즈
6850372,리코타치즈
6849562,리코타치즈
6849450,리코타치즈
6849212,리코타치즈
6848781,리코타치즈
6848553,리코타치즈
6848533,리코타치즈
6846189,리코타치즈
6846088,리코타치즈
6845288,리코타치즈
6844968,리코타치즈
6844909,리코타치즈
6844340,리코타치즈
6844145,리코타치즈
6843237,리코타치즈
6843182,리코타치즈
6843043,리코타치즈
6837592,리코타치즈
6836085,리코타치즈
6835330,리코타치즈
6834243,리코타치즈
6831828,리코타치즈
6831591,리코타치즈
6831437,리코타치즈
6830695,리코타치즈
6829326,리코타치즈
6829174,리코타치즈
6756050,리코타치즈
6693678,리코타치즈
6573685,리코타치즈
6572670,리코타치즈
6571621,리코타치즈
6228579,리코타치즈
6112045,리코타치즈
5895185,리코타치즈
5785772,리코타치즈
5767295,리코타치즈
5371818,리코타치즈
4793882,리코타치즈
4235957,리코타치즈
3682828,리코타치즈
3625650,리코타치즈
3494040,리코타치즈
3464745,리코타치즈
2459249,리코타치즈
2011818,리코타치즈
1790797,리코타치즈
1036465,리코타치즈
831254,리코타치즈
349974,리코타치즈
