6914259,마늘쫑장아찌
6877446,마늘쫑장아찌
6933263,마늘쫑장아찌
6888278,마늘쫑장아찌
5016364,마늘쫑장아찌
6931611,마늘쫑장아찌
6913025,마늘쫑장아찌
6912331,마늘쫑장아찌
6793265,마늘쫑장아찌
6847076,마늘쫑장아찌
6850967,마늘쫑장아찌
6888564,마늘쫑장아찌
6869503,마늘쫑장아찌
1222153,마늘쫑장아찌
6890445,마늘쫑장아찌
6871313,마늘쫑장아찌
6867144,마늘쫑장아찌
6847852,마늘쫑장아찌
6850309,마늘쫑장아찌
6892062,마늘쫑장아찌
6846996,마늘쫑장아찌
6950684,마늘쫑장아찌
6947560,마늘쫑장아찌
6944154,마늘쫑장아찌
6943311,마늘쫑장아찌
6939110,마늘쫑장아찌
6933817,마늘쫑장아찌
6928548,마늘쫑장아찌
6915545,마늘쫑장아찌
6914325,마늘쫑장아찌
6913465,마늘쫑장아찌
6913387,마늘쫑장아찌
6911802,마늘쫑장아찌
6908218,마늘쫑장아찌
6904498,마늘쫑장아찌
6894198,마늘쫑장아찌
6889556,마늘쫑장아찌
6889461,마늘쫑장아찌
6888287,마늘쫑장아찌
6887741,마늘쫑장아찌
6871311,마늘쫑장아찌
6870797,마늘쫑장아찌
6855176,마늘쫑장아찌
6847854,마늘쫑장아찌
6846203,마늘쫑장아찌
6843063,마늘쫑장아찌
6832345,마늘쫑장아찌
6832249,마늘쫑장아찌
6773166,마늘쫑장아찌
6320535,마늘쫑장아찌
6294479,마늘쫑장아찌
6098499,마늘쫑장아찌
5974781,마늘쫑장아찌
5922817,마늘쫑장아찌
5022127,마늘쫑장아찌
2658350,마늘쫑장아찌
