6839176,마카로니샐러드
6881705,마카로니샐러드
6901379,마카로니샐러드
6876555,마카로니샐러드
4539931,마카로니샐러드
6834255,마카로니샐러드
6924626,마카로니샐러드
6864347,마카로니샐러드
6875431,마카로니샐러드
6853867,마카로니샐러드
6843992,마카로니샐러드
6872186,마카로니샐러드
6845372,마카로니샐러드
6840053,마카로니샐러드
6956935,마카로니샐러드
6956725,마카로니샐러드
6955640,마카로니샐러드
6944108,마카로니샐러드
6936241,마카로니샐러드
6936112,마카로니샐러드
6933390,마카로니샐러드
6933201,마카로니샐러드
6931712,마카로니샐러드
6931548,마카로니샐러드
6930833,마카로니샐러드
6916183,마카로니샐러드
6915281,마카로니샐러드
6906571,마카로니샐러드
6890274,마카로니샐러드
6885465,마카로니샐러드
6872079,마카로니샐러드
6867109,마카로니샐러드
6840946,마카로니샐러드
6834943,마카로니샐러드
6833806,마카로니샐러드
6828925,마카로니샐러드
6751343,마카로니샐러드
6690669,마카로니샐러드
6630688,마카로니샐러드
2870416,마카로니샐러드
2682069,마카로니샐러드
1763833,마카로니샐러드
1627171,마카로니샐러드
1236772,마카로니샐러드
1020504,마카로니샐러드
1017559,마카로니샐러드
895197,마카로니샐러드
850529,마카로니샐러드
840423,마카로니샐러드
593946,마카로니샐러드
592746,마카로니샐러드
