6916408,메추리알조림
6929414,메추리알조림
6919313,메추리알조림
6929690,메추리알조림
6871949,메추리알조림
6884538,메추리알조림
4863391,메추리알조림
6901941,메추리알조림
6889899,메추리알조림
6911528,메추리알조림
6925804,메추리알조림
6870174,메추리알조림
6841296,메추리알조림
6953608,메추리알조림
6858390,메추리알조림
6905699,메추리알조림
6902206,메추리알조림
4070510,메추리알조림
6837424,메추리알조림
6898919,메추리알조림
6885047,메추리알조림
6858233,메추리알조림
6934507,메추리알조림
6954825,메추리알조림
6953672,메추리알조림
6950436,메추리알조림
6942610,메추리알조림
6940644,메추리알조림
6940309,메추리알조림
6862056,메추리알조림
6881154,메추리알조림
6679390,메추리알조림
6907974,메추리알조림
6923681,메추리알조림
6918729,메추리알조림
6938574,메추리알조림
6865260,메추리알조림
6863464,메추리알조림
6891527,메추리알조림
6913195,메추리알조림
6950936,메추리알조림
5082385,메추리알조림
6894113,메추리알조림
3558255,메추리알조림
4621317,메추리알조림
6914752,메추리알조림
6836535,메추리알조림
6846292,메추리알조림
6844213,메추리알조림
6915648,메추리알조림
6884019,메추리알조림
6902655,메추리알조림
6939588,메추리알조림
6943471,메추리알조림
6833835,메추리알조림
2902953,메추리알조림
6835945,메추리알조림
6843670,메추리알조림
6868179,메추리알조림
6948352,메추리알조림
6956318,메추리알조림
6837263,메추리알조림
6880133,메추리알조림
6526915,메추리알조림
6954423,메추리알조림
6873862,메추리알조림
6858248,메추리알조림
6939602,메추리알조림
6951157,메추리알조림
6862399,메추리알조림
6866110,메추리알조림
6870309,메추리알조림
6890171,메추리알조림
6868433,메추리알조림
6883199,메추리알조림
6854917,메추리알조림
6909850,메추리알조림
6909694,메추리알조림
6861805,메추리알조림
6863680,메추리알조림
6791365,메추리알조림
6900407,메추리알조림
6834238,메추리알조림
6905072,메추리알조림
6920917,메추리알조림
3307600,메추리알조림
6941523,메추리알조림
6836037,메추리알조림
5025479,메추리알조림
4764921,메추리알조림
6882924,메추리알조림
6830377,메추리알조림
6850992,메추리알조림
6886642,메추리알조림
6849892,메추리알조림
6845490,메추리알조림
6885159,메추리알조림
6831897,메추리알조림
6921025,메추리알조림
6938882,메추리알조림
6883617,메추리알조림
6868595,메추리알조림
6835457,메추리알조림
6892238,메추리알조림
6907400,메추리알조림
6863375,메추리알조림
6589796,메추리알조림
6903053,메추리알조림
6838020,메추리알조림
6948139,메추리알조림
6935443,메추리알조림
6941137,메추리알조림
6934703,메추리알조림
1892290,메추리알조림
6930995,메추리알조림
6831481,메추리알조림
6849736,메추리알조림
6845005,메추리알조림
6949843,메추리알조림
6943352,메추리알조림
6850022,메추리알조림
6886584,메추리알조림
6856852,메추리알조림
6909692,메추리알조림
6813348,메추리알조림
4354858,메추리알조림
6889300,메추리알조림
6846648,메추리알조림
6924770,메추리알조림
6175478,메추리알조림
6870225,메추리알조림
6627254,메추리알조림
6944339,메추리알조림
6928409,메추리알조림
6901892,메추리알조림
4044279,메추리알조림
6858329,메추리알조림
6830857,메추리알조림
6855207,메추리알조림
6871573,메추리알조림
6865377,메추리알조림
6926483,메추리알조림
6921425,메추리알조림
6881709,메추리알조림
6876521,메추리알조림
6833710,메추리알조림
6834134,메추리알조림
6887818,메추리알조림
6870432,메추리알조림
6904792,메추리알조림
2407953,메추리알조림
6803086,메추리알조림
6846007,메추리알조림
6908249,메추리알조림
6887761,메추리알조림
6878976,메추리알조림
6850861,메추리알조림
6876069,메추리알조림
3544242,메추리알조림
6841277,메추리알조림
6871702,메추리알조림
6903450,메추리알조림
6875951,메추리알조림
6873116,메추리알조림
6806476,메추리알조림
6910411,메추리알조림
6869069,메추리알조림
6568166,메추리알조림
6859771,메추리알조림
6912961,메추리알조림
6830946,메추리알조림
6863328,메추리알조림
6886223,메추리알조림
6836186,메추리알조림
1844767,메추리알조림
5027715,메추리알조림
6847933,메추리알조림
1891866,메추리알조림
1697674,메추리알조림
6852254,메추리알조림
6887620,메추리알조림
4741876,메추리알조림
6858342,메추리알조림
6886312,메추리알조림
6836005,메추리알조림
6551909,메추리알조림
1045829,메추리알조림
1767389,메추리알조림
6930802,메추리알조림
6832095,메추리알조림
6881783,메추리알조림
6843988,메추리알조림
6862352,메추리알조림
1595168,메추리알조림
6924624,메추리알조림
1650992,메추리알조림
6843151,메추리알조림
6858371,메추리알조림
6847159,메추리알조림
6889454,메추리알조림
6866018,메추리알조림
6629437,메추리알조림
6909148,메추리알조림
6906040,메추리알조림
95158,메추리알조림
4496836,메추리알조림
1811940,메추리알조림
2509789,메추리알조림
6835844,메추리알조림
6880070,메추리알조림
5333730,메추리알조림
6888270,메추리알조림
99798,메추리알조림
6956939,메추리알조림
6955721,메추리알조림
6955435,메추리알조림
6954806,메추리알조림
6954675,메추리알조림
6954288,메추리알조림
6953923,메추리알조림
6953457,메추리알조림
6953390,메추리알조림
6953323,메추리알조림
6952222,메추리알조림
6951466,메추리알조림
6950539,메추리알조림
6950348,메추리알조림
6948757,메추리알조림
6948279,메추리알조림
6947609,메추리알조림
6947553,메추리알조림
6947251,메추리알조림
6946510,메추리알조림
6945170,메추리알조림
6945163,메추리알조림
6945039,메추리알조림
6944910,메추리알조림
6943421,메추리알조림
6942695,메추리알조림
6942495,메추리알조림
6941888,메추리알조림
6939879,메추리알조림
6939799,메추리알조림
6939516,메추리알조림
6935981,메추리알조림
6934934,메추리알조림
6933824,메추리알조림
6933655,메추리알조림
6933605,메추리알조림
6929496,메추리알조림
6929175,메추리알조림
6927659,메추리알조림
6927360,메추리알조림
6926930,메추리알조림
6926779,메추리알조림
6925770,메추리알조림
6925575,메추리알조림
6925388,메추리알조림
6924379,메추리알조림
6922324,메추리알조림
6921573,메추리알조림
6920587,메추리알조림
6920442,메추리알조림
6919884,메추리알조림
6919587,메추리알조림
6919381,메추리알조림
6915982,메추리알조림
6915853,메추리알조림
6914795,메추리알조림
6914170,메추리알조림
6913802,메추리알조림
6912550,메추리알조림
6912142,메추리알조림
6910716,메추리알조림
6909391,메추리알조림
6907279,메추리알조림
6906615,메추리알조림
6906516,메추리알조림
6903675,메추리알조림
6902839,메추리알조림
6902251,메추리알조림
6901503,메추리알조림
6899592,메추리알조림
6898109,메추리알조림
6897765,메추리알조림
6897446,메추리알조림
6897384,메추리알조림
6896655,메추리알조림
6892566,메추리알조림
6891370,메추리알조림
6888409,메추리알조림
6888378,메추리알조림
6888286,메추리알조림
6886928,메추리알조림
6885534,메추리알조림
6884733,메추리알조림
6883781,메추리알조림
6882851,메추리알조림
6882078,메추리알조림
6881493,메추리알조림
6881142,메추리알조림
6879296,메추리알조림
6878705,메추리알조림
6878693,메추리알조림
6878600,메추리알조림
6877143,메추리알조림
6876728,메추리알조림
6872247,메추리알조림
6872236,메추리알조림
6872062,메추리알조림
6871782,메추리알조림
6869601,메추리알조림
6868662,메추리알조림
6867911,메추리알조림
6866860,메추리알조림
6866346,메추리알조림
6864419,메추리알조림
6863513,메추리알조림
6863234,메추리알조림
6863188,메추리알조림
6860076,메추리알조림
6858693,메추리알조림
6857801,메추리알조림
6854584,메추리알조림
6850249,메추리알조림
6850194,메추리알조림
6849743,메추리알조림
6848068,메추리알조림
6847928,메추리알조림
6844630,메추리알조림
6843795,메추리알조림
6843714,메추리알조림
6842635,메추리알조림
6841204,메추리알조림
6840311,메추리알조림
6837545,메추리알조림
6837489,메추리알조림
6836272,메추리알조림
6836270,메추리알조림
6836146,메추리알조림
6835413,메추리알조림
6835222,메추리알조림
6835083,메추리알조림
6834405,메추리알조림
6833771,메추리알조림
6830706,메추리알조림
6830199,메추리알조림
6829441,메추리알조림
6732492,메추리알조림
6694402,메추리알조림
6592036,메추리알조림
6506234,메추리알조림
6479763,메추리알조림
6138932,메추리알조림
6128307,메추리알조림
6065956,메추리알조림
5934343,메추리알조림
5823551,메추리알조림
5710861,메추리알조림
5115730,메추리알조림
4997325,메추리알조림
3682256,메추리알조림
3617814,메추리알조림
3592110,메추리알조림
3014625,메추리알조림
2701425,메추리알조림
2022551,메추리알조림
1923980,메추리알조림
1845367,메추리알조림
1823893,메추리알조림
1823140,메추리알조림
1796878,메추리알조림
1589544,메추리알조림
1567669,메추리알조림
1526869,메추리알조림
1434171,메추리알조림
1256397,메추리알조림
1239082,메추리알조림
1075992,메추리알조림
922197,메추리알조림
665821,메추리알조림
639211,메추리알조림
