6844161,매쉬드포테이토
6869555,매쉬드포테이토
6831552,매쉬드포테이토
6873431,매쉬드포테이토
6851526,매쉬드포테이토
6851346,매쉬드포테이토
6833229,매쉬드포테이토
6886459,매쉬드포테이토
4525212,매쉬드포테이토
6841895,매쉬드포테이토
6845418,매쉬드포테이토
6832084,매쉬드포테이토
6756999,매쉬드포테이토
1604968,매쉬드포테이토
6729985,매쉬드포테이토
6946245,매쉬드포테이토
6944458,매쉬드포테이토
6939219,매쉬드포테이토
6937062,매쉬드포테이토
6933761,매쉬드포테이토
6932390,매쉬드포테이토
6929793,매쉬드포테이토
6898724,매쉬드포테이토
6892977,매쉬드포테이토
6892506,매쉬드포테이토
6885793,매쉬드포테이토
6870134,매쉬드포테이토
6865977,매쉬드포테이토
6865945,매쉬드포테이토
6847858,매쉬드포테이토
6836484,매쉬드포테이토
6162028,매쉬드포테이토
5072782,매쉬드포테이토
4487728,매쉬드포테이토
725449,매쉬드포테이토
18489,매쉬드포테이토
