6830185,매실장아찌
6320528,매실장아찌
4283530,매실장아찌
6921442,매실장아찌
4972461,매실장아찌
6854433,매실장아찌
5037555,매실장아찌
6692653,매실장아찌
6875646,매실장아찌
6929010,매실장아찌
6038396,매실장아찌
2728725,매실장아찌
6829279,매실장아찌
5134285,매실장아찌
2968246,매실장아찌
4972268,매실장아찌
6954002,매실장아찌
6946941,매실장아찌
6942834,매실장아찌
6941501,매실장아찌
6941072,매실장아찌
6938365,매실장아찌
6935869,매실장아찌
6935828,매실장아찌
6914679,매실장아찌
6914653,매실장아찌
6914195,매실장아찌
6894208,매실장아찌
6893137,매실장아찌
6892345,매실장아찌
6891535,매실장아찌
6890121,매실장아찌
6871569,매실장아찌
6871379,매실장아찌
6854199,매실장아찌
6851080,매실장아찌
6850798,매실장아찌
6849453,매실장아찌
6830306,매실장아찌
6829445,매실장아찌
6829251,매실장아찌
6826589,매실장아찌
6641480,매실장아찌
6298980,매실장아찌
6150850,매실장아찌
6030989,매실장아찌
6023221,매실장아찌
6015380,매실장아찌
6010800,매실장아찌
5167847,매실장아찌
5012314,매실장아찌
4990519,매실장아찌
4657534,매실장아찌
4287948,매실장아찌
4173501,매실장아찌
4025595,매실장아찌
3968923,매실장아찌
2781912,매실장아찌
2777076,매실장아찌
2764822,매실장아찌
2707748,매실장아찌
2456423,매실장아찌
2333304,매실장아찌
2008715,매실장아찌
1963089,매실장아찌
1956944,매실장아찌
1953492,매실장아찌
1927548,매실장아찌
