6891443,마늘쫑무침
6909645,마늘쫑무침
6870562,마늘쫑무침
6891741,마늘쫑무침
6936557,마늘쫑무침
6834279,마늘쫑무침
6888960,마늘쫑무침
6910856,마늘쫑무침
6954090,마늘쫑무침
6904884,마늘쫑무침
6812410,마늘쫑무침
6882353,마늘쫑무침
3690484,마늘쫑무침
6931610,마늘쫑무침
3653178,마늘쫑무침
6864044,마늘쫑무침
6912802,마늘쫑무침
6833736,마늘쫑무침
6893405,마늘쫑무침
6930070,마늘쫑무침
6912253,마늘쫑무침
6855410,마늘쫑무침
6923671,마늘쫑무침
6740364,마늘쫑무침
6908020,마늘쫑무침
6850546,마늘쫑무침
6855206,마늘쫑무침
6873026,마늘쫑무침
6924627,마늘쫑무침
6764786,마늘쫑무침
4870914,마늘쫑무침
6943515,마늘쫑무침
6870655,마늘쫑무침
6931941,마늘쫑무침
6850653,마늘쫑무침
6868110,마늘쫑무침
6888278,마늘쫑무침
6693980,마늘쫑무침
1188746,마늘쫑무침
1826088,마늘쫑무침
6780176,마늘쫑무침
6913025,마늘쫑무침
1234460,마늘쫑무침
6911162,마늘쫑무침
6890445,마늘쫑무침
6871313,마늘쫑무침
6867144,마늘쫑무침
6876269,마늘쫑무침
2310942,마늘쫑무침
6957071,마늘쫑무침
6957040,마늘쫑무침
6956526,마늘쫑무침
6956043,마늘쫑무침
6953876,마늘쫑무침
6953875,마늘쫑무침
6952908,마늘쫑무침
6952741,마늘쫑무침
6951501,마늘쫑무침
6950684,마늘쫑무침
6949569,마늘쫑무침
6949426,마늘쫑무침
6948880,마늘쫑무침
6947560,마늘쫑무침
6944154,마늘쫑무침
6942855,마늘쫑무침
6936629,마늘쫑무침
6934937,마늘쫑무침
6934785,마늘쫑무침
6933654,마늘쫑무침
6933324,마늘쫑무침
6932172,마늘쫑무침
6931782,마늘쫑무침
6931704,마늘쫑무침
6931662,마늘쫑무침
6930257,마늘쫑무침
6927587,마늘쫑무침
6926549,마늘쫑무침
6919696,마늘쫑무침
6919644,마늘쫑무침
6918305,마늘쫑무침
6917460,마늘쫑무침
6916921,마늘쫑무침
6915271,마늘쫑무침
6915036,마늘쫑무침
6913308,마늘쫑무침
6913110,마늘쫑무침
6912567,마늘쫑무침
6912302,마늘쫑무침
6912164,마늘쫑무침
6911900,마늘쫑무침
6911606,마늘쫑무침
6909617,마늘쫑무침
6906949,마늘쫑무침
6905587,마늘쫑무침
6905139,마늘쫑무침
6903257,마늘쫑무침
6902157,마늘쫑무침
6901722,마늘쫑무침
6897582,마늘쫑무침
6894198,마늘쫑무침
6893537,마늘쫑무침
6893228,마늘쫑무침
6889260,마늘쫑무침
6889003,마늘쫑무침
6888593,마늘쫑무침
6888287,마늘쫑무침
6887665,마늘쫑무침
6887358,마늘쫑무침
6877061,마늘쫑무침
6872242,마늘쫑무침
6871580,마늘쫑무침
6869650,마늘쫑무침
6868884,마늘쫑무침
6855176,마늘쫑무침
6852240,마늘쫑무침
6849433,마늘쫑무침
6848418,마늘쫑무침
6847926,마늘쫑무침
6847115,마늘쫑무침
6832345,마늘쫑무침
6829016,마늘쫑무침
6676346,마늘쫑무침
6320535,마늘쫑무침
5836619,마늘쫑무침
5085919,마늘쫑무침
5022127,마늘쫑무침
4457683,마늘쫑무침
3746598,마늘쫑무침
2731713,마늘쫑무침
2628562,마늘쫑무침
1860107,마늘쫑무침
