6862036,멍게비빔밥
5838234,멍게비빔밥
6910993,멍게비빔밥
6886918,멍게비빔밥
6868937,멍게비빔밥
6876321,멍게비빔밥
5912394,멍게비빔밥
5911195,멍게비빔밥
1250647,멍게비빔밥
6930120,멍게비빔밥
6924435,멍게비빔밥
6734364,멍게비빔밥
6957433,멍게비빔밥
6956268,멍게비빔밥
6956071,멍게비빔밥
6955467,멍게비빔밥
6954431,멍게비빔밥
6950245,멍게비빔밥
6944480,멍게비빔밥
6941354,멍게비빔밥
6937430,멍게비빔밥
6935182,멍게비빔밥
6932535,멍게비빔밥
6931609,멍게비빔밥
6931205,멍게비빔밥
6929939,멍게비빔밥
6928542,멍게비빔밥
6928356,멍게비빔밥
6928278,멍게비빔밥
6924747,멍게비빔밥
6920658,멍게비빔밥
6915525,멍게비빔밥
6913300,멍게비빔밥
6912369,멍게비빔밥
6890178,멍게비빔밥
6890078,멍게비빔밥
6889386,멍게비빔밥
6888151,멍게비빔밥
6888090,멍게비빔밥
6886473,멍게비빔밥
6884220,멍게비빔밥
6883633,멍게비빔밥
6879454,멍게비빔밥
6870038,멍게비빔밥
6868505,멍게비빔밥
6850113,멍게비빔밥
6849970,멍게비빔밥
6848253,멍게비빔밥
6846702,멍게비빔밥
6845860,멍게비빔밥
6844978,멍게비빔밥
6844694,멍게비빔밥
6844563,멍게비빔밥
6843923,멍게비빔밥
6770860,멍게비빔밥
6764834,멍게비빔밥
6654147,멍게비빔밥
5201882,멍게비빔밥
4899685,멍게비빔밥
3778840,멍게비빔밥
2686231,멍게비빔밥
2497502,멍게비빔밥
2341989,멍게비빔밥
2019598,멍게비빔밥
657470,멍게비빔밥
