6914259,마늘장아찌
2679177,마늘장아찌
6850442,마늘장아찌
6815379,마늘장아찌
6877446,마늘장아찌
6933263,마늘장아찌
6888278,마늘장아찌
5016364,마늘장아찌
6931611,마늘장아찌
3867329,마늘장아찌
2684169,마늘장아찌
6890880,마늘장아찌
6873426,마늘장아찌
6865236,마늘장아찌
6925750,마늘장아찌
6870260,마늘장아찌
6913025,마늘장아찌
6829213,마늘장아찌
6912331,마늘장아찌
6936686,마늘장아찌
6915058,마늘장아찌
6846615,마늘장아찌
6793265,마늘장아찌
6933978,마늘장아찌
6832367,마늘장아찌
6872964,마늘장아찌
6847076,마늘장아찌
6828972,마늘장아찌
6714945,마늘장아찌
6850967,마늘장아찌
6889776,마늘장아찌
6888564,마늘장아찌
6869503,마늘장아찌
1222153,마늘장아찌
6903783,마늘장아찌
3920563,마늘장아찌
4393974,마늘장아찌
6886343,마늘장아찌
6890445,마늘장아찌
6887922,마늘장아찌
5894006,마늘장아찌
6932355,마늘장아찌
6871208,마늘장아찌
6065759,마늘장아찌
6913140,마늘장아찌
6830967,마늘장아찌
6894285,마늘장아찌
6871886,마늘장아찌
6875113,마늘장아찌
6851125,마늘장아찌
6890003,마늘장아찌
6853090,마늘장아찌
6871313,마늘장아찌
6867144,마늘장아찌
4752121,마늘장아찌
6928086,마늘장아찌
6847852,마늘장아찌
6010095,마늘장아찌
6892181,마늘장아찌
6850835,마늘장아찌
6850309,마늘장아찌
6855231,마늘장아찌
6892062,마늘장아찌
6847921,마늘장아찌
6846996,마늘장아찌
6846500,마늘장아찌
6847576,마늘장아찌
6915654,마늘장아찌
6828160,마늘장아찌
6957198,마늘장아찌
6957008,마늘장아찌
6956077,마늘장아찌
6955769,마늘장아찌
6955073,마늘장아찌
6954002,마늘장아찌
6950684,마늘장아찌
6950224,마늘장아찌
6944154,마늘장아찌
6944034,마늘장아찌
6943781,마늘장아찌
6943311,마늘장아찌
6940761,마늘장아찌
6939110,마늘장아찌
6936586,마늘장아찌
6935310,마늘장아찌
6935002,마늘장아찌
6933817,마늘장아찌
6933435,마늘장아찌
6933426,마늘장아찌
6931553,마늘장아찌
6929345,마늘장아찌
6928548,마늘장아찌
6927529,마늘장아찌
6927409,마늘장아찌
6924716,마늘장아찌
6918402,마늘장아찌
6915710,마늘장아찌
6915545,마늘장아찌
6914680,마늘장아찌
6914325,마늘장아찌
6914268,마늘장아찌
6913465,마늘장아찌
6913387,마늘장아찌
6913245,마늘장아찌
6913158,마늘장아찌
6912509,마늘장아찌
6911802,마늘장아찌
6911631,마늘장아찌
6910287,마늘장아찌
6909008,마늘장아찌
6908218,마늘장아찌
6905851,마늘장아찌
6904498,마늘장아찌
6896532,마늘장아찌
6894198,마늘장아찌
6892312,마늘장아찌
6891092,마늘장아찌
6890657,마늘장아찌
6890322,마늘장아찌
6890289,마늘장아찌
6890257,마늘장아찌
6889556,마늘장아찌
6889461,마늘장아찌
6889041,마늘장아찌
6888857,마늘장아찌
6888287,마늘장아찌
6888185,마늘장아찌
6887741,마늘장아찌
6874380,마늘장아찌
6873970,마늘장아찌
6873005,마늘장아찌
6871425,마늘장아찌
6871311,마늘장아찌
6870838,마늘장아찌
6870797,마늘장아찌
6870725,마늘장아찌
6870654,마늘장아찌
6869611,마늘장아찌
6868902,마늘장아찌
6866937,마늘장아찌
6864769,마늘장아찌
6855176,마늘장아찌
6852454,마늘장아찌
6851514,마늘장아찌
6851025,마늘장아찌
6850918,마늘장아찌
6850280,마늘장아찌
6849377,마늘장아찌
6848222,마늘장아찌
6847854,마늘장아찌
6846203,마늘장아찌
6843864,마늘장아찌
6843063,마늘장아찌
6843055,마늘장아찌
6832345,마늘장아찌
6832249,마늘장아찌
6829320,마늘장아찌
6829289,마늘장아찌
6829277,마늘장아찌
6829248,마늘장아찌
6773166,마늘장아찌
6320535,마늘장아찌
6294479,마늘장아찌
6159149,마늘장아찌
6098499,마늘장아찌
5982819,마늘장아찌
5974781,마늘장아찌
5922817,마늘장아찌
5022127,마늘장아찌
4989400,마늘장아찌
4552879,마늘장아찌
2710406,마늘장아찌
2658350,마늘장아찌
1973961,마늘장아찌
1941522,마늘장아찌
1904493,마늘장아찌
24232,마늘장아찌
