6829109,레몬에이드
6898121,레몬에이드
6829546,레몬에이드
5941120,레몬에이드
6855137,레몬에이드
5209430,레몬에이드
6823447,레몬에이드
6853585,레몬에이드
6915031,레몬에이드
6829607,레몬에이드
6952669,레몬에이드
6947818,레몬에이드
6939745,레몬에이드
6939372,레몬에이드
6937449,레몬에이드
6934815,레몬에이드
6913888,레몬에이드
6912563,레몬에이드
6912437,레몬에이드
6895236,레몬에이드
6886090,레몬에이드
6882694,레몬에이드
6881955,레몬에이드
6881578,레몬에이드
6873791,레몬에이드
6872855,레몬에이드
6871429,레몬에이드
6870115,레몬에이드
6869562,레몬에이드
6863135,레몬에이드
6856060,레몬에이드
6855988,레몬에이드
6852028,레몬에이드
6846209,레몬에이드
6845236,레몬에이드
6832986,레몬에이드
6830443,레몬에이드
6829904,레몬에이드
6800434,레몬에이드
6800361,레몬에이드
6781272,레몬에이드
6758646,레몬에이드
6723318,레몬에이드
6692687,레몬에이드
5960222,레몬에이드
5037571,레몬에이드
4610445,레몬에이드
1772888,레몬에이드
1412364,레몬에이드
1336394,레몬에이드
1277496,레몬에이드
778643,레몬에이드
347106,레몬에이드
