6841354,로제파스타
6942020,로제파스타
6878660,로제파스타
6934320,로제파스타
6947008,로제파스타
6896799,로제파스타
6903385,로제파스타
6903528,로제파스타
6913349,로제파스타
6885115,로제파스타
6876838,로제파스타
6930137,로제파스타
6925766,로제파스타
6865403,로제파스타
6918224,로제파스타
5141337,로제파스타
6884145,로제파스타
6846138,로제파스타
6838425,로제파스타
6778061,로제파스타
6839899,로제파스타
6846717,로제파스타
6237631,로제파스타
3306906,로제파스타
6942772,로제파스타
6830586,로제파스타
6956838,로제파스타
6956779,로제파스타
6955625,로제파스타
6949387,로제파스타
6946802,로제파스타
6945957,로제파스타
6937781,로제파스타
6937488,로제파스타
6936534,로제파스타
6934746,로제파스타
6934224,로제파스타
6933887,로제파스타
6931168,로제파스타
6925501,로제파스타
6915639,로제파스타
6915006,로제파스타
6913448,로제파스타
6910471,로제파스타
6909300,로제파스타
6907643,로제파스타
6901581,로제파스타
6899762,로제파스타
6898352,로제파스타
6895839,로제파스타
6895278,로제파스타
6894773,로제파스타
6894713,로제파스타
6891354,로제파스타
6889256,로제파스타
6884799,로제파스타
6884448,로제파스타
6882496,로제파스타
6881296,로제파스타
6881147,로제파스타
6880509,로제파스타
6879383,로제파스타
6879060,로제파스타
6878169,로제파스타
6876625,로제파스타
6875379,로제파스타
6873343,로제파스타
6872718,로제파스타
6872315,로제파스타
6868495,로제파스타
6865928,로제파스타
6862872,로제파스타
6853948,로제파스타
6849584,로제파스타
6849583,로제파스타
6846037,로제파스타
6845069,로제파스타
6839924,로제파스타
6838550,로제파스타
6836700,로제파스타
6767864,로제파스타
6720464,로제파스타
6613042,로제파스타
5165638,로제파스타
4556068,로제파스타
1928379,로제파스타
1759333,로제파스타
