6894402,삼겹살김밥
6886359,삼겹살김밥
6882675,삼겹살김밥
6833797,삼겹살김밥
6874609,삼겹살김밥
6890548,삼겹살김밥
6917838,삼겹살김밥
6907591,삼겹살김밥
6834027,삼겹살김밥
6832180,삼겹살김밥
6883875,삼겹살김밥
6881916,삼겹살김밥
6835563,삼겹살김밥
6831803,삼겹살김밥
2462585,삼겹살김밥
6836523,삼겹살김밥
6706014,삼겹살김밥
6956796,삼겹살김밥
6954669,삼겹살김밥
6951938,삼겹살김밥
6951937,삼겹살김밥
6951918,삼겹살김밥
6948818,삼겹살김밥
6945795,삼겹살김밥
6944078,삼겹살김밥
6938606,삼겹살김밥
6935953,삼겹살김밥
6934207,삼겹살김밥
6934001,삼겹살김밥
6933724,삼겹살김밥
6928746,삼겹살김밥
6927314,삼겹살김밥
6924666,삼겹살김밥
6917681,삼겹살김밥
6913836,삼겹살김밥
6911176,삼겹살김밥
6910272,삼겹살김밥
6910082,삼겹살김밥
6909699,삼겹살김밥
6908821,삼겹살김밥
6906910,삼겹살김밥
6906045,삼겹살김밥
6899759,삼겹살김밥
6897950,삼겹살김밥
6895361,삼겹살김밥
6893650,삼겹살김밥
6892691,삼겹살김밥
6883614,삼겹살김밥
6883060,삼겹살김밥
6882671,삼겹살김밥
6882328,삼겹살김밥
6882178,삼겹살김밥
6882059,삼겹살김밥
6881864,삼겹살김밥
6881858,삼겹살김밥
6881779,삼겹살김밥
6876957,삼겹살김밥
6851855,삼겹살김밥
6850107,삼겹살김밥
6847429,삼겹살김밥
6675540,삼겹살김밥
6622208,삼겹살김밥
1758412,삼겹살김밥
