6883022,새송이버섯전
6952965,새송이버섯전
6867408,새송이버섯전
6902805,새송이버섯전
6878248,새송이버섯전
2498345,새송이버섯전
6838343,새송이버섯전
6863862,새송이버섯전
6944512,새송이버섯전
6955139,새송이버섯전
6953793,새송이버섯전
6946890,새송이버섯전
6946485,새송이버섯전
6944124,새송이버섯전
6933427,새송이버섯전
6931179,새송이버섯전
6929761,새송이버섯전
6929289,새송이버섯전
6919416,새송이버섯전
6919003,새송이버섯전
6918542,새송이버섯전
6902501,새송이버섯전
6900997,새송이버섯전
6897852,새송이버섯전
6884131,새송이버섯전
6866775,새송이버섯전
6866621,새송이버섯전
6845030,새송이버섯전
6843778,새송이버섯전
6841767,새송이버섯전
6669624,새송이버섯전
4157784,새송이버섯전
3138537,새송이버섯전
2799663,새송이버섯전
2756675,새송이버섯전
1689875,새송이버섯전
719453,새송이버섯전
