6899340,새송이버섯조림
6950637,새송이버섯조림
6920849,새송이버섯조림
6919313,새송이버섯조림
6879873,새송이버섯조림
6834750,새송이버섯조림
6941276,새송이버섯조림
6847066,새송이버섯조림
6867611,새송이버섯조림
6690857,새송이버섯조림
6929617,새송이버섯조림
6874678,새송이버섯조림
6837424,새송이버섯조림
6884944,새송이버섯조림
6943723,새송이버섯조림
6914267,새송이버섯조림
6863429,새송이버섯조림
6953328,새송이버섯조림
6902882,새송이버섯조림
6929759,새송이버섯조림
6889348,새송이버섯조림
6844213,새송이버섯조림
6951820,새송이버섯조림
6884511,새송이버섯조림
6840312,새송이버섯조림
6862399,새송이버섯조림
6866110,새송이버섯조림
6846326,새송이버섯조림
6791365,새송이버섯조림
6910249,새송이버섯조림
6834181,새송이버섯조림
6831897,새송이버섯조림
6858435,새송이버섯조림
6712131,새송이버섯조림
3518628,새송이버섯조림
6831851,새송이버섯조림
6900630,새송이버섯조림
6922657,새송이버섯조림
5129375,새송이버섯조림
6845986,새송이버섯조림
991535,새송이버섯조림
6749418,새송이버섯조림
6871615,새송이버섯조림
348065,새송이버섯조림
6817002,새송이버섯조림
829881,새송이버섯조림
6956357,새송이버섯조림
6954675,새송이버섯조림
6952807,새송이버섯조림
6951529,새송이버섯조림
6951450,새송이버섯조림
6950640,새송이버섯조림
6948768,새송이버섯조림
6948553,새송이버섯조림
6947353,새송이버섯조림
6943756,새송이버섯조림
6941717,새송이버섯조림
6938072,새송이버섯조림
6935086,새송이버섯조림
6931594,새송이버섯조림
6929527,새송이버섯조림
6926741,새송이버섯조림
6926720,새송이버섯조림
6916389,새송이버섯조림
6906720,새송이버섯조림
6900495,새송이버섯조림
6900465,새송이버섯조림
6899179,새송이버섯조림
6897212,새송이버섯조림
6894526,새송이버섯조림
6886889,새송이버섯조림
6885424,새송이버섯조림
6880884,새송이버섯조림
6874996,새송이버섯조림
6872299,새송이버섯조림
6870126,새송이버섯조림
6866990,새송이버섯조림
6863710,새송이버섯조림
6848038,새송이버섯조림
6843907,새송이버섯조림
6842337,새송이버섯조림
6516269,새송이버섯조림
6073702,새송이버섯조림
5938173,새송이버섯조림
5823551,새송이버섯조림
2429804,새송이버섯조림
1860259,새송이버섯조림
1779534,새송이버섯조림
1596018,새송이버섯조림
1587163,새송이버섯조림
1236398,새송이버섯조림
