6846157,새우샐러드
6948307,새우샐러드
1516041,새우샐러드
6857908,새우샐러드
6930413,새우샐러드
6856263,새우샐러드
6954278,새우샐러드
6890698,새우샐러드
6907392,새우샐러드
5384235,새우샐러드
6948494,새우샐러드
6945929,새우샐러드
6943035,새우샐러드
6941404,새우샐러드
6938680,새우샐러드
6933337,새우샐러드
6929418,새우샐러드
6929064,새우샐러드
6919730,새우샐러드
6907110,새우샐러드
6906813,새우샐러드
6906783,새우샐러드
6900581,새우샐러드
6899888,새우샐러드
6899617,새우샐러드
6895335,새우샐러드
6890665,새우샐러드
6884828,새우샐러드
6878058,새우샐러드
6872027,새우샐러드
6871536,새우샐러드
6860033,새우샐러드
6857677,새우샐러드
6855791,새우샐러드
6850788,새우샐러드
6848999,새우샐러드
6848561,새우샐러드
6847253,새우샐러드
6846058,새우샐러드
6831913,새우샐러드
6697132,새우샐러드
6031742,새우샐러드
5669308,새우샐러드
5410913,새우샐러드
4621120,새우샐러드
4072582,새우샐러드
2984376,새우샐러드
2783108,새우샐러드
2358206,새우샐러드
2340145,새우샐러드
1954311,새우샐러드
1769930,새우샐러드
1747079,새우샐러드
1732734,새우샐러드
1662956,새우샐러드
1444114,새우샐러드
812115,새우샐러드
417306,새우샐러드
166268,새우샐러드
