6892339,삼겹살볶음
6885922,삼겹살볶음
6866466,삼겹살볶음
6921560,삼겹살볶음
6939808,삼겹살볶음
6884486,삼겹살볶음
6936517,삼겹살볶음
6839063,삼겹살볶음
6906014,삼겹살볶음
6928087,삼겹살볶음
6891882,삼겹살볶음
6956019,삼겹살볶음
6851887,삼겹살볶음
6862544,삼겹살볶음
6882923,삼겹살볶음
6846695,삼겹살볶음
6894834,삼겹살볶음
6952884,삼겹살볶음
6927183,삼겹살볶음
6952333,삼겹살볶음
6883704,삼겹살볶음
6912603,삼겹살볶음
6838079,삼겹살볶음
6957431,삼겹살볶음
6912601,삼겹살볶음
6889802,삼겹살볶음
6886795,삼겹살볶음
6927261,삼겹살볶음
6875076,삼겹살볶음
6930551,삼겹살볶음
6921072,삼겹살볶음
6912295,삼겹살볶음
6925083,삼겹살볶음
6955177,삼겹살볶음
6921346,삼겹살볶음
6933988,삼겹살볶음
6938479,삼겹살볶음
6874131,삼겹살볶음
6919048,삼겹살볶음
6878238,삼겹살볶음
6947565,삼겹살볶음
6948766,삼겹살볶음
6870975,삼겹살볶음
6902495,삼겹살볶음
6926357,삼겹살볶음
6946345,삼겹살볶음
6838863,삼겹살볶음
6926022,삼겹살볶음
6881479,삼겹살볶음
6914782,삼겹살볶음
6887220,삼겹살볶음
6879924,삼겹살볶음
6928644,삼겹살볶음
6852494,삼겹살볶음
6836969,삼겹살볶음
6927678,삼겹살볶음
6895539,삼겹살볶음
6872549,삼겹살볶음
6818261,삼겹살볶음
6870776,삼겹살볶음
6882004,삼겹살볶음
6948717,삼겹살볶음
6856951,삼겹살볶음
6857619,삼겹살볶음
6893906,삼겹살볶음
6834792,삼겹살볶음
6905959,삼겹살볶음
6883831,삼겹살볶음
6920562,삼겹살볶음
6837204,삼겹살볶음
6919104,삼겹살볶음
6857617,삼겹살볶음
6867967,삼겹살볶음
6874961,삼겹살볶음
6949661,삼겹살볶음
6890493,삼겹살볶음
6946086,삼겹살볶음
6908691,삼겹살볶음
6851440,삼겹살볶음
6911762,삼겹살볶음
6890058,삼겹살볶음
6900363,삼겹살볶음
6928655,삼겹살볶음
6902989,삼겹살볶음
6858671,삼겹살볶음
6838078,삼겹살볶음
6910702,삼겹살볶음
6887706,삼겹살볶음
6909778,삼겹살볶음
6885294,삼겹살볶음
6859776,삼겹살볶음
6856914,삼겹살볶음
6879202,삼겹살볶음
6853405,삼겹살볶음
6942540,삼겹살볶음
6878833,삼겹살볶음
6936072,삼겹살볶음
6906683,삼겹살볶음
6835747,삼겹살볶음
6888411,삼겹살볶음
6885682,삼겹살볶음
6833785,삼겹살볶음
1025981,삼겹살볶음
6927405,삼겹살볶음
6903134,삼겹살볶음
6919878,삼겹살볶음
6877542,삼겹살볶음
6837141,삼겹살볶음
6918252,삼겹살볶음
6880831,삼겹살볶음
6907648,삼겹살볶음
6900265,삼겹살볶음
6866511,삼겹살볶음
6891727,삼겹살볶음
6888397,삼겹살볶음
6865523,삼겹살볶음
6866981,삼겹살볶음
6899798,삼겹살볶음
6919697,삼겹살볶음
6932270,삼겹살볶음
6875744,삼겹살볶음
6847085,삼겹살볶음
6928474,삼겹살볶음
6851416,삼겹살볶음
6904176,삼겹살볶음
6911306,삼겹살볶음
6821145,삼겹살볶음
6896181,삼겹살볶음
6892839,삼겹살볶음
6868876,삼겹살볶음
6867853,삼겹살볶음
6923829,삼겹살볶음
6856732,삼겹살볶음
4628867,삼겹살볶음
6860841,삼겹살볶음
6924080,삼겹살볶음
6927458,삼겹살볶음
6852219,삼겹살볶음
6841480,삼겹살볶음
6834703,삼겹살볶음
6906650,삼겹살볶음
6852015,삼겹살볶음
6866773,삼겹살볶음
6900773,삼겹살볶음
6880401,삼겹살볶음
6943396,삼겹살볶음
6907923,삼겹살볶음
6851439,삼겹살볶음
6917484,삼겹살볶음
6869179,삼겹살볶음
2543472,삼겹살볶음
6645002,삼겹살볶음
2603880,삼겹살볶음
2675381,삼겹살볶음
6876918,삼겹살볶음
6882800,삼겹살볶음
1786862,삼겹살볶음
6904753,삼겹살볶음
6889431,삼겹살볶음
6867371,삼겹살볶음
651832,삼겹살볶음
997206,삼겹살볶음
6865622,삼겹살볶음
6922321,삼겹살볶음
6957686,삼겹살볶음
6957654,삼겹살볶음
6957584,삼겹살볶음
6957118,삼겹살볶음
6957058,삼겹살볶음
6956759,삼겹살볶음
6956521,삼겹살볶음
6955446,삼겹살볶음
6955097,삼겹살볶음
6954920,삼겹살볶음
6954583,삼겹살볶음
6953979,삼겹살볶음
6953371,삼겹살볶음
6952851,삼겹살볶음
6952180,삼겹살볶음
6951487,삼겹살볶음
6949250,삼겹살볶음
6948214,삼겹살볶음
6947683,삼겹살볶음
6947680,삼겹살볶음
6947537,삼겹살볶음
6945203,삼겹살볶음
6944968,삼겹살볶음
6942656,삼겹살볶음
6942354,삼겹살볶음
6942105,삼겹살볶음
6941799,삼겹살볶음
6940789,삼겹살볶음
6939157,삼겹살볶음
6938986,삼겹살볶음
6938978,삼겹살볶음
6938936,삼겹살볶음
6938893,삼겹살볶음
6937989,삼겹살볶음
6937370,삼겹살볶음
6937039,삼겹살볶음
6936933,삼겹살볶음
6936875,삼겹살볶음
6935688,삼겹살볶음
6935567,삼겹살볶음
6934960,삼겹살볶음
6933658,삼겹살볶음
6933249,삼겹살볶음
6932689,삼겹살볶음
6932206,삼겹살볶음
6930825,삼겹살볶음
6930695,삼겹살볶음
6930471,삼겹살볶음
6929893,삼겹살볶음
6929602,삼겹살볶음
6929558,삼겹살볶음
6928747,삼겹살볶음
6928050,삼겹살볶음
6927967,삼겹살볶음
6927934,삼겹살볶음
6927841,삼겹살볶음
6927479,삼겹살볶음
6927463,삼겹살볶음
6927408,삼겹살볶음
6926222,삼겹살볶음
6925141,삼겹살볶음
6924862,삼겹살볶음
6924737,삼겹살볶음
6921662,삼겹살볶음
6921557,삼겹살볶음
6921410,삼겹살볶음
6921254,삼겹살볶음
6919127,삼겹살볶음
6918289,삼겹살볶음
6917577,삼겹살볶음
6917229,삼겹살볶음
6916490,삼겹살볶음
6915913,삼겹살볶음
6915620,삼겹살볶음
6914113,삼겹살볶음
6912984,삼겹살볶음
6912886,삼겹살볶음
6912156,삼겹살볶음
6911407,삼겹살볶음
6911203,삼겹살볶음
6909236,삼겹살볶음
6908510,삼겹살볶음
6908456,삼겹살볶음
6908191,삼겹살볶음
6908027,삼겹살볶음
6907993,삼겹살볶음
6907975,삼겹살볶음
6907613,삼겹살볶음
6907264,삼겹살볶음
6907102,삼겹살볶음
6907025,삼겹살볶음
6906522,삼겹살볶음
6906280,삼겹살볶음
6906176,삼겹살볶음
6906039,삼겹살볶음
6904577,삼겹살볶음
6903624,삼겹살볶음
6902269,삼겹살볶음
6900001,삼겹살볶음
6896905,삼겹살볶음
6896169,삼겹살볶음
6895062,삼겹살볶음
6894345,삼겹살볶음
6890112,삼겹살볶음
6888783,삼겹살볶음
6886546,삼겹살볶음
6886224,삼겹살볶음
6884834,삼겹살볶음
6884616,삼겹살볶음
6884604,삼겹살볶음
6883178,삼겹살볶음
6882627,삼겹살볶음
6881689,삼겹살볶음
6881552,삼겹살볶음
6880947,삼겹살볶음
6880588,삼겹살볶음
6877748,삼겹살볶음
6877528,삼겹살볶음
6873780,삼겹살볶음
6871654,삼겹살볶음
6871560,삼겹살볶음
6871534,삼겹살볶음
6870116,삼겹살볶음
6868799,삼겹살볶음
6868792,삼겹살볶음
6867019,삼겹살볶음
6863004,삼겹살볶음
6862640,삼겹살볶음
6861751,삼겹살볶음
6860612,삼겹살볶음
6860555,삼겹살볶음
6859032,삼겹살볶음
6858447,삼겹살볶음
6857733,삼겹살볶음
6856448,삼겹살볶음
6852736,삼겹살볶음
6852704,삼겹살볶음
6851727,삼겹살볶음
6851525,삼겹살볶음
6849414,삼겹살볶음
6847578,삼겹살볶음
6847231,삼겹살볶음
6843137,삼겹살볶음
6842919,삼겹살볶음
6837641,삼겹살볶음
6837615,삼겹살볶음
6837210,삼겹살볶음
6833023,삼겹살볶음
6723317,삼겹살볶음
6378592,삼겹살볶음
6281974,삼겹살볶음
5421798,삼겹살볶음
4995665,삼겹살볶음
4518132,삼겹살볶음
3462782,삼겹살볶음
2777076,삼겹살볶음
2632251,삼겹살볶음
2304761,삼겹살볶음
1860135,삼겹살볶음
1804387,삼겹살볶음
1785458,삼겹살볶음
1785450,삼겹살볶음
1593767,삼겹살볶음
1414505,삼겹살볶음
615318,삼겹살볶음
