6926408,삼겹살수육
6885731,삼겹살수육
4241740,삼겹살수육
6927468,삼겹살수육
6892716,삼겹살수육
6942050,삼겹살수육
2600490,삼겹살수육
6870232,삼겹살수육
6901332,삼겹살수육
6903379,삼겹살수육
6903206,삼겹살수육
6887540,삼겹살수육
6863344,삼겹살수육
6929742,삼겹살수육
6862542,삼겹살수육
6865249,삼겹살수육
6870433,삼겹살수육
6869529,삼겹살수육
6912893,삼겹살수육
6860262,삼겹살수육
6901568,삼겹살수육
6894267,삼겹살수육
6874419,삼겹살수육
6936379,삼겹살수육
6869158,삼겹살수육
3432642,삼겹살수육
354262,삼겹살수육
6861428,삼겹살수육
6955394,삼겹살수육
6952406,삼겹살수육
6951447,삼겹살수육
6948607,삼겹살수육
6936279,삼겹살수육
6929751,삼겹살수육
6927579,삼겹살수육
6927547,삼겹살수육
6927403,삼겹살수육
6925249,삼겹살수육
6924927,삼겹살수육
6922793,삼겹살수육
6922672,삼겹살수육
6916014,삼겹살수육
6913895,삼겹살수육
6912571,삼겹살수육
6909471,삼겹살수육
6908360,삼겹살수육
6901161,삼겹살수육
6893742,삼겹살수육
6892707,삼겹살수육
6885171,삼겹살수육
6882330,삼겹살수육
6880929,삼겹살수육
6879963,삼겹살수육
6866074,삼겹살수육
6834170,삼겹살수육
6710102,삼겹살수육
5967060,삼겹살수육
2523496,삼겹살수육
