6956155,새우볶음밥
6878001,새우볶음밥
6891445,새우볶음밥
6896028,새우볶음밥
6929581,새우볶음밥
6845019,새우볶음밥
6874928,새우볶음밥
6915661,새우볶음밥
6875404,새우볶음밥
6943784,새우볶음밥
6865859,새우볶음밥
6885267,새우볶음밥
6934273,새우볶음밥
6906499,새우볶음밥
6925286,새우볶음밥
6932204,새우볶음밥
6904297,새우볶음밥
6931229,새우볶음밥
6898651,새우볶음밥
6891793,새우볶음밥
6946648,새우볶음밥
6907501,새우볶음밥
6900638,새우볶음밥
6869703,새우볶음밥
6851265,새우볶음밥
6903792,새우볶음밥
6881181,새우볶음밥
6836307,새우볶음밥
6871514,새우볶음밥
6836253,새우볶음밥
6903181,새우볶음밥
6886587,새우볶음밥
223583,새우볶음밥
6854257,새우볶음밥
6829971,새우볶음밥
6912075,새우볶음밥
6944039,새우볶음밥
6936415,새우볶음밥
6888646,새우볶음밥
6875772,새우볶음밥
6954188,새우볶음밥
6805634,새우볶음밥
6937935,새우볶음밥
6842500,새우볶음밥
6523056,새우볶음밥
6830743,새우볶음밥
6919446,새우볶음밥
6837163,새우볶음밥
6919969,새우볶음밥
6922614,새우볶음밥
6917357,새우볶음밥
6912385,새우볶음밥
6855513,새우볶음밥
6882161,새우볶음밥
6895374,새우볶음밥
6890704,새우볶음밥
6836358,새우볶음밥
1797504,새우볶음밥
6840724,새우볶음밥
6877580,새우볶음밥
6898714,새우볶음밥
6875668,새우볶음밥
6891925,새우볶음밥
6906164,새우볶음밥
6857311,새우볶음밥
6803635,새우볶음밥
6911965,새우볶음밥
6838738,새우볶음밥
6923323,새우볶음밥
6886260,새우볶음밥
5213287,새우볶음밥
6909670,새우볶음밥
1894009,새우볶음밥
6844298,새우볶음밥
2358195,새우볶음밥
6841871,새우볶음밥
6868102,새우볶음밥
6239300,새우볶음밥
854263,새우볶음밥
6864696,새우볶음밥
1071680,새우볶음밥
6141575,새우볶음밥
1423893,새우볶음밥
6867140,새우볶음밥
6865248,새우볶음밥
6957548,새우볶음밥
6956410,새우볶음밥
6956375,새우볶음밥
6955833,새우볶음밥
6955077,새우볶음밥
6954470,새우볶음밥
6953721,새우볶음밥
6953690,새우볶음밥
6953666,새우볶음밥
6953384,새우볶음밥
6953090,새우볶음밥
6952799,새우볶음밥
6952681,새우볶음밥
6952227,새우볶음밥
6951881,새우볶음밥
6950064,새우볶음밥
6949559,새우볶음밥
6949357,새우볶음밥
6949260,새우볶음밥
6947561,새우볶음밥
6946817,새우볶음밥
6946675,새우볶음밥
6945647,새우볶음밥
6945196,새우볶음밥
6944863,새우볶음밥
6944610,새우볶음밥
6943952,새우볶음밥
6943289,새우볶음밥
6941853,새우볶음밥
6941274,새우볶음밥
6941155,새우볶음밥
6940603,새우볶음밥
6939913,새우볶음밥
6939470,새우볶음밥
6938982,새우볶음밥
6938631,새우볶음밥
6937761,새우볶음밥
6937514,새우볶음밥
6937164,새우볶음밥
6936518,새우볶음밥
6936077,새우볶음밥
6935816,새우볶음밥
6935107,새우볶음밥
6934798,새우볶음밥
6933633,새우볶음밥
6933585,새우볶음밥
6931682,새우볶음밥
6930287,새우볶음밥
6928857,새우볶음밥
6927277,새우볶음밥
6925755,새우볶음밥
6923666,새우볶음밥
6923594,새우볶음밥
6923003,새우볶음밥
6921748,새우볶음밥
6919950,새우볶음밥
6918073,새우볶음밥
6917163,새우볶음밥
6915451,새우볶음밥
6914499,새우볶음밥
6913030,새우볶음밥
6913024,새우볶음밥
6913018,새우볶음밥
6912987,새우볶음밥
6911816,새우볶음밥
6904718,새우볶음밥
6901897,새우볶음밥
6900938,새우볶음밥
6899572,새우볶음밥
6899109,새우볶음밥
6898820,새우볶음밥
6898215,새우볶음밥
6896339,새우볶음밥
6894825,새우볶음밥
6894221,새우볶음밥
6892980,새우볶음밥
6891808,새우볶음밥
6890706,새우볶음밥
6890694,새우볶음밥
6889564,새우볶음밥
6889040,새우볶음밥
6888770,새우볶음밥
6888607,새우볶음밥
6888482,새우볶음밥
6888481,새우볶음밥
6888063,새우볶음밥
6886040,새우볶음밥
6885762,새우볶음밥
6885713,새우볶음밥
6884828,새우볶음밥
6884611,새우볶음밥
6883866,새우볶음밥
6883188,새우볶음밥
6882730,새우볶음밥
6882510,새우볶음밥
6882243,새우볶음밥
6880254,새우볶음밥
6878916,새우볶음밥
6878445,새우볶음밥
6876420,새우볶음밥
6875827,새우볶음밥
6872446,새우볶음밥
6871337,새우볶음밥
6870687,새우볶음밥
6870197,새우볶음밥
6869176,새우볶음밥
6867416,새우볶음밥
6866239,새우볶음밥
6863996,새우볶음밥
6863763,새우볶음밥
6863134,새우볶음밥
6860749,새우볶음밥
6857914,새우볶음밥
6857139,새우볶음밥
6856908,새우볶음밥
6852307,새우볶음밥
6849752,새우볶음밥
6848863,새우볶음밥
6848182,새우볶음밥
6848113,새우볶음밥
6845204,새우볶음밥
6843436,새우볶음밥
6840911,새우볶음밥
6838725,새우볶음밥
6837878,새우볶음밥
6834398,새우볶음밥
6834048,새우볶음밥
6832297,새우볶음밥
6831045,새우볶음밥
6830761,새우볶음밥
6829665,새우볶음밥
6798644,새우볶음밥
6779736,새우볶음밥
6727796,새우볶음밥
6720480,새우볶음밥
6718427,새우볶음밥
6712042,새우볶음밥
6691580,새우볶음밥
6631504,새우볶음밥
6320945,새우볶음밥
6090363,새우볶음밥
5761664,새우볶음밥
5412535,새우볶음밥
5164361,새우볶음밥
4859062,새우볶음밥
4858590,새우볶음밥
3852449,새우볶음밥
3273365,새우볶음밥
2514056,새우볶음밥
2015419,새우볶음밥
1984214,새우볶음밥
1929804,새우볶음밥
1910200,새우볶음밥
1863944,새우볶음밥
1854959,새우볶음밥
1850813,새우볶음밥
1836940,새우볶음밥
1782500,새우볶음밥
1768692,새우볶음밥
1667104,새우볶음밥
1654983,새우볶음밥
1540012,새우볶음밥
1515493,새우볶음밥
1464426,새우볶음밥
1221859,새우볶음밥
1051113,새우볶음밥
837435,새우볶음밥
837373,새우볶음밥
730764,새우볶음밥
645105,새우볶음밥
593560,새우볶음밥
388263,새우볶음밥
103052,새우볶음밥
