6912602,새송이버섯볶음
6952131,새송이버섯볶음
6871652,새송이버섯볶음
6888225,새송이버섯볶음
6936393,새송이버섯볶음
6871103,새송이버섯볶음
6894771,새송이버섯볶음
5104283,새송이버섯볶음
6864374,새송이버섯볶음
6326713,새송이버섯볶음
6897202,새송이버섯볶음
6917099,새송이버섯볶음
6948273,새송이버섯볶음
6920299,새송이버섯볶음
6876776,새송이버섯볶음
6868450,새송이버섯볶음
5713949,새송이버섯볶음
6063773,새송이버섯볶음
6942108,새송이버섯볶음
4276670,새송이버섯볶음
6940806,새송이버섯볶음
6949590,새송이버섯볶음
6905336,새송이버섯볶음
6914267,새송이버섯볶음
6918853,새송이버섯볶음
6844861,새송이버섯볶음
6928257,새송이버섯볶음
6890772,새송이버섯볶음
4550714,새송이버섯볶음
6897174,새송이버섯볶음
6922205,새송이버섯볶음
6900352,새송이버섯볶음
6954510,새송이버섯볶음
6864225,새송이버섯볶음
6894446,새송이버섯볶음
6901534,새송이버섯볶음
6940521,새송이버섯볶음
6650947,새송이버섯볶음
6872947,새송이버섯볶음
6939657,새송이버섯볶음
6897310,새송이버섯볶음
6909704,새송이버섯볶음
6854898,새송이버섯볶음
6265511,새송이버섯볶음
6858157,새송이버섯볶음
6905189,새송이버섯볶음
6835784,새송이버섯볶음
6861505,새송이버섯볶음
6895835,새송이버섯볶음
6834430,새송이버섯볶음
6877073,새송이버섯볶음
6925771,새송이버섯볶음
5365447,새송이버섯볶음
6753901,새송이버섯볶음
6844920,새송이버섯볶음
6504188,새송이버섯볶음
6863441,새송이버섯볶음
6862991,새송이버섯볶음
1670940,새송이버섯볶음
6671073,새송이버섯볶음
6903644,새송이버섯볶음
5016308,새송이버섯볶음
3924462,새송이버섯볶음
1703012,새송이버섯볶음
6887684,새송이버섯볶음
6838752,새송이버섯볶음
6869146,새송이버섯볶음
6858143,새송이버섯볶음
6863857,새송이버섯볶음
1097108,새송이버섯볶음
6851286,새송이버섯볶음
3274330,새송이버섯볶음
6663643,새송이버섯볶음
6879687,새송이버섯볶음
6839289,새송이버섯볶음
6864213,새송이버섯볶음
6701384,새송이버섯볶음
6881731,새송이버섯볶음
6903612,새송이버섯볶음
6858543,새송이버섯볶음
6865525,새송이버섯볶음
1180766,새송이버섯볶음
6954368,새송이버섯볶음
6953427,새송이버섯볶음
6952810,새송이버섯볶음
6951172,새송이버섯볶음
6948575,새송이버섯볶음
6948549,새송이버섯볶음
6947927,새송이버섯볶음
6947914,새송이버섯볶음
6947801,새송이버섯볶음
6946344,새송이버섯볶음
6946109,새송이버섯볶음
6945596,새송이버섯볶음
6945048,새송이버섯볶음
6944526,새송이버섯볶음
6941960,새송이버섯볶음
6941875,새송이버섯볶음
6941701,새송이버섯볶음
6939910,새송이버섯볶음
6939282,새송이버섯볶음
6938190,새송이버섯볶음
6938132,새송이버섯볶음
6937207,새송이버섯볶음
6932671,새송이버섯볶음
6930609,새송이버섯볶음
6929756,새송이버섯볶음
6923268,새송이버섯볶음
6921059,새송이버섯볶음
6920457,새송이버섯볶음
6917859,새송이버섯볶음
6916277,새송이버섯볶음
6912436,새송이버섯볶음
6912247,새송이버섯볶음
6909831,새송이버섯볶음
6909315,새송이버섯볶음
6908841,새송이버섯볶음
6908248,새송이버섯볶음
6907496,새송이버섯볶음
6905032,새송이버섯볶음
6900190,새송이버섯볶음
6898389,새송이버섯볶음
6895862,새송이버섯볶음
6895574,새송이버섯볶음
6895299,새송이버섯볶음
6889344,새송이버섯볶음
6887376,새송이버섯볶음
6885628,새송이버섯볶음
6883393,새송이버섯볶음
6881377,새송이버섯볶음
6879540,새송이버섯볶음
6874015,새송이버섯볶음
6870569,새송이버섯볶음
6870498,새송이버섯볶음
6863823,새송이버섯볶음
6854262,새송이버섯볶음
6849478,새송이버섯볶음
6847653,새송이버섯볶음
6846438,새송이버섯볶음
6838163,새송이버섯볶음
6834759,새송이버섯볶음
6831138,새송이버섯볶음
6830428,새송이버섯볶음
6829216,새송이버섯볶음
6693988,새송이버섯볶음
6073702,새송이버섯볶음
6009146,새송이버섯볶음
5350265,새송이버섯볶음
4169118,새송이버섯볶음
4045014,새송이버섯볶음
3098659,새송이버섯볶음
1962646,새송이버섯볶음
1957286,새송이버섯볶음
1876420,새송이버섯볶음
1800097,새송이버섯볶음
1613349,새송이버섯볶음
1405421,새송이버섯볶음
828179,새송이버섯볶음
