6926408,수육삶는법
6879271,수육삶는법
6883940,수육삶는법
6903206,수육삶는법
6942406,수육삶는법
6862093,수육삶는법
6873029,수육삶는법
6947221,수육삶는법
6873698,수육삶는법
6932114,수육삶는법
6900747,수육삶는법
6862353,수육삶는법
6900924,수육삶는법
6892797,수육삶는법
6881403,수육삶는법
6908322,수육삶는법
6851989,수육삶는법
6916720,수육삶는법
6848020,수육삶는법
6940852,수육삶는법
6865320,수육삶는법
6643166,수육삶는법
6511016,수육삶는법
6854663,수육삶는법
6890758,수육삶는법
6841674,수육삶는법
6701666,수육삶는법
6902700,수육삶는법
6915139,수육삶는법
6879982,수육삶는법
6869362,수육삶는법
6946105,수육삶는법
6906412,수육삶는법
6882509,수육삶는법
6839455,수육삶는법
6840789,수육삶는법
6955111,수육삶는법
6948754,수육삶는법
6948607,수육삶는법
6948106,수육삶는법
6946145,수육삶는법
6942788,수육삶는법
6932166,수육삶는법
6924574,수육삶는법
6922937,수육삶는법
6918155,수육삶는법
6913496,수육삶는법
6904897,수육삶는법
6901161,수육삶는법
6900804,수육삶는법
6900706,수육삶는법
6897699,수육삶는법
6894602,수육삶는법
6891577,수육삶는법
6885479,수육삶는법
6862377,수육삶는법
6858173,수육삶는법
6840409,수육삶는법
6838748,수육삶는법
6833557,수육삶는법
6833335,수육삶는법
6742593,수육삶는법
6718281,수육삶는법
6622155,수육삶는법
6401276,수육삶는법
4361779,수육삶는법
4357284,수육삶는법
