6951208,소고기김밥
6889721,소고기김밥
6870035,소고기김밥
5772294,소고기김밥
6846370,소고기김밥
1157578,소고기김밥
373365,소고기김밥
6954575,소고기김밥
6952002,소고기김밥
6941424,소고기김밥
6941092,소고기김밥
6938010,소고기김밥
6936340,소고기김밥
6936321,소고기김밥
6922359,소고기김밥
6920922,소고기김밥
6906198,소고기김밥
6890292,소고기김밥
6889237,소고기김밥
6863688,소고기김밥
6847435,소고기김밥
6846291,소고기김밥
6836176,소고기김밥
6831804,소고기김밥
6831132,소고기김밥
6829686,소고기김밥
6784071,소고기김밥
6767336,소고기김밥
6473543,소고기김밥
5398809,소고기김밥
4754986,소고기김밥
4616907,소고기김밥
1876120,소고기김밥
1794691,소고기김밥
1150508,소고기김밥
