6880048,숙주나물무침
6902060,숙주나물무침
6956216,숙주나물무침
6919736,숙주나물무침
6920039,숙주나물무침
6954640,숙주나물무침
6892769,숙주나물무침
6950575,숙주나물무침
6933311,숙주나물무침
6658503,숙주나물무침
6831032,숙주나물무침
6919594,숙주나물무침
6911948,숙주나물무침
6905904,숙주나물무침
6845873,숙주나물무침
6946130,숙주나물무침
6840443,숙주나물무침
6903573,숙주나물무침
6886908,숙주나물무침
6871677,숙주나물무침
6877873,숙주나물무침
6847338,숙주나물무침
6938541,숙주나물무침
6883740,숙주나물무침
6925059,숙주나물무침
6872620,숙주나물무침
6920424,숙주나물무침
6895295,숙주나물무침
6834118,숙주나물무침
6870814,숙주나물무침
6831754,숙주나물무침
6869617,숙주나물무침
6931395,숙주나물무침
6844036,숙주나물무침
6843967,숙주나물무침
6834679,숙주나물무침
6855203,숙주나물무침
6865356,숙주나물무침
6835975,숙주나물무침
6858478,숙주나물무침
6600641,숙주나물무침
6839221,숙주나물무침
6879729,숙주나물무침
6945947,숙주나물무침
6345925,숙주나물무침
6955068,숙주나물무침
6954401,숙주나물무침
6953284,숙주나물무침
6952758,숙주나물무침
6952233,숙주나물무침
6947324,숙주나물무침
6946672,숙주나물무침
6945853,숙주나물무침
6944568,숙주나물무침
6944125,숙주나물무침
6942575,숙주나물무침
6942527,숙주나물무침
6942269,숙주나물무침
6939507,숙주나물무침
6939020,숙주나물무침
6938410,숙주나물무침
6937132,숙주나물무침
6933660,숙주나물무침
6933177,숙주나물무침
6931162,숙주나물무침
6925833,숙주나물무침
6925485,숙주나물무침
6922412,숙주나물무침
6919128,숙주나물무침
6919076,숙주나물무침
6919004,숙주나물무침
6917722,숙주나물무침
6913941,숙주나물무침
6913306,숙주나물무침
6912723,숙주나물무침
6900150,숙주나물무침
6896994,숙주나물무침
6896828,숙주나물무침
6894364,숙주나물무침
6893618,숙주나물무침
6886489,숙주나물무침
6885275,숙주나물무침
6883319,숙주나물무침
6876335,숙주나물무침
6873615,숙주나물무침
6871043,숙주나물무침
6869991,숙주나물무침
6869091,숙주나물무침
6862233,숙주나물무침
6852267,숙주나물무침
6843522,숙주나물무침
6843010,숙주나물무침
6835430,숙주나물무침
6831843,숙주나물무침
6807471,숙주나물무침
4865911,숙주나물무침
