6854979,소고기볶음
6947579,소고기볶음
6894649,소고기볶음
6899457,소고기볶음
6891424,소고기볶음
6887398,소고기볶음
6838094,소고기볶음
6833523,소고기볶음
6929054,소고기볶음
6903513,소고기볶음
6934243,소고기볶음
6911919,소고기볶음
6937434,소고기볶음
6951917,소고기볶음
6882835,소고기볶음
6912103,소고기볶음
6923204,소고기볶음
6895935,소고기볶음
6932956,소고기볶음
6871038,소고기볶음
6842134,소고기볶음
6904624,소고기볶음
6840529,소고기볶음
6954562,소고기볶음
6854825,소고기볶음
6886419,소고기볶음
6950966,소고기볶음
6909263,소고기볶음
6830816,소고기볶음
6934910,소고기볶음
6907773,소고기볶음
6830834,소고기볶음
6856915,소고기볶음
6941783,소고기볶음
6862430,소고기볶음
6895220,소고기볶음
5878984,소고기볶음
6894477,소고기볶음
6919452,소고기볶음
6875071,소고기볶음
6924254,소고기볶음
6934019,소고기볶음
6835182,소고기볶음
6891886,소고기볶음
6888007,소고기볶음
6858459,소고기볶음
6864259,소고기볶음
6955688,소고기볶음
6899050,소고기볶음
6842164,소고기볶음
6914303,소고기볶음
6920665,소고기볶음
6911433,소고기볶음
6832501,소고기볶음
6913719,소고기볶음
6917845,소고기볶음
6893868,소고기볶음
6835976,소고기볶음
6879822,소고기볶음
6933596,소고기볶음
6916675,소고기볶음
6933050,소고기볶음
6884270,소고기볶음
6908014,소고기볶음
6944060,소고기볶음
6879462,소고기볶음
6921423,소고기볶음
6875029,소고기볶음
6833840,소고기볶음
6897531,소고기볶음
6934030,소고기볶음
6869230,소고기볶음
4256490,소고기볶음
6839788,소고기볶음
1654815,소고기볶음
4023267,소고기볶음
6884705,소고기볶음
6946493,소고기볶음
6869443,소고기볶음
6853373,소고기볶음
6702170,소고기볶음
6937194,소고기볶음
6882262,소고기볶음
6886857,소고기볶음
6833636,소고기볶음
6870035,소고기볶음
6869139,소고기볶음
6889124,소고기볶음
4790224,소고기볶음
1543380,소고기볶음
6854207,소고기볶음
6864017,소고기볶음
6838839,소고기볶음
6858079,소고기볶음
6545485,소고기볶음
6853962,소고기볶음
6831454,소고기볶음
6888856,소고기볶음
6842335,소고기볶음
6856370,소고기볶음
6935819,소고기볶음
6845481,소고기볶음
6847015,소고기볶음
1240533,소고기볶음
6832658,소고기볶음
6869174,소고기볶음
4614020,소고기볶음
6841771,소고기볶음
6600053,소고기볶음
596978,소고기볶음
6853877,소고기볶음
6633537,소고기볶음
6932075,소고기볶음
6693477,소고기볶음
2814104,소고기볶음
6846654,소고기볶음
6880288,소고기볶음
6840143,소고기볶음
6583246,소고기볶음
384419,소고기볶음
6834032,소고기볶음
980734,소고기볶음
1577992,소고기볶음
6957585,소고기볶음
6957569,소고기볶음
6957554,소고기볶음
6957444,소고기볶음
6956891,소고기볶음
6956723,소고기볶음
6956678,소고기볶음
6956538,소고기볶음
6956421,소고기볶음
6956254,소고기볶음
6955219,소고기볶음
6954395,소고기볶음
6954297,소고기볶음
6953688,소고기볶음
6953503,소고기볶음
6953147,소고기볶음
6951350,소고기볶음
6951230,소고기볶음
6951068,소고기볶음
6951006,소고기볶음
6950999,소고기볶음
6950695,소고기볶음
6949393,소고기볶음
6949374,소고기볶음
6949248,소고기볶음
6949197,소고기볶음
6948525,소고기볶음
6948349,소고기볶음
6948058,소고기볶음
6947927,소고기볶음
6947459,소고기볶음
6947380,소고기볶음
6945366,소고기볶음
6945140,소고기볶음
6944869,소고기볶음
6944853,소고기볶음
6943820,소고기볶음
6943635,소고기볶음
6943205,소고기볶음
6942800,소고기볶음
6942101,소고기볶음
6941869,소고기볶음
6941547,소고기볶음
6941424,소고기볶음
6941293,소고기볶음
6941289,소고기볶음
6940467,소고기볶음
6939976,소고기볶음
6939873,소고기볶음
6939805,소고기볶음
6938611,소고기볶음
6938269,소고기볶음
6938179,소고기볶음
6938010,소고기볶음
6937844,소고기볶음
6937341,소고기볶음
6937208,소고기볶음
6936997,소고기볶음
6936906,소고기볶음
6936526,소고기볶음
6936498,소고기볶음
6936363,소고기볶음
6935869,소고기볶음
6935531,소고기볶음
6935482,소고기볶음
6935371,소고기볶음
6935279,소고기볶음
6935037,소고기볶음
6935023,소고기볶음
6934202,소고기볶음
6934192,소고기볶음
6934177,소고기볶음
6933739,소고기볶음
6933659,소고기볶음
6933599,소고기볶음
6933483,소고기볶음
6933139,소고기볶음
6933094,소고기볶음
6932680,소고기볶음
6932104,소고기볶음
6932004,소고기볶음
6931987,소고기볶음
6929842,소고기볶음
6929821,소고기볶음
6929791,소고기볶음
6929450,소고기볶음
6929447,소고기볶음
6928858,소고기볶음
6928782,소고기볶음
6926559,소고기볶음
6925809,소고기볶음
6925344,소고기볶음
6925278,소고기볶음
6925272,소고기볶음
6925106,소고기볶음
6924354,소고기볶음
6923432,소고기볶음
6922731,소고기볶음
6922435,소고기볶음
6922151,소고기볶음
6920472,소고기볶음
6919896,소고기볶음
6919327,소고기볶음
6919306,소고기볶음
6918732,소고기볶음
6917981,소고기볶음
6917367,소고기볶음
6917075,소고기볶음
6916801,소고기볶음
6916074,소고기볶음
6913451,소고기볶음
6912599,소고기볶음
6909852,소고기볶음
6909445,소고기볶음
6908906,소고기볶음
6906569,소고기볶음
6905362,소고기볶음
6905080,소고기볶음
6903276,소고기볶음
6901944,소고기볶음
6901149,소고기볶음
6900709,소고기볶음
6897779,소고기볶음
6897455,소고기볶음
6896868,소고기볶음
6896823,소고기볶음
6895574,소고기볶음
6894390,소고기볶음
6894205,소고기볶음
6893695,소고기볶음
6893694,소고기볶음
6892874,소고기볶음
6892441,소고기볶음
6892327,소고기볶음
6892252,소고기볶음
6892195,소고기볶음
6891885,소고기볶음
6891469,소고기볶음
6889967,소고기볶음
6889873,소고기볶음
6889488,소고기볶음
6888588,소고기볶음
6888162,소고기볶음
6886436,소고기볶음
6881472,소고기볶음
6880959,소고기볶음
6879343,소고기볶음
6879262,소고기볶음
6879070,소고기볶음
6877540,소고기볶음
6874243,소고기볶음
6873539,소고기볶음
6873059,소고기볶음
6872590,소고기볶음
6871727,소고기볶음
6871505,소고기볶음
6868201,소고기볶음
6867064,소고기볶음
6866683,소고기볶음
6866617,소고기볶음
6865128,소고기볶음
6864797,소고기볶음
6863773,소고기볶음
6861414,소고기볶음
6857857,소고기볶음
6856774,소고기볶음
6854500,소고기볶음
6854099,소고기볶음
6852487,소고기볶음
6849650,소고기볶음
6848154,소고기볶음
6847792,소고기볶음
6847743,소고기볶음
6846540,소고기볶음
6846520,소고기볶음
6844537,소고기볶음
6843686,소고기볶음
6842743,소고기볶음
6838530,소고기볶음
6837967,소고기볶음
6835316,소고기볶음
6835276,소고기볶음
6831986,소고기볶음
6831804,소고기볶음
6830819,소고기볶음
6829496,소고기볶음
6827893,소고기볶음
6803346,소고기볶음
6777812,소고기볶음
6716608,소고기볶음
6683823,소고기볶음
6651629,소고기볶음
6629734,소고기볶음
6484338,소고기볶음
6456173,소고기볶음
6378281,소고기볶음
6361206,소고기볶음
6238868,소고기볶음
6229613,소고기볶음
5747066,소고기볶음
5616587,소고기볶음
5364624,소고기볶음
4767000,소고기볶음
4690050,소고기볶음
4682303,소고기볶음
4585229,소고기볶음
4465935,소고기볶음
4428095,소고기볶음
4305279,소고기볶음
3686413,소고기볶음
3151024,소고기볶음
2440747,소고기볶음
2307232,소고기볶음
1951367,소고기볶음
1863952,소고기볶음
1790135,소고기볶음
1590514,소고기볶음
1589549,소고기볶음
1480748,소고기볶음
1392270,소고기볶음
1229090,소고기볶음
1222675,소고기볶음
1199233,소고기볶음
1124251,소고기볶음
897577,소고기볶음
828179,소고기볶음
828167,소고기볶음
782207,소고기볶음
770986,소고기볶음
671459,소고기볶음
138964,소고기볶음
130633,소고기볶음
95467,소고기볶음
