6932754,소고기말이
6919026,소고기말이
6868912,소고기말이
6796725,소고기말이
6894933,소고기말이
5908102,소고기말이
6943963,소고기말이
6876261,소고기말이
6912838,소고기말이
6888520,소고기말이
6880624,소고기말이
6889285,소고기말이
6867346,소고기말이
6834495,소고기말이
6857135,소고기말이
6953160,소고기말이
6902039,소고기말이
6620912,소고기말이
6868013,소고기말이
6889924,소고기말이
6940169,소고기말이
6910378,소고기말이
6882021,소고기말이
6610850,소고기말이
6862616,소고기말이
6858103,소고기말이
973224,소고기말이
6951345,소고기말이
6956942,소고기말이
6954899,소고기말이
6951482,소고기말이
6951228,소고기말이
6950962,소고기말이
6949976,소고기말이
6949581,소고기말이
6948281,소고기말이
6947902,소고기말이
6947625,소고기말이
6943271,소고기말이
6941949,소고기말이
6937257,소고기말이
6935924,소고기말이
6933471,소고기말이
6932260,소고기말이
6931991,소고기말이
6928312,소고기말이
6927698,소고기말이
6927197,소고기말이
6924958,소고기말이
6924568,소고기말이
6921942,소고기말이
6921805,소고기말이
6921545,소고기말이
6919229,소고기말이
6915209,소고기말이
6914448,소고기말이
6914360,소고기말이
6913442,소고기말이
6911857,소고기말이
6910229,소고기말이
6909718,소고기말이
6908364,소고기말이
6906566,소고기말이
6902326,소고기말이
6901811,소고기말이
6901238,소고기말이
6898872,소고기말이
6898843,소고기말이
6898734,소고기말이
6897194,소고기말이
6896311,소고기말이
6895874,소고기말이
6895040,소고기말이
6894806,소고기말이
6890043,소고기말이
6889922,소고기말이
6889873,소고기말이
6889854,소고기말이
6889682,소고기말이
6889664,소고기말이
6888176,소고기말이
6886463,소고기말이
6882691,소고기말이
6881791,소고기말이
6881350,소고기말이
6879124,소고기말이
6879044,소고기말이
6878367,소고기말이
6870737,소고기말이
6870318,소고기말이
6869879,소고기말이
6864266,소고기말이
6859417,소고기말이
6858504,소고기말이
6855985,소고기말이
6853224,소고기말이
6848083,소고기말이
6843589,소고기말이
6841548,소고기말이
6834875,소고기말이
6831937,소고기말이
6830723,소고기말이
6828812,소고기말이
6752414,소고기말이
5723658,소고기말이
5209962,소고기말이
4843883,소고기말이
4678588,소고기말이
1443619,소고기말이
1324452,소고기말이
1150508,소고기말이
500360,소고기말이
187980,소고기말이
