6957377,소고기장조림
6950903,소고기장조림
6886559,소고기장조림
6870174,소고기장조림
6937126,소고기장조림
6902206,소고기장조림
6901959,소고기장조림
6869801,소고기장조림
6891527,소고기장조림
6863661,소고기장조림
3558255,소고기장조림
6949936,소고기장조림
6955406,소고기장조림
6931721,소고기장조림
6832503,소고기장조림
6890417,소고기장조림
6872060,소고기장조림
6870309,소고기장조림
6913376,소고기장조림
6925001,소고기장조림
6888209,소고기장조림
6886642,소고기장조림
6908888,소고기장조림
6877825,소고기장조림
6904569,소고기장조림
6856649,소고기장조림
6929401,소고기장조림
6873356,소고기장조림
6949843,소고기장조림
6943352,소고기장조림
6948774,소고기장조림
4354858,소고기장조림
6855167,소고기장조림
6945180,소고기장조림
6920407,소고기장조림
6939838,소고기장조림
6928409,소고기장조림
6893563,소고기장조림
6953399,소고기장조림
6838107,소고기장조림
6911302,소고기장조림
6916179,소고기장조림
6937463,소고기장조림
6946598,소고기장조림
6679050,소고기장조림
6864689,소고기장조림
5262223,소고기장조림
6830624,소고기장조림
6866864,소고기장조림
6893356,소고기장조림
6866518,소고기장조림
6881113,소고기장조림
6600653,소고기장조림
6918217,소고기장조림
6933728,소고기장조림
6887761,소고기장조림
6876069,소고기장조림
6928711,소고기장조림
6829458,소고기장조림
6875951,소고기장조림
6872420,소고기장조림
6883739,소고기장조림
6925334,소고기장조림
6845481,소고기장조림
6838721,소고기장조림
6888178,소고기장조림
6869069,소고기장조림
6842036,소고기장조림
6895782,소고기장조림
6923724,소고기장조림
6894811,소고기장조림
6897992,소고기장조림
4538448,소고기장조림
6811701,소고기장조림
6855506,소고기장조림
6863328,소고기장조림
6834004,소고기장조림
6912516,소고기장조림
6845894,소고기장조림
6836186,소고기장조림
6661896,소고기장조림
6878397,소고기장조림
6924169,소고기장조림
1704553,소고기장조림
6887620,소고기장조림
6791718,소고기장조림
6832095,소고기장조림
6842705,소고기장조림
6881876,소고기장조림
6925217,소고기장조림
6862352,소고기장조림
6908260,소고기장조림
6852412,소고기장조림
6865054,소고기장조림
6839626,소고기장조림
6889454,소고기장조림
6835711,소고기장조림
6865379,소고기장조림
1034424,소고기장조림
6949813,소고기장조림
6909148,소고기장조림
932114,소고기장조림
1887960,소고기장조림
1435342,소고기장조림
1099932,소고기장조림
6900984,소고기장조림
6855473,소고기장조림
6880070,소고기장조림
346140,소고기장조림
5333730,소고기장조림
6847813,소고기장조림
6938933,소고기장조림
6957400,소고기장조림
6956793,소고기장조림
6956078,소고기장조림
6954691,소고기장조림
6954634,소고기장조림
6954620,소고기장조림
6954296,소고기장조림
6953207,소고기장조림
6950800,소고기장조림
6949615,소고기장조림
6948757,소고기장조림
6948294,소고기장조림
6947495,소고기장조림
6947437,소고기장조림
6947241,소고기장조림
6946522,소고기장조림
6946510,소고기장조림
6945802,소고기장조림
6945214,소고기장조림
6945170,소고기장조림
6945039,소고기장조림
6944910,소고기장조림
6943449,소고기장조림
6941579,소고기장조림
6938072,소고기장조림
6936208,소고기장조림
6936041,소고기장조림
6935877,소고기장조림
6935839,소고기장조림
6934528,소고기장조림
6933824,소고기장조림
6933706,소고기장조림
6933605,소고기장조림
6932726,소고기장조림
6931844,소고기장조림
6929496,소고기장조림
6926952,소고기장조림
6926930,소고기장조림
6926558,소고기장조림
6926557,소고기장조림
6924457,소고기장조림
6922013,소고기장조림
6920497,소고기장조림
6919526,소고기장조림
6917393,소고기장조림
6916796,소고기장조림
6912535,소고기장조림
6912110,소고기장조림
6911311,소고기장조림
6911029,소고기장조림
6909744,소고기장조림
6909099,소고기장조림
6908583,소고기장조림
6908378,소고기장조림
6907412,소고기장조림
6905084,소고기장조림
6903022,소고기장조림
6901048,소고기장조림
6900702,소고기장조림
6896655,소고기장조림
6896504,소고기장조림
6895978,소고기장조림
6895934,소고기장조림
6895931,소고기장조림
6895930,소고기장조림
6894888,소고기장조림
6893607,소고기장조림
6888859,소고기장조림
6888535,소고기장조림
6888286,소고기장조림
6883549,소고기장조림
6879424,소고기장조림
6876290,소고기장조림
6875137,소고기장조림
6874988,소고기장조림
6873781,소고기장조림
6872449,소고기장조림
6872198,소고기장조림
6871745,소고기장조림
6870322,소고기장조림
6865764,소고기장조림
6864419,소고기장조림
6862634,소고기장조림
6857155,소고기장조림
6851823,소고기장조림
6850086,소고기장조림
6848166,소고기장조림
6848068,소고기장조림
6847440,소고기장조림
6847435,소고기장조림
6846191,소고기장조림
6844461,소고기장조림
6844447,소고기장조림
6844320,소고기장조림
6838342,소고기장조림
6830737,소고기장조림
6829470,소고기장조림
6732492,소고기장조림
6694402,소고기장조림
6679073,소고기장조림
6673498,소고기장조림
6557805,소고기장조림
6516269,소고기장조림
6497909,소고기장조림
6290776,소고기장조림
5894905,소고기장조림
5655211,소고기장조림
5528075,소고기장조림
4935515,소고기장조림
4756489,소고기장조림
4747256,소고기장조림
4538936,소고기장조림
3847224,소고기장조림
3151049,소고기장조림
1968564,소고기장조림
1921848,소고기장조림
1823893,소고기장조림
1302442,소고기장조림
1034246,소고기장조림
551704,소고기장조림
127510,소고기장조림
