6880161,소고기무국
6899099,소고기무국
6900475,소고기무국
6845113,소고기무국
6950886,소고기무국
6949191,소고기무국
6897772,소고기무국
6833329,소고기무국
6883752,소고기무국
6900118,소고기무국
4687934,소고기무국
6890499,소고기무국
6928170,소고기무국
6953864,소고기무국
4172316,소고기무국
6955757,소고기무국
6880902,소고기무국
6881243,소고기무국
6905684,소고기무국
6833640,소고기무국
1323722,소고기무국
6839252,소고기무국
4029247,소고기무국
6945524,소고기무국
6923546,소고기무국
5475624,소고기무국
6953335,소고기무국
6949090,소고기무국
6863300,소고기무국
6943101,소고기무국
6946552,소고기무국
6889926,소고기무국
6956556,소고기무국
6899922,소고기무국
6842381,소고기무국
6955288,소고기무국
6947544,소고기무국
6911111,소고기무국
6857956,소고기무국
6922168,소고기무국
6905985,소고기무국
6863592,소고기무국
6897251,소고기무국
6950072,소고기무국
6940689,소고기무국
6914938,소고기무국
6952039,소고기무국
6835622,소고기무국
6861877,소고기무국
6842178,소고기무국
6842432,소고기무국
6950165,소고기무국
6955376,소고기무국
6865887,소고기무국
6920581,소고기무국
6946001,소고기무국
6895956,소고기무국
6887336,소고기무국
6913439,소고기무국
6938334,소고기무국
6909557,소고기무국
6885554,소고기무국
6850592,소고기무국
6869982,소고기무국
6926574,소고기무국
6910670,소고기무국
6948118,소고기무국
6832398,소고기무국
6841570,소고기무국
6871758,소고기무국
6928438,소고기무국
6942457,소고기무국
6876963,소고기무국
6914055,소고기무국
6837757,소고기무국
6910380,소고기무국
6903803,소고기무국
6864667,소고기무국
6901258,소고기무국
6854123,소고기무국
6869821,소고기무국
6919009,소고기무국
6950375,소고기무국
6904373,소고기무국
6947187,소고기무국
6863222,소고기무국
6952126,소고기무국
6849972,소고기무국
6922959,소고기무국
6833182,소고기무국
6882815,소고기무국
6834925,소고기무국
6845108,소고기무국
6945420,소고기무국
6904315,소고기무국
6924470,소고기무국
6830955,소고기무국
6934317,소고기무국
6622320,소고기무국
6862002,소고기무국
6841510,소고기무국
6549688,소고기무국
6835480,소고기무국
6865431,소고기무국
6844626,소고기무국
6923258,소고기무국
6919037,소고기무국
6902005,소고기무국
6856491,소고기무국
6882340,소고기무국
6879882,소고기무국
6917553,소고기무국
6904833,소고기무국
6593753,소고기무국
6861871,소고기무국
6919114,소고기무국
6856624,소고기무국
6863808,소고기무국
6842822,소고기무국
6837071,소고기무국
6902705,소고기무국
6856987,소고기무국
6558968,소고기무국
5358652,소고기무국
6845373,소고기무국
6934122,소고기무국
6834126,소고기무국
6862655,소고기무국
6882734,소고기무국
6902090,소고기무국
6850945,소고기무국
6874465,소고기무국
6856928,소고기무국
6901561,소고기무국
6920436,소고기무국
6906382,소고기무국
6197122,소고기무국
6955706,소고기무국
6897356,소고기무국
6839716,소고기무국
6885852,소고기무국
6922645,소고기무국
6838131,소고기무국
6927913,소고기무국
6866887,소고기무국
4573731,소고기무국
6898290,소고기무국
6847556,소고기무국
6878385,소고기무국
6879824,소고기무국
6894644,소고기무국
6904878,소고기무국
6839240,소고기무국
6241400,소고기무국
6877402,소고기무국
6870463,소고기무국
6920168,소고기무국
6941854,소고기무국
6938969,소고기무국
6895590,소고기무국
6847397,소고기무국
6836286,소고기무국
6430491,소고기무국
6725279,소고기무국
6908933,소고기무국
6944871,소고기무국
6851013,소고기무국
6856886,소고기무국
2554432,소고기무국
6902278,소고기무국
6926235,소고기무국
6904282,소고기무국
6855087,소고기무국
6850317,소고기무국
6947032,소고기무국
6836990,소고기무국
6923081,소고기무국
6861950,소고기무국
6887444,소고기무국
6892130,소고기무국
6837486,소고기무국
6851969,소고기무국
6855324,소고기무국
6833682,소고기무국
6833448,소고기무국
6884761,소고기무국
89258,소고기무국
6843373,소고기무국
6956229,소고기무국
6954728,소고기무국
6953603,소고기무국
6952927,소고기무국
6952699,소고기무국
6952033,소고기무국
6951734,소고기무국
6951733,소고기무국
6951354,소고기무국
6950674,소고기무국
6950611,소고기무국
6950238,소고기무국
6949973,소고기무국
6949636,소고기무국
6949623,소고기무국
6949457,소고기무국
6948747,소고기무국
6948718,소고기무국
6948659,소고기무국
6948624,소고기무국
6948390,소고기무국
6948318,소고기무국
6948087,소고기무국
6947940,소고기무국
6947545,소고기무국
6947309,소고기무국
6947214,소고기무국
6947152,소고기무국
6945959,소고기무국
6945752,소고기무국
6945506,소고기무국
6945000,소고기무국
6944519,소고기무국
6944406,소고기무국
6943729,소고기무국
6943629,소고기무국
6943491,소고기무국
6943423,소고기무국
6943168,소고기무국
6941292,소고기무국
6941032,소고기무국
6940290,소고기무국
6939885,소고기무국
6939621,소고기무국
6937993,소고기무국
6937702,소고기무국
6937701,소고기무국
6937661,소고기무국
6937377,소고기무국
6936648,소고기무국
6936286,소고기무국
6936259,소고기무국
6936021,소고기무국
6935661,소고기무국
6934764,소고기무국
6934685,소고기무국
6933368,소고기무국
6933082,소고기무국
6931821,소고기무국
6931535,소고기무국
6931307,소고기무국
6929686,소고기무국
6929605,소고기무국
6928223,소고기무국
6927125,소고기무국
6926866,소고기무국
6926038,소고기무국
6925491,소고기무국
6925481,소고기무국
6925435,소고기무국
6924124,소고기무국
6922428,소고기무국
6921656,소고기무국
6921537,소고기무국
6919057,소고기무국
6918336,소고기무국
6918320,소고기무국
6918097,소고기무국
6916962,소고기무국
6913974,소고기무국
6911045,소고기무국
6910008,소고기무국
6909016,소고기무국
6908635,소고기무국
6908361,소고기무국
6907935,소고기무국
6905543,소고기무국
6904561,소고기무국
6903482,소고기무국
6903365,소고기무국
6903229,소고기무국
6901470,소고기무국
6901411,소고기무국
6901169,소고기무국
6900768,소고기무국
6899274,소고기무국
6897276,소고기무국
6896996,소고기무국
6896945,소고기무국
6896383,소고기무국
6895978,소고기무국
6895580,소고기무국
6895562,소고기무국
6894950,소고기무국
6893101,소고기무국
6888757,소고기무국
6888285,소고기무국
6887860,소고기무국
6887743,소고기무국
6883623,소고기무국
6882324,소고기무국
6881751,소고기무국
6881713,소고기무국
6881553,소고기무국
6881431,소고기무국
6879384,소고기무국
6878985,소고기무국
6878247,소고기무국
6877518,소고기무국
6877420,소고기무국
6877313,소고기무국
6876589,소고기무국
6876455,소고기무국
6876318,소고기무국
6875968,소고기무국
6875825,소고기무국
6873619,소고기무국
6873266,소고기무국
6870881,소고기무국
6870021,소고기무국
6869847,소고기무국
6869808,소고기무국
6869325,소고기무국
6866914,소고기무국
6866070,소고기무국
6865467,소고기무국
6864705,소고기무국
6864621,소고기무국
6863980,소고기무국
6863034,소고기무국
6862993,소고기무국
6862941,소고기무국
6862707,소고기무국
6862434,소고기무국
6861819,소고기무국
6860641,소고기무국
6858130,소고기무국
6858126,소고기무국
6857240,소고기무국
6857229,소고기무국
6856503,소고기무국
6856495,소고기무국
6856311,소고기무국
6854585,소고기무국
6854118,소고기무국
6852156,소고기무국
6850293,소고기무국
6846470,소고기무국
6846165,소고기무국
6845241,소고기무국
6841106,소고기무국
6839300,소고기무국
6838398,소고기무국
6837975,소고기무국
6837821,소고기무국
6837669,소고기무국
6836550,소고기무국
6834531,소고기무국
6834473,소고기무국
6834419,소고기무국
6834375,소고기무국
6834358,소고기무국
6833991,소고기무국
6833366,소고기무국
6829980,소고기무국
6796780,소고기무국
6764550,소고기무국
6753411,소고기무국
6710131,소고기무국
6661890,소고기무국
6584953,소고기무국
6283547,소고기무국
6261335,소고기무국
6230615,소고기무국
5815102,소고기무국
5782414,소고기무국
5725691,소고기무국
5437319,소고기무국
4509179,소고기무국
4453998,소고기무국
4372324,소고기무국
4371757,소고기무국
3159115,소고기무국
1943885,소고기무국
1855774,소고기무국
1479264,소고기무국
1440995,소고기무국
1059920,소고기무국
671415,소고기무국
31858,소고기무국
31188,소고기무국
