6872975,소세지야채볶음
6956363,소세지야채볶음
6851887,소세지야채볶음
6857792,소세지야채볶음
6874101,소세지야채볶음
6909982,소세지야채볶음
6890483,소세지야채볶음
6895975,소세지야채볶음
6916968,소세지야채볶음
6840348,소세지야채볶음
6898507,소세지야채볶음
6909785,소세지야채볶음
6875224,소세지야채볶음
5771782,소세지야채볶음
6912544,소세지야채볶음
6916950,소세지야채볶음
6892972,소세지야채볶음
6841274,소세지야채볶음
6859028,소세지야채볶음
6945146,소세지야채볶음
6946828,소세지야채볶음
6953446,소세지야채볶음
6951434,소세지야채볶음
6900442,소세지야채볶음
6909371,소세지야채볶음
6854622,소세지야채볶음
6829039,소세지야채볶음
6911034,소세지야채볶음
6935908,소세지야채볶음
6836875,소세지야채볶음
6908262,소세지야채볶음
6928418,소세지야채볶음
6850925,소세지야채볶음
6854578,소세지야채볶음
6890836,소세지야채볶음
6909061,소세지야채볶음
6841883,소세지야채볶음
6685013,소세지야채볶음
6904055,소세지야채볶음
6888985,소세지야채볶음
6944062,소세지야채볶음
4316634,소세지야채볶음
6931671,소세지야채볶음
6904539,소세지야채볶음
6938963,소세지야채볶음
6918784,소세지야채볶음
6833941,소세지야채볶음
6834661,소세지야채볶음
6859413,소세지야채볶음
4735839,소세지야채볶음
6830807,소세지야채볶음
6953050,소세지야채볶음
6913340,소세지야채볶음
6840259,소세지야채볶음
6887859,소세지야채볶음
6868204,소세지야채볶음
6917456,소세지야채볶음
6901641,소세지야채볶음
6861777,소세지야채볶음
748800,소세지야채볶음
6833243,소세지야채볶음
6866502,소세지야채볶음
6882991,소세지야채볶음
6832925,소세지야채볶음
6883241,소세지야채볶음
6909513,소세지야채볶음
6850954,소세지야채볶음
3676021,소세지야채볶음
6883616,소세지야채볶음
6910037,소세지야채볶음
6835076,소세지야채볶음
6914709,소세지야채볶음
4056354,소세지야채볶음
5173548,소세지야채볶음
6904692,소세지야채볶음
6796340,소세지야채볶음
6266878,소세지야채볶음
6835404,소세지야채볶음
6853611,소세지야채볶음
6910275,소세지야채볶음
6629857,소세지야채볶음
6211872,소세지야채볶음
6848440,소세지야채볶음
6947943,소세지야채볶음
6868766,소세지야채볶음
6871608,소세지야채볶음
4815271,소세지야채볶음
6852536,소세지야채볶음
6917515,소세지야채볶음
6945652,소세지야채볶음
6853565,소세지야채볶음
6854208,소세지야채볶음
6933637,소세지야채볶음
6852084,소세지야채볶음
6881842,소세지야채볶음
6778526,소세지야채볶음
1722811,소세지야채볶음
6862721,소세지야채볶음
6897464,소세지야채볶음
4902953,소세지야채볶음
6844319,소세지야채볶음
6886423,소세지야채볶음
6851701,소세지야채볶음
6858429,소세지야채볶음
708176,소세지야채볶음
688115,소세지야채볶음
6866479,소세지야채볶음
6875178,소세지야채볶음
6715783,소세지야채볶음
6845258,소세지야채볶음
6882698,소세지야채볶음
1656332,소세지야채볶음
1939826,소세지야채볶음
6849716,소세지야채볶음
6865219,소세지야채볶음
6898014,소세지야채볶음
6838786,소세지야채볶음
6857376,소세지야채볶음
6886805,소세지야채볶음
614842,소세지야채볶음
409030,소세지야채볶음
6957669,소세지야채볶음
6957075,소세지야채볶음
6955294,소세지야채볶음
6954866,소세지야채볶음
6953268,소세지야채볶음
6952711,소세지야채볶음
6950481,소세지야채볶음
6948088,소세지야채볶음
6946126,소세지야채볶음
6945651,소세지야채볶음
6945650,소세지야채볶음
6944374,소세지야채볶음
6943583,소세지야채볶음
6943082,소세지야채볶음
6941428,소세지야채볶음
6940332,소세지야채볶음
6938250,소세지야채볶음
6937416,소세지야채볶음
6936969,소세지야채볶음
6936294,소세지야채볶음
6934797,소세지야채볶음
6934515,소세지야채볶음
6934031,소세지야채볶음
6933790,소세지야채볶음
6932884,소세지야채볶음
6931444,소세지야채볶음
6930741,소세지야채볶음
6930675,소세지야채볶음
6929225,소세지야채볶음
6924782,소세지야채볶음
6920114,소세지야채볶음
6919441,소세지야채볶음
6909793,소세지야채볶음
6907467,소세지야채볶음
6906917,소세지야채볶음
6902554,소세지야채볶음
6901422,소세지야채볶음
6900202,소세지야채볶음
6890639,소세지야채볶음
6888758,소세지야채볶음
6887587,소세지야채볶음
6884479,소세지야채볶음
6882849,소세지야채볶음
6878485,소세지야채볶음
6878275,소세지야채볶음
6877107,소세지야채볶음
6874100,소세지야채볶음
6873577,소세지야채볶음
6872000,소세지야채볶음
6871618,소세지야채볶음
6869718,소세지야채볶음
6868429,소세지야채볶음
6868342,소세지야채볶음
6863453,소세지야채볶음
6863341,소세지야채볶음
6859103,소세지야채볶음
6858621,소세지야채볶음
6856812,소세지야채볶음
6855360,소세지야채볶음
6854726,소세지야채볶음
6854331,소세지야채볶음
6854201,소세지야채볶음
6853687,소세지야채볶음
6848430,소세지야채볶음
6845858,소세지야채볶음
6842415,소세지야채볶음
6841187,소세지야채볶음
6837089,소세지야채볶음
6834583,소세지야채볶음
6833731,소세지야채볶음
6833427,소세지야채볶음
6829752,소세지야채볶음
6829441,소세지야채볶음
6815536,소세지야채볶음
6732637,소세지야채볶음
6644422,소세지야채볶음
6623399,소세지야채볶음
6521367,소세지야채볶음
6490140,소세지야채볶음
5911555,소세지야채볶음
5724910,소세지야채볶음
5487912,소세지야채볶음
5422332,소세지야채볶음
5273607,소세지야채볶음
1956663,소세지야채볶음
1776415,소세지야채볶음
1655049,소세지야채볶음
1591544,소세지야채볶음
1180354,소세지야채볶음
965564,소세지야채볶음
408773,소세지야채볶음
118368,소세지야채볶음
107999,소세지야채볶음
32467,소세지야채볶음
