6938622,소고기구이
6886044,소고기구이
4553475,소고기구이
6919549,소고기구이
6936073,소고기구이
6843909,소고기구이
4580059,소고기구이
6862616,소고기구이
2570074,소고기구이
6224874,소고기구이
1693577,소고기구이
6894522,소고기구이
1611269,소고기구이
6881893,소고기구이
6895826,소고기구이
6829589,소고기구이
6869832,소고기구이
5677464,소고기구이
6954994,소고기구이
6953601,소고기구이
6943337,소고기구이
6939805,소고기구이
6936286,소고기구이
6933924,소고기구이
6933794,소고기구이
6931991,소고기구이
6929955,소고기구이
6929895,소고기구이
6928260,소고기구이
6924948,소고기구이
6917821,소고기구이
6898908,소고기구이
6898778,소고기구이
6889873,소고기구이
6889853,소고기구이
6888061,소고기구이
6881791,소고기구이
6881350,소고기구이
6879166,소고기구이
6879096,소고기구이
6871178,소고기구이
6870869,소고기구이
6862398,소고기구이
6861349,소고기구이
6852010,소고기구이
6850096,소고기구이
6848001,소고기구이
6847498,소고기구이
6847012,소고기구이
6843589,소고기구이
6840862,소고기구이
6830760,소고기구이
6754874,소고기구이
5791990,소고기구이
5364624,소고기구이
4539992,소고기구이
4407568,소고기구이
4335041,소고기구이
4313192,소고기구이
3303709,소고기구이
2644273,소고기구이
2593259,소고기구이
2514750,소고기구이
1821250,소고기구이
1612511,소고기구이
1555141,소고기구이
1379684,소고기구이
1109426,소고기구이
1076162,소고기구이
828167,소고기구이
374689,소고기구이
165947,소고기구이
