6873683,소고기미역국
6875555,소고기미역국
4139783,소고기미역국
6886644,소고기미역국
6890494,소고기미역국
6941885,소고기미역국
6954216,소고기미역국
6923922,소고기미역국
6881794,소고기미역국
6832808,소고기미역국
6940913,소고기미역국
6928726,소고기미역국
6896508,소고기미역국
6902182,소고기미역국
6864258,소고기미역국
6863741,소고기미역국
6871733,소고기미역국
6843124,소고기미역국
6899926,소고기미역국
6939225,소고기미역국
6875164,소고기미역국
6904374,소고기미역국
6943294,소고기미역국
6925229,소고기미역국
6839434,소고기미역국
6751412,소고기미역국
6863355,소고기미역국
6937672,소고기미역국
6905387,소고기미역국
6939500,소고기미역국
6910425,소고기미역국
6923213,소고기미역국
6946796,소고기미역국
6955168,소고기미역국
6899333,소고기미역국
6831071,소고기미역국
6866078,소고기미역국
6880640,소고기미역국
6794801,소고기미역국
6842401,소고기미역국
6909668,소고기미역국
6898784,소고기미역국
6874235,소고기미역국
6909561,소고기미역국
6880756,소고기미역국
6920385,소고기미역국
6854350,소고기미역국
6939514,소고기미역국
6935558,소고기미역국
6838105,소고기미역국
6875840,소고기미역국
6840430,소고기미역국
6925740,소고기미역국
6907351,소고기미역국
6828864,소고기미역국
6910555,소고기미역국
6895212,소고기미역국
6902479,소고기미역국
6894912,소고기미역국
6876275,소고기미역국
6932576,소고기미역국
6938870,소고기미역국
6886972,소고기미역국
6831144,소고기미역국
6831539,소고기미역국
6881667,소고기미역국
6949295,소고기미역국
6937799,소고기미역국
6951977,소고기미역국
6956437,소고기미역국
6917587,소고기미역국
6882643,소고기미역국
6950442,소고기미역국
6878554,소고기미역국
6879939,소고기미역국
5422738,소고기미역국
6866618,소고기미역국
6882159,소고기미역국
6890412,소고기미역국
6893083,소고기미역국
6871914,소고기미역국
6920757,소고기미역국
6885410,소고기미역국
6953237,소고기미역국
6876459,소고기미역국
6861352,소고기미역국
6951099,소고기미역국
6853431,소고기미역국
6928267,소고기미역국
6875524,소고기미역국
6892073,소고기미역국
6857364,소고기미역국
6674115,소고기미역국
6865797,소고기미역국
6879493,소고기미역국
6896816,소고기미역국
6902043,소고기미역국
6887901,소고기미역국
6918747,소고기미역국
6910998,소고기미역국
6852042,소고기미역국
6841786,소고기미역국
6889277,소고기미역국
6883399,소고기미역국
6841972,소고기미역국
6562767,소고기미역국
6891699,소고기미역국
6888102,소고기미역국
6831501,소고기미역국
6853520,소고기미역국
6833971,소고기미역국
6860404,소고기미역국
6846867,소고기미역국
6901431,소고기미역국
6931838,소고기미역국
6845436,소고기미역국
6883102,소고기미역국
6893831,소고기미역국
5352616,소고기미역국
6846031,소고기미역국
931629,소고기미역국
6875843,소고기미역국
6834922,소고기미역국
980734,소고기미역국
6845751,소고기미역국
6854971,소고기미역국
2384944,소고기미역국
1548217,소고기미역국
6838022,소고기미역국
6845452,소고기미역국
6843430,소고기미역국
6853610,소고기미역국
6840689,소고기미역국
6212927,소고기미역국
6889485,소고기미역국
6833221,소고기미역국
6957265,소고기미역국
6956628,소고기미역국
6956301,소고기미역국
6956251,소고기미역국
6956029,소고기미역국
6955932,소고기미역국
6955292,소고기미역국
6954513,소고기미역국
6954502,소고기미역국
6953152,소고기미역국
6952881,소고기미역국
6951075,소고기미역국
6950986,소고기미역국
6950601,소고기미역국
6950198,소고기미역국
6949859,소고기미역국
6949429,소고기미역국
6949270,소고기미역국
6949094,소고기미역국
6948846,소고기미역국
6947901,소고기미역국
6947597,소고기미역국
6947546,소고기미역국
6947136,소고기미역국
6946769,소고기미역국
6946099,소고기미역국
6945787,소고기미역국
6945393,소고기미역국
6944671,소고기미역국
6944596,소고기미역국
6944530,소고기미역국
6944440,소고기미역국
6943955,소고기미역국
6943938,소고기미역국
6943866,소고기미역국
6943826,소고기미역국
6943483,소고기미역국
6943449,소고기미역국
6943154,소고기미역국
6941882,소고기미역국
6941826,소고기미역국
6941824,소고기미역국
6941748,소고기미역국
6941669,소고기미역국
6941112,소고기미역국
6941093,소고기미역국
6940067,소고기미역국
6939916,소고기미역국
6939011,소고기미역국
6937973,소고기미역국
6937619,소고기미역국
6937571,소고기미역국
6937559,소고기미역국
6936620,소고기미역국
6936556,소고기미역국
6935230,소고기미역국
6935117,소고기미역국
6935051,소고기미역국
6933584,소고기미역국
6932458,소고기미역국
6932217,소고기미역국
6932086,소고기미역국
6931778,소고기미역국
6931474,소고기미역국
6931036,소고기미역국
6929303,소고기미역국
6927977,소고기미역국
6927669,소고기미역국
6927077,소고기미역국
6927042,소고기미역국
6926885,소고기미역국
6926654,소고기미역국
6926631,소고기미역국
6926558,소고기미역국
6926557,소고기미역국
6925124,소고기미역국
6923520,소고기미역국
6923004,소고기미역국
6922875,소고기미역국
6922641,소고기미역국
6922551,소고기미역국
6922379,소고기미역국
6921690,소고기미역국
6920528,소고기미역국
6919665,소고기미역국
6917237,소고기미역국
6917188,소고기미역국
6917146,소고기미역국
6916168,소고기미역국
6914648,소고기미역국
6914535,소고기미역국
6910809,소고기미역국
6909510,소고기미역국
6908957,소고기미역국
6907421,소고기미역국
6906773,소고기미역국
6904193,소고기미역국
6903891,소고기미역국
6901908,소고기미역국
6901391,소고기미역국
6901147,소고기미역국
6898169,소고기미역국
6898031,소고기미역국
6897799,소고기미역국
6896232,소고기미역국
6895830,소고기미역국
6893068,소고기미역국
6892719,소고기미역국
6891514,소고기미역국
6889249,소고기미역국
6887497,소고기미역국
6886049,소고기미역국
6885024,소고기미역국
6882781,소고기미역국
6882358,소고기미역국
6880464,소고기미역국
6879632,소고기미역국
6879471,소고기미역국
6878071,소고기미역국
6874184,소고기미역국
6874004,소고기미역국
6873645,소고기미역국
6871453,소고기미역국
6870920,소고기미역국
6870440,소고기미역국
6869123,소고기미역국
6868793,소고기미역국
6867162,소고기미역국
6865906,소고기미역국
6864825,소고기미역국
6863959,소고기미역국
6856628,소고기미역국
6855578,소고기미역국
6855518,소고기미역국
6854273,소고기미역국
6852753,소고기미역국
6852633,소고기미역국
6851276,소고기미역국
6849325,소고기미역국
6847137,소고기미역국
6845431,소고기미역국
6843016,소고기미역국
6842999,소고기미역국
6842226,소고기미역국
6842029,소고기미역국
6841881,소고기미역국
6836649,소고기미역국
6835994,소고기미역국
6833898,소고기미역국
6833466,소고기미역국
6833421,소고기미역국
6833317,소고기미역국
6831312,소고기미역국
6748639,소고기미역국
6720604,소고기미역국
6718114,소고기미역국
6717422,소고기미역국
6678349,소고기미역국
6655014,소고기미역국
6654984,소고기미역국
6575281,소고기미역국
6532370,소고기미역국
6302647,소고기미역국
6065435,소고기미역국
5643691,소고기미역국
5627484,소고기미역국
5510493,소고기미역국
5509095,소고기미역국
5272954,소고기미역국
5056243,소고기미역국
4697179,소고기미역국
4643319,소고기미역국
3159082,소고기미역국
2366543,소고기미역국
1926012,소고기미역국
1435702,소고기미역국
1254762,소고기미역국
