6926532,등심스테이크
6915922,등심스테이크
6836337,등심스테이크
6869074,등심스테이크
6866322,등심스테이크
6875354,등심스테이크
6898606,등심스테이크
5089152,등심스테이크
6872221,등심스테이크
3547405,등심스테이크
6832636,등심스테이크
6913897,등심스테이크
6833200,등심스테이크
2711477,등심스테이크
6669363,등심스테이크
6890775,등심스테이크
6857036,등심스테이크
6702355,등심스테이크
2714495,등심스테이크
1092243,등심스테이크
6838009,등심스테이크
3063387,등심스테이크
6955764,등심스테이크
6949338,등심스테이크
6947784,등심스테이크
6943337,등심스테이크
6929950,등심스테이크
6928796,등심스테이크
6922517,등심스테이크
6911536,등심스테이크
6908790,등심스테이크
6905854,등심스테이크
6905200,등심스테이크
6905113,등심스테이크
6902023,등심스테이크
6900770,등심스테이크
6900528,등심스테이크
6900247,등심스테이크
6899854,등심스테이크
6887421,등심스테이크
6880908,등심스테이크
6879798,등심스테이크
6879115,등심스테이크
6877588,등심스테이크
6876541,등심스테이크
6873567,등심스테이크
6873530,등심스테이크
6873355,등심스테이크
6863564,등심스테이크
6862449,등심스테이크
6861327,등심스테이크
6857968,등심스테이크
6855475,등심스테이크
6848690,등심스테이크
6847628,등심스테이크
6845460,등심스테이크
6844011,등심스테이크
6843093,등심스테이크
6836399,등심스테이크
6835078,등심스테이크
6834127,등심스테이크
6833026,등심스테이크
6832758,등심스테이크
6830143,등심스테이크
6829781,등심스테이크
6818688,등심스테이크
6808457,등심스테이크
6789867,등심스테이크
6779082,등심스테이크
6712741,등심스테이크
6605380,등심스테이크
6594250,등심스테이크
5954351,등심스테이크
5789055,등심스테이크
5653916,등심스테이크
4738314,등심스테이크
4411263,등심스테이크
3227727,등심스테이크
3111015,등심스테이크
3088422,등심스테이크
2605636,등심스테이크
1806796,등심스테이크
1767941,등심스테이크
1657950,등심스테이크
1456796,등심스테이크
656100,등심스테이크
