1785098,돼지고기김치찌개
6906217,돼지고기김치찌개
6886109,돼지고기김치찌개
6903640,돼지고기김치찌개
6957589,돼지고기김치찌개
4295567,돼지고기김치찌개
6923487,돼지고기김치찌개
6909693,돼지고기김치찌개
6941744,돼지고기김치찌개
6859777,돼지고기김치찌개
6869097,돼지고기김치찌개
6902460,돼지고기김치찌개
6863873,돼지고기김치찌개
6870442,돼지고기김치찌개
6930292,돼지고기김치찌개
6910515,돼지고기김치찌개
6922163,돼지고기김치찌개
6946815,돼지고기김치찌개
6684668,돼지고기김치찌개
6941291,돼지고기김치찌개
6903454,돼지고기김치찌개
6951480,돼지고기김치찌개
6947771,돼지고기김치찌개
6941095,돼지고기김치찌개
6921284,돼지고기김치찌개
6951810,돼지고기김치찌개
6917729,돼지고기김치찌개
6923083,돼지고기김치찌개
6943715,돼지고기김치찌개
2750435,돼지고기김치찌개
6948155,돼지고기김치찌개
6950185,돼지고기김치찌개
6955645,돼지고기김치찌개
6944974,돼지고기김치찌개
6848362,돼지고기김치찌개
6954588,돼지고기김치찌개
6926117,돼지고기김치찌개
6907943,돼지고기김치찌개
6927489,돼지고기김치찌개
4014047,돼지고기김치찌개
6841099,돼지고기김치찌개
6880077,돼지고기김치찌개
6875776,돼지고기김치찌개
6830940,돼지고기김치찌개
4088920,돼지고기김치찌개
6890288,돼지고기김치찌개
6896772,돼지고기김치찌개
6849954,돼지고기김치찌개
6830485,돼지고기김치찌개
6881140,돼지고기김치찌개
6926941,돼지고기김치찌개
4426115,돼지고기김치찌개
6863847,돼지고기김치찌개
6908119,돼지고기김치찌개
1526812,돼지고기김치찌개
6952859,돼지고기김치찌개
6902058,돼지고기김치찌개
6866224,돼지고기김치찌개
4507499,돼지고기김치찌개
6896549,돼지고기김치찌개
6939937,돼지고기김치찌개
6838084,돼지고기김치찌개
6864817,돼지고기김치찌개
6835866,돼지고기김치찌개
6949582,돼지고기김치찌개
6932469,돼지고기김치찌개
4401308,돼지고기김치찌개
6929681,돼지고기김치찌개
6866953,돼지고기김치찌개
6863834,돼지고기김치찌개
6876379,돼지고기김치찌개
6907820,돼지고기김치찌개
6868181,돼지고기김치찌개
6853882,돼지고기김치찌개
6865287,돼지고기김치찌개
6937106,돼지고기김치찌개
6850668,돼지고기김치찌개
6912807,돼지고기김치찌개
6920468,돼지고기김치찌개
6842496,돼지고기김치찌개
6949283,돼지고기김치찌개
6853101,돼지고기김치찌개
6893773,돼지고기김치찌개
6857149,돼지고기김치찌개
6856393,돼지고기김치찌개
6911385,돼지고기김치찌개
6849711,돼지고기김치찌개
4451677,돼지고기김치찌개
6893711,돼지고기김치찌개
6918477,돼지고기김치찌개
6916843,돼지고기김치찌개
6921035,돼지고기김치찌개
6921564,돼지고기김치찌개
6848178,돼지고기김치찌개
6838972,돼지고기김치찌개
6346688,돼지고기김치찌개
6893573,돼지고기김치찌개
6875915,돼지고기김치찌개
6841039,돼지고기김치찌개
6913717,돼지고기김치찌개
6841158,돼지고기김치찌개
6924874,돼지고기김치찌개
6902632,돼지고기김치찌개
6932538,돼지고기김치찌개
6843370,돼지고기김치찌개
6912751,돼지고기김치찌개
5018338,돼지고기김치찌개
6850019,돼지고기김치찌개
6844922,돼지고기김치찌개
6930841,돼지고기김치찌개
6909583,돼지고기김치찌개
6859821,돼지고기김치찌개
6884913,돼지고기김치찌개
6846929,돼지고기김치찌개
6862850,돼지고기김치찌개
6796756,돼지고기김치찌개
1701550,돼지고기김치찌개
6857243,돼지고기김치찌개
6894182,돼지고기김치찌개
6839483,돼지고기김치찌개
6863628,돼지고기김치찌개
6835068,돼지고기김치찌개
6865286,돼지고기김치찌개
1673980,돼지고기김치찌개
6858266,돼지고기김치찌개
1046527,돼지고기김치찌개
3092985,돼지고기김치찌개
6945824,돼지고기김치찌개
6888223,돼지고기김치찌개
6843701,돼지고기김치찌개
2411645,돼지고기김치찌개
6878473,돼지고기김치찌개
6866542,돼지고기김치찌개
6908698,돼지고기김치찌개
6890914,돼지고기김치찌개
6862661,돼지고기김치찌개
964827,돼지고기김치찌개
6850116,돼지고기김치찌개
6692468,돼지고기김치찌개
6903277,돼지고기김치찌개
6957602,돼지고기김치찌개
6957287,돼지고기김치찌개
6954966,돼지고기김치찌개
6954942,돼지고기김치찌개
6954508,돼지고기김치찌개
6953433,돼지고기김치찌개
6952678,돼지고기김치찌개
6952358,돼지고기김치찌개
6952249,돼지고기김치찌개
6951939,돼지고기김치찌개
6951428,돼지고기김치찌개
6951023,돼지고기김치찌개
6950664,돼지고기김치찌개
6950655,돼지고기김치찌개
6948439,돼지고기김치찌개
6948006,돼지고기김치찌개
6947998,돼지고기김치찌개
6947728,돼지고기김치찌개
6947642,돼지고기김치찌개
6946478,돼지고기김치찌개
6945882,돼지고기김치찌개
6945789,돼지고기김치찌개
6945381,돼지고기김치찌개
6944686,돼지고기김치찌개
6944434,돼지고기김치찌개
6944296,돼지고기김치찌개
6944184,돼지고기김치찌개
6943653,돼지고기김치찌개
6943303,돼지고기김치찌개
6942728,돼지고기김치찌개
6941563,돼지고기김치찌개
6940797,돼지고기김치찌개
6938107,돼지고기김치찌개
6937992,돼지고기김치찌개
6935926,돼지고기김치찌개
6934740,돼지고기김치찌개
6934281,돼지고기김치찌개
6933931,돼지고기김치찌개
6930740,돼지고기김치찌개
6930038,돼지고기김치찌개
6929530,돼지고기김치찌개
6923371,돼지고기김치찌개
6923104,돼지고기김치찌개
6921146,돼지고기김치찌개
6919557,돼지고기김치찌개
6917593,돼지고기김치찌개
6914901,돼지고기김치찌개
6911573,돼지고기김치찌개
6910061,돼지고기김치찌개
6909393,돼지고기김치찌개
6909244,돼지고기김치찌개
6907767,돼지고기김치찌개
6907192,돼지고기김치찌개
6907061,돼지고기김치찌개
6905516,돼지고기김치찌개
6905381,돼지고기김치찌개
6904703,돼지고기김치찌개
6903980,돼지고기김치찌개
6901970,돼지고기김치찌개
6901478,돼지고기김치찌개
6900735,돼지고기김치찌개
6900422,돼지고기김치찌개
6897350,돼지고기김치찌개
6896223,돼지고기김치찌개
6895144,돼지고기김치찌개
6893803,돼지고기김치찌개
6890280,돼지고기김치찌개
6888062,돼지고기김치찌개
6887357,돼지고기김치찌개
6886443,돼지고기김치찌개
6884908,돼지고기김치찌개
6881269,돼지고기김치찌개
6879272,돼지고기김치찌개
6876815,돼지고기김치찌개
6871172,돼지고기김치찌개
6869103,돼지고기김치찌개
6868026,돼지고기김치찌개
6861359,돼지고기김치찌개
6860838,돼지고기김치찌개
6856460,돼지고기김치찌개
6848330,돼지고기김치찌개
6848235,돼지고기김치찌개
6847194,돼지고기김치찌개
6846730,돼지고기김치찌개
6845808,돼지고기김치찌개
6845369,돼지고기김치찌개
6843957,돼지고기김치찌개
6834579,돼지고기김치찌개
6834529,돼지고기김치찌개
6833023,돼지고기김치찌개
6830621,돼지고기김치찌개
6777671,돼지고기김치찌개
6687164,돼지고기김치찌개
6662446,돼지고기김치찌개
6507146,돼지고기김치찌개
6415282,돼지고기김치찌개
6376933,돼지고기김치찌개
5884129,돼지고기김치찌개
5238518,돼지고기김치찌개
5173609,돼지고기김치찌개
4908877,돼지고기김치찌개
4759183,돼지고기김치찌개
4694280,돼지고기김치찌개
3427572,돼지고기김치찌개
3172188,돼지고기김치찌개
2533704,돼지고기김치찌개
1901501,돼지고기김치찌개
1836740,돼지고기김치찌개
1824201,돼지고기김치찌개
1822774,돼지고기김치찌개
1701793,돼지고기김치찌개
1681549,돼지고기김치찌개
1629651,돼지고기김치찌개
1539470,돼지고기김치찌개
1088864,돼지고기김치찌개
936407,돼지고기김치찌개
375800,돼지고기김치찌개
