6885185,돼지고기고추장찌개
6880281,돼지고기고추장찌개
6863720,돼지고기고추장찌개
5420128,돼지고기고추장찌개
6875012,돼지고기고추장찌개
6841751,돼지고기고추장찌개
6908745,돼지고기고추장찌개
3551697,돼지고기고추장찌개
6883441,돼지고기고추장찌개
6831567,돼지고기고추장찌개
6938813,돼지고기고추장찌개
6866044,돼지고기고추장찌개
6830532,돼지고기고추장찌개
6842446,돼지고기고추장찌개
6877795,돼지고기고추장찌개
6840602,돼지고기고추장찌개
6859487,돼지고기고추장찌개
6871019,돼지고기고추장찌개
6830018,돼지고기고추장찌개
6914732,돼지고기고추장찌개
6915444,돼지고기고추장찌개
6946582,돼지고기고추장찌개
6938034,돼지고기고추장찌개
6901871,돼지고기고추장찌개
6891664,돼지고기고추장찌개
6897307,돼지고기고추장찌개
4605270,돼지고기고추장찌개
6785237,돼지고기고추장찌개
6942230,돼지고기고추장찌개
6888041,돼지고기고추장찌개
6845718,돼지고기고추장찌개
5839371,돼지고기고추장찌개
6930556,돼지고기고추장찌개
1978636,돼지고기고추장찌개
6911553,돼지고기고추장찌개
6903285,돼지고기고추장찌개
3836943,돼지고기고추장찌개
6914960,돼지고기고추장찌개
6923384,돼지고기고추장찌개
6867021,돼지고기고추장찌개
6865881,돼지고기고추장찌개
6859457,돼지고기고추장찌개
6867455,돼지고기고추장찌개
6899972,돼지고기고추장찌개
6856682,돼지고기고추장찌개
6797913,돼지고기고추장찌개
6895954,돼지고기고추장찌개
6835201,돼지고기고추장찌개
6882776,돼지고기고추장찌개
6864632,돼지고기고추장찌개
6891850,돼지고기고추장찌개
6873163,돼지고기고추장찌개
6853351,돼지고기고추장찌개
6947829,돼지고기고추장찌개
6956299,돼지고기고추장찌개
6954645,돼지고기고추장찌개
6941785,돼지고기고추장찌개
6939194,돼지고기고추장찌개
6932436,돼지고기고추장찌개
6905542,돼지고기고추장찌개
6904606,돼지고기고추장찌개
6886637,돼지고기고추장찌개
6885740,돼지고기고추장찌개
6884967,돼지고기고추장찌개
6883838,돼지고기고추장찌개
6883716,돼지고기고추장찌개
6882519,돼지고기고추장찌개
6877458,돼지고기고추장찌개
6874523,돼지고기고추장찌개
6855540,돼지고기고추장찌개
6855212,돼지고기고추장찌개
6854786,돼지고기고추장찌개
6847930,돼지고기고추장찌개
6833815,돼지고기고추장찌개
6830988,돼지고기고추장찌개
6732643,돼지고기고추장찌개
6720814,돼지고기고추장찌개
6644200,돼지고기고추장찌개
6558430,돼지고기고추장찌개
6003482,돼지고기고추장찌개
5793111,돼지고기고추장찌개
4541356,돼지고기고추장찌개
4332281,돼지고기고추장찌개
1897592,돼지고기고추장찌개
1628293,돼지고기고추장찌개
1622377,돼지고기고추장찌개
1242830,돼지고기고추장찌개
836254,돼지고기고추장찌개
