6926408,돼지고기보쌈
4244675,돼지고기보쌈
6870547,돼지고기보쌈
6921625,돼지고기보쌈
6873029,돼지고기보쌈
6857882,돼지고기보쌈
920272,돼지고기보쌈
6912374,돼지고기보쌈
6861578,돼지고기보쌈
6931730,돼지고기보쌈
6837451,돼지고기보쌈
6922885,돼지고기보쌈
6885811,돼지고기보쌈
29651,돼지고기보쌈
6906034,돼지고기보쌈
6906412,돼지고기보쌈
3064384,돼지고기보쌈
6955626,돼지고기보쌈
6950777,돼지고기보쌈
6948791,돼지고기보쌈
6948106,돼지고기보쌈
6946907,돼지고기보쌈
6941036,돼지고기보쌈
6907979,돼지고기보쌈
6906695,돼지고기보쌈
6900282,돼지고기보쌈
6898312,돼지고기보쌈
6898311,돼지고기보쌈
6891577,돼지고기보쌈
6891486,돼지고기보쌈
6885479,돼지고기보쌈
6870595,돼지고기보쌈
6862377,돼지고기보쌈
6860632,돼지고기보쌈
6843632,돼지고기보쌈
6838477,돼지고기보쌈
6838003,돼지고기보쌈
6834747,돼지고기보쌈
6751334,돼지고기보쌈
6743474,돼지고기보쌈
6669259,돼지고기보쌈
3902638,돼지고기보쌈
2700440,돼지고기보쌈
2530085,돼지고기보쌈
2433061,돼지고기보쌈
2420620,돼지고기보쌈
1805886,돼지고기보쌈
1585146,돼지고기보쌈
1263540,돼지고기보쌈
1083543,돼지고기보쌈
983858,돼지고기보쌈
921987,돼지고기보쌈
708869,돼지고기보쌈
665399,돼지고기보쌈
420611,돼지고기보쌈
136243,돼지고기보쌈
109601,돼지고기보쌈
88902,돼지고기보쌈
30344,돼지고기보쌈
