6886160,두부두루치기
6929653,두부두루치기
6956658,두부두루치기
6934603,두부두루치기
6874673,두부두루치기
6891209,두부두루치기
6919936,두부두루치기
6668256,두부두루치기
6917173,두부두루치기
6949863,두부두루치기
3918990,두부두루치기
6868139,두부두루치기
4514405,두부두루치기
6945408,두부두루치기
6887600,두부두루치기
6897035,두부두루치기
6882572,두부두루치기
6894919,두부두루치기
6912188,두부두루치기
6944111,두부두루치기
6927634,두부두루치기
1674708,두부두루치기
6854920,두부두루치기
1582373,두부두루치기
6870985,두부두루치기
6840752,두부두루치기
6949908,두부두루치기
6947814,두부두루치기
6943432,두부두루치기
6942502,두부두루치기
6940698,두부두루치기
6936801,두부두루치기
6932057,두부두루치기
6927711,두부두루치기
6926978,두부두루치기
6925867,두부두루치기
6921856,두부두루치기
6919638,두부두루치기
6918849,두부두루치기
6908944,두부두루치기
6904573,두부두루치기
6899085,두부두루치기
6889351,두부두루치기
6887380,두부두루치기
6883487,두부두루치기
6876033,두부두루치기
6868535,두부두루치기
6865686,두부두루치기
6848978,두부두루치기
6843996,두부두루치기
6838535,두부두루치기
6516228,두부두루치기
4410303,두부두루치기
4150699,두부두루치기
2945761,두부두루치기
2558221,두부두루치기
2355842,두부두루치기
1962225,두부두루치기
1457860,두부두루치기
341412,두부두루치기
198455,두부두루치기
109610,두부두루치기
22320,두부두루치기
