6894890,두부스테이크
6833227,두부스테이크
6928315,두부스테이크
6909384,두부스테이크
6922742,두부스테이크
6867562,두부스테이크
6889813,두부스테이크
4027030,두부스테이크
6857215,두부스테이크
6877746,두부스테이크
6887140,두부스테이크
3889578,두부스테이크
3780812,두부스테이크
6853042,두부스테이크
6837949,두부스테이크
6861740,두부스테이크
6920370,두부스테이크
6872095,두부스테이크
6899031,두부스테이크
6837502,두부스테이크
6767032,두부스테이크
6947046,두부스테이크
6842154,두부스테이크
6938568,두부스테이크
6884514,두부스테이크
6903881,두부스테이크
6850226,두부스테이크
6862715,두부스테이크
6651029,두부스테이크
6879445,두부스테이크
6904390,두부스테이크
6919766,두부스테이크
6837170,두부스테이크
6854155,두부스테이크
6832740,두부스테이크
6907743,두부스테이크
5321056,두부스테이크
6898347,두부스테이크
6859030,두부스테이크
6843175,두부스테이크
6843682,두부스테이크
6926441,두부스테이크
2382562,두부스테이크
6889289,두부스테이크
6851583,두부스테이크
1398435,두부스테이크
3031684,두부스테이크
6863895,두부스테이크
6956585,두부스테이크
6955862,두부스테이크
6953705,두부스테이크
6953658,두부스테이크
6951568,두부스테이크
6948773,두부스테이크
6944054,두부스테이크
6941191,두부스테이크
6936580,두부스테이크
6934036,두부스테이크
6933455,두부스테이크
6932745,두부스테이크
6931270,두부스테이크
6923458,두부스테이크
6917089,두부스테이크
6914369,두부스테이크
6914024,두부스테이크
6912791,두부스테이크
6911520,두부스테이크
6910465,두부스테이크
6906751,두부스테이크
6903552,두부스테이크
6901361,두부스테이크
6898256,두부스테이크
6891761,두부스테이크
6884313,두부스테이크
6878667,두부스테이크
6872098,두부스테이크
6871963,두부스테이크
6867245,두부스테이크
6866241,두부스테이크
6866231,두부스테이크
6851797,두부스테이크
6851269,두부스테이크
6850956,두부스테이크
6849759,두부스테이크
6848936,두부스테이크
6848787,두부스테이크
6848786,두부스테이크
6847486,두부스테이크
6847024,두부스테이크
6846523,두부스테이크
6845769,두부스테이크
6843896,두부스테이크
6836884,두부스테이크
6832882,두부스테이크
6831368,두부스테이크
6710799,두부스테이크
6705074,두부스테이크
6670953,두부스테이크
6617409,두부스테이크
6549830,두부스테이크
5971332,두부스테이크
5876957,두부스테이크
5782661,두부스테이크
5661988,두부스테이크
5478660,두부스테이크
5337683,두부스테이크
5229002,두부스테이크
4931240,두부스테이크
4803238,두부스테이크
4715126,두부스테이크
4223724,두부스테이크
3393419,두부스테이크
2983344,두부스테이크
2772988,두부스테이크
2625219,두부스테이크
2345503,두부스테이크
1995756,두부스테이크
1797207,두부스테이크
1794738,두부스테이크
1657598,두부스테이크
1509359,두부스테이크
1349401,두부스테이크
1136975,두부스테이크
775090,두부스테이크
647415,두부스테이크
395461,두부스테이크
139991,두부스테이크
