6910133,돼지갈비찜
6900758,돼지갈비찜
6872886,돼지갈비찜
6889081,돼지갈비찜
6932278,돼지갈비찜
6934624,돼지갈비찜
6876575,돼지갈비찜
6905963,돼지갈비찜
6911025,돼지갈비찜
6903699,돼지갈비찜
6946122,돼지갈비찜
6928568,돼지갈비찜
6925733,돼지갈비찜
4276676,돼지갈비찜
6944277,돼지갈비찜
6920088,돼지갈비찜
6924929,돼지갈비찜
5289374,돼지갈비찜
6898761,돼지갈비찜
6909771,돼지갈비찜
6944201,돼지갈비찜
6905008,돼지갈비찜
6868134,돼지갈비찜
6942662,돼지갈비찜
6892164,돼지갈비찜
6902266,돼지갈비찜
6907610,돼지갈비찜
6949660,돼지갈비찜
6931326,돼지갈비찜
3392973,돼지갈비찜
6871048,돼지갈비찜
6883771,돼지갈비찜
6951643,돼지갈비찜
6862598,돼지갈비찜
6941444,돼지갈비찜
6861273,돼지갈비찜
6954094,돼지갈비찜
6843725,돼지갈비찜
6894613,돼지갈비찜
6917052,돼지갈비찜
6948101,돼지갈비찜
6869422,돼지갈비찜
6864375,돼지갈비찜
6833547,돼지갈비찜
6896567,돼지갈비찜
6935485,돼지갈비찜
6955818,돼지갈비찜
6883195,돼지갈비찜
6868830,돼지갈비찜
4112658,돼지갈비찜
6876973,돼지갈비찜
6925971,돼지갈비찜
6843492,돼지갈비찜
6897325,돼지갈비찜
6956507,돼지갈비찜
2329160,돼지갈비찜
6918249,돼지갈비찜
6862619,돼지갈비찜
6875699,돼지갈비찜
6841753,돼지갈비찜
6858155,돼지갈비찜
1206020,돼지갈비찜
6853049,돼지갈비찜
6842932,돼지갈비찜
6878686,돼지갈비찜
6847488,돼지갈비찜
5425201,돼지갈비찜
6925147,돼지갈비찜
6947830,돼지갈비찜
6880864,돼지갈비찜
6863647,돼지갈비찜
6851070,돼지갈비찜
6876693,돼지갈비찜
5763105,돼지갈비찜
6833712,돼지갈비찜
5714974,돼지갈비찜
6914400,돼지갈비찜
6893393,돼지갈비찜
6886996,돼지갈비찜
6831222,돼지갈비찜
6861425,돼지갈비찜
6839652,돼지갈비찜
6904716,돼지갈비찜
2501070,돼지갈비찜
4218837,돼지갈비찜
759454,돼지갈비찜
6895629,돼지갈비찜
6896260,돼지갈비찜
6895180,돼지갈비찜
6831972,돼지갈비찜
6883713,돼지갈비찜
6851141,돼지갈비찜
629775,돼지갈비찜
6863976,돼지갈비찜
6925687,돼지갈비찜
6868297,돼지갈비찜
6764896,돼지갈비찜
6885987,돼지갈비찜
6841841,돼지갈비찜
6828929,돼지갈비찜
3220237,돼지갈비찜
6859667,돼지갈비찜
6869922,돼지갈비찜
6856810,돼지갈비찜
6844401,돼지갈비찜
6844429,돼지갈비찜
6156601,돼지갈비찜
6864146,돼지갈비찜
1938784,돼지갈비찜
2358079,돼지갈비찜
2501697,돼지갈비찜
6856825,돼지갈비찜
6864268,돼지갈비찜
6922484,돼지갈비찜
1866524,돼지갈비찜
6841431,돼지갈비찜
1267300,돼지갈비찜
5283441,돼지갈비찜
6863364,돼지갈비찜
6881883,돼지갈비찜
6928460,돼지갈비찜
6863130,돼지갈비찜
1023513,돼지갈비찜
6866441,돼지갈비찜
3501765,돼지갈비찜
6844768,돼지갈비찜
6957735,돼지갈비찜
6956742,돼지갈비찜
6955609,돼지갈비찜
6954221,돼지갈비찜
6953321,돼지갈비찜
6951966,돼지갈비찜
6950958,돼지갈비찜
6950143,돼지갈비찜
6949320,돼지갈비찜
6948749,돼지갈비찜
6948541,돼지갈비찜
6947660,돼지갈비찜
6946735,돼지갈비찜
6946498,돼지갈비찜
6946363,돼지갈비찜
6944611,돼지갈비찜
6944102,돼지갈비찜
6943267,돼지갈비찜
6942890,돼지갈비찜
6942829,돼지갈비찜
6942796,돼지갈비찜
6942419,돼지갈비찜
6942376,돼지갈비찜
6941400,돼지갈비찜
6939266,돼지갈비찜
6939041,돼지갈비찜
6938924,돼지갈비찜
6938593,돼지갈비찜
6938158,돼지갈비찜
6936727,돼지갈비찜
6935377,돼지갈비찜
6934114,돼지갈비찜
6933100,돼지갈비찜
6932925,돼지갈비찜
6932460,돼지갈비찜
6929846,돼지갈비찜
6927884,돼지갈비찜
6927384,돼지갈비찜
6926667,돼지갈비찜
6926121,돼지갈비찜
6925479,돼지갈비찜
6925385,돼지갈비찜
6925355,돼지갈비찜
6924713,돼지갈비찜
6924008,돼지갈비찜
6922375,돼지갈비찜
6922102,돼지갈비찜
6921987,돼지갈비찜
6921213,돼지갈비찜
6921049,돼지갈비찜
6919099,돼지갈비찜
6919081,돼지갈비찜
6918319,돼지갈비찜
6917422,돼지갈비찜
6917091,돼지갈비찜
6916364,돼지갈비찜
6915917,돼지갈비찜
6914831,돼지갈비찜
6914710,돼지갈비찜
6914110,돼지갈비찜
6913646,돼지갈비찜
6912806,돼지갈비찜
6910987,돼지갈비찜
6909700,돼지갈비찜
6907499,돼지갈비찜
6907490,돼지갈비찜
6907096,돼지갈비찜
6906001,돼지갈비찜
6905943,돼지갈비찜
6905755,돼지갈비찜
6905606,돼지갈비찜
6903880,돼지갈비찜
6903412,돼지갈비찜
6902843,돼지갈비찜
6901333,돼지갈비찜
6899647,돼지갈비찜
6898040,돼지갈비찜
6897791,돼지갈비찜
6897648,돼지갈비찜
6896776,돼지갈비찜
6896484,돼지갈비찜
6896056,돼지갈비찜
6896052,돼지갈비찜
6893817,돼지갈비찜
6893019,돼지갈비찜
6892450,돼지갈비찜
6891674,돼지갈비찜
6891255,돼지갈비찜
6889672,돼지갈비찜
6889665,돼지갈비찜
6889647,돼지갈비찜
6889240,돼지갈비찜
6887077,돼지갈비찜
6884158,돼지갈비찜
6884006,돼지갈비찜
6883862,돼지갈비찜
6883761,돼지갈비찜
6882220,돼지갈비찜
6881501,돼지갈비찜
6881285,돼지갈비찜
6881060,돼지갈비찜
6879790,돼지갈비찜
6879636,돼지갈비찜
6879451,돼지갈비찜
6878265,돼지갈비찜
6877706,돼지갈비찜
6877244,돼지갈비찜
6875980,돼지갈비찜
6875878,돼지갈비찜
6875459,돼지갈비찜
6875205,돼지갈비찜
6874804,돼지갈비찜
6874028,돼지갈비찜
6873323,돼지갈비찜
6872477,돼지갈비찜
6871149,돼지갈비찜
6870444,돼지갈비찜
6868929,돼지갈비찜
6868725,돼지갈비찜
6864907,돼지갈비찜
6863907,돼지갈비찜
6862427,돼지갈비찜
6860431,돼지갈비찜
6859468,돼지갈비찜
6857207,돼지갈비찜
6856842,돼지갈비찜
6856761,돼지갈비찜
6856587,돼지갈비찜
6855147,돼지갈비찜
6854842,돼지갈비찜
6854688,돼지갈비찜
6853484,돼지갈비찜
6852892,돼지갈비찜
6852546,돼지갈비찜
6850438,돼지갈비찜
6849797,돼지갈비찜
6847744,돼지갈비찜
6847738,돼지갈비찜
6844479,돼지갈비찜
6843664,돼지갈비찜
6843451,돼지갈비찜
6842929,돼지갈비찜
6842927,돼지갈비찜
6842388,돼지갈비찜
6841012,돼지갈비찜
6836858,돼지갈비찜
6836058,돼지갈비찜
6834951,돼지갈비찜
6834907,돼지갈비찜
6834658,돼지갈비찜
6834597,돼지갈비찜
6834484,돼지갈비찜
6834401,돼지갈비찜
6834172,돼지갈비찜
6832827,돼지갈비찜
6832210,돼지갈비찜
6830878,돼지갈비찜
6830184,돼지갈비찜
6828927,돼지갈비찜
6786737,돼지갈비찜
6771920,돼지갈비찜
6678634,돼지갈비찜
6626219,돼지갈비찜
6620210,돼지갈비찜
6555655,돼지갈비찜
6390258,돼지갈비찜
6032163,돼지갈비찜
5648278,돼지갈비찜
5581782,돼지갈비찜
5400263,돼지갈비찜
5110172,돼지갈비찜
4925645,돼지갈비찜
4803719,돼지갈비찜
4570880,돼지갈비찜
4530733,돼지갈비찜
4474277,돼지갈비찜
4418403,돼지갈비찜
4259018,돼지갈비찜
4187142,돼지갈비찜
3969217,돼지갈비찜
3393259,돼지갈비찜
3285963,돼지갈비찜
3095713,돼지갈비찜
3093781,돼지갈비찜
2791832,돼지갈비찜
2669251,돼지갈비찜
2630430,돼지갈비찜
2588422,돼지갈비찜
2565279,돼지갈비찜
2529977,돼지갈비찜
2500812,돼지갈비찜
2480962,돼지갈비찜
2352588,돼지갈비찜
2344330,돼지갈비찜
2302453,돼지갈비찜
2013676,돼지갈비찜
2002310,돼지갈비찜
1878785,돼지갈비찜
1843197,돼지갈비찜
1829305,돼지갈비찜
1814324,돼지갈비찜
1718160,돼지갈비찜
1702482,돼지갈비찜
1457094,돼지갈비찜
1455272,돼지갈비찜
1073547,돼지갈비찜
998817,돼지갈비찜
985548,돼지갈비찜
903592,돼지갈비찜
719523,돼지갈비찜
696911,돼지갈비찜
626798,돼지갈비찜
393582,돼지갈비찜
373364,돼지갈비찜
33864,돼지갈비찜
