6885761,도토리묵무침
6868921,도토리묵무침
6843829,도토리묵무침
6929678,도토리묵무침
6903821,도토리묵무침
6922815,도토리묵무침
6888971,도토리묵무침
6913431,도토리묵무침
4746544,도토리묵무침
6891036,도토리묵무침
6845554,도토리묵무침
6953381,도토리묵무침
4465981,도토리묵무침
6888025,도토리묵무침
6901839,도토리묵무침
6951214,도토리묵무침
6936013,도토리묵무침
6920725,도토리묵무침
6926218,도토리묵무침
6841727,도토리묵무침
6949129,도토리묵무침
6841278,도토리묵무침
6868322,도토리묵무침
6842042,도토리묵무침
6874690,도토리묵무침
6898635,도토리묵무침
6916854,도토리묵무침
6860521,도토리묵무침
4077893,도토리묵무침
6876117,도토리묵무침
6911453,도토리묵무침
6940724,도토리묵무침
6835510,도토리묵무침
6872478,도토리묵무침
6921468,도토리묵무침
6928299,도토리묵무침
5100997,도토리묵무침
6883868,도토리묵무침
6900853,도토리묵무침
6947057,도토리묵무침
6867700,도토리묵무침
6954833,도토리묵무침
6870603,도토리묵무침
4527722,도토리묵무침
6853685,도토리묵무침
6556293,도토리묵무침
2603077,도토리묵무침
6927059,도토리묵무침
6911189,도토리묵무침
6923400,도토리묵무침
6846421,도토리묵무침
6847500,도토리묵무침
4861520,도토리묵무침
6844910,도토리묵무침
5065879,도토리묵무침
6912476,도토리묵무침
6914539,도토리묵무침
6895614,도토리묵무침
6888824,도토리묵무침
6846942,도토리묵무침
6937088,도토리묵무침
6874693,도토리묵무침
6908047,도토리묵무침
6919938,도토리묵무침
6911938,도토리묵무침
5811231,도토리묵무침
6879779,도토리묵무침
6857573,도토리묵무침
6876774,도토리묵무침
6926295,도토리묵무침
2658369,도토리묵무침
6538869,도토리묵무침
6942985,도토리묵무침
6892954,도토리묵무침
6850608,도토리묵무침
5220626,도토리묵무침
6855387,도토리묵무침
6861620,도토리묵무침
6890894,도토리묵무침
6829369,도토리묵무침
6904720,도토리묵무침
6843437,도토리묵무침
6910176,도토리묵무침
6888862,도토리묵무침
6847007,도토리묵무침
6875189,도토리묵무침
6847661,도토리묵무침
1765454,도토리묵무침
6871801,도토리묵무침
6957715,도토리묵무침
6957568,도토리묵무침
6956265,도토리묵무침
6954198,도토리묵무침
6953197,도토리묵무침
6953014,도토리묵무침
6950133,도토리묵무침
6950088,도토리묵무침
6949010,도토리묵무침
6946893,도토리묵무침
6946149,도토리묵무침
6944413,도토리묵무침
6944216,도토리묵무침
6943158,도토리묵무침
6941750,도토리묵무침
6940742,도토리묵무침
6939578,도토리묵무침
6939487,도토리묵무침
6935716,도토리묵무침
6934435,도토리묵무침
6933294,도토리묵무침
6932540,도토리묵무침
6931965,도토리묵무침
6930799,도토리묵무침
6930767,도토리묵무침
6929845,도토리묵무침
6926245,도토리묵무침
6926144,도토리묵무침
6925658,도토리묵무침
6923599,도토리묵무침
6923513,도토리묵무침
6923393,도토리묵무침
6922489,도토리묵무침
6920618,도토리묵무침
6920584,도토리묵무침
6920256,도토리묵무침
6919780,도토리묵무침
6919317,도토리묵무침
6918399,도토리묵무침
6918152,도토리묵무침
6918079,도토리묵무침
6917005,도토리묵무침
6915075,도토리묵무침
6913794,도토리묵무침
6911765,도토리묵무침
6911549,도토리묵무침
6909183,도토리묵무침
6905070,도토리묵무침
6903484,도토리묵무침
6902654,도토리묵무침
6902369,도토리묵무침
6902209,도토리묵무침
6901212,도토리묵무침
6901152,도토리묵무침
6900183,도토리묵무침
6898895,도토리묵무침
6897617,도토리묵무침
6892001,도토리묵무침
6890905,도토리묵무침
6889803,도토리묵무침
6882838,도토리묵무침
6882091,도토리묵무침
6881460,도토리묵무침
6881333,도토리묵무침
6880478,도토리묵무침
6879690,도토리묵무침
6878212,도토리묵무침
6876337,도토리묵무침
6874887,도토리묵무침
6871111,도토리묵무침
6870891,도토리묵무침
6869942,도토리묵무침
6868882,도토리묵무침
6868448,도토리묵무침
6867112,도토리묵무침
6866539,도토리묵무침
6866300,도토리묵무침
6859932,도토리묵무침
6859034,도토리묵무침
6856472,도토리묵무침
6856218,도토리묵무침
6855453,도토리묵무침
6851847,도토리묵무침
6851480,도토리묵무침
6850769,도토리묵무침
6846719,도토리묵무침
6845110,도토리묵무침
6845027,도토리묵무침
6840307,도토리묵무침
6837759,도토리묵무침
6835114,도토리묵무침
6833751,도토리묵무침
6726120,도토리묵무침
6693306,도토리묵무침
6691569,도토리묵무침
6657741,도토리묵무침
6612177,도토리묵무침
6593198,도토리묵무침
6360168,도토리묵무침
6337069,도토리묵무침
6314753,도토리묵무침
6186581,도토리묵무침
5908205,도토리묵무침
5617043,도토리묵무침
5267558,도토리묵무침
5169169,도토리묵무침
5072487,도토리묵무침
4805610,도토리묵무침
4737845,도토리묵무침
4696860,도토리묵무침
4694103,도토리묵무침
4691568,도토리묵무침
4658668,도토리묵무침
4525318,도토리묵무침
4339473,도토리묵무침
4089053,도토리묵무침
3367107,도토리묵무침
2645021,도토리묵무침
1939968,도토리묵무침
1829051,도토리묵무침
1798860,도토리묵무침
1730266,도토리묵무침
1386970,도토리묵무침
980209,도토리묵무침
731572,도토리묵무침
596976,도토리묵무침
337510,도토리묵무침
134511,도토리묵무침
104090,도토리묵무침
