6889570,돼지고기김치찜
6843071,돼지고기김치찜
6884026,돼지고기김치찜
6866401,돼지고기김치찜
6956828,돼지고기김치찜
4556222,돼지고기김치찜
6838356,돼지고기김치찜
6879898,돼지고기김치찜
6903553,돼지고기김치찜
6929008,돼지고기김치찜
6883872,돼지고기김치찜
6925258,돼지고기김치찜
6944350,돼지고기김치찜
6864003,돼지고기김치찜
6953271,돼지고기김치찜
6913557,돼지고기김치찜
6865862,돼지고기김치찜
6862696,돼지고기김치찜
6838955,돼지고기김치찜
6918043,돼지고기김치찜
6930726,돼지고기김치찜
6873833,돼지고기김치찜
6900375,돼지고기김치찜
6921130,돼지고기김치찜
6901591,돼지고기김치찜
6932008,돼지고기김치찜
6935028,돼지고기김치찜
6933465,돼지고기김치찜
6937821,돼지고기김치찜
6697979,돼지고기김치찜
6906417,돼지고기김치찜
6889667,돼지고기김치찜
6847668,돼지고기김치찜
6926814,돼지고기김치찜
6913256,돼지고기김치찜
6945019,돼지고기김치찜
6862457,돼지고기김치찜
6891760,돼지고기김치찜
6895192,돼지고기김치찜
6839909,돼지고기김치찜
6833265,돼지고기김치찜
6875564,돼지고기김치찜
6795615,돼지고기김치찜
4218837,돼지고기김치찜
6831331,돼지고기김치찜
6891687,돼지고기김치찜
6709357,돼지고기김치찜
6880863,돼지고기김치찜
3516293,돼지고기김치찜
6834615,돼지고기김치찜
6881304,돼지고기김치찜
6850976,돼지고기김치찜
6838935,돼지고기김치찜
6922484,돼지고기김치찜
6844064,돼지고기김치찜
4888547,돼지고기김치찜
2015331,돼지고기김치찜
1484550,돼지고기김치찜
6957404,돼지고기김치찜
6957218,돼지고기김치찜
6955798,돼지고기김치찜
6954283,돼지고기김치찜
6953083,돼지고기김치찜
6951549,돼지고기김치찜
6950645,돼지고기김치찜
6946922,돼지고기김치찜
6944302,돼지고기김치찜
6942590,돼지고기김치찜
6938505,돼지고기김치찜
6936212,돼지고기김치찜
6934986,돼지고기김치찜
6934886,돼지고기김치찜
6932678,돼지고기김치찜
6931011,돼지고기김치찜
6927010,돼지고기김치찜
6926392,돼지고기김치찜
6925725,돼지고기김치찜
6923670,돼지고기김치찜
6922455,돼지고기김치찜
6922334,돼지고기김치찜
6921969,돼지고기김치찜
6921490,돼지고기김치찜
6919134,돼지고기김치찜
6918295,돼지고기김치찜
6917967,돼지고기김치찜
6916836,돼지고기김치찜
6915320,돼지고기김치찜
6912248,돼지고기김치찜
6908305,돼지고기김치찜
6905997,돼지고기김치찜
6905374,돼지고기김치찜
6903154,돼지고기김치찜
6901966,돼지고기김치찜
6900734,돼지고기김치찜
6899368,돼지고기김치찜
6898552,돼지고기김치찜
6891045,돼지고기김치찜
6885667,돼지고기김치찜
6884114,돼지고기김치찜
6882160,돼지고기김치찜
6868066,돼지고기김치찜
6866810,돼지고기김치찜
6865090,돼지고기김치찜
6842229,돼지고기김치찜
6840069,돼지고기김치찜
6839016,돼지고기김치찜
6837656,돼지고기김치찜
6830075,돼지고기김치찜
6639557,돼지고기김치찜
6452469,돼지고기김치찜
5075069,돼지고기김치찜
1761613,돼지고기김치찜
1596797,돼지고기김치찜
1476291,돼지고기김치찜
1428920,돼지고기김치찜
343327,돼지고기김치찜
