6906771,돼지고기장조림
6876570,돼지고기장조림
6841296,돼지고기장조림
6858655,돼지고기장조림
6832119,돼지고기장조림
6323924,돼지고기장조림
6891396,돼지고기장조림
4029210,돼지고기장조림
6940644,돼지고기장조림
6888499,돼지고기장조림
4172530,돼지고기장조림
5372032,돼지고기장조림
6833143,돼지고기장조림
6895461,돼지고기장조림
6912670,돼지고기장조림
6891527,돼지고기장조림
6923967,돼지고기장조림
5044449,돼지고기장조림
6953637,돼지고기장조림
6833835,돼지고기장조림
6342193,돼지고기장조림
6940696,돼지고기장조림
6916479,돼지고기장조림
6838753,돼지고기장조림
6868433,돼지고기장조림
6859429,돼지고기장조림
6831549,돼지고기장조림
6910230,돼지고기장조림
6884456,돼지고기장조림
6830377,돼지고기장조림
6849892,돼지고기장조림
6921025,돼지고기장조림
6868926,돼지고기장조림
6955460,돼지고기장조림
4373570,돼지고기장조림
6945182,돼지고기장조림
6887966,돼지고기장조림
6849736,돼지고기장조림
6831693,돼지고기장조림
6909298,돼지고기장조림
6924770,돼지고기장조림
6837194,돼지고기장조림
6849739,돼지고기장조림
6901031,돼지고기장조림
6858329,돼지고기장조림
6728600,돼지고기장조림
6912665,돼지고기장조림
6938736,돼지고기장조림
6699011,돼지고기장조림
6866518,돼지고기장조림
6838233,돼지고기장조림
6846007,돼지고기장조림
6945407,돼지고기장조림
6842173,돼지고기장조림
6228576,돼지고기장조림
6920345,돼지고기장조림
6906193,돼지고기장조림
6831853,돼지고기장조림
6858242,돼지고기장조림
6850454,돼지고기장조림
6830166,돼지고기장조림
6508651,돼지고기장조림
6785497,돼지고기장조림
6855506,돼지고기장조림
5817718,돼지고기장조림
6833778,돼지고기장조림
6895234,돼지고기장조림
6843668,돼지고기장조림
6889801,돼지고기장조림
6869423,돼지고기장조림
6878431,돼지고기장조림
4741876,돼지고기장조림
6716260,돼지고기장조림
6846147,돼지고기장조림
6912348,돼지고기장조림
6464548,돼지고기장조림
2811003,돼지고기장조림
6866135,돼지고기장조림
2479063,돼지고기장조림
6847159,돼지고기장조림
1052615,돼지고기장조림
6629437,돼지고기장조림
6733775,돼지고기장조림
6862436,돼지고기장조림
682697,돼지고기장조림
6955733,돼지고기장조림
6953323,돼지고기장조림
6952252,돼지고기장조림
6951311,돼지고기장조림
6949045,돼지고기장조림
6948270,돼지고기장조림
6945802,돼지고기장조림
6942495,돼지고기장조림
6941607,돼지고기장조림
6941218,돼지고기장조림
6940802,돼지고기장조림
6940612,돼지고기장조림
6940007,돼지고기장조림
6939799,돼지고기장조림
6935981,돼지고기장조림
6935148,돼지고기장조림
6935086,돼지고기장조림
6934952,돼지고기장조림
6934032,돼지고기장조림
6930896,돼지고기장조림
6927173,돼지고기장조림
6925279,돼지고기장조림
6923694,돼지고기장조림
6923085,돼지고기장조림
6921985,돼지고기장조림
6918726,돼지고기장조림
6915853,돼지고기장조림
6914795,돼지고기장조림
6913423,돼지고기장조림
6907929,돼지고기장조림
6907863,돼지고기장조림
6907666,돼지고기장조림
6905600,돼지고기장조림
6905558,돼지고기장조림
6902839,돼지고기장조림
6902420,돼지고기장조림
6902251,돼지고기장조림
6901732,돼지고기장조림
6901343,돼지고기장조림
6901299,돼지고기장조림
6900583,돼지고기장조림
6897384,돼지고기장조림
6896781,돼지고기장조림
6894042,돼지고기장조림
6891662,돼지고기장조림
6891391,돼지고기장조림
6885963,돼지고기장조림
6885954,돼지고기장조림
6884083,돼지고기장조림
6883559,돼지고기장조림
6882729,돼지고기장조림
6878406,돼지고기장조림
6878192,돼지고기장조림
6871764,돼지고기장조림
6869601,돼지고기장조림
6866192,돼지고기장조림
6862801,돼지고기장조림
6860835,돼지고기장조림
6858379,돼지고기장조림
6857799,돼지고기장조림
6857711,돼지고기장조림
6852295,돼지고기장조림
6847928,돼지고기장조림
6839780,돼지고기장조림
6838537,돼지고기장조림
6836961,돼지고기장조림
6835222,돼지고기장조림
6832762,돼지고기장조림
6830612,돼지고기장조림
6776810,돼지고기장조림
6674107,돼지고기장조림
6625485,돼지고기장조림
6611197,돼지고기장조림
6603655,돼지고기장조림
6010039,돼지고기장조림
5784156,돼지고기장조림
5660988,돼지고기장조림
5417865,돼지고기장조림
5172842,돼지고기장조림
4732885,돼지고기장조림
4010698,돼지고기장조림
3996009,돼지고기장조림
3888004,돼지고기장조림
3764447,돼지고기장조림
2688253,돼지고기장조림
2576786,돼지고기장조림
2557588,돼지고기장조림
2497322,돼지고기장조림
2412273,돼지고기장조림
2330704,돼지고기장조림
2308961,돼지고기장조림
1991658,돼지고기장조림
1979875,돼지고기장조림
1925079,돼지고기장조림
1845367,돼지고기장조림
1823140,돼지고기장조림
1809273,돼지고기장조림
1749094,돼지고기장조림
1684985,돼지고기장조림
1578023,돼지고기장조림
1434379,돼지고기장조림
1242830,돼지고기장조림
1011171,돼지고기장조림
525499,돼지고기장조림
129720,돼지고기장조림
