6858432,또띠아피자
6882362,또띠아피자
6948475,또띠아피자
4092636,또띠아피자
6928611,또띠아피자
6933940,또띠아피자
6830085,또띠아피자
6932421,또띠아피자
6871472,또띠아피자
6839004,또띠아피자
3814784,또띠아피자
6949285,또띠아피자
6406162,또띠아피자
6897969,또띠아피자
6839075,또띠아피자
6896351,또띠아피자
6874929,또띠아피자
6858869,또띠아피자
6908573,또띠아피자
6931481,또띠아피자
6861526,또띠아피자
6857088,또띠아피자
6915191,또띠아피자
6861194,또띠아피자
6919013,또띠아피자
6556831,또띠아피자
6882387,또띠아피자
6835687,또띠아피자
5479046,또띠아피자
6866992,또띠아피자
6866820,또띠아피자
6832950,또띠아피자
1867399,또띠아피자
6911876,또띠아피자
6779245,또띠아피자
6863305,또띠아피자
6829473,또띠아피자
6944068,또띠아피자
6878993,또띠아피자
6847257,또띠아피자
6833178,또띠아피자
6872028,또띠아피자
6874453,또띠아피자
6861981,또띠아피자
6831028,또띠아피자
6834395,또띠아피자
6838245,또띠아피자
6880461,또띠아피자
6690458,또띠아피자
6865085,또띠아피자
6905925,또띠아피자
6791594,또띠아피자
6844321,또띠아피자
5756365,또띠아피자
1437001,또띠아피자
6832685,또띠아피자
6299910,또띠아피자
6842007,또띠아피자
6844375,또띠아피자
6866245,또띠아피자
6846040,또띠아피자
6754785,또띠아피자
4353838,또띠아피자
6833310,또띠아피자
6839753,또띠아피자
6210322,또띠아피자
6957045,또띠아피자
6956798,또띠아피자
6956772,또띠아피자
6954603,또띠아피자
6954078,또띠아피자
6953346,또띠아피자
6953176,또띠아피자
6952637,또띠아피자
6952172,또띠아피자
6951930,또띠아피자
6951760,또띠아피자
6951386,또띠아피자
6951310,또띠아피자
6951246,또띠아피자
6950907,또띠아피자
6949286,또띠아피자
6948396,또띠아피자
6945586,또띠아피자
6945067,또띠아피자
6943420,또띠아피자
6942491,또띠아피자
6941980,또띠아피자
6940971,또띠아피자
6940679,또띠아피자
6939492,또띠아피자
6939112,또띠아피자
6939006,또띠아피자
6938169,또띠아피자
6937828,또띠아피자
6937254,또띠아피자
6935993,또띠아피자
6935287,또띠아피자
6935108,또띠아피자
6934840,또띠아피자
6934444,또띠아피자
6931952,또띠아피자
6931686,또띠아피자
6931538,또띠아피자
6929725,또띠아피자
6927625,또띠아피자
6927623,또띠아피자
6926972,또띠아피자
6925786,또띠아피자
6925717,또띠아피자
6924896,또띠아피자
6916936,또띠아피자
6916909,또띠아피자
6916432,또띠아피자
6915370,또띠아피자
6911082,또띠아피자
6910519,또띠아피자
6906722,또띠아피자
6906584,또띠아피자
6905397,또띠아피자
6905017,또띠아피자
6902001,또띠아피자
6901950,또띠아피자
6901004,또띠아피자
6900151,또띠아피자
6899561,또띠아피자
6899135,또띠아피자
6899004,또띠아피자
6898210,또띠아피자
6896476,또띠아피자
6896087,또띠아피자
6895489,또띠아피자
6895121,또띠아피자
6893380,또띠아피자
6892258,또띠아피자
6890329,또띠아피자
6889170,또띠아피자
6889151,또띠아피자
6889132,또띠아피자
6885617,또띠아피자
6885282,또띠아피자
6883156,또띠아피자
6882125,또띠아피자
6881066,또띠아피자
6881030,또띠아피자
6880467,또띠아피자
6880305,또띠아피자
6879664,또띠아피자
6879167,또띠아피자
6878289,또띠아피자
6878210,또띠아피자
6878169,또띠아피자
6877530,또띠아피자
6877088,또띠아피자
6877067,또띠아피자
6876200,또띠아피자
6876197,또띠아피자
6875206,또띠아피자
6874780,또띠아피자
6874188,또띠아피자
6873213,또띠아피자
6873212,또띠아피자
6872764,또띠아피자
6872032,또띠아피자
6872025,또띠아피자
6871848,또띠아피자
6871589,또띠아피자
6871373,또띠아피자
6869406,또띠아피자
6869381,또띠아피자
6867781,또띠아피자
6866541,또띠아피자
6865070,또띠아피자
6863758,또띠아피자
6863733,또띠아피자
6863307,또띠아피자
6863247,또띠아피자
6862882,또띠아피자
6862773,또띠아피자
6861896,또띠아피자
6861016,또띠아피자
6860779,또띠아피자
6860603,또띠아피자
6859872,또띠아피자
6858430,또띠아피자
6858415,또띠아피자
6857830,또띠아피자
6857701,또띠아피자
6857622,또띠아피자
6856548,또띠아피자
6856052,또띠아피자
6855163,또띠아피자
6853441,또띠아피자
6853276,또띠아피자
6852180,또띠아피자
6851871,또띠아피자
6851708,또띠아피자
6850350,또띠아피자
6849067,또띠아피자
6848069,또띠아피자
6846976,또띠아피자
6846128,또띠아피자
6846095,또띠아피자
6845581,또띠아피자
6844855,또띠아피자
6844794,또띠아피자
6844153,또띠아피자
6843314,또띠아피자
6843228,또띠아피자
6838279,또띠아피자
6838202,또띠아피자
6838096,또띠아피자
6838068,또띠아피자
6837890,또띠아피자
6837588,또띠아피자
6836725,또띠아피자
6836611,또띠아피자
6836552,또띠아피자
6836200,또띠아피자
6835569,또띠아피자
6835155,또띠아피자
6835097,또띠아피자
6834501,또띠아피자
6834070,또띠아피자
6833862,또띠아피자
6832979,또띠아피자
6831878,또띠아피자
6830771,또띠아피자
6830046,또띠아피자
6829993,또띠아피자
6829567,또띠아피자
6829552,또띠아피자
6829505,또띠아피자
6829388,또띠아피자
6829384,또띠아피자
6829166,또띠아피자
6829099,또띠아피자
6826865,또띠아피자
6794391,또띠아피자
6791459,또띠아피자
6787489,또띠아피자
6783339,또띠아피자
6769558,또띠아피자
6763807,또띠아피자
6759413,또띠아피자
6755954,또띠아피자
6734754,또띠아피자
6734353,또띠아피자
6727827,또띠아피자
6713908,또띠아피자
6694969,또띠아피자
6694962,또띠아피자
6694899,또띠아피자
6683099,또띠아피자
6622175,또띠아피자
6594204,또띠아피자
6549888,또띠아피자
6517706,또띠아피자
6456167,또띠아피자
6445627,또띠아피자
6389297,또띠아피자
6330782,또띠아피자
6318678,또띠아피자
6050976,또띠아피자
5934630,또띠아피자
5924272,또띠아피자
5899508,또띠아피자
5833941,또띠아피자
5793652,또띠아피자
5774783,또띠아피자
5751652,또띠아피자
5705730,또띠아피자
5695381,또띠아피자
5655480,또띠아피자
5633119,또띠아피자
5550204,또띠아피자
5528971,또띠아피자
5354735,또띠아피자
5346518,또띠아피자
5121477,또띠아피자
5116274,또띠아피자
4998202,또띠아피자
4976407,또띠아피자
4776199,또띠아피자
4763610,또띠아피자
4731313,또띠아피자
4642026,또띠아피자
4468997,또띠아피자
4437028,또띠아피자
4405670,또띠아피자
4335316,또띠아피자
4271519,또띠아피자
4191226,또띠아피자
3690235,또띠아피자
3683989,또띠아피자
3526783,또띠아피자
3509807,또띠아피자
3322872,또띠아피자
3090075,또띠아피자
2645628,또띠아피자
2583699,또띠아피자
2579152,또띠아피자
2469782,또띠아피자
2430679,또띠아피자
2382561,또띠아피자
2373342,또띠아피자
2007894,또띠아피자
1981914,또띠아피자
1970690,또띠아피자
1924154,또띠아피자
1913183,또띠아피자
1850431,또띠아피자
1792281,또띠아피자
1790789,또띠아피자
1765748,또띠아피자
1724117,또띠아피자
1685242,또띠아피자
1656701,또띠아피자
1637707,또띠아피자
1595179,또띠아피자
1574213,또띠아피자
1567681,또띠아피자
1555666,또띠아피자
1520083,또띠아피자
1487848,또띠아피자
1448801,또띠아피자
1264471,또띠아피자
1234078,또띠아피자
1093196,또띠아피자
1056303,또띠아피자
906876,또띠아피자
719046,또띠아피자
693427,또띠아피자
665526,또띠아피자
665047,또띠아피자
581188,또띠아피자
511658,또띠아피자
504120,또띠아피자
386737,또띠아피자
372509,또띠아피자
346189,또띠아피자
