6945293,뚝배기불고기
4653357,뚝배기불고기
6844781,뚝배기불고기
6909596,뚝배기불고기
6845892,뚝배기불고기
6837318,뚝배기불고기
6853967,뚝배기불고기
6559126,뚝배기불고기
6852282,뚝배기불고기
6890209,뚝배기불고기
6867182,뚝배기불고기
6878599,뚝배기불고기
6852194,뚝배기불고기
6554395,뚝배기불고기
6878966,뚝배기불고기
6837642,뚝배기불고기
1653400,뚝배기불고기
6795795,뚝배기불고기
6956283,뚝배기불고기
6948985,뚝배기불고기
6948005,뚝배기불고기
6941021,뚝배기불고기
6930885,뚝배기불고기
6927733,뚝배기불고기
6924738,뚝배기불고기
6923939,뚝배기불고기
6918764,뚝배기불고기
6903361,뚝배기불고기
6900461,뚝배기불고기
6896073,뚝배기불고기
6892970,뚝배기불고기
6891694,뚝배기불고기
6887935,뚝배기불고기
6883682,뚝배기불고기
6880206,뚝배기불고기
6877403,뚝배기불고기
6863832,뚝배기불고기
6848665,뚝배기불고기
6842548,뚝배기불고기
6842234,뚝배기불고기
6836608,뚝배기불고기
6832746,뚝배기불고기
6829162,뚝배기불고기
6828831,뚝배기불고기
6805105,뚝배기불고기
6685572,뚝배기불고기
6586634,뚝배기불고기
6127844,뚝배기불고기
5951625,뚝배기불고기
5941343,뚝배기불고기
5809332,뚝배기불고기
5658456,뚝배기불고기
5626646,뚝배기불고기
5492118,뚝배기불고기
5246961,뚝배기불고기
4443869,뚝배기불고기
3239659,뚝배기불고기
2542973,뚝배기불고기
2315311,뚝배기불고기
1732936,뚝배기불고기
1598204,뚝배기불고기
1150514,뚝배기불고기
1114526,뚝배기불고기
162150,뚝배기불고기
