4009103,배추겉절이
6860042,배추겉절이
6857750,배추겉절이
6842706,배추겉절이
6894003,배추겉절이
6867636,배추겉절이
6907862,배추겉절이
6872596,배추겉절이
6872130,배추겉절이
6874250,배추겉절이
6882092,배추겉절이
6903764,배추겉절이
6951066,배추겉절이
6934503,배추겉절이
6939881,배추겉절이
6909594,배추겉절이
6888969,배추겉절이
6877240,배추겉절이
5040264,배추겉절이
6832593,배추겉절이
6868464,배추겉절이
6874150,배추겉절이
6046274,배추겉절이
6955342,배추겉절이
6843543,배추겉절이
6903931,배추겉절이
6842083,배추겉절이
6918910,배추겉절이
6910191,배추겉절이
6921488,배추겉절이
6943983,배추겉절이
6838648,배추겉절이
6685032,배추겉절이
6837142,배추겉절이
5776619,배추겉절이
6907246,배추겉절이
6838373,배추겉절이
6896417,배추겉절이
6883528,배추겉절이
6946131,배추겉절이
6929341,배추겉절이
6871089,배추겉절이
6864953,배추겉절이
6893554,배추겉절이
6900279,배추겉절이
6911080,배추겉절이
6916114,배추겉절이
6907911,배추겉절이
6889390,배추겉절이
6880090,배추겉절이
6933261,배추겉절이
6880841,배추겉절이
3509256,배추겉절이
6954986,배추겉절이
6839015,배추겉절이
6831690,배추겉절이
6837328,배추겉절이
6831353,배추겉절이
6867925,배추겉절이
6858025,배추겉절이
6851750,배추겉절이
6512386,배추겉절이
6915970,배추겉절이
6837601,배추겉절이
6908916,배추겉절이
1761615,배추겉절이
6932459,배추겉절이
4661227,배추겉절이
6909227,배추겉절이
6884046,배추겉절이
6933809,배추겉절이
6837412,배추겉절이
6835988,배추겉절이
6869253,배추겉절이
6908581,배추겉절이
6885458,배추겉절이
5194842,배추겉절이
6846725,배추겉절이
6858487,배추겉절이
6909872,배추겉절이
6907776,배추겉절이
6877766,배추겉절이
6832574,배추겉절이
6218454,배추겉절이
6879721,배추겉절이
6886091,배추겉절이
6879764,배추겉절이
5037303,배추겉절이
6868441,배추겉절이
6871317,배추겉절이
6835720,배추겉절이
6935315,배추겉절이
6899898,배추겉절이
6852346,배추겉절이
6853151,배추겉절이
6875896,배추겉절이
6838526,배추겉절이
6915629,배추겉절이
6885301,배추겉절이
6838880,배추겉절이
6866423,배추겉절이
6851272,배추겉절이
2857009,배추겉절이
6854483,배추겉절이
6915415,배추겉절이
6847759,배추겉절이
6911962,배추겉절이
6907730,배추겉절이
6877729,배추겉절이
6894599,배추겉절이
6891453,배추겉절이
6853805,배추겉절이
6869486,배추겉절이
1052913,배추겉절이
6957559,배추겉절이
6957427,배추겉절이
6957005,배추겉절이
6956915,배추겉절이
6956727,배추겉절이
6956454,배추겉절이
6955314,배추겉절이
6955129,배추겉절이
6954586,배추겉절이
6954069,배추겉절이
6953086,배추겉절이
6952405,배추겉절이
6952339,배추겉절이
6952285,배추겉절이
6951724,배추겉절이
6951044,배추겉절이
6950823,배추겉절이
6950407,배추겉절이
6949532,배추겉절이
6948956,배추겉절이
6948908,배추겉절이
6948001,배추겉절이
6947135,배추겉절이
6946904,배추겉절이
6946705,배추겉절이
6946479,배추겉절이
6946026,배추겉절이
6945532,배추겉절이
6945339,배추겉절이
6945298,배추겉절이
6943765,배추겉절이
6943714,배추겉절이
6942597,배추겉절이
6942087,배추겉절이
6940609,배추겉절이
6939968,배추겉절이
6939626,배추겉절이
6939433,배추겉절이
6937920,배추겉절이
6937004,배추겉절이
6935711,배추겉절이
6934060,배추겉절이
6933156,배추겉절이
6932005,배추겉절이
6931993,배추겉절이
6926954,배추겉절이
6926315,배추겉절이
6925400,배추겉절이
6925310,배추겉절이
6925294,배추겉절이
6924106,배추겉절이
6922476,배추겉절이
6921924,배추겉절이
6920564,배추겉절이
6913874,배추겉절이
6913827,배추겉절이
6912703,배추겉절이
6912633,배추겉절이
6911674,배추겉절이
6911483,배추겉절이
6906681,배추겉절이
6902912,배추겉절이
6901146,배추겉절이
6900452,배추겉절이
6898038,배추겉절이
6897431,배추겉절이
6897095,배추겉절이
6897088,배추겉절이
6896689,배추겉절이
6896120,배추겉절이
6895382,배추겉절이
6893000,배추겉절이
6892536,배추겉절이
6892489,배추겉절이
6892295,배추겉절이
6892015,배추겉절이
6891407,배추겉절이
6890661,배추겉절이
6890120,배추겉절이
6886775,배추겉절이
6885097,배추겉절이
6884033,배추겉절이
6881621,배추겉절이
6881468,배추겉절이
6880973,배추겉절이
6880494,배추겉절이
6877526,배추겉절이
6875488,배추겉절이
6874013,배추겉절이
6866800,배추겉절이
6866424,배추겉절이
6866402,배추겉절이
6864420,배추겉절이
6863656,배추겉절이
6861927,배추겉절이
6860311,배추겉절이
6860266,배추겉절이
6860036,배추겉절이
6859888,배추겉절이
6855078,배추겉절이
6849595,배추겉절이
6847737,배추겉절이
6845945,배추겉절이
6845752,배추겉절이
6843842,배추겉절이
6841558,배추겉절이
6841358,배추겉절이
6838906,배추겉절이
6838332,배추겉절이
6838208,배추겉절이
6838174,배추겉절이
6837740,배추겉절이
6837628,배추겉절이
6837143,배추겉절이
6833194,배추겉절이
6830204,배추겉절이
6694944,배추겉절이
6661008,배추겉절이
6646678,배추겉절이
6383107,배추겉절이
5386117,배추겉절이
5314156,배추겉절이
5173525,배추겉절이
4360531,배추겉절이
4025450,배추겉절이
3865616,배추겉절이
3140388,배추겉절이
3111894,배추겉절이
2998399,배추겉절이
2676744,배추겉절이
2627024,배추겉절이
2373330,배추겉절이
2320682,배추겉절이
2026101,배추겉절이
1972291,배추겉절이
1900356,배추겉절이
1866302,배추겉절이
1785818,배추겉절이
1717086,배추겉절이
1592764,배추겉절이
1558412,배추겉절이
1491680,배추겉절이
1256200,배추겉절이
1244966,배추겉절이
1109077,배추겉절이
731369,배추겉절이
664392,배추겉절이
632192,배추겉절이
