6877606,바질페스토
6916666,바질페스토
6928703,바질페스토
6899575,바질페스토
6830345,바질페스토
6945471,바질페스토
6753573,바질페스토
6909424,바질페스토
6946146,바질페스토
6910015,바질페스토
6830042,바질페스토
6845979,바질페스토
6831120,바질페스토
6844551,바질페스토
6774475,바질페스토
6856047,바질페스토
6889958,바질페스토
6846053,바질페스토
6921907,바질페스토
725628,바질페스토
6848381,바질페스토
384426,바질페스토
6957660,바질페스토
6957385,바질페스토
6957383,바질페스토
6957382,바질페스토
6956546,바질페스토
6956544,바질페스토
6956334,바질페스토
6955042,바질페스토
6953413,바질페스토
6953252,바질페스토
6947161,바질페스토
6946156,바질페스토
6945878,바질페스토
6944075,바질페스토
6944037,바질페스토
6943775,바질페스토
6943342,바질페스토
6942719,바질페스토
6942681,바질페스토
6942518,바질페스토
6942268,바질페스토
6941023,바질페스토
6938405,바질페스토
6937517,바질페스토
6936721,바질페스토
6935713,바질페스토
6935606,바질페스토
6934914,바질페스토
6930016,바질페스토
6928247,바질페스토
6927030,바질페스토
6920188,바질페스토
6920034,바질페스토
6919810,바질페스토
6918801,바질페스토
6917250,바질페스토
6916561,바질페스토
6915940,바질페스토
6912396,바질페스토
6910020,바질페스토
6909920,바질페스토
6905609,바질페스토
6905608,바질페스토
6903460,바질페스토
6902595,바질페스토
6901815,바질페스토
6899577,바질페스토
6899576,바질페스토
6899006,바질페스토
6897233,바질페스토
6895823,바질페스토
6895142,바질페스토
6893951,바질페스토
6891511,바질페스토
6888735,바질페스토
6885783,바질페스토
6885338,바질페스토
6881744,바질페스토
6881071,바질페스토
6879853,바질페스토
6879167,바질페스토
6877621,바질페스토
6873909,바질페스토
6873171,바질페스토
6868121,바질페스토
6868115,바질페스토
6857315,바질페스토
6856090,바질페스토
6853567,바질페스토
6853562,바질페스토
6853465,바질페스토
6850961,바질페스토
6849686,바질페스토
6848846,바질페스토
6848324,바질페스토
6846128,바질페스토
6845925,바질페스토
6844549,바질페스토
6844470,바질페스토
6838778,바질페스토
6837588,바질페스토
6836767,바질페스토
6835282,바질페스토
6834622,바질페스토
6834303,바질페스토
6831172,바질페스토
6831013,바질페스토
6768391,바질페스토
4731049,바질페스토
4409519,바질페스토
4328213,바질페스토
4175535,바질페스토
4171079,바질페스토
3058990,바질페스토
2774259,바질페스토
2402260,바질페스토
1232643,바질페스토
733845,바질페스토
688113,바질페스토
