6857411,바나나식초
6837268,바나나식초
6846837,바나나식초
6871822,바나나식초
6850203,바나나식초
6908715,바나나식초
6895979,바나나식초
6873711,바나나식초
6866008,바나나식초
6857603,바나나식초
6841019,바나나식초
6838995,바나나식초
6835260,바나나식초
6834891,바나나식초
6832565,바나나식초
6832307,바나나식초
6829868,바나나식초
6655019,바나나식초
6622970,바나나식초
5129452,바나나식초
5060257,바나나식초
2413210,바나나식초
2025579,바나나식초
