6911201,미니핫도그
6907487,미니핫도그
6838740,미니핫도그
6859962,미니핫도그
6906575,미니핫도그
6903647,미니핫도그
4025460,미니핫도그
6898883,미니핫도그
5125526,미니핫도그
6836789,미니핫도그
6854083,미니핫도그
6930612,미니핫도그
5879840,미니핫도그
6869329,미니핫도그
6864246,미니핫도그
6873497,미니핫도그
6851950,미니핫도그
1682798,미니핫도그
6772450,미니핫도그
6833138,미니핫도그
956073,미니핫도그
6952105,미니핫도그
6948604,미니핫도그
6946205,미니핫도그
6943191,미니핫도그
6938516,미니핫도그
6935449,미니핫도그
6935177,미니핫도그
6931894,미니핫도그
6930986,미니핫도그
6928440,미니핫도그
6915579,미니핫도그
6915168,미니핫도그
6914363,미니핫도그
6911932,미니핫도그
6907927,미니핫도그
6901460,미니핫도그
6899982,미니핫도그
6888910,미니핫도그
6888885,미니핫도그
6888260,미니핫도그
6885417,미니핫도그
6882576,미니핫도그
6878566,미니핫도그
6876878,미니핫도그
6874121,미니핫도그
6873021,미니핫도그
6870250,미니핫도그
6868782,미니핫도그
6867681,미니핫도그
6865743,미니핫도그
6864440,미니핫도그
6861184,미니핫도그
6859367,미니핫도그
6857958,미니핫도그
6854785,미니핫도그
6853494,미니핫도그
6851953,미니핫도그
6846910,미니핫도그
6844964,미니핫도그
6844883,미니핫도그
6834816,미니핫도그
6831958,미니핫도그
6830272,미니핫도그
6829882,미니핫도그
6795745,미니핫도그
6761266,미니핫도그
6086092,미니핫도그
5542903,미니핫도그
5397244,미니핫도그
4992417,미니핫도그
4775680,미니핫도그
4518745,미니핫도그
4415573,미니핫도그
3788640,미니핫도그
2782668,미니핫도그
2731791,미니핫도그
2707465,미니핫도그
2423435,미니핫도그
1970230,미니핫도그
1898529,미니핫도그
1886654,미니핫도그
1863280,미니핫도그
1642911,미니핫도그
1576977,미니핫도그
1572038,미니핫도그
1396431,미니핫도그
1196445,미니핫도그
360669,미니핫도그
339340,미니핫도그
163673,미니핫도그
132009,미니핫도그
33975,미니핫도그
