6836663,밀푀유나베
6869524,밀푀유나베
6908299,밀푀유나베
6888786,밀푀유나베
6904180,밀푀유나베
6872363,밀푀유나베
6861789,밀푀유나베
6894380,밀푀유나베
6833952,밀푀유나베
6898834,밀푀유나베
6923865,밀푀유나베
6945827,밀푀유나베
6831586,밀푀유나베
6897842,밀푀유나베
6888993,밀푀유나베
6865350,밀푀유나베
6891668,밀푀유나베
6864177,밀푀유나베
6847550,밀푀유나베
6885003,밀푀유나베
6891786,밀푀유나베
6947769,밀푀유나베
6884593,밀푀유나베
6872405,밀푀유나베
6901328,밀푀유나베
6950445,밀푀유나베
6386578,밀푀유나베
6729423,밀푀유나베
6843953,밀푀유나베
6874775,밀푀유나베
6914799,밀푀유나베
6835984,밀푀유나베
6876576,밀푀유나베
6840722,밀푀유나베
6878399,밀푀유나베
6918388,밀푀유나베
6842568,밀푀유나베
6937443,밀푀유나베
6834116,밀푀유나베
6906313,밀푀유나베
6906388,밀푀유나베
6452494,밀푀유나베
6880969,밀푀유나베
6923099,밀푀유나베
6946612,밀푀유나베
6865602,밀푀유나베
6910060,밀푀유나베
6756632,밀푀유나베
6830661,밀푀유나베
6891090,밀푀유나베
6844686,밀푀유나베
6829717,밀푀유나베
6847529,밀푀유나베
6830063,밀푀유나베
6875985,밀푀유나베
6862578,밀푀유나베
6837707,밀푀유나베
6902664,밀푀유나베
6881335,밀푀유나베
6876328,밀푀유나베
6899685,밀푀유나베
6837659,밀푀유나베
6864660,밀푀유나베
6879764,밀푀유나베
6874562,밀푀유나베
6898022,밀푀유나베
6880871,밀푀유나베
6883693,밀푀유나베
6848149,밀푀유나베
6880482,밀푀유나베
6898195,밀푀유나베
6545265,밀푀유나베
6954880,밀푀유나베
6954516,밀푀유나베
6954176,밀푀유나베
6953643,밀푀유나베
6953169,밀푀유나베
6952966,밀푀유나베
6952673,밀푀유나베
6951843,밀푀유나베
6951090,밀푀유나베
6951041,밀푀유나베
6950993,밀푀유나베
6948804,밀푀유나베
6948802,밀푀유나베
6946012,밀푀유나베
6945428,밀푀유나베
6944609,밀푀유나베
6944311,밀푀유나베
6939361,밀푀유나베
6937229,밀푀유나베
6936884,밀푀유나베
6936266,밀푀유나베
6935050,밀푀유나베
6934302,밀푀유나베
6933441,밀푀유나베
6930970,밀푀유나베
6930394,밀푀유나베
6929463,밀푀유나베
6929082,밀푀유나베
6927224,밀푀유나베
6926880,밀푀유나베
6923680,밀푀유나베
6923509,밀푀유나베
6920146,밀푀유나베
6915140,밀푀유나베
6914789,밀푀유나베
6914498,밀푀유나베
6912101,밀푀유나베
6906657,밀푀유나베
6905513,밀푀유나베
6905012,밀푀유나베
6904126,밀푀유나베
6902848,밀푀유나베
6901834,밀푀유나베
6901717,밀푀유나베
6900985,밀푀유나베
6900193,밀푀유나베
6900164,밀푀유나베
6899667,밀푀유나베
6897936,밀푀유나베
6897560,밀푀유나베
6897483,밀푀유나베
6897143,밀푀유나베
6895053,밀푀유나베
6893655,밀푀유나베
6892089,밀푀유나베
6890524,밀푀유나베
6889199,밀푀유나베
6882508,밀푀유나베
6881938,밀푀유나베
6869269,밀푀유나베
6866617,밀푀유나베
6866213,밀푀유나베
6865167,밀푀유나베
6863440,밀푀유나베
6849252,밀푀유나베
6848316,밀푀유나베
6845719,밀푀유나베
6845301,밀푀유나베
6845280,밀푀유나베
6845221,밀푀유나베
6842931,밀푀유나베
6842220,밀푀유나베
6842162,밀푀유나베
6836510,밀푀유나베
6836257,밀푀유나베
6834995,밀푀유나베
6834084,밀푀유나베
6831976,밀푀유나베
6830481,밀푀유나베
6738940,밀푀유나베
6505470,밀푀유나베
5683415,밀푀유나베
5641525,밀푀유나베
5630978,밀푀유나베
5489091,밀푀유나베
