6872230,감자삶는법
6915598,감자삶는법
6894350,감자삶는법
6893416,감자삶는법
6894125,감자삶는법
6916696,감자삶는법
6893179,감자삶는법
6895567,감자삶는법
6850374,감자삶는법
6870315,감자삶는법
3883251,감자삶는법
6852491,감자삶는법
6851684,감자삶는법
6873314,감자삶는법
6871131,감자삶는법
6941312,감자삶는법
6934943,감자삶는법
6915021,감자삶는법
6914825,감자삶는법
6914559,감자삶는법
6891357,감자삶는법
6883240,감자삶는법
6852216,감자삶는법
6851781,감자삶는법
6851584,감자삶는법
6057683,감자삶는법
5046972,감자삶는법
5011257,감자삶는법
2765991,감자삶는법
