6891652,감자짜글이
6881701,감자짜글이
6886747,감자짜글이
6937420,감자짜글이
6877988,감자짜글이
6906626,감자짜글이
6935118,감자짜글이
6872529,감자짜글이
6896296,감자짜글이
6884200,감자짜글이
6940287,감자짜글이
6879414,감자짜글이
6873349,감자짜글이
6871927,감자짜글이
6911834,감자짜글이
6900739,감자짜글이
6940507,감자짜글이
6918615,감자짜글이
6894218,감자짜글이
6871778,감자짜글이
6914228,감자짜글이
6871206,감자짜글이
6887746,감자짜글이
6882914,감자짜글이
6872206,감자짜글이
6943693,감자짜글이
6924685,감자짜글이
6915258,감자짜글이
6873653,감자짜글이
6951118,감자짜글이
6945529,감자짜글이
6880652,감자짜글이
6872317,감자짜글이
6897745,감자짜글이
6952411,감자짜글이
6926995,감자짜글이
6873968,감자짜글이
6892003,감자짜글이
6892625,감자짜글이
6881235,감자짜글이
6871663,감자짜글이
6927138,감자짜글이
6871361,감자짜글이
6878199,감자짜글이
6895480,감자짜글이
6929151,감자짜글이
6879389,감자짜글이
6876507,감자짜글이
6920624,감자짜글이
6918896,감자짜글이
6880165,감자짜글이
6871202,감자짜글이
6881034,감자짜글이
6913672,감자짜글이
6957466,감자짜글이
6957023,감자짜글이
6955634,감자짜글이
6954662,감자짜글이
6953612,감자짜글이
6953349,감자짜글이
6952860,감자짜글이
6951584,감자짜글이
6950343,감자짜글이
6950320,감자짜글이
6948562,감자짜글이
6946764,감자짜글이
6946332,감자짜글이
6944676,감자짜글이
6944146,감자짜글이
6943551,감자짜글이
6943548,감자짜글이
6941798,감자짜글이
6941376,감자짜글이
6941101,감자짜글이
6940099,감자짜글이
6936061,감자짜글이
6931624,감자짜글이
6930632,감자짜글이
6929996,감자짜글이
6919402,감자짜글이
6918662,감자짜글이
6917538,감자짜글이
6916548,감자짜글이
6915651,감자짜글이
6914047,감자짜글이
6907938,감자짜글이
6907448,감자짜글이
6904719,감자짜글이
6891849,감자짜글이
6888085,감자짜글이
6881691,감자짜글이
6879717,감자짜글이
6878570,감자짜글이
6877404,감자짜글이
6876131,감자짜글이
6875732,감자짜글이
6875536,감자짜글이
6875004,감자짜글이
6874969,감자짜글이
6874129,감자짜글이
6873969,감자짜글이
6873440,감자짜글이
6871763,감자짜글이
6871248,감자짜글이
