3979404,감자그라탕
6928808,감자그라탕
6912232,감자그라탕
6945434,감자그라탕
6895259,감자그라탕
6830106,감자그라탕
6830799,감자그라탕
6846364,감자그라탕
6851627,감자그라탕
6767841,감자그라탕
6852181,감자그라탕
5358894,감자그라탕
6946110,감자그라탕
6940732,감자그라탕
6937730,감자그라탕
6936419,감자그라탕
6924503,감자그라탕
6917034,감자그라탕
6916820,감자그라탕
6915259,감자그라탕
6915177,감자그라탕
6915142,감자그라탕
6909774,감자그라탕
6906550,감자그라탕
6898345,감자그라탕
6890952,감자그라탕
6887053,감자그라탕
6883772,감자그라탕
6882635,감자그라탕
6882564,감자그라탕
6872829,감자그라탕
6869694,감자그라탕
6866910,감자그라탕
6861148,감자그라탕
6860816,감자그라탕
6855468,감자그라탕
6855364,감자그라탕
6853254,감자그라탕
6849345,감자그라탕
6845299,감자그라탕
6838054,감자그라탕
6622072,감자그라탕
6069283,감자그라탕
5337172,감자그라탕
4995817,감자그라탕
4053843,감자그라탕
3017425,감자그라탕
1936482,감자그라탕
1756575,감자그라탕
910387,감자그라탕
775729,감자그라탕
760950,감자그라탕
734614,감자그라탕
654934,감자그라탕
