6882181,골뱅이무침
6900650,골뱅이무침
6909479,골뱅이무침
6830356,골뱅이무침
6901629,골뱅이무침
6907855,골뱅이무침
6887268,골뱅이무침
6880894,골뱅이무침
6896987,골뱅이무침
6949141,골뱅이무침
6895224,골뱅이무침
6893503,골뱅이무침
6909621,골뱅이무침
6908440,골뱅이무침
4108813,골뱅이무침
6931859,골뱅이무침
6932599,골뱅이무침
6863826,골뱅이무침
6901284,골뱅이무침
6906495,골뱅이무침
6900809,골뱅이무침
6919671,골뱅이무침
6865688,골뱅이무침
6920538,골뱅이무침
6841273,골뱅이무침
6927054,골뱅이무침
4791238,골뱅이무침
3568005,골뱅이무침
6846866,골뱅이무침
6888330,골뱅이무침
6840641,골뱅이무침
6925858,골뱅이무침
6898574,골뱅이무침
6830776,골뱅이무침
6854294,골뱅이무침
6914231,골뱅이무침
6935465,골뱅이무침
6901602,골뱅이무침
6881918,골뱅이무침
6857117,골뱅이무침
6897649,골뱅이무침
6922143,골뱅이무침
6897838,골뱅이무침
6852993,골뱅이무침
6842071,골뱅이무침
6868191,골뱅이무침
6890815,골뱅이무침
6885148,골뱅이무침
6935083,골뱅이무침
6896643,골뱅이무침
6851270,골뱅이무침
6855052,골뱅이무침
6873429,골뱅이무침
6918596,골뱅이무침
6842519,골뱅이무침
6851190,골뱅이무침
6838647,골뱅이무침
6931690,골뱅이무침
6891496,골뱅이무침
6946513,골뱅이무침
6534476,골뱅이무침
6952124,골뱅이무침
6843420,골뱅이무침
6850875,골뱅이무침
6903194,골뱅이무침
6471002,골뱅이무침
6905049,골뱅이무침
6893333,골뱅이무침
6913079,골뱅이무침
6869538,골뱅이무침
6872591,골뱅이무침
6845526,골뱅이무침
6908100,골뱅이무침
6918260,골뱅이무침
5412598,골뱅이무침
6888484,골뱅이무침
6872479,골뱅이무침
6853444,골뱅이무침
1911449,골뱅이무침
6848189,골뱅이무침
6834868,골뱅이무침
6702089,골뱅이무침
6939103,골뱅이무침
6911008,골뱅이무침
6857115,골뱅이무침
6892307,골뱅이무침
6897236,골뱅이무침
6884530,골뱅이무침
6859650,골뱅이무침
6913411,골뱅이무침
6843026,골뱅이무침
6884326,골뱅이무침
6848633,골뱅이무침
6861350,골뱅이무침
6858170,골뱅이무침
6862116,골뱅이무침
6875136,골뱅이무침
6842875,골뱅이무침
6887948,골뱅이무침
6909902,골뱅이무침
2817859,골뱅이무침
6874435,골뱅이무침
6835331,골뱅이무침
2553354,골뱅이무침
6728259,골뱅이무침
6930409,골뱅이무침
6888398,골뱅이무침
993991,골뱅이무침
6869496,골뱅이무침
6901214,골뱅이무침
6734042,골뱅이무침
1588208,골뱅이무침
6890969,골뱅이무침
6840130,골뱅이무침
6869505,골뱅이무침
6863465,골뱅이무침
6903160,골뱅이무침
6918391,골뱅이무침
6847716,골뱅이무침
6937669,골뱅이무침
6847465,골뱅이무침
6838703,골뱅이무침
657725,골뱅이무침
6843951,골뱅이무침
6907686,골뱅이무침
6833695,골뱅이무침
6847050,골뱅이무침
6957027,골뱅이무침
6956422,골뱅이무침
6955512,골뱅이무침
6955151,골뱅이무침
6955128,골뱅이무침
6953537,골뱅이무침
6951867,골뱅이무침
6951624,골뱅이무침
6950788,골뱅이무침
6949918,골뱅이무침
6949334,골뱅이무침
6948878,골뱅이무침
6946906,골뱅이무침
6946641,골뱅이무침
6945968,골뱅이무침
6944436,골뱅이무침
6944003,골뱅이무침
6939371,골뱅이무침
6938395,골뱅이무침
6936913,골뱅이무침
6936689,골뱅이무침
6936628,골뱅이무침
6936268,골뱅이무침
6936237,골뱅이무침
6936075,골뱅이무침
6935982,골뱅이무침
6935543,골뱅이무침
6931227,골뱅이무침
6929990,골뱅이무침
6928844,골뱅이무침
6927899,골뱅이무침
6926775,골뱅이무침
6926459,골뱅이무침
6926257,골뱅이무침
6926129,골뱅이무침
6925761,골뱅이무침
6925411,골뱅이무침
6924938,골뱅이무침
6920080,골뱅이무침
6919725,골뱅이무침
6918371,골뱅이무침
6917872,골뱅이무침
6917255,골뱅이무침
6916618,골뱅이무침
6916616,골뱅이무침
6916312,골뱅이무침
6915076,골뱅이무침
6914570,골뱅이무침
6914038,골뱅이무침
6913957,골뱅이무침
6913644,골뱅이무침
6913307,골뱅이무침
6913014,골뱅이무침
6912546,골뱅이무침
6912433,골뱅이무침
6911846,골뱅이무침
6911466,골뱅이무침
6910502,골뱅이무침
6910190,골뱅이무침
6909202,골뱅이무침
6909068,골뱅이무침
6907868,골뱅이무침
6907183,골뱅이무침
6907043,골뱅이무침
6906916,골뱅이무침
6904316,골뱅이무침
6904229,골뱅이무침
6901856,골뱅이무침
6899214,골뱅이무침
6895500,골뱅이무침
6894983,골뱅이무침
6894883,골뱅이무침
6893955,골뱅이무침
6890774,골뱅이무침
6889913,골뱅이무침
6888984,골뱅이무침
6885160,골뱅이무침
6884013,골뱅이무침
6883453,골뱅이무침
6883397,골뱅이무침
6880819,골뱅이무침
6876922,골뱅이무침
6876409,골뱅이무침
6876023,골뱅이무침
6875764,골뱅이무침
6872637,골뱅이무침
6871407,골뱅이무침
6870316,골뱅이무침
6867520,골뱅이무침
6867319,골뱅이무침
6865143,골뱅이무침
6863439,골뱅이무침
6861952,골뱅이무침
6860804,골뱅이무침
6857065,골뱅이무침
6856879,골뱅이무침
6854361,골뱅이무침
6854263,골뱅이무침
6851784,골뱅이무침
6850283,골뱅이무침
6849468,골뱅이무침
6847819,골뱅이무침
6847049,골뱅이무침
6847047,골뱅이무침
6846940,골뱅이무침
6845416,골뱅이무침
6845329,골뱅이무침
6844975,골뱅이무침
6842872,골뱅이무침
6842845,골뱅이무침
6841779,골뱅이무침
6839230,골뱅이무침
6838067,골뱅이무침
6834062,골뱅이무침
6831599,골뱅이무침
6830678,골뱅이무침
6829252,골뱅이무침
6797358,골뱅이무침
6722693,골뱅이무침
6694912,골뱅이무침
6674417,골뱅이무침
6615912,골뱅이무침
6547060,골뱅이무침
6277334,골뱅이무침
6212446,골뱅이무침
5872818,골뱅이무침
5807973,골뱅이무침
5670348,골뱅이무침
5025566,골뱅이무침
4891909,골뱅이무침
4292624,골뱅이무침
4111230,골뱅이무침
4034540,골뱅이무침
4022182,골뱅이무침
3669119,골뱅이무침
3419284,골뱅이무침
2835418,골뱅이무침
2777347,골뱅이무침
2600730,골뱅이무침
2428205,골뱅이무침
2401959,골뱅이무침
2371977,골뱅이무침
2300824,골뱅이무침
1952791,골뱅이무침
1829051,골뱅이무침
1821669,골뱅이무침
1730328,골뱅이무침
1654093,골뱅이무침
1641980,골뱅이무침
1515488,골뱅이무침
1387061,골뱅이무침
973719,골뱅이무침
779792,골뱅이무침
726027,골뱅이무침
670915,골뱅이무침
347319,골뱅이무침
340282,골뱅이무침
130158,골뱅이무침
127720,골뱅이무침
116915,골뱅이무침
