6901843,감자샐러드
6837778,감자샐러드
6941747,감자샐러드
6846287,감자샐러드
6832857,감자샐러드
6872180,감자샐러드
6890440,감자샐러드
3574280,감자샐러드
6831552,감자샐러드
6921602,감자샐러드
6936604,감자샐러드
6855463,감자샐러드
6910173,감자샐러드
6928292,감자샐러드
6926027,감자샐러드
6872219,감자샐러드
6879164,감자샐러드
6873459,감자샐러드
6921431,감자샐러드
6903971,감자샐러드
6894241,감자샐러드
6929773,감자샐러드
3989737,감자샐러드
6895101,감자샐러드
6908856,감자샐러드
6849996,감자샐러드
6895732,감자샐러드
6945379,감자샐러드
6935521,감자샐러드
6917016,감자샐러드
2025233,감자샐러드
6940966,감자샐러드
6915256,감자샐러드
6913476,감자샐러드
6891043,감자샐러드
6929202,감자샐러드
6832086,감자샐러드
6831710,감자샐러드
6902904,감자샐러드
6834255,감자샐러드
6854481,감자샐러드
6865081,감자샐러드
6850057,감자샐러드
6830406,감자샐러드
6836170,감자샐러드
6893535,감자샐러드
6824629,감자샐러드
6835135,감자샐러드
6876076,감자샐러드
6886459,감자샐러드
6698798,감자샐러드
6880867,감자샐러드
6891779,감자샐러드
6884041,감자샐러드
6935553,감자샐러드
6859334,감자샐러드
6929440,감자샐러드
6919382,감자샐러드
6831006,감자샐러드
6931008,감자샐러드
6092375,감자샐러드
6926730,감자샐러드
6896737,감자샐러드
2767864,감자샐러드
4525212,감자샐러드
6893840,감자샐러드
6896185,감자샐러드
6848014,감자샐러드
6845418,감자샐러드
6876267,감자샐러드
6870317,감자샐러드
6005958,감자샐러드
6942456,감자샐러드
6848295,감자샐러드
6829301,감자샐러드
6857224,감자샐러드
6935597,감자샐러드
6774655,감자샐러드
6833048,감자샐러드
6866808,감자샐러드
6871985,감자샐러드
6871239,감자샐러드
6874873,감자샐러드
6857716,감자샐러드
3464107,감자샐러드
6878629,감자샐러드
6852037,감자샐러드
6882741,감자샐러드
6694931,감자샐러드
6869726,감자샐러드
6835141,감자샐러드
6852646,감자샐러드
2843337,감자샐러드
6833586,감자샐러드
6888715,감자샐러드
6901821,감자샐러드
1624732,감자샐러드
6903118,감자샐러드
6876289,감자샐러드
6892050,감자샐러드
6850525,감자샐러드
6918619,감자샐러드
719519,감자샐러드
1794652,감자샐러드
6861567,감자샐러드
6956059,감자샐러드
6956046,감자샐러드
6954363,감자샐러드
6954116,감자샐러드
6952779,감자샐러드
6951976,감자샐러드
6950212,감자샐러드
6948365,감자샐러드
6947464,감자샐러드
6946696,감자샐러드
6945553,감자샐러드
6944843,감자샐러드
6944391,감자샐러드
6944343,감자샐러드
6944331,감자샐러드
6944288,감자샐러드
6943777,감자샐러드
6942338,감자샐러드
6942004,감자샐러드
6941920,감자샐러드
6941751,감자샐러드
6941558,감자샐러드
6941313,감자샐러드
6941248,감자샐러드
6941245,감자샐러드
6941185,감자샐러드
6940960,감자샐러드
6940491,감자샐러드
6940196,감자샐러드
6940189,감자샐러드
6940125,감자샐러드
6939631,감자샐러드
6939232,감자샐러드
6937454,감자샐러드
6932090,감자샐러드
6928757,감자샐러드
6928329,감자샐러드
6927657,감자샐러드
6927134,감자샐러드
6927096,감자샐러드
6926497,감자샐러드
6925953,감자샐러드
6925250,감자샐러드
6923622,감자샐러드
6921463,감자샐러드
6921407,감자샐러드
6921405,감자샐러드
6921384,감자샐러드
6921216,감자샐러드
6920470,감자샐러드
6919137,감자샐러드
6918618,감자샐러드
6917865,감자샐러드
6917119,감자샐러드
6915802,감자샐러드
6915621,감자샐러드
6915457,감자샐러드
6915224,감자샐러드
6915104,감자샐러드
6914625,감자샐러드
6914136,감자샐러드
6913972,감자샐러드
6913347,감자샐러드
6911263,감자샐러드
6910835,감자샐러드
6910813,감자샐러드
6910283,감자샐러드
6909659,감자샐러드
6907110,감자샐러드
6906345,감자샐러드
6906171,감자샐러드
6904644,감자샐러드
6903949,감자샐러드
6901521,감자샐러드
6899166,감자샐러드
6898474,감자샐러드
6897448,감자샐러드
6897016,감자샐러드
6896672,감자샐러드
6895372,감자샐러드
6895356,감자샐러드
6895076,감자샐러드
6894830,감자샐러드
6894766,감자샐러드
6894213,감자샐러드
6893883,감자샐러드
6893737,감자샐러드
6893619,감자샐러드
6893238,감자샐러드
6893178,감자샐러드
6893006,감자샐러드
6892379,감자샐러드
6891983,감자샐러드
6891932,감자샐러드
6891743,감자샐러드
6891304,감자샐러드
6890949,감자샐러드
6890678,감자샐러드
6888598,감자샐러드
6888405,감자샐러드
6888189,감자샐러드
6887363,감자샐러드
6887088,감자샐러드
6885468,감자샐러드
6884153,감자샐러드
6883856,감자샐러드
6883434,감자샐러드
6881933,감자샐러드
6881911,감자샐러드
6880486,감자샐러드
6878496,감자샐러드
6876771,감자샐러드
6876368,감자샐러드
6875645,감자샐러드
6874774,감자샐러드
6874305,감자샐러드
6874263,감자샐러드
6874140,감자샐러드
6873167,감자샐러드
6872984,감자샐러드
6872915,감자샐러드
6871905,감자샐러드
6871799,감자샐러드
6871258,감자샐러드
6870886,감자샐러드
6870846,감자샐러드
6870103,감자샐러드
6869408,감자샐러드
6869063,감자샐러드
6866566,감자샐러드
6866217,감자샐러드
6866138,감자샐러드
6865957,감자샐러드
6859954,감자샐러드
6857680,감자샐러드
6857677,감자샐러드
6857510,감자샐러드
6857497,감자샐러드
6857406,감자샐러드
6857315,감자샐러드
6856901,감자샐러드
6855947,감자샐러드
6854808,감자샐러드
6854161,감자샐러드
6853767,감자샐러드
6853273,감자샐러드
6852713,감자샐러드
6852638,감자샐러드
6852044,감자샐러드
6851638,감자샐러드
6851544,감자샐러드
6851433,감자샐러드
6851291,감자샐러드
6851268,감자샐러드
6850947,감자샐러드
6850719,감자샐러드
6850450,감자샐러드
6849717,감자샐러드
6848873,감자샐러드
6848549,감자샐러드
6848040,감자샐러드
6847312,감자샐러드
6846748,감자샐러드
6846642,감자샐러드
6845993,감자샐러드
6844660,감자샐러드
6844237,감자샐러드
6842802,감자샐러드
6838799,감자샐러드
6838775,감자샐러드
6837944,감자샐러드
6837839,감자샐러드
6837794,감자샐러드
6837606,감자샐러드
6837577,감자샐러드
6836953,감자샐러드
6836865,감자샐러드
6836575,감자샐러드
6835904,감자샐러드
6834436,감자샐러드
6833177,감자샐러드
6832690,감자샐러드
6831971,감자샐러드
6831884,감자샐러드
6831248,감자샐러드
6830879,감자샐러드
6830657,감자샐러드
6829872,감자샐러드
6829805,감자샐러드
6807923,감자샐러드
6801347,감자샐러드
6769969,감자샐러드
6697937,감자샐러드
6630688,감자샐러드
6230678,감자샐러드
6067410,감자샐러드
6049046,감자샐러드
5570246,감자샐러드
5263159,감자샐러드
4917506,감자샐러드
4769712,감자샐러드
4651942,감자샐러드
4650485,감자샐러드
4621120,감자샐러드
4507491,감자샐러드
4040068,감자샐러드
3919763,감자샐러드
3836214,감자샐러드
3254040,감자샐러드
2818422,감자샐러드
2790111,감자샐러드
2707702,감자샐러드
2691969,감자샐러드
2629390,감자샐러드
2470431,감자샐러드
2432860,감자샐러드
2384357,감자샐러드
2382611,감자샐러드
2013107,감자샐러드
1989923,감자샐러드
1968982,감자샐러드
1777268,감자샐러드
1776170,감자샐러드
1763833,감자샐러드
1727240,감자샐러드
1662956,감자샐러드
1637872,감자샐러드
1563177,감자샐러드
1448804,감자샐러드
1387472,감자샐러드
1379383,감자샐러드
1347306,감자샐러드
1288237,감자샐러드
1254835,감자샐러드
1026517,감자샐러드
951760,감자샐러드
922951,감자샐러드
910387,감자샐러드
840423,감자샐러드
839918,감자샐러드
828167,감자샐러드
729726,감자샐러드
729688,감자샐러드
340362,감자샐러드
198691,감자샐러드
167552,감자샐러드
94578,감자샐러드
29272,감자샐러드
24537,감자샐러드
19281,감자샐러드
