6877189,과일샐러드
6880719,과일샐러드
6900480,과일샐러드
6884466,과일샐러드
6881750,과일샐러드
2427869,과일샐러드
6846694,과일샐러드
6855086,과일샐러드
6831679,과일샐러드
6879706,과일샐러드
1285244,과일샐러드
6158466,과일샐러드
6957175,과일샐러드
6955511,과일샐러드
6952581,과일샐러드
6951958,과일샐러드
6950429,과일샐러드
6948494,과일샐러드
6946938,과일샐러드
6945225,과일샐러드
6944831,과일샐러드
6944022,과일샐러드
6938679,과일샐러드
6938093,과일샐러드
6934714,과일샐러드
6932121,과일샐러드
6927672,과일샐러드
6926417,과일샐러드
6925813,과일샐러드
6922687,과일샐러드
6921531,과일샐러드
6921405,과일샐러드
6917392,과일샐러드
6906551,과일샐러드
6903184,과일샐러드
6903124,과일샐러드
6902634,과일샐러드
6902399,과일샐러드
6902124,과일샐러드
6902023,과일샐러드
6901789,과일샐러드
6901447,과일샐러드
6900789,과일샐러드
6895849,과일샐러드
6893959,과일샐러드
6891640,과일샐러드
6891052,과일샐러드
6890829,과일샐러드
6889416,과일샐러드
6884122,과일샐러드
6883695,과일샐러드
6882138,과일샐러드
6880145,과일샐러드
6877507,과일샐러드
6877438,과일샐러드
6875633,과일샐러드
6875342,과일샐러드
6869887,과일샐러드
6867770,과일샐러드
6866534,과일샐러드
6865483,과일샐러드
6864577,과일샐러드
6862143,과일샐러드
6856481,과일샐러드
6855112,과일샐러드
6855065,과일샐러드
6854503,과일샐러드
6854240,과일샐러드
6851747,과일샐러드
6849474,과일샐러드
6849409,과일샐러드
6848963,과일샐러드
6846090,과일샐러드
6845670,과일샐러드
6844313,과일샐러드
6842776,과일샐러드
6842740,과일샐러드
6841091,과일샐러드
6840024,과일샐러드
6839569,과일샐러드
6839414,과일샐러드
6839349,과일샐러드
6838782,과일샐러드
6838674,과일샐러드
6838608,과일샐러드
6837377,과일샐러드
6836269,과일샐러드
6833759,과일샐러드
6832811,과일샐러드
6830367,과일샐러드
6749770,과일샐러드
6749342,과일샐러드
6515151,과일샐러드
6441363,과일샐러드
6396319,과일샐러드
6055547,과일샐러드
5903715,과일샐러드
5300448,과일샐러드
4756817,과일샐러드
4678967,과일샐러드
4589062,과일샐러드
4569012,과일샐러드
4489349,과일샐러드
4392790,과일샐러드
4270329,과일샐러드
4244790,과일샐러드
3473432,과일샐러드
3419973,과일샐러드
2986849,과일샐러드
2818422,과일샐러드
2769711,과일샐러드
2737325,과일샐러드
2693646,과일샐러드
2661986,과일샐러드
2578151,과일샐러드
2568517,과일샐러드
2456107,과일샐러드
2424898,과일샐러드
1829002,과일샐러드
1806176,과일샐러드
1792691,과일샐러드
1709519,과일샐러드
1602365,과일샐러드
1536530,과일샐러드
1396425,과일샐러드
1293230,과일샐러드
1145126,과일샐러드
1008745,과일샐러드
972001,과일샐러드
911491,과일샐러드
824574,과일샐러드
417306,과일샐러드
144178,과일샐러드
18398,과일샐러드
18205,과일샐러드
