6859800,감자버터구이
6949514,감자버터구이
6916630,감자버터구이
6857144,감자버터구이
6919629,감자버터구이
6935544,감자버터구이
6919151,감자버터구이
6903367,감자버터구이
6889515,감자버터구이
6894204,감자버터구이
6892902,감자버터구이
6854252,감자버터구이
6864331,감자버터구이
6874587,감자버터구이
5637752,감자버터구이
6937997,감자버터구이
6893195,감자버터구이
4912291,감자버터구이
6911998,감자버터구이
6855026,감자버터구이
6872890,감자버터구이
6915622,감자버터구이
6808533,감자버터구이
6867751,감자버터구이
6891648,감자버터구이
6917743,감자버터구이
6845866,감자버터구이
6852215,감자버터구이
6835639,감자버터구이
6892782,감자버터구이
6834568,감자버터구이
6852319,감자버터구이
6930696,감자버터구이
6898706,감자버터구이
6871051,감자버터구이
6950715,감자버터구이
6945090,감자버터구이
6943216,감자버터구이
6942201,감자버터구이
6941564,감자버터구이
6939603,감자버터구이
6937712,감자버터구이
6937191,감자버터구이
6935284,감자버터구이
6935160,감자버터구이
6932184,감자버터구이
6931739,감자버터구이
6926377,감자버터구이
6921301,감자버터구이
6917545,감자버터구이
6916524,감자버터구이
6915326,감자버터구이
6913786,감자버터구이
6910825,감자버터구이
6906325,감자버터구이
6900142,감자버터구이
6894094,감자버터구이
6892173,감자버터구이
6888706,감자버터구이
6882943,감자버터구이
6882799,감자버터구이
6875618,감자버터구이
6874303,감자버터구이
6872739,감자버터구이
6872508,감자버터구이
6871983,감자버터구이
6871900,감자버터구이
6869554,감자버터구이
6869065,감자버터구이
6861460,감자버터구이
6860813,감자버터구이
6860705,감자버터구이
6854529,감자버터구이
6851713,감자버터구이
6851370,감자버터구이
6851072,감자버터구이
6837921,감자버터구이
6832212,감자버터구이
6831037,감자버터구이
6830692,감자버터구이
6830640,감자버터구이
6830164,감자버터구이
6825603,감자버터구이
6823451,감자버터구이
6793051,감자버터구이
6779083,감자버터구이
6696457,감자버터구이
6694487,감자버터구이
6694368,감자버터구이
6097028,감자버터구이
6096341,감자버터구이
6022210,감자버터구이
5983721,감자버터구이
5868476,감자버터구이
5033892,감자버터구이
5016405,감자버터구이
4172074,감자버터구이
3764460,감자버터구이
3026753,감자버터구이
2829187,감자버터구이
1989312,감자버터구이
1987489,감자버터구이
1138297,감자버터구이
982470,감자버터구이
165942,감자버터구이
