6832857,감자샐러드샌드위치
6831552,감자샐러드샌드위치
6926027,감자샐러드샌드위치
6872219,감자샐러드샌드위치
6879164,감자샐러드샌드위치
6873459,감자샐러드샌드위치
6903971,감자샐러드샌드위치
6929773,감자샐러드샌드위치
6945379,감자샐러드샌드위치
6917016,감자샐러드샌드위치
6832086,감자샐러드샌드위치
6831710,감자샐러드샌드위치
6830406,감자샐러드샌드위치
6880867,감자샐러드샌드위치
6891779,감자샐러드샌드위치
6859334,감자샐러드샌드위치
6931008,감자샐러드샌드위치
6926730,감자샐러드샌드위치
6896737,감자샐러드샌드위치
2767864,감자샐러드샌드위치
6896185,감자샐러드샌드위치
6870317,감자샐러드샌드위치
6942456,감자샐러드샌드위치
6857224,감자샐러드샌드위치
6935597,감자샐러드샌드위치
6866808,감자샐러드샌드위치
6874873,감자샐러드샌드위치
6857716,감자샐러드샌드위치
6878629,감자샐러드샌드위치
6852037,감자샐러드샌드위치
6694931,감자샐러드샌드위치
6833586,감자샐러드샌드위치
6888715,감자샐러드샌드위치
1624732,감자샐러드샌드위치
6903118,감자샐러드샌드위치
6876289,감자샐러드샌드위치
6918619,감자샐러드샌드위치
1794652,감자샐러드샌드위치
6861567,감자샐러드샌드위치
6956046,감자샐러드샌드위치
6954363,감자샐러드샌드위치
6954116,감자샐러드샌드위치
6948365,감자샐러드샌드위치
6944288,감자샐러드샌드위치
6942004,감자샐러드샌드위치
6941248,감자샐러드샌드위치
6940196,감자샐러드샌드위치
6939631,감자샐러드샌드위치
6927657,감자샐러드샌드위치
6921384,감자샐러드샌드위치
6919137,감자샐러드샌드위치
6917865,감자샐러드샌드위치
6915224,감자샐러드샌드위치
6915104,감자샐러드샌드위치
6914136,감자샐러드샌드위치
6910835,감자샐러드샌드위치
6901521,감자샐러드샌드위치
6895076,감자샐러드샌드위치
6891932,감자샐러드샌드위치
6890678,감자샐러드샌드위치
6888405,감자샐러드샌드위치
6884153,감자샐러드샌드위치
6883856,감자샐러드샌드위치
6876368,감자샐러드샌드위치
6874263,감자샐러드샌드위치
6872984,감자샐러드샌드위치
6869408,감자샐러드샌드위치
6859954,감자샐러드샌드위치
6857510,감자샐러드샌드위치
6857497,감자샐러드샌드위치
6857406,감자샐러드샌드위치
6852638,감자샐러드샌드위치
6851544,감자샐러드샌드위치
6849717,감자샐러드샌드위치
6848040,감자샐러드샌드위치
6846642,감자샐러드샌드위치
6845993,감자샐러드샌드위치
6842802,감자샐러드샌드위치
6837606,감자샐러드샌드위치
6836865,감자샐러드샌드위치
6835904,감자샐러드샌드위치
6834436,감자샐러드샌드위치
6829805,감자샐러드샌드위치
6769969,감자샐러드샌드위치
6049046,감자샐러드샌드위치
4650485,감자샐러드샌드위치
3836214,감자샐러드샌드위치
2707702,감자샐러드샌드위치
2629390,감자샐러드샌드위치
2013107,감자샐러드샌드위치
1989923,감자샐러드샌드위치
1254835,감자샐러드샌드위치
839918,감자샐러드샌드위치
729688,감자샐러드샌드위치
198691,감자샐러드샌드위치
