6746224,감자고추장찌개
6879698,감자고추장찌개
6858055,감자고추장찌개
6915575,감자고추장찌개
6896361,감자고추장찌개
5420128,감자고추장찌개
6916733,감자고추장찌개
6934038,감자고추장찌개
6867824,감자고추장찌개
6929036,감자고추장찌개
5793135,감자고추장찌개
6850175,감자고추장찌개
6830532,감자고추장찌개
6830018,감자고추장찌개
6829011,감자고추장찌개
6841754,감자고추장찌개
6852537,감자고추장찌개
6850335,감자고추장찌개
5084721,감자고추장찌개
6870332,감자고추장찌개
6921286,감자고추장찌개
6897307,감자고추장찌개
6848109,감자고추장찌개
6877224,감자고추장찌개
6852220,감자고추장찌개
6886865,감자고추장찌개
6854978,감자고추장찌개
1978636,감자고추장찌개
6857220,감자고추장찌개
6864839,감자고추장찌개
6326366,감자고추장찌개
6874424,감자고추장찌개
6921095,감자고추장찌개
6831682,감자고추장찌개
6798212,감자고추장찌개
6867455,감자고추장찌개
6832964,감자고추장찌개
6856273,감자고추장찌개
2336914,감자고추장찌개
6916672,감자고추장찌개
6872068,감자고추장찌개
6895120,감자고추장찌개
6929151,감자고추장찌개
6892237,감자고추장찌개
6848168,감자고추장찌개
2926988,감자고추장찌개
772107,감자고추장찌개
6945910,감자고추장찌개
6943948,감자고추장찌개
6943419,감자고추장찌개
6940250,감자고추장찌개
6926617,감자고추장찌개
6920246,감자고추장찌개
6914199,감자고추장찌개
6912819,감자고추장찌개
6912211,감자고추장찌개
6904869,감자고추장찌개
6900695,감자고추장찌개
6897703,감자고추장찌개
6886792,감자고추장찌개
6877508,감자고추장찌개
6855212,감자고추장찌개
6851796,감자고추장찌개
6848215,감자고추장찌개
6848089,감자고추장찌개
6847930,감자고추장찌개
6809122,감자고추장찌개
5786166,감자고추장찌개
4541356,감자고추장찌개
2893472,감자고추장찌개
2753460,감자고추장찌개
2309310,감자고추장찌개
1220893,감자고추장찌개
