6884805,감바스알아히요
6877335,감바스알아히요
6945905,감바스알아히요
6901551,감바스알아히요
6888977,감바스알아히요
6915551,감바스알아히요
6926478,감바스알아히요
6866290,감바스알아히요
6900880,감바스알아히요
6878131,감바스알아히요
6885789,감바스알아히요
6875595,감바스알아히요
6936275,감바스알아히요
6879830,감바스알아히요
6877862,감바스알아히요
6904832,감바스알아히요
6894800,감바스알아히요
6909054,감바스알아히요
6848221,감바스알아히요
6906167,감바스알아히요
6867634,감바스알아히요
6867208,감바스알아히요
6843794,감바스알아히요
6858463,감바스알아히요
6858006,감바스알아히요
6867954,감바스알아히요
6909707,감바스알아히요
6865421,감바스알아히요
6956021,감바스알아히요
6953820,감바스알아히요
6953799,감바스알아히요
6951174,감바스알아히요
6944150,감바스알아히요
6942623,감바스알아히요
6941914,감바스알아히요
6939380,감바스알아히요
6935162,감바스알아히요
6929186,감바스알아히요
6927588,감바스알아히요
6923643,감바스알아히요
6919823,감바스알아히요
6913515,감바스알아히요
6910690,감바스알아히요
6910680,감바스알아히요
6909062,감바스알아히요
6908532,감바스알아히요
6906078,감바스알아히요
6905266,감바스알아히요
6902981,감바스알아히요
6900113,감바스알아히요
6897821,감바스알아히요
6892300,감바스알아히요
6883482,감바스알아히요
6881860,감바스알아히요
6877607,감바스알아히요
6874179,감바스알아히요
6867191,감바스알아히요
6865792,감바스알아히요
6865480,감바스알아히요
6864884,감바스알아히요
6848000,감바스알아히요
6839166,감바스알아히요
6838874,감바스알아히요
