6912388,간장비빔국수
6887430,간장비빔국수
6829467,간장비빔국수
6923375,간장비빔국수
6941018,간장비빔국수
6917176,간장비빔국수
6924779,간장비빔국수
6888094,간장비빔국수
6917500,간장비빔국수
6914288,간장비빔국수
6886836,간장비빔국수
6937940,간장비빔국수
6931509,간장비빔국수
6934781,간장비빔국수
6916989,간장비빔국수
6927551,간장비빔국수
6893091,간장비빔국수
6841943,간장비빔국수
5240766,간장비빔국수
6927914,간장비빔국수
6944298,간장비빔국수
6832302,간장비빔국수
2470429,간장비빔국수
6917688,간장비빔국수
6937024,간장비빔국수
6916235,간장비빔국수
6852797,간장비빔국수
6921065,간장비빔국수
6867148,간장비빔국수
6844002,간장비빔국수
6850371,간장비빔국수
6843351,간장비빔국수
6913294,간장비빔국수
6874770,간장비빔국수
6855232,간장비빔국수
6917437,간장비빔국수
6854472,간장비빔국수
6832446,간장비빔국수
6892812,간장비빔국수
6957673,간장비빔국수
6947983,간장비빔국수
6941455,간장비빔국수
6941073,간장비빔국수
6940628,간장비빔국수
6940219,간장비빔국수
6938229,간장비빔국수
6937065,간장비빔국수
6936962,간장비빔국수
6935206,간장비빔국수
6931850,간장비빔국수
6928145,간장비빔국수
6925022,간장비빔국수
6919703,간장비빔국수
6917213,간장비빔국수
6908753,간장비빔국수
6904429,간장비빔국수
6899985,간장비빔국수
6894586,간장비빔국수
6890526,간장비빔국수
6874894,간장비빔국수
6873963,간장비빔국수
6873917,간장비빔국수
6864622,간장비빔국수
6843916,간장비빔국수
6843145,간장비빔국수
6842276,간장비빔국수
6839638,간장비빔국수
6838362,간장비빔국수
6836365,간장비빔국수
6830744,간장비빔국수
6828848,간장비빔국수
6742971,간장비빔국수
6641480,간장비빔국수
3599360,간장비빔국수
2522734,간장비빔국수
1957200,간장비빔국수
1914884,간장비빔국수
1787795,간장비빔국수
1775677,간장비빔국수
1168037,간장비빔국수
700159,간장비빔국수
