6922919,간장두부조림
6895526,간장두부조림
6885373,간장두부조림
6855097,간장두부조림
6956015,간장두부조림
6900374,간장두부조림
6880202,간장두부조림
6919072,간장두부조림
6887501,간장두부조림
6871374,간장두부조림
6906329,간장두부조림
4858441,간장두부조림
6876668,간장두부조림
6928953,간장두부조림
6908487,간장두부조림
6915795,간장두부조림
6916916,간장두부조림
4967732,간장두부조림
6947150,간장두부조림
6829012,간장두부조림
6909549,간장두부조림
6830580,간장두부조림
6831934,간장두부조림
6896005,간장두부조림
6847658,간장두부조림
6942845,간장두부조림
6912188,간장두부조림
6829020,간장두부조림
6831916,간장두부조림
6940676,간장두부조림
6831108,간장두부조림
6895133,간장두부조림
6880995,간장두부조림
6863865,간장두부조림
6840121,간장두부조림
6830251,간장두부조림
6844988,간장두부조림
6857416,간장두부조림
6836561,간장두부조림
6951877,간장두부조림
6939342,간장두부조림
6938103,간장두부조림
6931076,간장두부조림
6928342,간장두부조림
6924428,간장두부조림
6903912,간장두부조림
6887305,간장두부조림
6879872,간장두부조림
6879862,간장두부조림
6835475,간장두부조림
6833424,간장두부조림
6832332,간장두부조림
6831829,간장두부조림
6831112,간장두부조림
6830146,간장두부조림
6829532,간장두부조림
6828890,간장두부조림
6708029,간장두부조림
