6873605,가자미조림
6912940,가자미조림
6875711,가자미조림
6806457,가자미조림
6931390,가자미조림
6930910,가자미조림
6917216,가자미조림
6894307,가자미조림
6837214,가자미조림
6844017,가자미조림
6871369,가자미조림
6887866,가자미조림
6928620,가자미조림
3952865,가자미조림
6433598,가자미조림
6855313,가자미조림
6846281,가자미조림
4457523,가자미조림
6920128,가자미조림
6898625,가자미조림
6232962,가자미조림
6844709,가자미조림
6874220,가자미조림
6904034,가자미조림
6831458,가자미조림
3481583,가자미조림
6905431,가자미조림
6830954,가자미조림
4515969,가자미조림
6190845,가자미조림
6858354,가자미조림
6901398,가자미조림
6852939,가자미조림
6928471,가자미조림
6866063,가자미조림
6898046,가자미조림
6933445,가자미조림
6946007,가자미조림
1138149,가자미조림
1387969,가자미조림
6922976,가자미조림
6847181,가자미조림
6957561,가자미조림
6956430,가자미조림
6956157,가자미조림
6954093,가자미조림
6950763,가자미조림
6943230,가자미조림
6938777,가자미조림
6935976,가자미조림
6928389,가자미조림
6926424,가자미조림
6925304,가자미조림
6920216,가자미조림
6916783,가자미조림
6913682,가자미조림
6911088,가자미조림
6907439,가자미조림
6906906,가자미조림
6902348,가자미조림
6895827,가자미조림
6895551,가자미조림
6894711,가자미조림
6894186,가자미조림
6891251,가자미조림
6889832,가자미조림
6889313,가자미조림
6889228,가자미조림
6887029,가자미조림
6877089,가자미조림
6870536,가자미조림
6861679,가자미조림
6860004,가자미조림
6856271,가자미조림
6843469,가자미조림
6841558,가자미조림
6636513,가자미조림
6255137,가자미조림
5812205,가자미조림
5095875,가자미조림
2478794,가자미조림
1802580,가자미조림
1790848,가자미조림
1242830,가자미조림
