6891445,계란볶음밥
4045350,계란볶음밥
6928754,계란볶음밥
6956745,계란볶음밥
6854270,계란볶음밥
6889424,계란볶음밥
6830070,계란볶음밥
6876705,계란볶음밥
6898900,계란볶음밥
6882785,계란볶음밥
6883128,계란볶음밥
6920930,계란볶음밥
6901865,계란볶음밥
6948810,계란볶음밥
6880735,계란볶음밥
6854194,계란볶음밥
6925624,계란볶음밥
6956835,계란볶음밥
6889236,계란볶음밥
6898533,계란볶음밥
6934273,계란볶음밥
6910057,계란볶음밥
6925286,계란볶음밥
6912885,계란볶음밥
6876753,계란볶음밥
6933621,계란볶음밥
6857302,계란볶음밥
6887173,계란볶음밥
6924535,계란볶음밥
6946648,계란볶음밥
6946330,계란볶음밥
6949069,계란볶음밥
6874315,계란볶음밥
6904585,계란볶음밥
6891227,계란볶음밥
6917843,계란볶음밥
6931784,계란볶음밥
6901628,계란볶음밥
6884315,계란볶음밥
6881937,계란볶음밥
6919758,계란볶음밥
6869698,계란볶음밥
6907079,계란볶음밥
6887174,계란볶음밥
6937901,계란볶음밥
6881505,계란볶음밥
6923002,계란볶음밥
6924253,계란볶음밥
6879919,계란볶음밥
6923143,계란볶음밥
6929012,계란볶음밥
6856474,계란볶음밥
4551326,계란볶음밥
6916100,계란볶음밥
6944376,계란볶음밥
6952315,계란볶음밥
2360672,계란볶음밥
6902879,계란볶음밥
6927082,계란볶음밥
6873686,계란볶음밥
6865836,계란볶음밥
6918342,계란볶음밥
6834599,계란볶음밥
6949714,계란볶음밥
6871422,계란볶음밥
6923250,계란볶음밥
6917174,계란볶음밥
6951945,계란볶음밥
6873716,계란볶음밥
6876174,계란볶음밥
6837004,계란볶음밥
6940614,계란볶음밥
6932474,계란볶음밥
6834656,계란볶음밥
6876909,계란볶음밥
6949259,계란볶음밥
6905186,계란볶음밥
6884100,계란볶음밥
6886745,계란볶음밥
6878209,계란볶음밥
6933050,계란볶음밥
6868095,계란볶음밥
6921789,계란볶음밥
6683593,계란볶음밥
6934116,계란볶음밥
6856369,계란볶음밥
6829417,계란볶음밥
6924594,계란볶음밥
6918780,계란볶음밥
6914824,계란볶음밥
6887099,계란볶음밥
6866302,계란볶음밥
6918463,계란볶음밥
6893042,계란볶음밥
6442140,계란볶음밥
6849855,계란볶음밥
6873868,계란볶음밥
6929879,계란볶음밥
6905810,계란볶음밥
2571175,계란볶음밥
6905777,계란볶음밥
6889616,계란볶음밥
6870148,계란볶음밥
6868317,계란볶음밥
6851833,계란볶음밥
6598563,계란볶음밥
6864295,계란볶음밥
6927843,계란볶음밥
6890877,계란볶음밥
6880914,계란볶음밥
6844654,계란볶음밥
6929561,계란볶음밥
6909681,계란볶음밥
6620203,계란볶음밥
6886698,계란볶음밥
6834006,계란볶음밥
6841629,계란볶음밥
6838035,계란볶음밥
6853418,계란볶음밥
6875060,계란볶음밥
6079719,계란볶음밥
6887820,계란볶음밥
6834030,계란볶음밥
6831951,계란볶음밥
6867062,계란볶음밥
6951874,계란볶음밥
702040,계란볶음밥
6904848,계란볶음밥
6853445,계란볶음밥
6927660,계란볶음밥
6957554,계란볶음밥
6955789,계란볶음밥
6955608,계란볶음밥
6954688,계란볶음밥
6954217,계란볶음밥
6954013,계란볶음밥
6953521,계란볶음밥
6953380,계란볶음밥
6952799,계란볶음밥
6951632,계란볶음밥
6951562,계란볶음밥
6951494,계란볶음밥
6950753,계란볶음밥
6950550,계란볶음밥
6950340,계란볶음밥
6950064,계란볶음밥
6950017,계란볶음밥
6949824,계란볶음밥
6949733,계란볶음밥
6948806,계란볶음밥
6947821,계란볶음밥
6947282,계란볶음밥
6943097,계란볶음밥
6942642,계란볶음밥
6941682,계란볶음밥
6941436,계란볶음밥
6941335,계란볶음밥
6940375,계란볶음밥
6939665,계란볶음밥
6939181,계란볶음밥
6938837,계란볶음밥
6938631,계란볶음밥
6937853,계란볶음밥
6936113,계란볶음밥
6935853,계란볶음밥
6934120,계란볶음밥
6932091,계란볶음밥
6931986,계란볶음밥
6931256,계란볶음밥
6930729,계란볶음밥
6930488,계란볶음밥
6930174,계란볶음밥
6929416,계란볶음밥
6928203,계란볶음밥
6928045,계란볶음밥
6927729,계란볶음밥
6927097,계란볶음밥
6926997,계란볶음밥
6926653,계란볶음밥
6925775,계란볶음밥
6923233,계란볶음밥
6922255,계란볶음밥
6921750,계란볶음밥
6921342,계란볶음밥
6919426,계란볶음밥
6919035,계란볶음밥
6918957,계란볶음밥
6918685,계란볶음밥
6917831,계란볶음밥
6917689,계란볶음밥
6916725,계란볶음밥
6915395,계란볶음밥
6913359,계란볶음밥
6912482,계란볶음밥
6911924,계란볶음밥
6911233,계란볶음밥
6910673,계란볶음밥
6910565,계란볶음밥
6910398,계란볶음밥
6910231,계란볶음밥
6909304,계란볶음밥
6908497,계란볶음밥
6908026,계란볶음밥
6907772,계란볶음밥
6906781,계란볶음밥
6905205,계란볶음밥
6903836,계란볶음밥
6903550,계란볶음밥
6901150,계란볶음밥
6899572,계란볶음밥
6899500,계란볶음밥
6898064,계란볶음밥
6897318,계란볶음밥
6895205,계란볶음밥
6892828,계란볶음밥
6890927,계란볶음밥
6890155,계란볶음밥
6887980,계란볶음밥
6887127,계란볶음밥
6887022,계란볶음밥
6885151,계란볶음밥
6883878,계란볶음밥
6883125,계란볶음밥
6882003,계란볶음밥
6874651,계란볶음밥
6868034,계란볶음밥
6867202,계란볶음밥
6856580,계란볶음밥
6854338,계란볶음밥
6852618,계란볶음밥
6846977,계란볶음밥
6844097,계란볶음밥
6838268,계란볶음밥
6834870,계란볶음밥
6834800,계란볶음밥
6834047,계란볶음밥
6829867,계란볶음밥
6774153,계란볶음밥
6726324,계란볶음밥
6672300,계란볶음밥
6632576,계란볶음밥
6505433,계란볶음밥
6230711,계란볶음밥
6085134,계란볶음밥
5875995,계란볶음밥
5246104,계란볶음밥
4888366,계란볶음밥
4849691,계란볶음밥
4598805,계란볶음밥
4473879,계란볶음밥
1977438,계란볶음밥
1863280,계란볶음밥
1180354,계란볶음밥
990147,계란볶음밥
848555,계란볶음밥
837435,계란볶음밥
747733,계란볶음밥
