6891557,고추장멸치볶음
6877484,고추장멸치볶음
6907939,고추장멸치볶음
6910334,고추장멸치볶음
6909631,고추장멸치볶음
6865068,고추장멸치볶음
4125635,고추장멸치볶음
6844646,고추장멸치볶음
6881017,고추장멸치볶음
6860065,고추장멸치볶음
6863835,고추장멸치볶음
3276504,고추장멸치볶음
6911411,고추장멸치볶음
6934458,고추장멸치볶음
6949931,고추장멸치볶음
6935935,고추장멸치볶음
6870357,고추장멸치볶음
6868230,고추장멸치볶음
6905335,고추장멸치볶음
6906840,고추장멸치볶음
6863055,고추장멸치볶음
6900123,고추장멸치볶음
6914219,고추장멸치볶음
6230871,고추장멸치볶음
6887653,고추장멸치볶음
6858825,고추장멸치볶음
6645070,고추장멸치볶음
6850380,고추장멸치볶음
6673271,고추장멸치볶음
6895105,고추장멸치볶음
6862222,고추장멸치볶음
6864968,고추장멸치볶음
6855380,고추장멸치볶음
6887329,고추장멸치볶음
6842971,고추장멸치볶음
6874051,고추장멸치볶음
6833312,고추장멸치볶음
6899063,고추장멸치볶음
6874879,고추장멸치볶음
6872749,고추장멸치볶음
5669325,고추장멸치볶음
6911451,고추장멸치볶음
6701829,고추장멸치볶음
6896338,고추장멸치볶음
6847685,고추장멸치볶음
4237832,고추장멸치볶음
6856494,고추장멸치볶음
6883864,고추장멸치볶음
6881104,고추장멸치볶음
6833505,고추장멸치볶음
6849908,고추장멸치볶음
6920695,고추장멸치볶음
2608198,고추장멸치볶음
6902986,고추장멸치볶음
6926299,고추장멸치볶음
6863269,고추장멸치볶음
3808447,고추장멸치볶음
6908526,고추장멸치볶음
6896409,고추장멸치볶음
6891224,고추장멸치볶음
6944050,고추장멸치볶음
6851116,고추장멸치볶음
6663560,고추장멸치볶음
6853631,고추장멸치볶음
719990,고추장멸치볶음
6957747,고추장멸치볶음
6956311,고추장멸치볶음
6956240,고추장멸치볶음
6955730,고추장멸치볶음
6955690,고추장멸치볶음
6954787,고추장멸치볶음
6954084,고추장멸치볶음
6951117,고추장멸치볶음
6947686,고추장멸치볶음
6947400,고추장멸치볶음
6946990,고추장멸치볶음
6945916,고추장멸치볶음
6945443,고추장멸치볶음
6945278,고추장멸치볶음
6941225,고추장멸치볶음
6936961,고추장멸치볶음
6936585,고추장멸치볶음
6934842,고추장멸치볶음
6933396,고추장멸치볶음
6931593,고추장멸치볶음
6929221,고추장멸치볶음
6928990,고추장멸치볶음
6926704,고추장멸치볶음
6925223,고추장멸치볶음
6923518,고추장멸치볶음
6919911,고추장멸치볶음
6916551,고추장멸치볶음
6905620,고추장멸치볶음
6886768,고추장멸치볶음
6884184,고추장멸치볶음
6876227,고추장멸치볶음
6873616,고추장멸치볶음
6862946,고추장멸치볶음
6861820,고추장멸치볶음
6859598,고추장멸치볶음
6858508,고추장멸치볶음
6856585,고추장멸치볶음
6846509,고추장멸치볶음
6841623,고추장멸치볶음
6835786,고추장멸치볶음
6835762,고추장멸치볶음
6692418,고추장멸치볶음
6685087,고추장멸치볶음
6510069,고추장멸치볶음
6390576,고추장멸치볶음
5948559,고추장멸치볶음
5851473,고추장멸치볶음
5601857,고추장멸치볶음
5576015,고추장멸치볶음
1844986,고추장멸치볶음
1695096,고추장멸치볶음
1617515,고추장멸치볶음
1579168,고추장멸치볶음
1249761,고추장멸치볶음
972198,고추장멸치볶음
938509,고추장멸치볶음
828156,고추장멸치볶음
659573,고추장멸치볶음
334745,고추장멸치볶음
