6957659,계란장조림
6906766,계란장조림
6918841,계란장조림
6957252,계란장조림
6834391,계란장조림
6903096,계란장조림
6933356,계란장조림
6940921,계란장조림
6954648,계란장조림
6862099,계란장조림
6911147,계란장조림
6936920,계란장조림
5372032,계란장조림
6829179,계란장조림
6901011,계란장조림
6945512,계란장조림
6948126,계란장조림
6863661,계란장조림
6826383,계란장조림
6862279,계란장조림
6839095,계란장조림
6854308,계란장조림
6901669,계란장조림
6944650,계란장조림
6926007,계란장조림
6915696,계란장조림
6891130,계란장조림
6905900,계란장조림
6877027,계란장조림
6895407,계란장조림
6852755,계란장조림
6922706,계란장조림
6886064,계란장조림
6935236,계란장조림
6927260,계란장조림
6829972,계란장조림
6921920,계란장조림
6908111,계란장조림
6904428,계란장조림
6895403,계란장조림
6955147,계란장조림
6862645,계란장조림
4471842,계란장조림
6928138,계란장조림
6949079,계란장조림
6843096,계란장조림
5010428,계란장조림
6843450,계란장조림
6876138,계란장조림
1954604,계란장조림
6937463,계란장조림
6888682,계란장조림
6934520,계란장조림
6921097,계란장조림
6836900,계란장조림
6831673,계란장조림
6866864,계란장조림
6924358,계란장조림
6885588,계란장조림
6495904,계란장조림
6829367,계란장조림
6947188,계란장조림
2442110,계란장조림
6946175,계란장조림
6894117,계란장조림
6922541,계란장조림
6833856,계란장조림
6888730,계란장조림
6902833,계란장조림
6874632,계란장조림
6928556,계란장조림
6886149,계란장조림
6931250,계란장조림
6843226,계란장조림
6682240,계란장조림
6880830,계란장조림
6937144,계란장조림
6907291,계란장조림
6778639,계란장조림
6910187,계란장조림
6830475,계란장조림
6906250,계란장조림
6868032,계란장조림
6722709,계란장조림
6840612,계란장조림
6835286,계란장조림
3676554,계란장조림
6878431,계란장조림
6901131,계란장조림
6871615,계란장조림
3311651,계란장조림
6881876,계란장조림
6856681,계란장조림
2592778,계란장조림
6868135,계란장조림
6954601,계란장조림
6908260,계란장조림
6863444,계란장조림
6910978,계란장조림
6852281,계란장조림
633190,계란장조림
2838182,계란장조림
1953875,계란장조림
6957525,계란장조림
6956948,계란장조림
6956937,계란장조림
6956824,계란장조림
6956078,계란장조림
6956037,계란장조림
6955972,계란장조림
6954620,계란장조림
6953585,계란장조림
6953466,계란장조림
6952179,계란장조림
6951553,계란장조림
6949650,계란장조림
6949516,계란장조림
6949497,계란장조림
6948873,계란장조림
6948298,계란장조림
6947768,계란장조림
6947671,계란장조림
6946015,계란장조림
6945400,계란장조림
6944975,계란장조림
6944401,계란장조림
6941930,계란장조림
6941452,계란장조림
6941144,계란장조림
6940031,계란장조림
6938222,계란장조림
6937971,계란장조림
6937902,계란장조림
6935994,계란장조림
6933213,계란장조림
6932636,계란장조림
6930750,계란장조림
6929309,계란장조림
6926168,계란장조림
6924242,계란장조림
6922998,계란장조림
6921828,계란장조림
6921444,계란장조림
6921360,계란장조림
6921051,계란장조림
6919660,계란장조림
6917481,계란장조림
6916878,계란장조림
6915103,계란장조림
6913473,계란장조림
6912010,계란장조림
6911788,계란장조림
6911029,계란장조림
6910922,계란장조림
6910075,계란장조림
6909744,계란장조림
6907875,계란장조림
6906827,계란장조림
6904690,계란장조림
6904433,계란장조림
6903675,계란장조림
6902225,계란장조림
6900968,계란장조림
6900702,계란장조림
6899923,계란장조림
6898144,계란장조림
6897066,계란장조림
6895888,계란장조림
6894042,계란장조림
6893948,계란장조림
6893932,계란장조림
6892568,계란장조림
6890891,계란장조림
6890481,계란장조림
6890461,계란장조림
6888238,계란장조림
6887580,계란장조림
6886889,계란장조림
6884730,계란장조림
6884629,계란장조림
6883578,계란장조림
6883559,계란장조림
6880429,계란장조림
6878687,계란장조림
6878264,계란장조림
6877564,계란장조림
6877552,계란장조림
6876052,계란장조림
6874191,계란장조림
6873781,계란장조림
6872299,계란장조림
6869473,계란장조림
6869364,계란장조림
6867028,계란장조림
6866764,계란장조림
6866281,계란장조림
6862304,계란장조림
6860388,계란장조림
6857507,계란장조림
6854774,계란장조림
6852990,계란장조림
6852414,계란장조림
6848392,계란장조림
6846789,계란장조림
6845785,계란장조림
6844083,계란장조림
6843907,계란장조림
6843317,계란장조림
6837651,계란장조림
6830191,계란장조림
6829640,계란장조림
6771531,계란장조림
6762537,계란장조림
6752088,계란장조림
6748645,계란장조림
6723088,계란장조림
6657985,계란장조림
5938173,계란장조림
4409464,계란장조림
3544135,계란장조림
3151049,계란장조림
2953585,계란장조림
2598247,계란장조림
1684985,계란장조림
1121830,계란장조림
714002,계란장조림
672090,계란장조림
354247,계란장조림
345278,계란장조림
