6953361,계란말이김밥
6909563,계란말이김밥
1921616,계란말이김밥
6836795,계란말이김밥
6929777,계란말이김밥
6857545,계란말이김밥
6889721,계란말이김밥
1977489,계란말이김밥
6861764,계란말이김밥
6861295,계란말이김밥
6845115,계란말이김밥
6911968,계란말이김밥
6883442,계란말이김밥
6954793,계란말이김밥
6952441,계란말이김밥
6951766,계란말이김밥
6951274,계란말이김밥
6941952,계란말이김밥
6936168,계란말이김밥
6928546,계란말이김밥
6925374,계란말이김밥
6925050,계란말이김밥
6924987,계란말이김밥
6918139,계란말이김밥
6916965,계란말이김밥
6916465,계란말이김밥
6915819,계란말이김밥
6915305,계란말이김밥
6908902,계란말이김밥
6908567,계란말이김밥
6908380,계란말이김밥
6904511,계란말이김밥
6902500,계란말이김밥
6898518,계란말이김밥
6897484,계란말이김밥
6895706,계란말이김밥
6892760,계란말이김밥
6892672,계란말이김밥
6884975,계란말이김밥
6877555,계란말이김밥
6873457,계란말이김밥
6869810,계란말이김밥
6868383,계란말이김밥
6857356,계란말이김밥
6856598,계란말이김밥
6850709,계란말이김밥
6847046,계란말이김밥
6846283,계란말이김밥
6835463,계란말이김밥
6026970,계란말이김밥
5970879,계란말이김밥
5749061,계란말이김밥
5685159,계란말이김밥
4508725,계란말이김밥
2969601,계란말이김밥
2866232,계란말이김밥
2738281,계란말이김밥
2473592,계란말이김밥
2421593,계란말이김밥
2414914,계란말이김밥
2400346,계란말이김밥
2348003,계란말이김밥
1969577,계란말이김밥
1866306,계란말이김밥
1833351,계란말이김밥
1086740,계란말이김밥
129716,계란말이김밥
