6885349,고구마맛탕
6857658,고구마맛탕
6842098,고구마맛탕
6902222,고구마맛탕
6936366,고구마맛탕
6831734,고구마맛탕
6887351,고구마맛탕
6905831,고구마맛탕
6952543,고구마맛탕
6897117,고구마맛탕
6872717,고구마맛탕
6947488,고구마맛탕
6941443,고구마맛탕
6841322,고구마맛탕
6949588,고구마맛탕
6670967,고구마맛탕
6925975,고구마맛탕
4268639,고구마맛탕
6886275,고구마맛탕
6891322,고구마맛탕
6859479,고구마맛탕
6954342,고구마맛탕
5572553,고구마맛탕
6931746,고구마맛탕
6903871,고구마맛탕
6902566,고구마맛탕
6846311,고구마맛탕
6913577,고구마맛탕
6888213,고구마맛탕
6921148,고구마맛탕
6946265,고구마맛탕
6949575,고구마맛탕
6895593,고구마맛탕
6874354,고구마맛탕
6920705,고구마맛탕
6864865,고구마맛탕
6843116,고구마맛탕
6940626,고구마맛탕
6840070,고구마맛탕
6836877,고구마맛탕
6879184,고구마맛탕
6920073,고구마맛탕
4147109,고구마맛탕
6839784,고구마맛탕
6832635,고구마맛탕
6927962,고구마맛탕
6934532,고구마맛탕
6927157,고구마맛탕
6944028,고구마맛탕
6879457,고구마맛탕
6859246,고구마맛탕
6837877,고구마맛탕
6860435,고구마맛탕
6887759,고구마맛탕
6914769,고구마맛탕
6864239,고구마맛탕
1870825,고구마맛탕
6857994,고구마맛탕
6829889,고구마맛탕
6900919,고구마맛탕
6894226,고구마맛탕
6830890,고구마맛탕
6447121,고구마맛탕
6944934,고구마맛탕
5176244,고구마맛탕
6874163,고구마맛탕
6836330,고구마맛탕
6920498,고구마맛탕
6837658,고구마맛탕
6921100,고구마맛탕
6877967,고구마맛탕
2407953,고구마맛탕
6834784,고구마맛탕
6897331,고구마맛탕
6863252,고구마맛탕
6726321,고구마맛탕
6922100,고구마맛탕
6844819,고구마맛탕
6864861,고구마맛탕
6903592,고구마맛탕
6840897,고구마맛탕
6838921,고구마맛탕
6847904,고구마맛탕
6862866,고구마맛탕
4375953,고구마맛탕
6845895,고구마맛탕
4108641,고구마맛탕
6853437,고구마맛탕
6857102,고구마맛탕
6859335,고구마맛탕
6892177,고구마맛탕
6297591,고구마맛탕
6842324,고구마맛탕
6836331,고구마맛탕
6860210,고구마맛탕
6863309,고구마맛탕
6946752,고구마맛탕
6850020,고구마맛탕
6879723,고구마맛탕
6843386,고구마맛탕
6839903,고구마맛탕
6837179,고구마맛탕
6838018,고구마맛탕
6902878,고구마맛탕
6903710,고구마맛탕
844137,고구마맛탕
6956054,고구마맛탕
6953315,고구마맛탕
6953253,고구마맛탕
6953005,고구마맛탕
6952113,고구마맛탕
6952009,고구마맛탕
6950813,고구마맛탕
6950114,고구마맛탕
6950095,고구마맛탕
6948827,고구마맛탕
6948183,고구마맛탕
6947825,고구마맛탕
6947386,고구마맛탕
6946044,고구마맛탕
6945796,고구마맛탕
6945070,고구마맛탕
6944457,고구마맛탕
6944282,고구마맛탕
6944026,고구마맛탕
6942587,고구마맛탕
6941908,고구마맛탕
6939796,고구마맛탕
6934472,고구마맛탕
6932975,고구마맛탕
6930499,고구마맛탕
6927211,고구마맛탕
6925765,고구마맛탕
6925613,고구마맛탕
6923411,고구마맛탕
6923381,고구마맛탕
6923067,고구마맛탕
6921131,고구마맛탕
6921015,고구마맛탕
6920997,고구마맛탕
6920583,고구마맛탕
6920072,고구마맛탕
6919047,고구마맛탕
6916065,고구마맛탕
6915959,고구마맛탕
6913161,고구마맛탕
6911491,고구마맛탕
6910803,고구마맛탕
6904355,고구마맛탕
6903886,고구마맛탕
6903418,고구마맛탕
6902709,고구마맛탕
6902098,고구마맛탕
6901749,고구마맛탕
6901728,고구마맛탕
6900110,고구마맛탕
6899092,고구마맛탕
6897984,고구마맛탕
6897796,고구마맛탕
6897564,고구마맛탕
6892016,고구마맛탕
6891682,고구마맛탕
6883604,고구마맛탕
6882690,고구마맛탕
6882502,고구마맛탕
6881700,고구마맛탕
6881570,고구마맛탕
6878459,고구마맛탕
6878363,고구마맛탕
6878325,고구마맛탕
6878323,고구마맛탕
6878096,고구마맛탕
6878015,고구마맛탕
6876031,고구마맛탕
6874891,고구마맛탕
6869683,고구마맛탕
6868994,고구마맛탕
6868323,고구마맛탕
6867413,고구마맛탕
6867061,고구마맛탕
6865127,고구마맛탕
6862400,고구마맛탕
6858183,고구마맛탕
6849598,고구마맛탕
6849165,고구마맛탕
6846919,고구마맛탕
6845530,고구마맛탕
6843049,고구마맛탕
6840989,고구마맛탕
6838890,고구마맛탕
6838730,고구마맛탕
6837438,고구마맛탕
6837049,고구마맛탕
6835909,고구마맛탕
6835723,고구마맛탕
6834526,고구마맛탕
6834519,고구마맛탕
6833075,고구마맛탕
6831574,고구마맛탕
6829519,고구마맛탕
6797484,고구마맛탕
6622168,고구마맛탕
6597849,고구마맛탕
6447983,고구마맛탕
6348704,고구마맛탕
6288225,고구마맛탕
6251706,고구마맛탕
6093704,고구마맛탕
5230868,고구마맛탕
4611382,고구마맛탕
4608819,고구마맛탕
4527182,고구마맛탕
4471713,고구마맛탕
4468974,고구마맛탕
4397553,고구마맛탕
4294909,고구마맛탕
4102690,고구마맛탕
3495239,고구마맛탕
3245835,고구마맛탕
3110492,고구마맛탕
2976595,고구마맛탕
2859073,고구마맛탕
2576984,고구마맛탕
2529162,고구마맛탕
2509060,고구마맛탕
2374505,고구마맛탕
1797059,고구마맛탕
1675704,고구마맛탕
1666611,고구마맛탕
1586772,고구마맛탕
1548250,고구마맛탕
1547232,고구마맛탕
1516757,고구마맛탕
1209230,고구마맛탕
1179522,고구마맛탕
1156603,고구마맛탕
1109303,고구마맛탕
987120,고구마맛탕
897214,고구마맛탕
788744,고구마맛탕
422384,고구마맛탕
