6838886,고구마그라탕
6841910,고구마그라탕
6918142,고구마그라탕
6863805,고구마그라탕
6833648,고구마그라탕
6839674,고구마그라탕
6866320,고구마그라탕
6847909,고구마그라탕
6859228,고구마그라탕
748753,고구마그라탕
6952432,고구마그라탕
6951404,고구마그라탕
6951294,고구마그라탕
6951226,고구마그라탕
6946220,고구마그라탕
6945985,고구마그라탕
6922783,고구마그라탕
6921598,고구마그라탕
6921397,고구마그라탕
6909774,고구마그라탕
6903195,고구마그라탕
6876268,고구마그라탕
6863231,고구마그라탕
6861283,고구마그라탕
6861240,고구마그라탕
6858359,고구마그라탕
6852003,고구마그라탕
6841174,고구마그라탕
6838574,고구마그라탕
6838558,고구마그라탕
6837950,고구마그라탕
6832539,고구마그라탕
6778068,고구마그라탕
6741302,고구마그라탕
6713037,고구마그라탕
6684862,고구마그라탕
6666802,고구마그라탕
6634785,고구마그라탕
6623022,고구마그라탕
6411094,고구마그라탕
4098451,고구마그라탕
3299981,고구마그라탕
1693215,고구마그라탕
1610799,고구마그라탕
945115,고구마그라탕
843124,고구마그라탕
343935,고구마그라탕
