6885185,고추장찌개
6837933,고추장찌개
6746224,고추장찌개
6879698,고추장찌개
6929293,고추장찌개
6858055,고추장찌개
6842067,고추장찌개
6875049,고추장찌개
6890343,고추장찌개
6880281,고추장찌개
6863720,고추장찌개
6915575,고추장찌개
6866095,고추장찌개
6896361,고추장찌개
6887621,고추장찌개
5420128,고추장찌개
6854980,고추장찌개
6915707,고추장찌개
6927754,고추장찌개
6910776,고추장찌개
6875012,고추장찌개
6841751,고추장찌개
4000677,고추장찌개
6908745,고추장찌개
6916733,고추장찌개
3551697,고추장찌개
6934038,고추장찌개
6867824,고추장찌개
6915186,고추장찌개
6862627,고추장찌개
6836226,고추장찌개
6883787,고추장찌개
6929036,고추장찌개
6883441,고추장찌개
4281569,고추장찌개
6855342,고추장찌개
6848004,고추장찌개
6890762,고추장찌개
6840774,고추장찌개
6901552,고추장찌개
6923345,고추장찌개
4693368,고추장찌개
6865822,고추장찌개
6831567,고추장찌개
6907664,고추장찌개
6938813,고추장찌개
5793135,고추장찌개
6853929,고추장찌개
6918190,고추장찌개
6910641,고추장찌개
6949840,고추장찌개
6858940,고추장찌개
6943542,고추장찌개
6830047,고추장찌개
6850175,고추장찌개
6929722,고추장찌개
6708683,고추장찌개
6893420,고추장찌개
6866044,고추장찌개
6830532,고추장찌개
6842446,고추장찌개
6877795,고추장찌개
6840602,고추장찌개
6900614,고추장찌개
6859487,고추장찌개
6871019,고추장찌개
6830018,고추장찌개
6914732,고추장찌개
6930822,고추장찌개
6829011,고추장찌개
6841270,고추장찌개
6857099,고추장찌개
6880454,고추장찌개
6837670,고추장찌개
6899968,고추장찌개
6864019,고추장찌개
6841754,고추장찌개
6898248,고추장찌개
6915444,고추장찌개
6946582,고추장찌개
6887362,고추장찌개
6193231,고추장찌개
6938034,고추장찌개
6852537,고추장찌개
6888921,고추장찌개
6944431,고추장찌개
6850335,고추장찌개
5084721,고추장찌개
6870332,고추장찌개
6921286,고추장찌개
6875384,고추장찌개
6889915,고추장찌개
6874440,고추장찌개
6852604,고추장찌개
6901871,고추장찌개
6891664,고추장찌개
6897307,고추장찌개
6843154,고추장찌개
1526299,고추장찌개
6848109,고추장찌개
4605270,고추장찌개
6837796,고추장찌개
6877224,고추장찌개
6785237,고추장찌개
6916546,고추장찌개
6942230,고추장찌개
6852220,고추장찌개
6888041,고추장찌개
6888265,고추장찌개
6888137,고추장찌개
6911629,고추장찌개
6941408,고추장찌개
6845718,고추장찌개
6902426,고추장찌개
6886865,고추장찌개
5839371,고추장찌개
6849953,고추장찌개
6930556,고추장찌개
6912264,고추장찌개
6832732,고추장찌개
6854978,고추장찌개
1978636,고추장찌개
6830278,고추장찌개
6857220,고추장찌개
6864839,고추장찌개
6911553,고추장찌개
6830978,고추장찌개
6326366,고추장찌개
2535943,고추장찌개
6917714,고추장찌개
6903285,고추장찌개
6875879,고추장찌개
3836943,고추장찌개
6918581,고추장찌개
6874424,고추장찌개
6921095,고추장찌개
6831682,고추장찌개
6798212,고추장찌개
6837402,고추장찌개
6833345,고추장찌개
2896606,고추장찌개
6878658,고추장찌개
6876284,고추장찌개
6950731,고추장찌개
6914960,고추장찌개
6868245,고추장찌개
5203823,고추장찌개
6867021,고추장찌개
6865881,고추장찌개
6902877,고추장찌개
6859457,고추장찌개
6850828,고추장찌개
6867455,고추장찌개
6849796,고추장찌개
6834593,고추장찌개
6899972,고추장찌개
6882449,고추장찌개
6665959,고추장찌개
6832964,고추장찌개
6806496,고추장찌개
6905702,고추장찌개
6858340,고추장찌개
6856273,고추장찌개
6856682,고추장찌개
6893992,고추장찌개
6892004,고추장찌개
6797913,고추장찌개
6870951,고추장찌개
6848367,고추장찌개
6893371,고추장찌개
2336914,고추장찌개
6845709,고추장찌개
6895954,고추장찌개
6712872,고추장찌개
6835985,고추장찌개
6847340,고추장찌개
6916672,고추장찌개
6835201,고추장찌개
6844190,고추장찌개
6897114,고추장찌개
1493746,고추장찌개
6872068,고추장찌개
6940819,고추장찌개
6895120,고추장찌개
2905329,고추장찌개
6878214,고추장찌개
6929151,고추장찌개
6850585,고추장찌개
1782085,고추장찌개
6892237,고추장찌개
6844963,고추장찌개
6882776,고추장찌개
6864632,고추장찌개
6852273,고추장찌개
6846973,고추장찌개
1955022,고추장찌개
6848168,고추장찌개
1488547,고추장찌개
6891850,고추장찌개
6873163,고추장찌개
6853351,고추장찌개
6862177,고추장찌개
6872272,고추장찌개
6856446,고추장찌개
6857995,고추장찌개
1073814,고추장찌개
6832813,고추장찌개
6885553,고추장찌개
6625730,고추장찌개
718552,고추장찌개
6947829,고추장찌개
2926988,고추장찌개
1679149,고추장찌개
6872055,고추장찌개
772107,고추장찌개
925220,고추장찌개
6956807,고추장찌개
6956402,고추장찌개
6956299,고추장찌개
6955923,고추장찌개
6955736,고추장찌개
6955702,고추장찌개
6955680,고추장찌개
6955304,고추장찌개
6955017,고추장찌개
6954645,고추장찌개
6953556,고추장찌개
6952726,고추장찌개
6952555,고추장찌개
6950288,고추장찌개
6947999,고추장찌개
6946651,고추장찌개
6946274,고추장찌개
6946236,고추장찌개
6945910,고추장찌개
6945680,고추장찌개
6945626,고추장찌개
6945577,고추장찌개
6945357,고추장찌개
6945103,고추장찌개
6945012,고추장찌개
6944695,고추장찌개
6944537,고추장찌개
6944105,고추장찌개
6943948,고추장찌개
6943904,고추장찌개
6943419,고추장찌개
6943265,고추장찌개
6942511,고추장찌개
6941785,고추장찌개
6940809,고추장찌개
6940411,고추장찌개
6940385,고추장찌개
6940250,고추장찌개
6939484,고추장찌개
6939194,고추장찌개
6938866,고추장찌개
6938150,고추장찌개
6937079,고추장찌개
6936439,고추장찌개
6936067,고추장찌개
6935598,고추장찌개
6934264,고추장찌개
6933047,고추장찌개
6932436,고추장찌개
6932139,고추장찌개
6931193,고추장찌개
6930621,고추장찌개
6930159,고추장찌개
6929805,고추장찌개
6928656,고추장찌개
6926617,고추장찌개
6926055,고추장찌개
6925962,고추장찌개
6925453,고추장찌개
6922777,고추장찌개
6922548,고추장찌개
6922436,고추장찌개
6921860,고추장찌개
6920340,고추장찌개
6920246,고추장찌개
6918941,고추장찌개
6918767,고추장찌개
6918529,고추장찌개
6917629,고추장찌개
6915836,고추장찌개
6915785,고추장찌개
6914781,고추장찌개
6914694,고추장찌개
6914199,고추장찌개
6913684,고추장찌개
6912819,고추장찌개
6912211,고추장찌개
6910656,고추장찌개
6908911,고추장찌개
6905542,고추장찌개
6905117,고추장찌개
6904869,고추장찌개
6904606,고추장찌개
6904409,고추장찌개
6902349,고추장찌개
6901792,고추장찌개
6901658,고추장찌개
6901394,고추장찌개
6900695,고추장찌개
6899630,고추장찌개
6898914,고추장찌개
6897703,고추장찌개
6897200,고추장찌개
6895568,고추장찌개
6893477,고추장찌개
6892679,고추장찌개
6886807,고추장찌개
6886792,고추장찌개
6886637,고추장찌개
6885740,고추장찌개
6884967,고추장찌개
6883891,고추장찌개
6883838,고추장찌개
6883716,고추장찌개
6882519,고추장찌개
6880732,고추장찌개
6880544,고추장찌개
6879314,고추장찌개
6878791,고추장찌개
6877658,고추장찌개
6877508,고추장찌개
6877477,고추장찌개
6877458,고추장찌개
6876844,고추장찌개
6874639,고추장찌개
6874523,고추장찌개
6871470,고추장찌개
6868428,고추장찌개
6866191,고추장찌개
6864168,고추장찌개
6862969,고추장찌개
6861857,고추장찌개
6857969,고추장찌개
6856767,고추장찌개
6856521,고추장찌개
6855540,고추장찌개
6855212,고추장찌개
6854786,고추장찌개
6854591,고추장찌개
6853753,고추장찌개
6851796,고추장찌개
6850864,고추장찌개
6850738,고추장찌개
6849629,고추장찌개
6848215,고추장찌개
6848089,고추장찌개
6847999,고추장찌개
6847930,고추장찌개
6846863,고추장찌개
6845973,고추장찌개
6845331,고추장찌개
6843142,고추장찌개
6842331,고추장찌개
6838345,고추장찌개
6835469,고추장찌개
6834572,고추장찌개
6833815,고추장찌개
6832778,고추장찌개
6832372,고추장찌개
6830988,고추장찌개
6830548,고추장찌개
6830256,고추장찌개
6829977,고추장찌개
6829792,고추장찌개
6829549,고추장찌개
6809122,고추장찌개
6795899,고추장찌개
6794776,고추장찌개
6784237,고추장찌개
6781928,고추장찌개
6764696,고추장찌개
6732643,고추장찌개
6727161,고추장찌개
6720814,고추장찌개
6644200,고추장찌개
6558430,고추장찌개
6503352,고추장찌개
6063776,고추장찌개
6023777,고추장찌개
6008251,고추장찌개
6003482,고추장찌개
5830730,고추장찌개
5793111,고추장찌개
5786166,고추장찌개
5604779,고추장찌개
4798494,고추장찌개
4541356,고추장찌개
4456203,고추장찌개
4332281,고추장찌개
3446169,고추장찌개
3040908,고추장찌개
2893472,고추장찌개
2756555,고추장찌개
2753460,고추장찌개
2646080,고추장찌개
2636602,고추장찌개
2625226,고추장찌개
2576982,고추장찌개
2498651,고추장찌개
2472292,고추장찌개
2415363,고추장찌개
2309720,고추장찌개
2309310,고추장찌개
2306037,고추장찌개
2001693,고추장찌개
2000497,고추장찌개
1999416,고추장찌개
1923886,고추장찌개
1916912,고추장찌개
1897592,고추장찌개
1844426,고추장찌개
1836554,고추장찌개
1811506,고추장찌개
1790232,고추장찌개
1770337,고추장찌개
1767958,고추장찌개
1703025,고추장찌개
1686729,고추장찌개
1628293,고추장찌개
1622377,고추장찌개
1456768,고추장찌개
1242830,고추장찌개
1223858,고추장찌개
1220893,고추장찌개
1097809,고추장찌개
1076729,고추장찌개
958903,고추장찌개
929086,고추장찌개
836254,고추장찌개
644321,고추장찌개
31187,고추장찌개
