6864761,고추장불고기
5038096,고추장불고기
5552938,고추장불고기
6950484,고추장불고기
6907977,고추장불고기
6921583,고추장불고기
6902104,고추장불고기
6855547,고추장불고기
6922029,고추장불고기
6894448,고추장불고기
6871706,고추장불고기
6912698,고추장불고기
6845015,고추장불고기
6903872,고추장불고기
6911696,고추장불고기
6850756,고추장불고기
6954937,고추장불고기
6929031,고추장불고기
6864979,고추장불고기
6870407,고추장불고기
6901275,고추장불고기
3433769,고추장불고기
6861633,고추장불고기
6879833,고추장불고기
5496814,고추장불고기
6863455,고추장불고기
4699953,고추장불고기
6872430,고추장불고기
2529790,고추장불고기
6906456,고추장불고기
5949075,고추장불고기
6854896,고추장불고기
6843867,고추장불고기
6886641,고추장불고기
6896038,고추장불고기
6833149,고추장불고기
6841058,고추장불고기
6846461,고추장불고기
6910172,고추장불고기
6853518,고추장불고기
6918833,고추장불고기
6907437,고추장불고기
6859477,고추장불고기
6215398,고추장불고기
6868521,고추장불고기
6865156,고추장불고기
6933645,고추장불고기
6915250,고추장불고기
1302866,고추장불고기
6869806,고추장불고기
6892030,고추장불고기
6883656,고추장불고기
6888811,고추장불고기
1066514,고추장불고기
6838873,고추장불고기
1764745,고추장불고기
1129377,고추장불고기
6841020,고추장불고기
6871281,고추장불고기
1002689,고추장불고기
6900149,고추장불고기
6954047,고추장불고기
6952674,고추장불고기
6952575,고추장불고기
6949983,고추장불고기
6949317,고추장불고기
6948563,고추장불고기
6946250,고추장불고기
6944856,고추장불고기
6939667,고추장불고기
6938711,고추장불고기
6935831,고추장불고기
6933755,고추장불고기
6933109,고추장불고기
6932448,고추장불고기
6930763,고추장불고기
6930444,고추장불고기
6929083,고추장불고기
6927889,고추장불고기
6927685,고추장불고기
6927200,고추장불고기
6918923,고추장불고기
6917958,고추장불고기
6916808,고추장불고기
6916477,고추장불고기
6916360,고추장불고기
6916057,고추장불고기
6910718,고추장불고기
6910285,고추장불고기
6901788,고추장불고기
6900278,고추장불고기
6899574,고추장불고기
6898640,고추장불고기
6893151,고추장불고기
6893026,고추장불고기
6892436,고추장불고기
6887775,고추장불고기
6886645,고추장불고기
6883718,고추장불고기
6883350,고추장불고기
6876185,고추장불고기
6873366,고추장불고기
6871561,고추장불고기
6871035,고추장불고기
6870439,고추장불고기
6866007,고추장불고기
6865347,고추장불고기
6857969,고추장불고기
6857358,고추장불고기
6857111,고추장불고기
6849431,고추장불고기
6848990,고추장불고기
6846338,고추장불고기
6846176,고추장불고기
6845799,고추장불고기
6837137,고추장불고기
6835658,고추장불고기
6831727,고추장불고기
6830086,고추장불고기
6767189,고추장불고기
6680191,고추장불고기
6008251,고추장불고기
5912501,고추장불고기
5815519,고추장불고기
5675457,고추장불고기
4239729,고추장불고기
4083080,고추장불고기
3987562,고추장불고기
3483350,고추장불고기
3288712,고추장불고기
2518534,고추장불고기
2423071,고추장불고기
2326439,고추장불고기
1818183,고추장불고기
1810992,고추장불고기
1791563,고추장불고기
1778243,고추장불고기
1626945,고추장불고기
1626938,고추장불고기
1293875,고추장불고기
1243238,고추장불고기
1210101,고추장불고기
1003842,고추장불고기
970263,고추장불고기
841962,고추장불고기
828446,고추장불고기
373354,고추장불고기
157662,고추장불고기
