6936499,고등어구이
6868528,고등어구이
6864830,고등어구이
6836566,고등어구이
6847174,고등어구이
6954527,고등어구이
6894520,고등어구이
6913703,고등어구이
6911777,고등어구이
6876111,고등어구이
6834582,고등어구이
6854827,고등어구이
6859868,고등어구이
6836819,고등어구이
6836153,고등어구이
6889527,고등어구이
6856205,고등어구이
6777682,고등어구이
6850520,고등어구이
6912194,고등어구이
6896299,고등어구이
6835342,고등어구이
5854648,고등어구이
6817024,고등어구이
6900653,고등어구이
6844894,고등어구이
6919478,고등어구이
6875579,고등어구이
825365,고등어구이
6892024,고등어구이
6898013,고등어구이
6905601,고등어구이
6883043,고등어구이
6865524,고등어구이
6836579,고등어구이
6924805,고등어구이
1109766,고등어구이
4135866,고등어구이
6831462,고등어구이
6924472,고등어구이
1561044,고등어구이
6924979,고등어구이
6896149,고등어구이
6924302,고등어구이
6830971,고등어구이
6919902,고등어구이
3957007,고등어구이
6954921,고등어구이
6954823,고등어구이
6954551,고등어구이
6954461,고등어구이
6953769,고등어구이
6953043,고등어구이
6950427,고등어구이
6949025,고등어구이
6948192,고등어구이
6947144,고등어구이
6947025,고등어구이
6945863,고등어구이
6944766,고등어구이
6944409,고등어구이
6941815,고등어구이
6939250,고등어구이
6939117,고등어구이
6932929,고등어구이
6932647,고등어구이
6929183,고등어구이
6928789,고등어구이
6921262,고등어구이
6921198,고등어구이
6920559,고등어구이
6920124,고등어구이
6920123,고등어구이
6920016,고등어구이
6919608,고등어구이
6919545,고등어구이
6917900,고등어구이
6917292,고등어구이
6915584,고등어구이
6913829,고등어구이
6913422,고등어구이
6912955,고등어구이
6912650,고등어구이
6910950,고등어구이
6910373,고등어구이
6909452,고등어구이
6907436,고등어구이
6905300,고등어구이
6905140,고등어구이
6904809,고등어구이
6903125,고등어구이
6903076,고등어구이
6902780,고등어구이
6902028,고등어구이
6899140,고등어구이
6898605,고등어구이
6897620,고등어구이
6897578,고등어구이
6896301,고등어구이
6895704,고등어구이
6895309,고등어구이
6895094,고등어구이
6890613,고등어구이
6889946,고등어구이
6889511,고등어구이
6889350,고등어구이
6888360,고등어구이
6887917,고등어구이
6887658,고등어구이
6886626,고등어구이
6882950,고등어구이
6882168,고등어구이
6879612,고등어구이
6875080,고등어구이
6872743,고등어구이
6868215,고등어구이
6863150,고등어구이
6862419,고등어구이
6856740,고등어구이
6854645,고등어구이
6851885,고등어구이
6850291,고등어구이
6849589,고등어구이
6849559,고등어구이
6841055,고등어구이
6839750,고등어구이
6836458,고등어구이
6834388,고등어구이
6834003,고등어구이
6706470,고등어구이
6675499,고등어구이
6551290,고등어구이
6437352,고등어구이
6351577,고등어구이
6181873,고등어구이
6119274,고등어구이
6107634,고등어구이
5796343,고등어구이
5775810,고등어구이
5535701,고등어구이
4978569,고등어구이
4516501,고등어구이
4448780,고등어구이
4365178,고등어구이
3754655,고등어구이
3664542,고등어구이
3558585,고등어구이
3032288,고등어구이
2721690,고등어구이
2582094,고등어구이
2580790,고등어구이
2458197,고등어구이
2455998,고등어구이
2324940,고등어구이
1977124,고등어구이
1962366,고등어구이
1932178,고등어구이
1875447,고등어구이
1789458,고등어구이
1484559,고등어구이
1360071,고등어구이
1167028,고등어구이
1107787,고등어구이
1107770,고등어구이
1080424,고등어구이
551602,고등어구이
183046,고등어구이
154000,고등어구이
135901,고등어구이
28645,고등어구이
24010,고등어구이
