3568149,고등어조림
6892219,고등어조림
6860370,고등어조림
6865888,고등어조림
6931856,고등어조림
6890781,고등어조림
6853751,고등어조림
6857726,고등어조림
6899845,고등어조림
6880572,고등어조림
6877839,고등어조림
6839267,고등어조림
6897810,고등어조림
6901617,고등어조림
6682983,고등어조림
6935884,고등어조림
6841816,고등어조림
6885257,고등어조림
6035135,고등어조림
6864657,고등어조림
6910429,고등어조림
6940003,고등어조림
6858538,고등어조림
6886328,고등어조림
6858670,고등어조림
6927569,고등어조림
4145513,고등어조림
6877918,고등어조림
6951711,고등어조림
6874341,고등어조림
4068506,고등어조림
6833494,고등어조림
6876166,고등어조림
5641214,고등어조림
6881870,고등어조림
6923326,고등어조림
6856569,고등어조림
6894248,고등어조림
6870900,고등어조림
5899011,고등어조림
6956441,고등어조림
6898532,고등어조림
6878955,고등어조림
6843452,고등어조림
6846572,고등어조림
6878149,고등어조림
6829923,고등어조림
6943062,고등어조림
6831217,고등어조림
6843246,고등어조림
6941813,고등어조림
6830404,고등어조림
6895718,고등어조림
6328584,고등어조림
6901614,고등어조림
6947105,고등어조림
6836274,고등어조림
6833226,고등어조림
6909638,고등어조림
6937315,고등어조림
6950620,고등어조림
6874497,고등어조림
6929373,고등어조림
6924511,고등어조림
6904747,고등어조림
4662838,고등어조림
6838987,고등어조림
6916572,고등어조림
6937968,고등어조림
6840940,고등어조림
6883105,고등어조림
6851369,고등어조림
6872267,고등어조림
6912998,고등어조림
6909507,고등어조림
6925046,고등어조림
6820910,고등어조림
6857993,고등어조림
6947204,고등어조림
6951928,고등어조림
3359586,고등어조림
6951526,고등어조림
6902469,고등어조림
6916887,고등어조림
6948989,고등어조림
6919105,고등어조림
6838255,고등어조림
6880632,고등어조림
6857066,고등어조림
6894314,고등어조림
6861807,고등어조림
6866448,고등어조림
6912393,고등어조림
6887284,고등어조림
6902405,고등어조림
6851385,고등어조림
6900473,고등어조림
6876178,고등어조림
4505828,고등어조림
6689925,고등어조림
6860038,고등어조림
6833154,고등어조림
1950615,고등어조림
6866500,고등어조림
6853995,고등어조림
6660728,고등어조림
6853344,고등어조림
6847172,고등어조림
6855382,고등어조림
6850141,고등어조림
6835103,고등어조림
4383235,고등어조림
5499407,고등어조림
6832861,고등어조림
1944426,고등어조림
6847365,고등어조림
6882595,고등어조림
6837395,고등어조림
1680007,고등어조림
6925110,고등어조림
6832495,고등어조림
6908049,고등어조림
6856687,고등어조림
6905698,고등어조림
5097060,고등어조림
6896961,고등어조림
6900848,고등어조림
6844895,고등어조림
6915886,고등어조림
6869175,고등어조림
6920566,고등어조림
6832943,고등어조림
6845190,고등어조림
6807066,고등어조림
6923059,고등어조림
6833538,고등어조림
6859973,고등어조림
6860771,고등어조림
6868072,고등어조림
6898534,고등어조림
6836430,고등어조림
6896824,고등어조림
6880148,고등어조림
6897237,고등어조림
6884198,고등어조림
6944442,고등어조림
3003374,고등어조림
6830281,고등어조림
6830389,고등어조림
6865925,고등어조림
6866507,고등어조림
6829058,고등어조림
6899018,고등어조림
6849270,고등어조림
6367646,고등어조림
6835546,고등어조림
6918275,고등어조림
6872345,고등어조림
6860315,고등어조림
6861801,고등어조림
6921500,고등어조림
6899342,고등어조림
6865691,고등어조림
901038,고등어조림
6542945,고등어조림
6835288,고등어조림
6755974,고등어조림
6845504,고등어조림
6842400,고등어조림
6856946,고등어조림
6845842,고등어조림
6858654,고등어조림
6864853,고등어조림
6870948,고등어조림
6898526,고등어조림
6887303,고등어조림
6850856,고등어조림
6850833,고등어조림
6890988,고등어조림
6767663,고등어조림
6836937,고등어조림
6843164,고등어조림
6838557,고등어조림
6858716,고등어조림
6728916,고등어조림
6012503,고등어조림
1775695,고등어조림
6801815,고등어조림
6863163,고등어조림
6897211,고등어조림
6872800,고등어조림
6841223,고등어조림
6830800,고등어조림
6868284,고등어조림
6929446,고등어조림
1032662,고등어조림
6713264,고등어조림
6838083,고등어조림
6857836,고등어조림
6920900,고등어조림
6837176,고등어조림
6561408,고등어조림
6893487,고등어조림
6874614,고등어조림
6842717,고등어조림
6830554,고등어조림
4906063,고등어조림
785428,고등어조림
6855001,고등어조림
6833236,고등어조림
6913670,고등어조림
6929956,고등어조림
1921039,고등어조림
1603422,고등어조림
6870428,고등어조림
6866920,고등어조림
6696446,고등어조림
1117380,고등어조림
1095389,고등어조림
6883550,고등어조림
3276132,고등어조림
6840706,고등어조림
378008,고등어조림
681997,고등어조림
6877955,고등어조림
6943760,고등어조림
1891014,고등어조림
6923391,고등어조림
760913,고등어조림
6897628,고등어조림
29130,고등어조림
6139179,고등어조림
6863910,고등어조림
6492497,고등어조림
6957363,고등어조림
6956655,고등어조림
6956474,고등어조림
6956052,고등어조림
6954034,고등어조림
6953653,고등어조림
6952604,고등어조림
6952027,고등어조림
6951647,고등어조림
6951381,고등어조림
6950921,고등어조림
6950794,고등어조림
6950705,고등어조림
6950656,고등어조림
6950422,고등어조림
6950026,고등어조림
6949388,고등어조림
6947383,고등어조림
6947133,고등어조림
6947040,고등어조림
6946967,고등어조림
6946450,고등어조림
6946074,고등어조림
6945306,고등어조림
6945283,고등어조림
6945055,고등어조림
6944577,고등어조림
6944092,고등어조림
6943710,고등어조림
6943504,고등어조림
6943492,고등어조림
6942733,고등어조림
6942014,고등어조림
6941974,고등어조림
6941946,고등어조림
6941856,고등어조림
6941793,고등어조림
6941544,고등어조림
6941230,고등어조림
6941201,고등어조림
6939257,고등어조림
6938389,고등어조림
6937999,고등어조림
6937787,고등어조림
6937725,고등어조림
6937204,고등어조림
6937203,고등어조림
6934757,고등어조림
6934570,고등어조림
6933643,고등어조림
6933482,고등어조림
6933415,고등어조림
6930171,고등어조림
6929223,고등어조림
6929172,고등어조림
6928181,고등어조림
6926728,고등어조림
6926685,고등어조림
6926241,고등어조림
6925824,고등어조림
6925819,고등어조림
6924162,고등어조림
6920847,고등어조림
6920545,고등어조림
6920222,고등어조림
6919854,고등어조림
6919148,고등어조림
6917900,고등어조림
6917816,고등어조림
6917656,고등어조림
6915957,고등어조림
6915798,고등어조림
6915164,고등어조림
6913114,고등어조림
6913031,고등어조림
6913015,고등어조림
6909565,고등어조림
6909332,고등어조림
6908955,고등어조림
6908004,고등어조림
6905898,고등어조림
6903228,고등어조림
6903005,고등어조림
6902002,고등어조림
6901539,고등어조림
6900920,고등어조림
6900763,고등어조림
6900472,고등어조림
6900076,고등어조림
6899830,고등어조림
6899696,고등어조림
6899197,고등어조림
6899003,고등어조림
6898936,고등어조림
6898887,고등어조림
6898601,고등어조림
6898415,고등어조림
6898180,고등어조림
6896088,고등어조림
6895702,고등어조림
6895469,고등어조림
6894985,고등어조림
6894544,고등어조림
6894420,고등어조림
6893791,고등어조림
6892657,고등어조림
6892171,고등어조림
6891545,고등어조림
6891162,고등어조림
6889949,고등어조림
6889247,고등어조림
6889240,고등어조림
6888525,고등어조림
6887707,고등어조림
6887193,고등어조림
6885631,고등어조림
6885085,고등어조림
6884729,고등어조림
6881590,고등어조림
6881390,고등어조림
6877058,고등어조림
6876820,고등어조림
6876519,고등어조림
6876406,고등어조림
6875833,고등어조림
6875754,고등어조림
6874353,고등어조림
6871471,고등어조림
6869936,고등어조림
6861821,고등어조림
6861399,고등어조림
6859972,고등어조림
6859235,고등어조림
6858853,고등어조림
6858144,고등어조림
6857780,고등어조림
6857339,고등어조림
6857136,고등어조림
6856926,고등어조림
6856542,고등어조림
6854876,고등어조림
6854223,고등어조림
6853514,고등어조림
6853108,고등어조림
6852936,고등어조림
6852655,고등어조림
6852477,고등어조림
6852472,고등어조림
6851434,고등어조림
6850687,고등어조림
6849960,고등어조림
6847950,고등어조림
6844607,고등어조림
6844154,고등어조림
6844116,고등어조림
6843802,고등어조림
6841400,고등어조림
6840716,고등어조림
6840195,고등어조림
6838541,고등어조림
6837538,고등어조림
6837150,고등어조림
6836314,고등어조림
6835805,고등어조림
6834680,고등어조림
6834603,고등어조림
6832650,고등어조림
6832343,고등어조림
6832199,고등어조림
6831566,고등어조림
6831507,고등어조림
6831403,고등어조림
6831309,고등어조림
6829487,고등어조림
6818785,고등어조림
6772114,고등어조림
6756634,고등어조림
6712072,고등어조림
6649314,고등어조림
6636723,고등어조림
6630346,고등어조림
6626063,고등어조림
6545325,고등어조림
6504875,고등어조림
6500679,고등어조림
6395210,고등어조림
6363417,고등어조림
6306032,고등어조림
6268068,고등어조림
6114398,고등어조림
6068764,고등어조림
6068596,고등어조림
5881019,고등어조림
5228366,고등어조림
5132355,고등어조림
5049182,고등어조림
4763633,고등어조림
4709884,고등어조림
4518138,고등어조림
4503791,고등어조림
4393273,고등어조림
4185545,고등어조림
3927737,고등어조림
3788490,고등어조림
3618092,고등어조림
3467114,고등어조림
3283244,고등어조림
3137943,고등어조림
3115970,고등어조림
2971988,고등어조림
2805161,고등어조림
2501272,고등어조림
2453540,고등어조림
2410931,고등어조림
2314040,고등어조림
2001707,고등어조림
1922238,고등어조림
1887812,고등어조림
1812478,고등어조림
1806328,고등어조림
1768575,고등어조림
1622526,고등어조림
1572030,고등어조림
1484587,고등어조림
1447769,고등어조림
1144788,고등어조림
1103591,고등어조림
748466,고등어조림
732732,고등어조림
511233,고등어조림
356737,고등어조림
340576,고등어조림
126827,고등어조림
86729,고등어조림
86508,고등어조림
