6838891,고구마튀김
6879724,고구마튀김
6904554,고구마튀김
6901117,고구마튀김
4784381,고구마튀김
6859267,고구마튀김
1619672,고구마튀김
6945244,고구마튀김
4155735,고구마튀김
6880666,고구마튀김
6745095,고구마튀김
6920889,고구마튀김
6854140,고구마튀김
6863129,고구마튀김
6857618,고구마튀김
6882479,고구마튀김
6897925,고구마튀김
6923698,고구마튀김
6882821,고구마튀김
6836850,고구마튀김
6848421,고구마튀김
6855311,고구마튀김
6904089,고구마튀김
6838226,고구마튀김
6839127,고구마튀김
5423048,고구마튀김
6877282,고구마튀김
6865011,고구마튀김
6872995,고구마튀김
1654535,고구마튀김
4545631,고구마튀김
5846184,고구마튀김
6955885,고구마튀김
6954738,고구마튀김
6954515,고구마튀김
6953315,고구마튀김
6949696,고구마튀김
6949195,고구마튀김
6948937,고구마튀김
6946605,고구마튀김
6946200,고구마튀김
6945990,고구마튀김
6945419,고구마튀김
6945362,고구마튀김
6944545,고구마튀김
6944035,고구마튀김
6935489,고구마튀김
6927577,고구마튀김
6925091,고구마튀김
6923288,고구마튀김
6923202,고구마튀김
6921481,고구마튀김
6916324,고구마튀김
6910995,고구마튀김
6900583,고구마튀김
6900499,고구마튀김
6900074,고구마튀김
6898253,고구마튀김
6897938,고구마튀김
6897813,고구마튀김
6897031,고구마튀김
6896611,고구마튀김
6896590,고구마튀김
6887274,고구마튀김
6884049,고구마튀김
6883107,고구마튀김
6882717,고구마튀김
6881778,고구마튀김
6881560,고구마튀김
6881196,고구마튀김
6877866,고구마튀김
6870156,고구마튀김
6868694,고구마튀김
6864210,고구마튀김
6863949,고구마튀김
6863213,고구마튀김
6862923,고구마튀김
6862403,고구마튀김
6862400,고구마튀김
6862389,고구마튀김
6860967,고구마튀김
6860247,고구마튀김
6860202,고구마튀김
6859580,고구마튀김
6859460,고구마튀김
6857274,고구마튀김
6856540,고구마튀김
6843976,고구마튀김
6842877,고구마튀김
6842864,고구마튀김
6840970,고구마튀김
6838700,고구마튀김
6838578,고구마튀김
6836035,고구마튀김
6835726,고구마튀김
6833292,고구마튀김
6833189,고구마튀김
6690338,고구마튀김
6560644,고구마튀김
6271596,고구마튀김
6046180,고구마튀김
5966915,고구마튀김
5658493,고구마튀김
5416246,고구마튀김
4381254,고구마튀김
4305255,고구마튀김
3340840,고구마튀김
2769147,고구마튀김
2696424,고구마튀김
2585401,고구마튀김
1926339,고구마튀김
1763427,고구마튀김
1024830,고구마튀김
1015769,고구마튀김
558801,고구마튀김
360462,고구마튀김
