6839359,견과류멸치볶음
6850739,견과류멸치볶음
6879969,견과류멸치볶음
6954755,견과류멸치볶음
6893546,견과류멸치볶음
6904131,견과류멸치볶음
6893264,견과류멸치볶음
6917391,견과류멸치볶음
6876597,견과류멸치볶음
6954262,견과류멸치볶음
6888999,견과류멸치볶음
6921993,견과류멸치볶음
6945918,견과류멸치볶음
6878401,견과류멸치볶음
6898527,견과류멸치볶음
6899240,견과류멸치볶음
6954229,견과류멸치볶음
6887847,견과류멸치볶음
6835146,견과류멸치볶음
6895105,견과류멸치볶음
6924489,견과류멸치볶음
6869094,견과류멸치볶음
6906971,견과류멸치볶음
6833133,견과류멸치볶음
6889626,견과류멸치볶음
6874869,견과류멸치볶음
6887196,견과류멸치볶음
6917365,견과류멸치볶음
6843031,견과류멸치볶음
6928554,견과류멸치볶음
6877562,견과류멸치볶음
6843190,견과류멸치볶음
6892382,견과류멸치볶음
1860248,견과류멸치볶음
6833312,견과류멸치볶음
6809819,견과류멸치볶음
6851569,견과류멸치볶음
6923964,견과류멸치볶음
6882246,견과류멸치볶음
6915946,견과류멸치볶음
6908758,견과류멸치볶음
6841898,견과류멸치볶음
6837704,견과류멸치볶음
6874612,견과류멸치볶음
6845432,견과류멸치볶음
6869187,견과류멸치볶음
6851074,견과류멸치볶음
6845753,견과류멸치볶음
6874520,견과류멸치볶음
6858490,견과류멸치볶음
6878088,견과류멸치볶음
6842928,견과류멸치볶음
6891224,견과류멸치볶음
6909516,견과류멸치볶음
6957178,견과류멸치볶음
6952416,견과류멸치볶음
6951684,견과류멸치볶음
6947651,견과류멸치볶음
6946170,견과류멸치볶음
6945710,견과류멸치볶음
6944422,견과류멸치볶음
6943595,견과류멸치볶음
6942235,견과류멸치볶음
6941280,견과류멸치볶음
6934055,견과류멸치볶음
6933396,견과류멸치볶음
6931348,견과류멸치볶음
6919605,견과류멸치볶음
6875011,견과류멸치볶음
6874325,견과류멸치볶음
6867684,견과류멸치볶음
6864073,견과류멸치볶음
6859733,견과류멸치볶음
6855493,견과류멸치볶음
6849514,견과류멸치볶음
6849230,견과류멸치볶음
6849053,견과류멸치볶음
6842016,견과류멸치볶음
6841188,견과류멸치볶음
6836030,견과류멸치볶음
6832497,견과류멸치볶음
6829241,견과류멸치볶음
6695375,견과류멸치볶음
5521001,견과류멸치볶음
5415120,견과류멸치볶음
4005081,견과류멸치볶음
3063244,견과류멸치볶음
2690093,견과류멸치볶음
1918844,견과류멸치볶음
1070354,견과류멸치볶음
1007693,견과류멸치볶음
