6893128,검은콩국수
6870348,검은콩국수
4974063,검은콩국수
6894379,검은콩국수
6871931,검은콩국수
2806242,검은콩국수
6942112,검은콩국수
6935122,검은콩국수
6914862,검은콩국수
6914716,검은콩국수
6890163,검은콩국수
6850122,검은콩국수
6830919,검은콩국수
6829734,검은콩국수
6829407,검은콩국수
6820286,검은콩국수
6324237,검은콩국수
6072014,검은콩국수
5092314,검은콩국수
1993333,검은콩국수
1985659,검은콩국수
1977815,검은콩국수
1928201,검은콩국수
745982,검은콩국수
683172,검은콩국수
59328,검은콩국수
