6878001,건새우볶음
6956583,건새우볶음
6872547,건새우볶음
6907814,건새우볶음
6889886,건새우볶음
6905688,건새우볶음
6956936,건새우볶음
6870663,건새우볶음
6862189,건새우볶음
6944483,건새우볶음
6866098,건새우볶음
6918185,건새우볶음
6891590,건새우볶음
6933392,건새우볶음
6895563,건새우볶음
6899707,건새우볶음
6907188,건새우볶음
6884541,건새우볶음
6100431,건새우볶음
6948003,건새우볶음
6853160,건새우볶음
6935895,건새우볶음
6932866,건새우볶음
6941661,건새우볶음
6857381,건새우볶음
6897269,건새우볶음
6836253,건새우볶음
6855075,건새우볶음
4949433,건새우볶음
6836395,건새우볶음
6012068,건새우볶음
6864679,건새우볶음
6931716,건새우볶음
6931154,건새우볶음
6832869,건새우볶음
5321109,건새우볶음
6938844,건새우볶음
6919732,건새우볶음
6774587,건새우볶음
6874589,건새우볶음
6942768,건새우볶음
6905519,건새우볶음
6926639,건새우볶음
6855271,건새우볶음
6836645,건새우볶음
6854723,건새우볶음
6893521,건새우볶음
6837163,건새우볶음
6930613,건새우볶음
6912668,건새우볶음
6905817,건새우볶음
6853340,건새우볶음
6895374,건새우볶음
6888689,건새우볶음
6836358,건새우볶음
6882242,건새우볶음
6868880,건새우볶음
4035229,건새우볶음
6546906,건새우볶음
6880063,건새우볶음
6916676,건새우볶음
6890554,건새우볶음
6839706,건새우볶음
6866156,건새우볶음
3587431,건새우볶음
6857311,건새우볶음
6869490,건새우볶음
6872879,건새우볶음
6912713,건새우볶음
6907917,건새우볶음
6528530,건새우볶음
6892710,건새우볶음
6829829,건새우볶음
6929801,건새우볶음
6851571,건새우볶음
6867583,건새우볶음
6850119,건새우볶음
6821272,건새우볶음
6880019,건새우볶음
6910712,건새우볶음
6209025,건새우볶음
6946784,건새우볶음
6879574,건새우볶음
6538821,건새우볶음
6889407,건새우볶음
6872115,건새우볶음
6907162,건새우볶음
6867822,건새우볶음
1377132,건새우볶음
6864696,건새우볶음
6850034,건새우볶음
6927023,건새우볶음
6948374,건새우볶음
6957289,건새우볶음
6957126,건새우볶음
6956128,건새우볶음
6955166,건새우볶음
6952085,건새우볶음
6951807,건새우볶음
6948386,건새우볶음
6947067,건새우볶음
6941274,건새우볶음
6936961,건새우볶음
6936077,건새우볶음
6935816,건새우볶음
6935198,건새우볶음
6934908,건새우볶음
6934555,건새우볶음
6933855,건새우볶음
6933700,건새우볶음
6933530,건새우볶음
6933500,건새우볶음
6931325,건새우볶음
6931051,건새우볶음
6930790,건새우볶음
6930698,건새우볶음
6929457,건새우볶음
6928197,건새우볶음
6927277,건새우볶음
6926369,건새우볶음
6926141,건새우볶음
6924959,건새우볶음
6923269,건새우볶음
6922313,건새우볶음
6920608,건새우볶음
6920524,건새우볶음
6919654,건새우볶음
6919074,건새우볶음
6918429,건새우볶음
6918073,건새우볶음
6917103,건새우볶음
6915463,건새우볶음
6912839,건새우볶음
6912287,건새우볶음
6911511,건새우볶음
6909851,건새우볶음
6909572,건새우볶음
6908037,건새우볶음
6907617,건새우볶음
6903863,건새우볶음
6899022,건새우볶음
6891778,건새우볶음
6891213,건새우볶음
6890694,건새우볶음
6882726,건새우볶음
6880254,건새우볶음
6877151,건새우볶음
6876100,건새우볶음
6875482,건새우볶음
6875478,건새우볶음
6875445,건새우볶음
6873003,건새우볶음
6872912,건새우볶음
6872609,건새우볶음
6872428,건새우볶음
6871955,건새우볶음
6871032,건새우볶음
6869030,건새우볶음
6867391,건새우볶음
6862852,건새우볶음
6861524,건새우볶음
6857914,건새우볶음
6849871,건새우볶음
6846539,건새우볶음
6846273,건새우볶음
6845929,건새우볶음
6841924,건새우볶음
6839357,건새우볶음
6836261,건새우볶음
6830549,건새우볶음
6762498,건새우볶음
6253816,건새우볶음
6092554,건새우볶음
6022102,건새우볶음
4981100,건새우볶음
4763500,건새우볶음
2843826,건새우볶음
2693254,건새우볶음
2613598,건새우볶음
1489161,건새우볶음
28799,건새우볶음
