6837107,길거리토스트
6957049,길거리토스트
6829812,길거리토스트
6874058,길거리토스트
6896646,길거리토스트
6894852,길거리토스트
6952144,길거리토스트
6908140,길거리토스트
6612412,길거리토스트
6930915,길거리토스트
6894411,길거리토스트
6938901,길거리토스트
6855318,길거리토스트
6866482,길거리토스트
6855314,길거리토스트
6911851,길거리토스트
6833338,길거리토스트
6842966,길거리토스트
6931537,길거리토스트
6858204,길거리토스트
6904410,길거리토스트
6911036,길거리토스트
6948517,길거리토스트
6829420,길거리토스트
6944143,길거리토스트
6883658,길거리토스트
6866436,길거리토스트
6922098,길거리토스트
6846985,길거리토스트
6907521,길거리토스트
6838026,길거리토스트
6848375,길거리토스트
6876732,길거리토스트
6862448,길거리토스트
6882875,길거리토스트
4547392,길거리토스트
6853689,길거리토스트
6888082,길거리토스트
6858494,길거리토스트
6866492,길거리토스트
6882418,길거리토스트
6849727,길거리토스트
6847599,길거리토스트
6865423,길거리토스트
6907386,길거리토스트
3175908,길거리토스트
6728156,길거리토스트
6957227,길거리토스트
6951992,길거리토스트
6950421,길거리토스트
6950263,길거리토스트
6949959,길거리토스트
6949520,길거리토스트
6949115,길거리토스트
6948621,길거리토스트
6947649,길거리토스트
6944864,길거리토스트
6944093,길거리토스트
6941895,길거리토스트
6941349,길거리토스트
6940667,길거리토스트
6939478,길거리토스트
6938619,길거리토스트
6937914,길거리토스트
6935919,길거리토스트
6930288,길거리토스트
6930107,길거리토스트
6930015,길거리토스트
6928255,길거리토스트
6927464,길거리토스트
6926384,길거리토스트
6926084,길거리토스트
6924436,길거리토스트
6923871,길거리토스트
6923517,길거리토스트
6923223,길거리토스트
6922203,길거리토스트
6921670,길거리토스트
6919792,길거리토스트
6918687,길거리토스트
6914439,길거리토스트
6909553,길거리토스트
6907619,길거리토스트
6906306,길거리토스트
6905127,길거리토스트
6904721,길거리토스트
6900236,길거리토스트
6899823,길거리토스트
6899402,길거리토스트
6898238,길거리토스트
6893744,길거리토스트
6893300,길거리토스트
6892987,길거리토스트
6892794,길거리토스트
6892367,길거리토스트
6884746,길거리토스트
6880124,길거리토스트
6875408,길거리토스트
6875057,길거리토스트
6874877,길거리토스트
6873897,길거리토스트
6872589,길거리토스트
6869330,길거리토스트
6869272,길거리토스트
6868655,길거리토스트
6867845,길거리토스트
6867339,길거리토스트
6867180,길거리토스트
6866082,길거리토스트
6865800,길거리토스트
6861302,길거리토스트
6859727,길거리토스트
6857172,길거리토스트
6856425,길거리토스트
6855427,길거리토스트
6854484,길거리토스트
6854102,길거리토스트
6852443,길거리토스트
6852420,길거리토스트
6852057,길거리토스트
6850832,길거리토스트
6848084,길거리토스트
6848075,길거리토스트
6847808,길거리토스트
6846396,길거리토스트
6845972,길거리토스트
6843661,길거리토스트
6843638,길거리토스트
6841413,길거리토스트
6836834,길거리토스트
6835351,길거리토스트
6835075,길거리토스트
6834283,길거리토스트
6832420,길거리토스트
6832201,길거리토스트
6770527,길거리토스트
6729974,길거리토스트
6721583,길거리토스트
6697644,길거리토스트
6662409,길거리토스트
6644435,길거리토스트
6635538,길거리토스트
6583710,길거리토스트
6456256,길거리토스트
6281623,길거리토스트
6130405,길거리토스트
6124565,길거리토스트
6081088,길거리토스트
6054109,길거리토스트
5656243,길거리토스트
5493907,길거리토스트
4730668,길거리토스트
3656185,길거리토스트
3623039,길거리토스트
2965772,길거리토스트
2824982,길거리토스트
2602184,길거리토스트
2565642,길거리토스트
2543619,길거리토스트
2441121,길거리토스트
2325694,길거리토스트
1988292,길거리토스트
1982094,길거리토스트
1831126,길거리토스트
1779141,길거리토스트
1476305,길거리토스트
1309347,길거리토스트
1079726,길거리토스트
902956,길거리토스트
749006,길거리토스트
719457,길거리토스트
340294,길거리토스트
