6880978,김치+젓갈+장류
6831912,김치+젓갈+장류
6830560,김치+젓갈+장류
6887815,김치+젓갈+장류
6884950,김치+젓갈+장류
6903824,김치+젓갈+장류
6870735,김치+젓갈+장류
4009103,김치+젓갈+장류
6883577,김치+젓갈+장류
6832483,김치+젓갈+장류
6860042,김치+젓갈+장류
6869777,김치+젓갈+장류
6870648,김치+젓갈+장류
6931547,김치+젓갈+장류
6887568,김치+젓갈+장류
6857750,김치+젓갈+장류
6956926,김치+젓갈+장류
4239361,김치+젓갈+장류
6866373,김치+젓갈+장류
6913218,김치+젓갈+장류
6887626,김치+젓갈+장류
6876350,김치+젓갈+장류
6887625,김치+젓갈+장류
6871622,김치+젓갈+장류
6940690,김치+젓갈+장류
6840457,김치+젓갈+장류
6866075,김치+젓갈+장류
6832126,김치+젓갈+장류
6872349,김치+젓갈+장류
6869265,김치+젓갈+장류
6864717,김치+젓갈+장류
6865002,김치+젓갈+장류
6896175,김치+젓갈+장류
6891591,김치+젓갈+장류
6861975,김치+젓갈+장류
6842706,김치+젓갈+장류
6867904,김치+젓갈+장류
6860179,김치+젓갈+장류
6894003,김치+젓갈+장류
6887919,김치+젓갈+장류
6832651,김치+젓갈+장류
6867636,김치+젓갈+장류
6876624,김치+젓갈+장류
6875783,김치+젓갈+장류
6955130,김치+젓갈+장류
6878613,김치+젓갈+장류
6848568,김치+젓갈+장류
6868260,김치+젓갈+장류
6859439,김치+젓갈+장류
6836040,김치+젓갈+장류
6864512,김치+젓갈+장류
6889185,김치+젓갈+장류
6874936,김치+젓갈+장류
6869280,김치+젓갈+장류
6909627,김치+젓갈+장류
6952532,김치+젓갈+장류
6839778,김치+젓갈+장류
6909641,김치+젓갈+장류
6869549,김치+젓갈+장류
6907582,김치+젓갈+장류
6883805,김치+젓갈+장류
6919501,김치+젓갈+장류
6881912,김치+젓갈+장류
6907297,김치+젓갈+장류
6868425,김치+젓갈+장류
4310307,김치+젓갈+장류
6847029,김치+젓갈+장류
6906964,김치+젓갈+장류
6884390,김치+젓갈+장류
6894195,김치+젓갈+장류
6864243,김치+젓갈+장류
6935850,김치+젓갈+장류
6900951,김치+젓갈+장류
6904944,김치+젓갈+장류
6907862,김치+젓갈+장류
6944972,김치+젓갈+장류
6935248,김치+젓갈+장류
6891105,김치+젓갈+장류
6947692,김치+젓갈+장류
6873536,김치+젓갈+장류
6829438,김치+젓갈+장류
6885993,김치+젓갈+장류
6846601,김치+젓갈+장류
6895099,김치+젓갈+장류
6908764,김치+젓갈+장류
6860274,김치+젓갈+장류
6893044,김치+젓갈+장류
6879820,김치+젓갈+장류
6852334,김치+젓갈+장류
6872596,김치+젓갈+장류
6873553,김치+젓갈+장류
6894802,김치+젓갈+장류
6832494,김치+젓갈+장류
6872130,김치+젓갈+장류
6830683,김치+젓갈+장류
6832739,김치+젓갈+장류
6879507,김치+젓갈+장류
5661042,김치+젓갈+장류
6873456,김치+젓갈+장류
6874250,김치+젓갈+장류
6870957,김치+젓갈+장류
6870760,김치+젓갈+장류
6868573,김치+젓갈+장류
6934983,김치+젓갈+장류
6908340,김치+젓갈+장류
6883996,김치+젓갈+장류
6887900,김치+젓갈+장류
6939735,김치+젓갈+장류
6056251,김치+젓갈+장류
6879572,김치+젓갈+장류
6854933,김치+젓갈+장류
6910309,김치+젓갈+장류
6864547,김치+젓갈+장류
6906324,김치+젓갈+장류
6839328,김치+젓갈+장류
6911159,김치+젓갈+장류
6919516,김치+젓갈+장류
6866313,김치+젓갈+장류
6858512,김치+젓갈+장류
6865850,김치+젓갈+장류
4009036,김치+젓갈+장류
6856743,김치+젓갈+장류
6913777,김치+젓갈+장류
6831839,김치+젓갈+장류
6830673,김치+젓갈+장류
6882092,김치+젓갈+장류
6923761,김치+젓갈+장류
6860731,김치+젓갈+장류
6908265,김치+젓갈+장류
6845848,김치+젓갈+장류
6847924,김치+젓갈+장류
6922319,김치+젓갈+장류
6899153,김치+젓갈+장류
6893866,김치+젓갈+장류
6844217,김치+젓갈+장류
6876249,김치+젓갈+장류
6891513,김치+젓갈+장류
6847210,김치+젓갈+장류
6880542,김치+젓갈+장류
6941937,김치+젓갈+장류
6882504,김치+젓갈+장류
6896303,김치+젓갈+장류
6837275,김치+젓갈+장류
6903764,김치+젓갈+장류
6951066,김치+젓갈+장류
6884749,김치+젓갈+장류
6870546,김치+젓갈+장류
6836075,김치+젓갈+장류
6947414,김치+젓갈+장류
6938185,김치+젓갈+장류
6925903,김치+젓갈+장류
6892594,김치+젓갈+장류
4150152,김치+젓갈+장류
6942945,김치+젓갈+장류
4668037,김치+젓갈+장류
6873908,김치+젓갈+장류
6894429,김치+젓갈+장류
6895910,김치+젓갈+장류
6908665,김치+젓갈+장류
6912259,김치+젓갈+장류
6941760,김치+젓갈+장류
6934503,김치+젓갈+장류
6883239,김치+젓갈+장류
6869117,김치+젓갈+장류
6937358,김치+젓갈+장류
6867913,김치+젓갈+장류
6891371,김치+젓갈+장류
5468592,김치+젓갈+장류
6855299,김치+젓갈+장류
6929495,김치+젓갈+장류
4287340,김치+젓갈+장류
6906594,김치+젓갈+장류
6904010,김치+젓갈+장류
6901255,김치+젓갈+장류
6845656,김치+젓갈+장류
6944804,김치+젓갈+장류
6854572,김치+젓갈+장류
6876686,김치+젓갈+장류
6855535,김치+젓갈+장류
6891896,김치+젓갈+장류
6915554,김치+젓갈+장류
6867432,김치+젓갈+장류
6837122,김치+젓갈+장류
6418895,김치+젓갈+장류
6947041,김치+젓갈+장류
6865941,김치+젓갈+장류
6851252,김치+젓갈+장류
6801506,김치+젓갈+장류
6897223,김치+젓갈+장류
6894556,김치+젓갈+장류
6888732,김치+젓갈+장류
6895185,김치+젓갈+장류
6898135,김치+젓갈+장류
6874123,김치+젓갈+장류
6877837,김치+젓갈+장류
6886095,김치+젓갈+장류
6892774,김치+젓갈+장류
3475852,김치+젓갈+장류
6894232,김치+젓갈+장류
6929622,김치+젓갈+장류
6874947,김치+젓갈+장류
6835012,김치+젓갈+장류
6840833,김치+젓갈+장류
6917640,김치+젓갈+장류
4666806,김치+젓갈+장류
6854063,김치+젓갈+장류
6854921,김치+젓갈+장류
6886201,김치+젓갈+장류
6943965,김치+젓갈+장류
6909594,김치+젓갈+장류
6858151,김치+젓갈+장류
6852093,김치+젓갈+장류
6874159,김치+젓갈+장류
6841759,김치+젓갈+장류
6833933,김치+젓갈+장류
6912204,김치+젓갈+장류
6939846,김치+젓갈+장류
6888969,김치+젓갈+장류
6837743,김치+젓갈+장류
6891598,김치+젓갈+장류
6877240,김치+젓갈+장류
6850190,김치+젓갈+장류
6910732,김치+젓갈+장류
6899238,김치+젓갈+장류
6904124,김치+젓갈+장류
6951662,김치+젓갈+장류
6951983,김치+젓갈+장류
5040264,김치+젓갈+장류
6856929,김치+젓갈+장류
6946845,김치+젓갈+장류
6833415,김치+젓갈+장류
6921359,김치+젓갈+장류
6929008,김치+젓갈+장류
6832593,김치+젓갈+장류
6868464,김치+젓갈+장류
6837724,김치+젓갈+장류
6903809,김치+젓갈+장류
6900232,김치+젓갈+장류
6908748,김치+젓갈+장류
6901511,김치+젓갈+장류
6874150,김치+젓갈+장류
6953129,김치+젓갈+장류
6895109,김치+젓갈+장류
6912967,김치+젓갈+장류
6892909,김치+젓갈+장류
6904114,김치+젓갈+장류
3555660,김치+젓갈+장류
6881934,김치+젓갈+장류
6046274,김치+젓갈+장류
6918837,김치+젓갈+장류
6934362,김치+젓갈+장류
6892377,김치+젓갈+장류
6891692,김치+젓갈+장류
6911836,김치+젓갈+장류
6882140,김치+젓갈+장류
6892600,김치+젓갈+장류
5397773,김치+젓갈+장류
6893715,김치+젓갈+장류
6941902,김치+젓갈+장류
6843543,김치+젓갈+장류
6882816,김치+젓갈+장류
6896047,김치+젓갈+장류
6865202,김치+젓갈+장류
6895708,김치+젓갈+장류
660876,김치+젓갈+장류
913370,김치+젓갈+장류
6896975,김치+젓갈+장류
6951071,김치+젓갈+장류
6919628,김치+젓갈+장류
6910595,김치+젓갈+장류
6772181,김치+젓갈+장류
6832906,김치+젓갈+장류
6903931,김치+젓갈+장류
6868096,김치+젓갈+장류
6843943,김치+젓갈+장류
6906868,김치+젓갈+장류
6860735,김치+젓갈+장류
6946045,김치+젓갈+장류
6915934,김치+젓갈+장류
6842083,김치+젓갈+장류
6647105,김치+젓갈+장류
6830493,김치+젓갈+장류
6919929,김치+젓갈+장류
6863864,김치+젓갈+장류
6953545,김치+젓갈+장류
6852880,김치+젓갈+장류
6885542,김치+젓갈+장류
6904868,김치+젓갈+장류
6933967,김치+젓갈+장류
6902798,김치+젓갈+장류
6941142,김치+젓갈+장류
6893938,김치+젓갈+장류
6853343,김치+젓갈+장류
6935836,김치+젓갈+장류
6910006,김치+젓갈+장류
6892671,김치+젓갈+장류
6918910,김치+젓갈+장류
6915098,김치+젓갈+장류
6900680,김치+젓갈+장류
6910191,김치+젓갈+장류
6909002,김치+젓갈+장류
6837553,김치+젓갈+장류
6507735,김치+젓갈+장류
6894947,김치+젓갈+장류
1882571,김치+젓갈+장류
6921488,김치+젓갈+장류
6865415,김치+젓갈+장류
4998590,김치+젓갈+장류
6834466,김치+젓갈+장류
6395923,김치+젓갈+장류
6891298,김치+젓갈+장류
6838648,김치+젓갈+장류
6837868,김치+젓갈+장류
6468111,김치+젓갈+장류
6887254,김치+젓갈+장류
6868496,김치+젓갈+장류
6954636,김치+젓갈+장류
6914803,김치+젓갈+장류
6856655,김치+젓갈+장류
6910567,김치+젓갈+장류
6910970,김치+젓갈+장류
6870876,김치+젓갈+장류
6883955,김치+젓갈+장류
6940289,김치+젓갈+장류
6918492,김치+젓갈+장류
6870813,김치+젓갈+장류
4577139,김치+젓갈+장류
6909558,김치+젓갈+장류
6926020,김치+젓갈+장류
6932001,김치+젓갈+장류
6926472,김치+젓갈+장류
6894048,김치+젓갈+장류
6887045,김치+젓갈+장류
6879728,김치+젓갈+장류
6956989,김치+젓갈+장류
6879509,김치+젓갈+장류
6912619,김치+젓갈+장류
6949752,김치+젓갈+장류
6871998,김치+젓갈+장류
6877055,김치+젓갈+장류
6895203,김치+젓갈+장류
6956890,김치+젓갈+장류
6857865,김치+젓갈+장류
3599346,김치+젓갈+장류
6831459,김치+젓갈+장류
6911300,김치+젓갈+장류
6910486,김치+젓갈+장류
6902648,김치+젓갈+장류
6886743,김치+젓갈+장류
6832666,김치+젓갈+장류
6945432,김치+젓갈+장류
2593139,김치+젓갈+장류
6946698,김치+젓갈+장류
6865845,김치+젓갈+장류
6879271,김치+젓갈+장류
6932202,김치+젓갈+장류
6834416,김치+젓갈+장류
6947349,김치+젓갈+장류
6944307,김치+젓갈+장류
6854112,김치+젓갈+장류
6933123,김치+젓갈+장류
6860229,김치+젓갈+장류
6931628,김치+젓갈+장류
6873394,김치+젓갈+장류
6899454,김치+젓갈+장류
6895600,김치+젓갈+장류
6685032,김치+젓갈+장류
4634375,김치+젓갈+장류
6608805,김치+젓갈+장류
6914218,김치+젓갈+장류
6877587,김치+젓갈+장류
6927928,김치+젓갈+장류
6906782,김치+젓갈+장류
6905760,김치+젓갈+장류
6885361,김치+젓갈+장류
6911368,김치+젓갈+장류
6875781,김치+젓갈+장류
6917604,김치+젓갈+장류
6914928,김치+젓갈+장류
6844760,김치+젓갈+장류
5969007,김치+젓갈+장류
6802510,김치+젓갈+장류
6894819,김치+젓갈+장류
6912173,김치+젓갈+장류
6858732,김치+젓갈+장류
6837142,김치+젓갈+장류
6875653,김치+젓갈+장류
6912081,김치+젓갈+장류
4312568,김치+젓갈+장류
6839073,김치+젓갈+장류
6920800,김치+젓갈+장류
6870657,김치+젓갈+장류
6854810,김치+젓갈+장류
6883218,김치+젓갈+장류
6918792,김치+젓갈+장류
6898611,김치+젓갈+장류
6910587,김치+젓갈+장류
6870651,김치+젓갈+장류
6857974,김치+젓갈+장류
6927718,김치+젓갈+장류
6875983,김치+젓갈+장류
6923151,김치+젓갈+장류
6899180,김치+젓갈+장류
6841668,김치+젓갈+장류
6843180,김치+젓갈+장류
6930393,김치+젓갈+장류
6905295,김치+젓갈+장류
6875664,김치+젓갈+장류
6949267,김치+젓갈+장류
6835821,김치+젓갈+장류
6844450,김치+젓갈+장류
6838629,김치+젓갈+장류
6936010,김치+젓갈+장류
6907246,김치+젓갈+장류
6851044,김치+젓갈+장류
6850478,김치+젓갈+장류
6847829,김치+젓갈+장류
6847252,김치+젓갈+장류
6879462,김치+젓갈+장류
6895758,김치+젓갈+장류
6855402,김치+젓갈+장류
6895064,김치+젓갈+장류
6935779,김치+젓갈+장류
6750612,김치+젓갈+장류
6879555,김치+젓갈+장류
6925679,김치+젓갈+장류
6908312,김치+젓갈+장류
6900612,김치+젓갈+장류
6810650,김치+젓갈+장류
6910326,김치+젓갈+장류
6864074,김치+젓갈+장류
6897823,김치+젓갈+장류
4763559,김치+젓갈+장류
6859430,김치+젓갈+장류
6941642,김치+젓갈+장류
6855150,김치+젓갈+장류
6885509,김치+젓갈+장류
6907332,김치+젓갈+장류
2023141,김치+젓갈+장류
6921423,김치+젓갈+장류
6946618,김치+젓갈+장류
6838373,김치+젓갈+장류
4701662,김치+젓갈+장류
1762281,김치+젓갈+장류
6918194,김치+젓갈+장류
6828845,김치+젓갈+장류
1751270,김치+젓갈+장류
6860269,김치+젓갈+장류
4270270,김치+젓갈+장류
6902461,김치+젓갈+장류
6869877,김치+젓갈+장류
6896417,김치+젓갈+장류
6861914,김치+젓갈+장류
6831883,김치+젓갈+장류
6852495,김치+젓갈+장류
6839254,김치+젓갈+장류
6907074,김치+젓갈+장류
6883528,김치+젓갈+장류
6871018,김치+젓갈+장류
6850401,김치+젓갈+장류
6851831,김치+젓갈+장류
6869705,김치+젓갈+장류
6946131,김치+젓갈+장류
6903473,김치+젓갈+장류
6914808,김치+젓갈+장류
6877203,김치+젓갈+장류
6847167,김치+젓갈+장류
6901244,김치+젓갈+장류
1994885,김치+젓갈+장류
6918989,김치+젓갈+장류
6858011,김치+젓갈+장류
6895553,김치+젓갈+장류
6870561,김치+젓갈+장류
6934117,김치+젓갈+장류
6829080,김치+젓갈+장류
6884667,김치+젓갈+장류
6892401,김치+젓갈+장류
6056347,김치+젓갈+장류
6891939,김치+젓갈+장류
6889476,김치+젓갈+장류
6865131,김치+젓갈+장류
6831763,김치+젓갈+장류
5925264,김치+젓갈+장류
5769774,김치+젓갈+장류
6841777,김치+젓갈+장류
6863908,김치+젓갈+장류
6916888,김치+젓갈+장류
6858831,김치+젓갈+장류
6867754,김치+젓갈+장류
6856887,김치+젓갈+장류
6848444,김치+젓갈+장류
6871089,김치+젓갈+장류
6848782,김치+젓갈+장류
6869953,김치+젓갈+장류
6864953,김치+젓갈+장류
6839022,김치+젓갈+장류
6839327,김치+젓갈+장류
6926575,김치+젓갈+장류
6899950,김치+젓갈+장류
6945767,김치+젓갈+장류
6883834,김치+젓갈+장류
6842852,김치+젓갈+장류
6839266,김치+젓갈+장류
6892837,김치+젓갈+장류
6863737,김치+젓갈+장류
6856294,김치+젓갈+장류
6919372,김치+젓갈+장류
6879712,김치+젓갈+장류
6870775,김치+젓갈+장류
6931999,김치+젓갈+장류
6877497,김치+젓갈+장류
6910112,김치+젓갈+장류
6897165,김치+젓갈+장류
6910481,김치+젓갈+장류
6888391,김치+젓갈+장류
4439171,김치+젓갈+장류
6920955,김치+젓갈+장류
3806559,김치+젓갈+장류
6868343,김치+젓갈+장류
6724525,김치+젓갈+장류
6888403,김치+젓갈+장류
6907533,김치+젓갈+장류
6884879,김치+젓갈+장류
6896002,김치+젓갈+장류
6853248,김치+젓갈+장류
6914525,김치+젓갈+장류
6877712,김치+젓갈+장류
6837212,김치+젓갈+장류
6853855,김치+젓갈+장류
6890485,김치+젓갈+장류
6878991,김치+젓갈+장류
6909582,김치+젓갈+장류
6893554,김치+젓갈+장류
6830865,김치+젓갈+장류
6913638,김치+젓갈+장류
6917649,김치+젓갈+장류
6910207,김치+젓갈+장류
6846581,김치+젓갈+장류
6888874,김치+젓갈+장류
6927801,김치+젓갈+장류
6921390,김치+젓갈+장류
6900231,김치+젓갈+장류
6911609,김치+젓갈+장류
6900279,김치+젓갈+장류
6876694,김치+젓갈+장류
6876613,김치+젓갈+장류
6949968,김치+젓갈+장류
6850389,김치+젓갈+장류
6851054,김치+젓갈+장류
3760714,김치+젓갈+장류
4023267,김치+젓갈+장류
6784635,김치+젓갈+장류
6934252,김치+젓갈+장류
6858544,김치+젓갈+장류
6867464,김치+젓갈+장류
6930624,김치+젓갈+장류
6850191,김치+젓갈+장류
6934050,김치+젓갈+장류
6874567,김치+젓갈+장류
6844888,김치+젓갈+장류
6878225,김치+젓갈+장류
6904162,김치+젓갈+장류
6838184,김치+젓갈+장류
6915530,김치+젓갈+장류
6911080,김치+젓갈+장류
6955901,김치+젓갈+장류
6921744,김치+젓갈+장류
6857388,김치+젓갈+장류
6950355,김치+젓갈+장류
6896887,김치+젓갈+장류
6867093,김치+젓갈+장류
6888766,김치+젓갈+장류
6929229,김치+젓갈+장류
6858523,김치+젓갈+장류
4288074,김치+젓갈+장류
6434908,김치+젓갈+장류
6938496,김치+젓갈+장류
6916114,김치+젓갈+장류
6902987,김치+젓갈+장류
6828965,김치+젓갈+장류
6640500,김치+젓갈+장류
6832010,김치+젓갈+장류
6936080,김치+젓갈+장류
6850343,김치+젓갈+장류
6852830,김치+젓갈+장류
6953187,김치+젓갈+장류
6909335,김치+젓갈+장류
6882930,김치+젓갈+장류
6859427,김치+젓갈+장류
6907911,김치+젓갈+장류
6868846,김치+젓갈+장류
6830423,김치+젓갈+장류
6956522,김치+젓갈+장류
4584385,김치+젓갈+장류
6907771,김치+젓갈+장류
6889390,김치+젓갈+장류
6887988,김치+젓갈+장류
6867989,김치+젓갈+장류
2773418,김치+젓갈+장류
6873428,김치+젓갈+장류
6880090,김치+젓갈+장류
6933261,김치+젓갈+장류
6895740,김치+젓갈+장류
6923016,김치+젓갈+장류
6822847,김치+젓갈+장류
6850281,김치+젓갈+장류
6865157,김치+젓갈+장류
6868054,김치+젓갈+장류
6880841,김치+젓갈+장류
3509256,김치+젓갈+장류
6895113,김치+젓갈+장류
6863672,김치+젓갈+장류
6855344,김치+젓갈+장류
6841344,김치+젓갈+장류
6928499,김치+젓갈+장류
6725729,김치+젓갈+장류
6878100,김치+젓갈+장류
5788742,김치+젓갈+장류
6859424,김치+젓갈+장류
6895986,김치+젓갈+장류
6860489,김치+젓갈+장류
6901472,김치+젓갈+장류
6853373,김치+젓갈+장류
6852773,김치+젓갈+장류
6869342,김치+젓갈+장류
6868465,김치+젓갈+장류
6828840,김치+젓갈+장류
5098371,김치+젓갈+장류
6862480,김치+젓갈+장류
6862694,김치+젓갈+장류
6919155,김치+젓갈+장류
6303204,김치+젓갈+장류
6913790,김치+젓갈+장류
6946576,김치+젓갈+장류
6867801,김치+젓갈+장류
6931826,김치+젓갈+장류
6911430,김치+젓갈+장류
6908816,김치+젓갈+장류
6830894,김치+젓갈+장류
6839762,김치+젓갈+장류
6831347,김치+젓갈+장류
6913907,김치+젓갈+장류
6854631,김치+젓갈+장류
6903704,김치+젓갈+장류
6955784,김치+젓갈+장류
6913591,김치+젓갈+장류
6874712,김치+젓갈+장류
6956438,김치+젓갈+장류
6886931,김치+젓갈+장류
6839015,김치+젓갈+장류
6842477,김치+젓갈+장류
6868689,김치+젓갈+장류
6831690,김치+젓갈+장류
6912690,김치+젓갈+장류
6889907,김치+젓갈+장류
6385911,김치+젓갈+장류
6877109,김치+젓갈+장류
6838228,김치+젓갈+장류
6851195,김치+젓갈+장류
3125203,김치+젓갈+장류
6918057,김치+젓갈+장류
6870864,김치+젓갈+장류
6920153,김치+젓갈+장류
6950643,김치+젓갈+장류
6883910,김치+젓갈+장류
6847491,김치+젓갈+장류
6893443,김치+젓갈+장류
6837328,김치+젓갈+장류
6830185,김치+젓갈+장류
6911694,김치+젓갈+장류
6935183,김치+젓갈+장류
6889239,김치+젓갈+장류
6913944,김치+젓갈+장류
6854445,김치+젓갈+장류
6831957,김치+젓갈+장류
6854456,김치+젓갈+장류
1822438,김치+젓갈+장류
6762716,김치+젓갈+장류
1870277,김치+젓갈+장류
6891745,김치+젓갈+장류
6871563,김치+젓갈+장류
6930987,김치+젓갈+장류
1970874,김치+젓갈+장류
6845277,김치+젓갈+장류
6908672,김치+젓갈+장류
6953629,김치+젓갈+장류
6835595,김치+젓갈+장류
6831353,김치+젓갈+장류
6877251,김치+젓갈+장류
6828986,김치+젓갈+장류
4966351,김치+젓갈+장류
6937212,김치+젓갈+장류
6918528,김치+젓갈+장류
6862309,김치+젓갈+장류
6901346,김치+젓갈+장류
6936692,김치+젓갈+장류
6839213,김치+젓갈+장류
6908272,김치+젓갈+장류
6923334,김치+젓갈+장류
3499443,김치+젓갈+장류
6887575,김치+젓갈+장류
4031121,김치+젓갈+장류
6846480,김치+젓갈+장류
6855079,김치+젓갈+장류
6869273,김치+젓갈+장류
6820898,김치+젓갈+장류
6840421,김치+젓갈+장류
6830387,김치+젓갈+장류
6875124,김치+젓갈+장류
5734856,김치+젓갈+장류
6871762,김치+젓갈+장류
6877488,김치+젓갈+장류
6847748,김치+젓갈+장류
6584240,김치+젓갈+장류
6851342,김치+젓갈+장류
6801601,김치+젓갈+장류
6878061,김치+젓갈+장류
6946726,김치+젓갈+장류
6849740,김치+젓갈+장류
6858018,김치+젓갈+장류
6890194,김치+젓갈+장류
6829732,김치+젓갈+장류
5801419,김치+젓갈+장류
6858368,김치+젓갈+장류
6786051,김치+젓갈+장류
6867533,김치+젓갈+장류
4807612,김치+젓갈+장류
5884082,김치+젓갈+장류
6944883,김치+젓갈+장류
6853809,김치+젓갈+장류
6948116,김치+젓갈+장류
6867355,김치+젓갈+장류
6877973,김치+젓갈+장류
6787579,김치+젓갈+장류
6585023,김치+젓갈+장류
6909104,김치+젓갈+장류
6897878,김치+젓갈+장류
6835280,김치+젓갈+장류
6849655,김치+젓갈+장류
6837857,김치+젓갈+장류
6904011,김치+젓갈+장류
6875733,김치+젓갈+장류
6889229,김치+젓갈+장류
6886046,김치+젓갈+장류
6952835,김치+젓갈+장류
6879656,김치+젓갈+장류
6838976,김치+젓갈+장류
6903376,김치+젓갈+장류
2846870,김치+젓갈+장류
6867925,김치+젓갈+장류
6868764,김치+젓갈+장류
6858025,김치+젓갈+장류
6720048,김치+젓갈+장류
6886158,김치+젓갈+장류
6917686,김치+젓갈+장류
6942404,김치+젓갈+장류
5234346,김치+젓갈+장류
6886884,김치+젓갈+장류
6851750,김치+젓갈+장류
6871683,김치+젓갈+장류
6911952,김치+젓갈+장류
6847893,김치+젓갈+장류
6845032,김치+젓갈+장류
6954421,김치+젓갈+장류
6512386,김치+젓갈+장류
6928729,김치+젓갈+장류
6877354,김치+젓갈+장류
6925549,김치+젓갈+장류
6906581,김치+젓갈+장류
6885378,김치+젓갈+장류
6907572,김치+젓갈+장류
6855433,김치+젓갈+장류
6844886,김치+젓갈+장류
6923983,김치+젓갈+장류
6834494,김치+젓갈+장류
6655470,김치+젓갈+장류
6865774,김치+젓갈+장류
6596522,김치+젓갈+장류
6874991,김치+젓갈+장류
6864860,김치+젓갈+장류
6870099,김치+젓갈+장류
6852679,김치+젓갈+장류
4395714,김치+젓갈+장류
6945854,김치+젓갈+장류
6866780,김치+젓갈+장류
6866584,김치+젓갈+장류
6878511,김치+젓갈+장류
6844713,김치+젓갈+장류
6837357,김치+젓갈+장류
6852384,김치+젓갈+장류
6869054,김치+젓갈+장류
6919610,김치+젓갈+장류
3458666,김치+젓갈+장류
6891204,김치+젓갈+장류
6919876,김치+젓갈+장류
3315544,김치+젓갈+장류
6893657,김치+젓갈+장류
6853777,김치+젓갈+장류
6857759,김치+젓갈+장류
6915128,김치+젓갈+장류
5218569,김치+젓갈+장류
3141198,김치+젓갈+장류
6915970,김치+젓갈+장류
6837601,김치+젓갈+장류
6838952,김치+젓갈+장류
6898513,김치+젓갈+장류
6919156,김치+젓갈+장류
6929856,김치+젓갈+장류
6922703,김치+젓갈+장류
6863968,김치+젓갈+장류
6869153,김치+젓갈+장류
6858624,김치+젓갈+장류
5516216,김치+젓갈+장류
6868657,김치+젓갈+장류
6845692,김치+젓갈+장류
6908916,김치+젓갈+장류
6928159,김치+젓갈+장류
6844388,김치+젓갈+장류
6876630,김치+젓갈+장류
6898525,김치+젓갈+장류
1761615,김치+젓갈+장류
6834774,김치+젓갈+장류
6838227,김치+젓갈+장류
6926749,김치+젓갈+장류
5434253,김치+젓갈+장류
6911667,김치+젓갈+장류
6830775,김치+젓갈+장류
6930293,김치+젓갈+장류
6906307,김치+젓갈+장류
6932459,김치+젓갈+장류
6874351,김치+젓갈+장류
6943391,김치+젓갈+장류
6856941,김치+젓갈+장류
6845088,김치+젓갈+장류
6908063,김치+젓갈+장류
6849912,김치+젓갈+장류
6836954,김치+젓갈+장류
6910360,김치+젓갈+장류
6859824,김치+젓갈+장류
6850038,김치+젓갈+장류
2310929,김치+젓갈+장류
6906377,김치+젓갈+장류
6914661,김치+젓갈+장류
6838428,김치+젓갈+장류
6890747,김치+젓갈+장류
6839237,김치+젓갈+장류
6920178,김치+젓갈+장류
6887320,김치+젓갈+장류
6900275,김치+젓갈+장류
6940246,김치+젓갈+장류
6839902,김치+젓갈+장류
6870932,김치+젓갈+장류
6871627,김치+젓갈+장류
6899918,김치+젓갈+장류
6901093,김치+젓갈+장류
6900398,김치+젓갈+장류
6894474,김치+젓갈+장류
6854558,김치+젓갈+장류
6897176,김치+젓갈+장류
6837918,김치+젓갈+장류
6879675,김치+젓갈+장류
2352592,김치+젓갈+장류
6872710,김치+젓갈+장류
6838656,김치+젓갈+장류
6937138,김치+젓갈+장류
6868871,김치+젓갈+장류
6837041,김치+젓갈+장류
6866727,김치+젓갈+장류
3957794,김치+젓갈+장류
6844619,김치+젓갈+장류
6895316,김치+젓갈+장류
6874840,김치+젓갈+장류
6629847,김치+젓갈+장류
6907851,김치+젓갈+장류
6846268,김치+젓갈+장류
6886076,김치+젓갈+장류
6848255,김치+젓갈+장류
6864030,김치+젓갈+장류
6858046,김치+젓갈+장류
6045056,김치+젓갈+장류
6900752,김치+젓갈+장류
6844714,김치+젓갈+장류
3732247,김치+젓갈+장류
6869190,김치+젓갈+장류
6925406,김치+젓갈+장류
6839688,김치+젓갈+장류
6898149,김치+젓갈+장류
6845934,김치+젓갈+장류
6906284,김치+젓갈+장류
6854665,김치+젓갈+장류
6841505,김치+젓갈+장류
6892067,김치+젓갈+장류
6911942,김치+젓갈+장류
6868772,김치+젓갈+장류
6864847,김치+젓갈+장류
623805,김치+젓갈+장류
6896319,김치+젓갈+장류
6833628,김치+젓갈+장류
6871966,김치+젓갈+장류
4661227,김치+젓갈+장류
6891374,김치+젓갈+장류
829049,김치+젓갈+장류
6878710,김치+젓갈+장류
6909227,김치+젓갈+장류
6838085,김치+젓갈+장류
6898228,김치+젓갈+장류
4912855,김치+젓갈+장류
6920079,김치+젓갈+장류
6848388,김치+젓갈+장류
6868875,김치+젓갈+장류
6832675,김치+젓갈+장류
6852837,김치+젓갈+장류
6842615,김치+젓갈+장류
6869413,김치+젓갈+장류
6947147,김치+젓갈+장류
6868409,김치+젓갈+장류
6837729,김치+젓갈+장류
6854210,김치+젓갈+장류
6835980,김치+젓갈+장류
6904990,김치+젓갈+장류
6857308,김치+젓갈+장류
6884046,김치+젓갈+장류
6933809,김치+젓갈+장류
6936284,김치+젓갈+장류
6837412,김치+젓갈+장류
6886653,김치+젓갈+장류
6894197,김치+젓갈+장류
6831051,김치+젓갈+장류
6917820,김치+젓갈+장류
6909928,김치+젓갈+장류
6922997,김치+젓갈+장류
6869160,김치+젓갈+장류
6922799,김치+젓갈+장류
3458644,김치+젓갈+장류
6842111,김치+젓갈+장류
6860764,김치+젓갈+장류
6913213,김치+젓갈+장류
6894896,김치+젓갈+장류
6882152,김치+젓갈+장류
6922177,김치+젓갈+장류
6871577,김치+젓갈+장류
6830002,김치+젓갈+장류
6880016,김치+젓갈+장류
6846277,김치+젓갈+장류
6831995,김치+젓갈+장류
6919764,김치+젓갈+장류
3155570,김치+젓갈+장류
6771267,김치+젓갈+장류
6921057,김치+젓갈+장류
6908729,김치+젓갈+장류
5686934,김치+젓갈+장류
6830077,김치+젓갈+장류
6898742,김치+젓갈+장류
6877167,김치+젓갈+장류
6884375,김치+젓갈+장류
6908230,김치+젓갈+장류
6831737,김치+젓갈+장류
6900883,김치+젓갈+장류
6849776,김치+젓갈+장류
6858582,김치+젓갈+장류
6835988,김치+젓갈+장류
6877377,김치+젓갈+장류
3157895,김치+젓갈+장류
6913597,김치+젓갈+장류
6831207,김치+젓갈+장류
2842410,김치+젓갈+장류
6857766,김치+젓갈+장류
6925063,김치+젓갈+장류
6937438,김치+젓갈+장류
6890748,김치+젓갈+장류
6876478,김치+젓갈+장류
6881291,김치+젓갈+장류
6888198,김치+젓갈+장류
6894335,김치+젓갈+장류
6897858,김치+젓갈+장류
6848136,김치+젓갈+장류
6928520,김치+젓갈+장류
6856784,김치+젓갈+장류
6873572,김치+젓갈+장류
6848448,김치+젓갈+장류
6873300,김치+젓갈+장류
6890182,김치+젓갈+장류
6863991,김치+젓갈+장류
6892231,김치+젓갈+장류
6922189,김치+젓갈+장류
6915703,김치+젓갈+장류
6889399,김치+젓갈+장류
6832969,김치+젓갈+장류
6909408,김치+젓갈+장류
6918779,김치+젓갈+장류
6946541,김치+젓갈+장류
6869253,김치+젓갈+장류
6930356,김치+젓갈+장류
6916430,김치+젓갈+장류
6936686,김치+젓갈+장류
6898033,김치+젓갈+장류
6900750,김치+젓갈+장류
6837754,김치+젓갈+장류
6884473,김치+젓갈+장류
5950100,김치+젓갈+장류
6879079,김치+젓갈+장류
6908581,김치+젓갈+장류
6889263,김치+젓갈+장류
6867254,김치+젓갈+장류
6832143,김치+젓갈+장류
6871241,김치+젓갈+장류
6846404,김치+젓갈+장류
6911842,김치+젓갈+장류
6850587,김치+젓갈+장류
6871320,김치+젓갈+장류
3870735,김치+젓갈+장류
6878194,김치+젓갈+장류
2788096,김치+젓갈+장류
3896652,김치+젓갈+장류
6874116,김치+젓갈+장류
6945351,김치+젓갈+장류
3444186,김치+젓갈+장류
6860569,김치+젓갈+장류
6908188,김치+젓갈+장류
6889579,김치+젓갈+장류
6864147,김치+젓갈+장류
6855194,김치+젓갈+장류
6896645,김치+젓갈+장류
6892605,김치+젓갈+장류
6838916,김치+젓갈+장류
6859985,김치+젓갈+장류
6889381,김치+젓갈+장류
6912894,김치+젓갈+장류
6869297,김치+젓갈+장류
6869759,김치+젓갈+장류
6845165,김치+젓갈+장류
6879329,김치+젓갈+장류
6885458,김치+젓갈+장류
6893651,김치+젓갈+장류
6877352,김치+젓갈+장류
6871901,김치+젓갈+장류
6823311,김치+젓갈+장류
4972341,김치+젓갈+장류
6845152,김치+젓갈+장류
6934922,김치+젓갈+장류
5194842,김치+젓갈+장류
6889312,김치+젓갈+장류
6888154,김치+젓갈+장류
6861867,김치+젓갈+장류
6694710,김치+젓갈+장류
6859207,김치+젓갈+장류
6832452,김치+젓갈+장류
6865972,김치+젓갈+장류
6832951,김치+젓갈+장류
6847070,김치+젓갈+장류
6900128,김치+젓갈+장류
6911422,김치+젓갈+장류
6845807,김치+젓갈+장류
6889473,김치+젓갈+장류
6866579,김치+젓갈+장류
6845778,김치+젓갈+장류
6830886,김치+젓갈+장류
1942757,김치+젓갈+장류
6912864,김치+젓갈+장류
6907194,김치+젓갈+장류
6843119,김치+젓갈+장류
6908782,김치+젓갈+장류
6846182,김치+젓갈+장류
6921102,김치+젓갈+장류
6867271,김치+젓갈+장류
6850974,김치+젓갈+장류
6901885,김치+젓갈+장류
6842555,김치+젓갈+장류
6871319,김치+젓갈+장류
6851156,김치+젓갈+장류
6832900,김치+젓갈+장류
6878989,김치+젓갈+장류
6846725,김치+젓갈+장류
6884051,김치+젓갈+장류
6946072,김치+젓갈+장류
6860638,김치+젓갈+장류
1687905,김치+젓갈+장류
2382614,김치+젓갈+장류
6850647,김치+젓갈+장류
6845616,김치+젓갈+장류
6912721,김치+젓갈+장류
6881930,김치+젓갈+장류
6906901,김치+젓갈+장류
6886248,김치+젓갈+장류
6854552,김치+젓갈+장류
6852568,김치+젓갈+장류
6900122,김치+젓갈+장류
6892432,김치+젓갈+장류
6860290,김치+젓갈+장류
6899812,김치+젓갈+장류
6846472,김치+젓갈+장류
6864875,김치+젓갈+장류
6898235,김치+젓갈+장류
4985165,김치+젓갈+장류
6922585,김치+젓갈+장류
6928387,김치+젓갈+장류
6834576,김치+젓갈+장류
6914651,김치+젓갈+장류
6867216,김치+젓갈+장류
6897059,김치+젓갈+장류
6847382,김치+젓갈+장류
6871126,김치+젓갈+장류
6921582,김치+젓갈+장류
6837603,김치+젓갈+장류
6838017,김치+젓갈+장류
6829485,김치+젓갈+장류
6893602,김치+젓갈+장류
6847017,김치+젓갈+장류
3175135,김치+젓갈+장류
6922984,김치+젓갈+장류
6845988,김치+젓갈+장류
6869166,김치+젓갈+장류
6861529,김치+젓갈+장류
6882715,김치+젓갈+장류
2900550,김치+젓갈+장류
6877182,김치+젓갈+장류
6856781,김치+젓갈+장류
6863715,김치+젓갈+장류
6834718,김치+젓갈+장류
6870635,김치+젓갈+장류
6906907,김치+젓갈+장류
6851818,김치+젓갈+장류
1840422,김치+젓갈+장류
215724,김치+젓갈+장류
1668806,김치+젓갈+장류
2991090,김치+젓갈+장류
6858487,김치+젓갈+장류
6777931,김치+젓갈+장류
6899445,김치+젓갈+장류
1948079,김치+젓갈+장류
6700948,김치+젓갈+장류
6849660,김치+젓갈+장류
6132695,김치+젓갈+장류
6857042,김치+젓갈+장류
6888709,김치+젓갈+장류
6909872,김치+젓갈+장류
6871324,김치+젓갈+장류
6894604,김치+젓갈+장류
6891082,김치+젓갈+장류
6859276,김치+젓갈+장류
6933608,김치+젓갈+장류
6899156,김치+젓갈+장류
6898259,김치+젓갈+장류
6918503,김치+젓갈+장류
6830778,김치+젓갈+장류
6907039,김치+젓갈+장류
6955440,김치+젓갈+장류
6861479,김치+젓갈+장류
6869165,김치+젓갈+장류
6840456,김치+젓갈+장류
6858033,김치+젓갈+장류
6907776,김치+젓갈+장류
5166703,김치+젓갈+장류
6900087,김치+젓갈+장류
6878068,김치+젓갈+장류
6911871,김치+젓갈+장류
6888889,김치+젓갈+장류
5094238,김치+젓갈+장류
6907844,김치+젓갈+장류
6880118,김치+젓갈+장류
4536775,김치+젓갈+장류
6913963,김치+젓갈+장류
6915169,김치+젓갈+장류
6867978,김치+젓갈+장류
6864502,김치+젓갈+장류
6844887,김치+젓갈+장류
6899665,김치+젓갈+장류
6849380,김치+젓갈+장류
6945276,김치+젓갈+장류
6887484,김치+젓갈+장류
6854509,김치+젓갈+장류
6882171,김치+젓갈+장류
6877766,김치+젓갈+장류
6913168,김치+젓갈+장류
6889834,김치+젓갈+장류
3273094,김치+젓갈+장류
6832574,김치+젓갈+장류
6940638,김치+젓갈+장류
6724112,김치+젓갈+장류
6885673,김치+젓갈+장류
6899501,김치+젓갈+장류
6865269,김치+젓갈+장류
6870450,김치+젓갈+장류
6946210,김치+젓갈+장류
6694971,김치+젓갈+장류
6693715,김치+젓갈+장류
6900002,김치+젓갈+장류
2307220,김치+젓갈+장류
6218454,김치+젓갈+장류
6702515,김치+젓갈+장류
6906328,김치+젓갈+장류
6843688,김치+젓갈+장류
6847855,김치+젓갈+장류
6879721,김치+젓갈+장류
6930301,김치+젓갈+장류
6854929,김치+젓갈+장류
6831302,김치+젓갈+장류
6850362,김치+젓갈+장류
6872528,김치+젓갈+장류
6858826,김치+젓갈+장류
6848122,김치+젓갈+장류
6896668,김치+젓갈+장류
6790372,김치+젓갈+장류
6845424,김치+젓갈+장류
6764149,김치+젓갈+장류
6866919,김치+젓갈+장류
6847430,김치+젓갈+장류
6853675,김치+젓갈+장류
6062711,김치+젓갈+장류
6886091,김치+젓갈+장류
6860236,김치+젓갈+장류
6907359,김치+젓갈+장류
6888986,김치+젓갈+장류
6885557,김치+젓갈+장류
6916520,김치+젓갈+장류
6910331,김치+젓갈+장류
6838382,김치+젓갈+장류
6914313,김치+젓갈+장류
6847739,김치+젓갈+장류
6696727,김치+젓갈+장류
6851767,김치+젓갈+장류
6838012,김치+젓갈+장류
5896778,김치+젓갈+장류
6852835,김치+젓갈+장류
6885363,김치+젓갈+장류
6866374,김치+젓갈+장류
6881315,김치+젓갈+장류
6904083,김치+젓갈+장류
6851157,김치+젓갈+장류
6868022,김치+젓갈+장류
6834218,김치+젓갈+장류
6879750,김치+젓갈+장류
6790370,김치+젓갈+장류
6873913,김치+젓갈+장류
6905394,김치+젓갈+장류
6933675,김치+젓갈+장류
6861002,김치+젓갈+장류
6858849,김치+젓갈+장류
716642,김치+젓갈+장류
6890513,김치+젓갈+장류
5249691,김치+젓갈+장류
6778151,김치+젓갈+장류
6910929,김치+젓갈+장류
6854833,김치+젓갈+장류
5037303,김치+젓갈+장류
6837337,김치+젓갈+장류
6867002,김치+젓갈+장류
6891742,김치+젓갈+장류
6869591,김치+젓갈+장류
6836769,김치+젓갈+장류
6868441,김치+젓갈+장류
6615360,김치+젓갈+장류
6898458,김치+젓갈+장류
1867091,김치+젓갈+장류
6871317,김치+젓갈+장류
6829956,김치+젓갈+장류
6948075,김치+젓갈+장류
6857003,김치+젓갈+장류
6878526,김치+젓갈+장류
6880322,김치+젓갈+장류
1798135,김치+젓갈+장류
6844761,김치+젓갈+장류
6921868,김치+젓갈+장류
2539787,김치+젓갈+장류
6747630,김치+젓갈+장류
6835002,김치+젓갈+장류
6877183,김치+젓갈+장류
6892634,김치+젓갈+장류
6843007,김치+젓갈+장류
6847320,김치+젓갈+장류
6914316,김치+젓갈+장류
6835720,김치+젓갈+장류
6812428,김치+젓갈+장류
6834128,김치+젓갈+장류
6905226,김치+젓갈+장류
6876799,김치+젓갈+장류
6894794,김치+젓갈+장류
6831127,김치+젓갈+장류
6867594,김치+젓갈+장류
1800950,김치+젓갈+장류
1813527,김치+젓갈+장류
2789911,김치+젓갈+장류
6895990,김치+젓갈+장류
6895210,김치+젓갈+장류
6850252,김치+젓갈+장류
6929379,김치+젓갈+장류
6858914,김치+젓갈+장류
6841601,김치+젓갈+장류
1921327,김치+젓갈+장류
6429176,김치+젓갈+장류
6891352,김치+젓갈+장류
6896010,김치+젓갈+장류
6829186,김치+젓갈+장류
6935315,김치+젓갈+장류
6566498,김치+젓갈+장류
6876988,김치+젓갈+장류
6637159,김치+젓갈+장류
6868845,김치+젓갈+장류
6835885,김치+젓갈+장류
6870140,김치+젓갈+장류
6900748,김치+젓갈+장류
6852407,김치+젓갈+장류
6899898,김치+젓갈+장류
6915869,김치+젓갈+장류
6852346,김치+젓갈+장류
6848200,김치+젓갈+장류
6841071,김치+젓갈+장류
6894634,김치+젓갈+장류
6850009,김치+젓갈+장류
6899557,김치+젓갈+장류
6873778,김치+젓갈+장류
6926528,김치+젓갈+장류
6898675,김치+젓갈+장류
6860640,김치+젓갈+장류
6944172,김치+젓갈+장류
2366485,김치+젓갈+장류
6909585,김치+젓갈+장류
6829725,김치+젓갈+장류
6855214,김치+젓갈+장류
6827767,김치+젓갈+장류
6850620,김치+젓갈+장류
6916027,김치+젓갈+장류
1600304,김치+젓갈+장류
6873634,김치+젓갈+장류
6851064,김치+젓갈+장류
6915995,김치+젓갈+장류
6913267,김치+젓갈+장류
6857357,김치+젓갈+장류
6853889,김치+젓갈+장류
6881674,김치+젓갈+장류
6878530,김치+젓갈+장류
6889274,김치+젓갈+장류
6679821,김치+젓갈+장류
6875506,김치+젓갈+장류
6853151,김치+젓갈+장류
3986112,김치+젓갈+장류
6911078,김치+젓갈+장류
6752054,김치+젓갈+장류
6902955,김치+젓갈+장류
6909752,김치+젓갈+장류
6860737,김치+젓갈+장류
6922745,김치+젓갈+장류
4397468,김치+젓갈+장류
6833408,김치+젓갈+장류
6848456,김치+젓갈+장류
6734676,김치+젓갈+장류
6904804,김치+젓갈+장류
6870863,김치+젓갈+장류
6906873,김치+젓갈+장류
6840863,김치+젓갈+장류
6835231,김치+젓갈+장류
1760684,김치+젓갈+장류
6868513,김치+젓갈+장류
6888965,김치+젓갈+장류
3725944,김치+젓갈+장류
6850145,김치+젓갈+장류
6910213,김치+젓갈+장류
6867240,김치+젓갈+장류
3073720,김치+젓갈+장류
6887754,김치+젓갈+장류
