6885928,김치비빔국수
6949060,김치비빔국수
6786023,김치비빔국수
6894215,김치비빔국수
6865391,김치비빔국수
6931258,김치비빔국수
6927783,김치비빔국수
6918270,김치비빔국수
6874810,김치비빔국수
4031025,김치비빔국수
6931954,김치비빔국수
6935091,김치비빔국수
6869736,김치비빔국수
6951547,김치비빔국수
6891777,김치비빔국수
6871770,김치비빔국수
6894254,김치비빔국수
6837866,김치비빔국수
6893248,김치비빔국수
6905804,김치비빔국수
6951168,김치비빔국수
6926458,김치비빔국수
6906071,김치비빔국수
6953786,김치비빔국수
5555426,김치비빔국수
6852046,김치비빔국수
6905273,김치비빔국수
6956255,김치비빔국수
6916496,김치비빔국수
6887989,김치비빔국수
6903088,김치비빔국수
6736151,김치비빔국수
6917416,김치비빔국수
2499869,김치비빔국수
6917582,김치비빔국수
6932017,김치비빔국수
6921992,김치비빔국수
6936867,김치비빔국수
6850037,김치비빔국수
6910259,김치비빔국수
6846485,김치비빔국수
6832302,김치비빔국수
6838850,김치비빔국수
6843821,김치비빔국수
6866305,김치비빔국수
6840484,김치비빔국수
6830246,김치비빔국수
6861888,김치비빔국수
6835778,김치비빔국수
6875455,김치비빔국수
6911608,김치비빔국수
6895357,김치비빔국수
6840141,김치비빔국수
6912625,김치비빔국수
6860649,김치비빔국수
6871877,김치비빔국수
6916399,김치비빔국수
6921991,김치비빔국수
6873102,김치비빔국수
6850622,김치비빔국수
6937206,김치비빔국수
6850602,김치비빔국수
1823977,김치비빔국수
6938232,김치비빔국수
6919763,김치비빔국수
6702878,김치비빔국수
1819681,김치비빔국수
4655671,김치비빔국수
1666559,김치비빔국수
6865313,김치비빔국수
6832085,김치비빔국수
6910087,김치비빔국수
6854657,김치비빔국수
6856241,김치비빔국수
1712600,김치비빔국수
3384607,김치비빔국수
1885333,김치비빔국수
6868427,김치비빔국수
6875134,김치비빔국수
6830374,김치비빔국수
6849233,김치비빔국수
1666557,김치비빔국수
6832230,김치비빔국수
695705,김치비빔국수
6957720,김치비빔국수
6957630,김치비빔국수
6955825,김치비빔국수
6953785,김치비빔국수
6952873,김치비빔국수
6947523,김치비빔국수
6944156,김치비빔국수
6941350,김치비빔국수
6936821,김치비빔국수
6934334,김치비빔국수
6933916,김치비빔국수
6933845,김치비빔국수
6932686,김치비빔국수
6931504,김치비빔국수
6929843,김치비빔국수
6928283,김치비빔국수
6926140,김치비빔국수
6925877,김치비빔국수
6924728,김치비빔국수
6921657,김치비빔국수
6919169,김치비빔국수
6918030,김치비빔국수
6916083,김치비빔국수
6915000,김치비빔국수
6913902,김치비빔국수
6912942,김치비빔국수
6912257,김치비빔국수
6911237,김치비빔국수
6910843,김치비빔국수
6910737,김치비빔국수
6905728,김치비빔국수
6905616,김치비빔국수
6903559,김치비빔국수
6900262,김치비빔국수
6899131,김치비빔국수
6897806,김치비빔국수
6897653,김치비빔국수
6893332,김치비빔국수
6893304,김치비빔국수
6893157,김치비빔국수
6892451,김치비빔국수
6892232,김치비빔국수
6891360,김치비빔국수
6887262,김치비빔국수
6887207,김치비빔국수
6887030,김치비빔국수
6885272,김치비빔국수
6883818,김치비빔국수
6883471,김치비빔국수
6882601,김치비빔국수
6879016,김치비빔국수
6877865,김치비빔국수
6874638,김치비빔국수
6870521,김치비빔국수
6867155,김치비빔국수
6865370,김치비빔국수
6865140,김치비빔국수
6864612,김치비빔국수
6855129,김치비빔국수
6853213,김치비빔국수
6850474,김치비빔국수
6846871,김치비빔국수
6839243,김치비빔국수
6838180,김치비빔국수
6831215,김치비빔국수
6787934,김치비빔국수
6720685,김치비빔국수
6670931,김치비빔국수
6622187,김치비빔국수
6361514,김치비빔국수
6361434,김치비빔국수
6354642,김치비빔국수
6271899,김치비빔국수
5915056,김치비빔국수
5817710,김치비빔국수
5735352,김치비빔국수
5637092,김치비빔국수
5064319,김치비빔국수
4765090,김치비빔국수
4700208,김치비빔국수
4481100,김치비빔국수
4420412,김치비빔국수
4379178,김치비빔국수
3616718,김치비빔국수
3446123,김치비빔국수
3422321,김치비빔국수
2812745,김치비빔국수
2693039,김치비빔국수
2589105,김치비빔국수
2491746,김치비빔국수
1987134,김치비빔국수
1903015,김치비빔국수
1896269,김치비빔국수
1890401,김치비빔국수
1772893,김치비빔국수
1769076,김치비빔국수
1722321,김치비빔국수
1712274,김치비빔국수
1576550,김치비빔국수
1401433,김치비빔국수
1231248,김치비빔국수
1168052,김치비빔국수
995691,김치비빔국수
934659,김치비빔국수
679972,김치비빔국수
28650,김치비빔국수
