6868732,김치말이국수
6912249,김치말이국수
6892663,김치말이국수
6872708,김치말이국수
6878814,김치말이국수
6914112,김치말이국수
6936489,김치말이국수
6850328,김치말이국수
6888437,김치말이국수
6870399,김치말이국수
6852332,김치말이국수
6894813,김치말이국수
6889332,김치말이국수
6792035,김치말이국수
6888275,김치말이국수
5111256,김치말이국수
6934975,김치말이국수
6848106,김치말이국수
6920844,김치말이국수
6831729,김치말이국수
6925018,김치말이국수
6894105,김치말이국수
6903917,김치말이국수
3937378,김치말이국수
6876708,김치말이국수
6916042,김치말이국수
6831496,김치말이국수
6844462,김치말이국수
6854429,김치말이국수
6916021,김치말이국수
6953494,김치말이국수
6953414,김치말이국수
6951901,김치말이국수
6950479,김치말이국수
6943073,김치말이국수
6941079,김치말이국수
6940973,김치말이국수
6940506,김치말이국수
6940194,김치말이국수
6938741,김치말이국수
6936941,김치말이국수
6936903,김치말이국수
6936541,김치말이국수
6936045,김치말이국수
6934993,김치말이국수
6934417,김치말이국수
6934313,김치말이국수
6933350,김치말이국수
6932280,김치말이국수
6930640,김치말이국수
6926231,김치말이국수
6922165,김치말이국수
6915491,김치말이국수
6914906,김치말이국수
6914540,김치말이국수
6911102,김치말이국수
6908865,김치말이국수
6907099,김치말이국수
6902941,김치말이국수
6899941,김치말이국수
6897806,김치말이국수
6893637,김치말이국수
6893214,김치말이국수
6893009,김치말이국수
6891034,김치말이국수
6888167,김치말이국수
6882601,김치말이국수
6874254,김치말이국수
6872617,김치말이국수
6870669,김치말이국수
6870257,김치말이국수
6868788,김치말이국수
6856819,김치말이국수
6856275,김치말이국수
6856240,김치말이국수
6856117,김치말이국수
6852867,김치말이국수
6851776,김치말이국수
6849832,김치말이국수
6843371,김치말이국수
6832382,김치말이국수
6831755,김치말이국수
6818692,김치말이국수
6802336,김치말이국수
6798111,김치말이국수
6761794,김치말이국수
6659056,김치말이국수
6596518,김치말이국수
5723225,김치말이국수
4169393,김치말이국수
1894480,김치말이국수
1890401,김치말이국수
631462,김치말이국수
24235,김치말이국수
