6831975,김말이튀김
6917591,김말이튀김
6829244,김말이튀김
6850079,김말이튀김
6945332,김말이튀김
6848032,김말이튀김
6896513,김말이튀김
6887112,김말이튀김
6833515,김말이튀김
6896958,김말이튀김
6864988,김말이튀김
6893249,김말이튀김
343922,김말이튀김
6840987,김말이튀김
6956126,김말이튀김
6950685,김말이튀김
6949793,김말이튀김
6945409,김말이튀김
6944586,김말이튀김
6944226,김말이튀김
6939753,김말이튀김
6934643,김말이튀김
6934108,김말이튀김
6929878,김말이튀김
6918211,김말이튀김
6917379,김말이튀김
6907726,김말이튀김
6903040,김말이튀김
6898246,김말이튀김
6896021,김말이튀김
6892815,김말이튀김
6871679,김말이튀김
6863273,김말이튀김
6861171,김말이튀김
6855862,김말이튀김
6852807,김말이튀김
6851728,김말이튀김
6850159,김말이튀김
6848078,김말이튀김
6843633,김말이튀김
6842981,김말이튀김
6841542,김말이튀김
6831404,김말이튀김
6831079,김말이튀김
6829314,김말이튀김
6806682,김말이튀김
5949165,김말이튀김
5550307,김말이튀김
5395527,김말이튀김
5315857,김말이튀김
4777849,김말이튀김
4388725,김말이튀김
4356407,김말이튀김
3576365,김말이튀김
1863539,김말이튀김
1717004,김말이튀김
1707240,김말이튀김
1586803,김말이튀김
134534,김말이튀김
130620,김말이튀김
