6837942,김치콩나물국밥
6857372,김치콩나물국밥
6836195,김치콩나물국밥
6919973,김치콩나물국밥
4320347,김치콩나물국밥
6862412,김치콩나물국밥
6882261,김치콩나물국밥
6894949,김치콩나물국밥
4378705,김치콩나물국밥
6924658,김치콩나물국밥
6864639,김치콩나물국밥
6841935,김치콩나물국밥
6837241,김치콩나물국밥
6954179,김치콩나물국밥
6926982,김치콩나물국밥
6924103,김치콩나물국밥
6905516,김치콩나물국밥
6867159,김치콩나물국밥
