6878910,깻잎장아찌
6877485,깻잎장아찌
6938386,깻잎장아찌
6866344,깻잎장아찌
6910016,깻잎장아찌
6832314,깻잎장아찌
6873994,깻잎장아찌
6852992,깻잎장아찌
6906492,깻잎장아찌
6940368,깻잎장아찌
6895493,깻잎장아찌
6932570,깻잎장아찌
6950596,깻잎장아찌
6847128,깻잎장아찌
6020830,깻잎장아찌
6921704,깻잎장아찌
5919366,깻잎장아찌
6829634,깻잎장아찌
6897411,깻잎장아찌
6854104,깻잎장아찌
6720879,깻잎장아찌
6937677,깻잎장아찌
6870821,깻잎장아찌
6904699,깻잎장아찌
6896342,깻잎장아찌
713135,깻잎장아찌
6916504,깻잎장아찌
6911039,깻잎장아찌
6665842,깻잎장아찌
6891501,깻잎장아찌
6872679,깻잎장아찌
6915611,깻잎장아찌
5451095,깻잎장아찌
6852519,깻잎장아찌
6895141,깻잎장아찌
6877589,깻잎장아찌
6835309,깻잎장아찌
6868367,깻잎장아찌
6848415,깻잎장아찌
6834407,깻잎장아찌
1774794,깻잎장아찌
6936723,깻잎장아찌
6910221,깻잎장아찌
6782593,깻잎장아찌
6845002,깻잎장아찌
6210978,깻잎장아찌
6956705,깻잎장아찌
6956209,깻잎장아찌
6951545,깻잎장아찌
6949404,깻잎장아찌
6947382,깻잎장아찌
6946758,깻잎장아찌
6946394,깻잎장아찌
6943856,깻잎장아찌
6939709,깻잎장아찌
6939704,깻잎장아찌
6936126,깻잎장아찌
6935856,깻잎장아찌
6934203,깻잎장아찌
6932643,깻잎장아찌
6932361,깻잎장아찌
6931642,깻잎장아찌
6931216,깻잎장아찌
6925070,깻잎장아찌
6924824,깻잎장아찌
6923263,깻잎장아찌
6922725,깻잎장아찌
6921143,깻잎장아찌
6919677,깻잎장아찌
6918904,깻잎장아찌
6918530,깻잎장아찌
6918261,깻잎장아찌
6917269,깻잎장아찌
6916352,깻잎장아찌
6914687,깻잎장아찌
6912970,깻잎장아찌
6906998,깻잎장아찌
6899601,깻잎장아찌
6898630,깻잎장아찌
6898094,깻잎장아찌
6897860,깻잎장아찌
6896264,깻잎장아찌
6895939,깻잎장아찌
6895001,깻잎장아찌
6894668,깻잎장아찌
6893966,깻잎장아찌
6893555,깻잎장아찌
6889989,깻잎장아찌
6886891,깻잎장아찌
6884402,깻잎장아찌
6884047,깻잎장아찌
6881445,깻잎장아찌
6877429,깻잎장아찌
6872755,깻잎장아찌
6872392,깻잎장아찌
6871659,깻잎장아찌
6871554,깻잎장아찌
6856261,깻잎장아찌
6856215,깻잎장아찌
6855555,깻잎장아찌
6855291,깻잎장아찌
6855117,깻잎장아찌
6850962,깻잎장아찌
6849186,깻잎장아찌
6843546,깻잎장아찌
6837976,깻잎장아찌
6830883,깻잎장아찌
6830436,깻잎장아찌
6719597,깻잎장아찌
6694832,깻잎장아찌
6674203,깻잎장아찌
5246080,깻잎장아찌
4423657,깻잎장아찌
4026957,깻잎장아찌
3854656,깻잎장아찌
3589337,깻잎장아찌
3446451,깻잎장아찌
3162485,깻잎장아찌
2700440,깻잎장아찌
2355196,깻잎장아찌
2315027,깻잎장아찌
2016012,깻잎장아찌
1387926,깻잎장아찌
83761,깻잎장아찌
