6870578,꽈리고추멸치볶음
6875568,꽈리고추멸치볶음
6897380,꽈리고추멸치볶음
6914262,꽈리고추멸치볶음
6933267,꽈리고추멸치볶음
6912518,꽈리고추멸치볶음
6893257,꽈리고추멸치볶음
6914876,꽈리고추멸치볶음
6902467,꽈리고추멸치볶음
6949724,꽈리고추멸치볶음
6920353,꽈리고추멸치볶음
6887513,꽈리고추멸치볶음
6911072,꽈리고추멸치볶음
6879956,꽈리고추멸치볶음
6836881,꽈리고추멸치볶음
6840835,꽈리고추멸치볶음
6942569,꽈리고추멸치볶음
6951732,꽈리고추멸치볶음
6892813,꽈리고추멸치볶음
6831342,꽈리고추멸치볶음
6860174,꽈리고추멸치볶음
6918638,꽈리고추멸치볶음
6915325,꽈리고추멸치볶음
6916393,꽈리고추멸치볶음
6895326,꽈리고추멸치볶음
6859930,꽈리고추멸치볶음
6907946,꽈리고추멸치볶음
6831907,꽈리고추멸치볶음
6869317,꽈리고추멸치볶음
6877902,꽈리고추멸치볶음
6896947,꽈리고추멸치볶음
6888421,꽈리고추멸치볶음
6832765,꽈리고추멸치볶음
6834144,꽈리고추멸치볶음
6867568,꽈리고추멸치볶음
6899205,꽈리고추멸치볶음
6544925,꽈리고추멸치볶음
6904724,꽈리고추멸치볶음
6934254,꽈리고추멸치볶음
6940489,꽈리고추멸치볶음
4957732,꽈리고추멸치볶음
6837232,꽈리고추멸치볶음
6908881,꽈리고추멸치볶음
6892382,꽈리고추멸치볶음
6910286,꽈리고추멸치볶음
6861404,꽈리고추멸치볶음
6854242,꽈리고추멸치볶음
6843318,꽈리고추멸치볶음
6892675,꽈리고추멸치볶음
6909964,꽈리고추멸치볶음
6701463,꽈리고추멸치볶음
6921288,꽈리고추멸치볶음
6940114,꽈리고추멸치볶음
6848352,꽈리고추멸치볶음
6899159,꽈리고추멸치볶음
6909620,꽈리고추멸치볶음
6111608,꽈리고추멸치볶음
6854348,꽈리고추멸치볶음
6871024,꽈리고추멸치볶음
6844604,꽈리고추멸치볶음
4536424,꽈리고추멸치볶음
6932279,꽈리고추멸치볶음
6892279,꽈리고추멸치볶음
6851446,꽈리고추멸치볶음
6947534,꽈리고추멸치볶음
6861382,꽈리고추멸치볶음
2890279,꽈리고추멸치볶음
6924377,꽈리고추멸치볶음
6758465,꽈리고추멸치볶음
6929051,꽈리고추멸치볶음
6843065,꽈리고추멸치볶음
6907174,꽈리고추멸치볶음
5464273,꽈리고추멸치볶음
6839353,꽈리고추멸치볶음
6855190,꽈리고추멸치볶음
6853965,꽈리고추멸치볶음
6845723,꽈리고추멸치볶음
6863026,꽈리고추멸치볶음
2382604,꽈리고추멸치볶음
6913469,꽈리고추멸치볶음
6911721,꽈리고추멸치볶음
6851116,꽈리고추멸치볶음
6833606,꽈리고추멸치볶음
6881610,꽈리고추멸치볶음
6909410,꽈리고추멸치볶음
6866526,꽈리고추멸치볶음
6957098,꽈리고추멸치볶음
6956408,꽈리고추멸치볶음
6955849,꽈리고추멸치볶음
6955822,꽈리고추멸치볶음
6955426,꽈리고추멸치볶음
6953671,꽈리고추멸치볶음
6953302,꽈리고추멸치볶음
6948160,꽈리고추멸치볶음
6947235,꽈리고추멸치볶음
6946013,꽈리고추멸치볶음
6944854,꽈리고추멸치볶음
6941790,꽈리고추멸치볶음
6941317,꽈리고추멸치볶음
6941225,꽈리고추멸치볶음
6934999,꽈리고추멸치볶음
6933814,꽈리고추멸치볶음
6929899,꽈리고추멸치볶음
6929138,꽈리고추멸치볶음
6927656,꽈리고추멸치볶음
6927622,꽈리고추멸치볶음
6926308,꽈리고추멸치볶음
6926122,꽈리고추멸치볶음
6919319,꽈리고추멸치볶음
6917857,꽈리고추멸치볶음
6916082,꽈리고추멸치볶음
6914153,꽈리고추멸치볶음
6911364,꽈리고추멸치볶음
6909754,꽈리고추멸치볶음
6905477,꽈리고추멸치볶음
6903863,꽈리고추멸치볶음
6900198,꽈리고추멸치볶음
6896492,꽈리고추멸치볶음
6895481,꽈리고추멸치볶음
6890549,꽈리고추멸치볶음
6886808,꽈리고추멸치볶음
6884737,꽈리고추멸치볶음
6879623,꽈리고추멸치볶음
6874594,꽈리고추멸치볶음
6873353,꽈리고추멸치볶음
6872178,꽈리고추멸치볶음
6858613,꽈리고추멸치볶음
6856969,꽈리고추멸치볶음
6853616,꽈리고추멸치볶음
6850533,꽈리고추멸치볶음
6850315,꽈리고추멸치볶음
6849157,꽈리고추멸치볶음
6843534,꽈리고추멸치볶음
6835296,꽈리고추멸치볶음
6832890,꽈리고추멸치볶음
6778089,꽈리고추멸치볶음
6773012,꽈리고추멸치볶음
6666200,꽈리고추멸치볶음
6644138,꽈리고추멸치볶음
3760037,꽈리고추멸치볶음
3378406,꽈리고추멸치볶음
2575415,꽈리고추멸치볶음
2438708,꽈리고추멸치볶음
1843497,꽈리고추멸치볶음
1812036,꽈리고추멸치볶음
1705844,꽈리고추멸치볶음
1254762,꽈리고추멸치볶음
1249761,꽈리고추멸치볶음
1221725,꽈리고추멸치볶음
947103,꽈리고추멸치볶음
907566,꽈리고추멸치볶음
840432,꽈리고추멸치볶음
