6887446,꽈리고추찜
6890543,꽈리고추찜
6892488,꽈리고추찜
6955994,꽈리고추찜
6927712,꽈리고추찜
3955197,꽈리고추찜
6877261,꽈리고추찜
6875892,꽈리고추찜
6832896,꽈리고추찜
6864811,꽈리고추찜
4348874,꽈리고추찜
4966440,꽈리고추찜
6916536,꽈리고추찜
6873451,꽈리고추찜
4009800,꽈리고추찜
6835596,꽈리고추찜
6940397,꽈리고추찜
6932530,꽈리고추찜
6830183,꽈리고추찜
6830414,꽈리고추찜
6702851,꽈리고추찜
6946638,꽈리고추찜
6893170,꽈리고추찜
6864822,꽈리고추찜
6921413,꽈리고추찜
6914714,꽈리고추찜
6894624,꽈리고추찜
6926401,꽈리고추찜
6761502,꽈리고추찜
6901898,꽈리고추찜
6847794,꽈리고추찜
6874968,꽈리고추찜
6594866,꽈리고추찜
6877826,꽈리고추찜
6884810,꽈리고추찜
6867272,꽈리고추찜
6847932,꽈리고추찜
6917554,꽈리고추찜
6853302,꽈리고추찜
6898492,꽈리고추찜
6833502,꽈리고추찜
6854098,꽈리고추찜
6867403,꽈리고추찜
6915430,꽈리고추찜
6863807,꽈리고추찜
6875432,꽈리고추찜
6852489,꽈리고추찜
6830887,꽈리고추찜
6852619,꽈리고추찜
6850526,꽈리고추찜
6853247,꽈리고추찜
1797221,꽈리고추찜
6957629,꽈리고추찜
6956854,꽈리고추찜
6956008,꽈리고추찜
6954129,꽈리고추찜
6949192,꽈리고추찜
6949110,꽈리고추찜
6945474,꽈리고추찜
6943857,꽈리고추찜
6942513,꽈리고추찜
6939995,꽈리고추찜
6939849,꽈리고추찜
6939057,꽈리고추찜
6938149,꽈리고추찜
6937791,꽈리고추찜
6936247,꽈리고추찜
6934269,꽈리고추찜
6933955,꽈리고추찜
6931707,꽈리고추찜
6930660,꽈리고추찜
6926318,꽈리고추찜
6921031,꽈리고추찜
6920493,꽈리고추찜
6920116,꽈리고추찜
6919571,꽈리고추찜
6917712,꽈리고추찜
6917405,꽈리고추찜
6917057,꽈리고추찜
6915479,꽈리고추찜
6914964,꽈리고추찜
6914187,꽈리고추찜
6909716,꽈리고추찜
6902718,꽈리고추찜
6901378,꽈리고추찜
6896695,꽈리고추찜
6894291,꽈리고추찜
6894199,꽈리고추찜
6893501,꽈리고추찜
6893431,꽈리고추찜
6892561,꽈리고추찜
6891958,꽈리고추찜
6891661,꽈리고추찜
6890976,꽈리고추찜
6886776,꽈리고추찜
6883351,꽈리고추찜
6873032,꽈리고추찜
6872770,꽈리고추찜
6872758,꽈리고추찜
6872400,꽈리고추찜
6853950,꽈리고추찜
6851811,꽈리고추찜
6851035,꽈리고추찜
6839707,꽈리고추찜
6833403,꽈리고추찜
6829612,꽈리고추찜
6769146,꽈리고추찜
6749903,꽈리고추찜
6694970,꽈리고추찜
6624064,꽈리고추찜
2857157,꽈리고추찜
2836329,꽈리고추찜
2300008,꽈리고추찜
1904746,꽈리고추찜
1810013,꽈리고추찜
1415690,꽈리고추찜
423010,꽈리고추찜
