6893417,꽈리고추조림
6916985,꽈리고추조림
6955548,꽈리고추조림
6878583,꽈리고추조림
6930062,꽈리고추조림
6846575,꽈리고추조림
6884538,꽈리고추조림
6943088,꽈리고추조림
6957252,꽈리고추조림
6889899,꽈리고추조림
6936774,꽈리고추조림
6880443,꽈리고추조림
6929419,꽈리고추조림
6886350,꽈리고추조림
6911209,꽈리고추조림
4293279,꽈리고추조림
6863429,꽈리고추조림
6839041,꽈리고추조림
6930366,꽈리고추조림
6891806,꽈리고추조림
6868859,꽈리고추조림
6930742,꽈리고추조림
6841557,꽈리고추조림
6933856,꽈리고추조림
5221985,꽈리고추조림
6908045,꽈리고추조림
6883529,꽈리고추조림
6867141,꽈리고추조림
6836535,꽈리고추조림
6864219,꽈리고추조림
6833835,꽈리고추조림
4913164,꽈리고추조림
6840442,꽈리고추조림
6833885,꽈리고추조림
6842236,꽈리고추조림
6895705,꽈리고추조림
6652295,꽈리고추조림
6892222,꽈리고추조림
6909850,꽈리고추조림
6830822,꽈리고추조림
6851440,꽈리고추조림
6904377,꽈리고추조림
6894102,꽈리고추조림
6927260,꽈리고추조림
6822329,꽈리고추조림
6840310,꽈리고추조림
6938882,꽈리고추조림
6835457,꽈리고추조림
5532799,꽈리고추조림
6897428,꽈리고추조림
1892290,꽈리고추조림
5069674,꽈리고추조림
6853464,꽈리고추조림
6837185,꽈리고추조림
6899245,꽈리고추조림
6915937,꽈리고추조림
6886205,꽈리고추조림
5010428,꽈리고추조림
6939903,꽈리고추조림
6855207,꽈리고추조림
1999412,꽈리고추조림
6915489,꽈리고추조림
6843448,꽈리고추조림
6896788,꽈리고추조림
6835249,꽈리고추조림
6893377,꽈리고추조림
6888183,꽈리고추조림
6857397,꽈리고추조림
6894206,꽈리고추조림
6448541,꽈리고추조림
3362090,꽈리고추조림
6839224,꽈리고추조림
6866574,꽈리고추조림
5121933,꽈리고추조림
6946175,꽈리고추조림
6838060,꽈리고추조림
6921288,꽈리고추조림
6928556,꽈리고추조림
6202235,꽈리고추조림
6830917,꽈리고추조림
6876657,꽈리고추조림
769867,꽈리고추조림
6917025,꽈리고추조림
6895782,꽈리고추조림
6912961,꽈리고추조림
6850286,꽈리고추조림
6892583,꽈리고추조림
6885490,꽈리고추조림
6897992,꽈리고추조림
6833778,꽈리고추조림
6845551,꽈리고추조림
5027715,꽈리고추조림
6845582,꽈리고추조림
6892527,꽈리고추조림
654185,꽈리고추조림
6551909,꽈리고추조림
2592778,꽈리고추조림
6251859,꽈리고추조림
6889454,꽈리고추조림
6844617,꽈리고추조림
6956939,꽈리고추조림
6956598,꽈리고추조림
6955604,꽈리고추조림
6955435,꽈리고추조림
6955027,꽈리고추조림
6954791,꽈리고추조림
6954661,꽈리고추조림
6951467,꽈리고추조림
6951466,꽈리고추조림
6950011,꽈리고추조림
6949795,꽈리고추조림
6949095,꽈리고추조림
6948270,꽈리고추조림
6947353,꽈리고추조림
6945686,꽈리고추조림
6943756,꽈리고추조림
6943421,꽈리고추조림
6942091,꽈리고추조림
6941144,꽈리고추조림
6940802,꽈리고추조림
6938744,꽈리고추조림
6938323,꽈리고추조림
6937494,꽈리고추조림
6936797,꽈리고추조림
6935874,꽈리고추조림
6935512,꽈리고추조림
6934844,꽈리고추조림
6934141,꽈리고추조림
6933706,꽈리고추조림
6933655,꽈리고추조림
6933497,꽈리고추조림
6933395,꽈리고추조림
6933325,꽈리고추조림
6933276,꽈리고추조림
6933219,꽈리고추조림
6932636,꽈리고추조림
6932077,꽈리고추조림
6929889,꽈리고추조림
6929175,꽈리고추조림
6928689,꽈리고추조림
6927498,꽈리고추조림
6923084,꽈리고추조림
6922242,꽈리고추조림
6921900,꽈리고추조림
6921573,꽈리고추조림
6921525,꽈리고추조림
6921360,꽈리고추조림
6919974,꽈리고추조림
6918232,꽈리고추조림
6917313,꽈리고추조림
6917155,꽈리고추조림
6915688,꽈리고추조림
6915214,꽈리고추조림
6913622,꽈리고추조림
6912346,꽈리고추조림
6910045,꽈리고추조림
6909455,꽈리고추조림
6907929,꽈리고추조림
6907394,꽈리고추조림
6904982,꽈리고추조림
6903892,꽈리고추조림
6899923,꽈리고추조림
6895538,꽈리고추조림
6895071,꽈리고추조림
6894797,꽈리고추조림
6893494,꽈리고추조림
6893118,꽈리고추조림
6892721,꽈리고추조림
6892577,꽈리고추조림
6891869,꽈리고추조림
6891854,꽈리고추조림
6891759,꽈리고추조림
6891169,꽈리고추조림
6890773,꽈리고추조림
6888238,꽈리고추조림
6887811,꽈리고추조림
6884733,꽈리고추조림
6883457,꽈리고추조림
6883192,꽈리고추조림
6878600,꽈리고추조림
6876699,꽈리고추조림
6875831,꽈리고추조림
6874751,꽈리고추조림
6872746,꽈리고추조림
6872163,꽈리고추조림
6871439,꽈리고추조림
6868178,꽈리고추조림
6864513,꽈리고추조림
6863234,꽈리고추조림
6859495,꽈리고추조림
6858321,꽈리고추조림
6857610,꽈리고추조림
6857489,꽈리고추조림
6857235,꽈리고추조림
6848794,꽈리고추조림
6848191,꽈리고추조림
6848070,꽈리고추조림
6847601,꽈리고추조림
6847258,꽈리고추조림
6845569,꽈리고추조림
6843534,꽈리고추조림
6842167,꽈리고추조림
6838342,꽈리고추조림
6836146,꽈리고추조림
6834405,꽈리고추조림
6833771,꽈리고추조림
6833492,꽈리고추조림
6832053,꽈리고추조림
6831332,꽈리고추조림
6831157,꽈리고추조림
6829532,꽈리고추조림
6557805,꽈리고추조림
6117349,꽈리고추조림
6065099,꽈리고추조림
5790536,꽈리고추조림
3640345,꽈리고추조림
2943601,꽈리고추조림
2659829,꽈리고추조림
2584136,꽈리고추조림
2573237,꽈리고추조림
2470595,꽈리고추조림
2000108,꽈리고추조림
1968564,꽈리고추조림
1930226,꽈리고추조림
1853751,꽈리고추조림
1845367,꽈리고추조림
1823893,꽈리고추조림
1642838,꽈리고추조림
1434171,꽈리고추조림
724931,꽈리고추조림
714002,꽈리고추조림
129720,꽈리고추조림
