{
	"id": "1146710",
	"name": "초코칩 소보로머핀 만들기",
	"thumbnail": "https://recipe1.ezmember.co.kr/cache/recipe/2015/06/09/35d60b05edb54118229cc0db07a97c99.jpg",
	"url": "https://www.10000recipe.com/recipe/1146710",
	"ingredient_ids": [
		9456,
		51687,
		51699,
		44006
	],
	"time": "90",
	"ingre_list": [
		{
			"ingre_name": "달걀",
			"ingre_count": "2",
			"ingre_unit": "개"
		},
		{
			"ingre_name": "박력분",
			"ingre_count": "300",
			"ingre_unit": "g"
		},
		{
			"ingre_name": "베이킹파우더",
			"ingre_count": "2",
			"ingre_unit": "티T"
		},
		{
			"ingre_name": "블루베리",
			"ingre_count": "",
			"ingre_unit": "조금"
		}
	],
	"sauce_list": [
		{
			"ingre_name": "버터",
			"ingre_count": "120",
			"ingre_unit": "g"
		},
		{
			"ingre_name": "설탕",
			"ingre_count": "150",
			"ingre_unit": "g"
		},
		{
			"ingre_name": "우유",
			"ingre_count": "1/2",
			"ingre_unit": "컵"
		},
		{
			"ingre_name": "레몬즙",
			"ingre_count": "1",
			"ingre_unit": "숟가락"
		},
		{
			"ingre_name": "꿀",
			"ingre_count": "1",
			"ingre_unit": "숟가락"
		}
	],
	"recipe": [
		"1. 소보로 반죽을 먼저 만들어주세요. 살짝 말랑해진 버터 50g은 1cm주사위로 잘라서 박력분 , 설탕 , 아몬가루 위에 올려넣고 손으로 보슬보슬 비벼주시면 됩니다. (작은 덩어리가 될 수 있도록)",
		"2. 손바닥으로 보슬보슬 비벼주세요.",
		"3. 이렇게 만든 소보로는 냉장고 30분동안 안치시켜 주세요.",
		"4. 실온상태에 두었던 말랑해진 버터120 은 거품기로 잘 저어주세요. 마요네즈처럼 크림화를 시켜주었으면 설탕 넣어주세요. 설탕의 서걱거림이 남아있을 때 계란을 넣어주세요. (계란은 두번에 나눠서 믹싱해주세요)",
		"5. 계란을 넣었으면 계란 잡내없애주기위해! '레몬즙'을 넣어주세요. 화이트와인도 상관없습니다. 이때 꿀도 넣어주세요. 다만 초코칩을 많이 넣으실 분은 꿀을 빼주세요. 너무 달아지니까요. 계란의 멍울이 풀어지고 골고루 섞일때까지 저어주다가 계란의 분리현상이 계속해서 일어나면 그냥 무시하고 계속 진행해주세요.",
		"6. 박력분과 베이킹 파우더 체쳐서 넣어주세요. 가루류가 보이지 않도록 주걱을 들고 잘 섞어주세요. (거품기 대신)",
		"7. 가루류가 보이지 않으면 초코칩을 넣어주세요. 초코칩은 기호대로 본인이 원하는 대로 넣어주세요. 저는 한주먹을 넣었습니다.",
		"8. 머핀팬안에 유산지를 깔아주신 후 잘 섞어진 반죽을 넣어주세요. 짤 주머니로 짤 필요없이 그냥 수저로 퍼 담아주세요. 반죽은 유산지 높이에 약 70~80% 정도 차게 넣어주세요.",
		"9. 그리고 그 위에 소보로가루를 넣어주세요. 소보루 가루가 너무 크다 싶으면 손으로 쪼개주면서 넣어주고 너무 작다 싶으면 손가락으로 뭉치면서 넣어주세요.",
		"10. 예열된 오븐안에 180도씨에서 약 25~30분간 구워주세요. 가정마다 오븐의 속력이 다르니까 이쑤시게로 찔러보고 반죽이 묻어나지 않으면잘 익은 상태입니다.오븐"
	],
	"recipe_img": [
		"https://recipe1.ezmember.co.kr/cache/recipe/2016/08/12/be6654a9ddf9b94a478e99db4781adc91.jpg",
		"https://recipe1.ezmember.co.kr/cache/recipe/2016/08/12/ec9cdc1ea3b4ebb43068deb8306683721.jpg",
		"https://recipe1.ezmember.co.kr/cache/recipe/2016/08/12/5c9ee1443783214f5c59f8019f89c1ae1.jpg",
		"https://recipe1.ezmember.co.kr/cache/recipe/2016/08/12/eb0dd1e7892bac8f42d77eafb63cd5de1.jpg",
		"https://recipe1.ezmember.co.kr/cache/recipe/2016/08/12/21505206bc72b94b699c0e5d6722ab5a1.jpg",
		"https://recipe1.ezmember.co.kr/cache/recipe/2016/08/12/6da3d709947ee6244e2204b3ebc6ec931.jpg",
		"https://recipe1.ezmember.co.kr/cache/recipe/2016/08/12/a24164511dee6b4b4e2fdf804e1251821.jpg",
		"https://recipe1.ezmember.co.kr/cache/recipe/2016/08/12/51a863c01db4696afac527d931c2f80d1.jpg",
		"https://recipe1.ezmember.co.kr/cache/recipe/2016/08/12/281853cf61f69af98bac7747d0f6a4851.jpg",
		"https://recipe1.ezmember.co.kr/cache/recipe/2016/08/12/9f9165ae49527175cc3f7a7a2f0386ac1.jpg"
	],
	"tag": [
		"머핀, 밀가루"
	]
}