{
	"id": "1475206",
	"name": "다시마끼의 혁명!! 매운 계란 초밥",
	"thumbnail": "https://recipe1.ezmember.co.kr/cache/recipe/2015/10/16/f8c01f8e1938972802b138122824451b.jpg",
	"url": "https://www.10000recipe.com/recipe/1475206",
	"ingredient_ids": [
		9457,
		51685,
		11101,
		10148
	],
	"time": "30",
	"ingre_list": [
		{
			"ingre_name": "계란",
			"ingre_count": "5",
			"ingre_unit": "개"
		},
		{
			"ingre_name": "밥",
			"ingre_count": "",
			"ingre_unit": ""
		},
		{
			"ingre_name": "다시마",
			"ingre_count": "1",
			"ingre_unit": "조각"
		},
		{
			"ingre_name": "김밥용김",
			"ingre_count": "",
			"ingre_unit": "약간"
		}
	],
	"sauce_list": [
		{
			"ingre_name": "참기름",
			"ingre_count": "1",
			"ingre_unit": "T"
		},
		{
			"ingre_name": "흑임자",
			"ingre_count": "1",
			"ingre_unit": "T"
		},
		{
			"ingre_name": "참깨",
			"ingre_count": "1",
			"ingre_unit": "T"
		},
		{
			"ingre_name": "설탕",
			"ingre_count": "1",
			"ingre_unit": "T"
		},
		{
			"ingre_name": "약고추장",
			"ingre_count": "",
			"ingre_unit": ""
		}
	],
	"recipe": [
		"1. 먼저 밥을 지어 주세요. 저는 스팸 초밥도 만들거라서 양을 조금 많이 했어요. 계란 말이만 하면 쌀1컵에 다시마 1조각 넣으시면 되구요. 위 사진은 2배 분량 이에요. 초밥이나 김밥용 밥지을때 다시마 넣어서 만들면 윤기도 흐르고 맛도 더 좋아요~ 조금 고슬하게 지어야 하니 물은 조금적게 넣어주세요. 밥이 다 될때까지 계란말이를 만들어 볼까요~",
		"2. 볼에 계란을 풀고 설탕1을 넣어 거품기로 잘 섞어 준 다음 알끈을 제거 하기 위해 체에 걸러주세요. 저는 2번 걸럿어요.",
		"3. 올리브유 약간 두른 팬에 계란물을 3번에 나누어 부어 도톰하게 계란말이를 만들어주세요. 만드는 중간중간 옆면을 토닥토닥해서 모양을 잡아줍니다.",
		"4. 김발에다 아직은 못생긴 계란말이를 말아 토닥토닥해서 모양을 잡아줍니다.",
		"5. 성형을 마친 계란말이 모습이에요. 한결 매끈하지요?? 계란말이는 먹기 좋게 약간은 도톰하게 썰어 주시면 됩니다.",
		"6. 밥이 다 지어졌으면 밥 1공기에다 참기름 1, 참깨, 흑임자 각각 1 씩 넣어 섞어주세요.",
		"7. 위생장갑 끼고 밥을 적당히 집어 사진과 같이 오목하게 만든 다음 약고추장을 넣어 주세요. 약고추장이 삐져 나오지 않게 잘 오므린 다음 계란말이 올리고 김을 잘라 붇여 고정 시켜줍니다. 약고추장이 없으신 분들은 약고추장 대신 김치와 참치를 볶아 넣어도 맛있어요!!",
		"8. 완성된 뽕뽕이표 매운 계란 초밥~"
	],
	"recipe_img": [
		"https://recipe1.ezmember.co.kr/cache/recipe/2015/10/16/864d848a75632711b600347269c343281.jpg",
		"https://recipe1.ezmember.co.kr/cache/recipe/2015/10/16/0389c00de8b423210111a3d6a17efe941.jpg",
		"https://recipe1.ezmember.co.kr/cache/recipe/2015/10/16/dc90f8e07edee499d73afaf941fa2bba1.jpg",
		"https://recipe1.ezmember.co.kr/cache/recipe/2015/10/16/6bfce8a4339af5fcfd9b695d1e92ac901.jpg",
		"https://recipe1.ezmember.co.kr/cache/recipe/2015/10/16/d12ea80ec302fe863061907fd75f17991.jpg",
		"https://recipe1.ezmember.co.kr/cache/recipe/2015/10/16/383463efcdf9f7f61a67af36115671c01.jpg",
		"https://recipe1.ezmember.co.kr/cache/recipe/2015/10/16/ca3ed4da473581d69928a1f16eec400f1.jpg",
		"https://recipe1.ezmember.co.kr/cache/recipe/2015/10/16/b0b02da803035d29d61c9f0577985f59.jpg"
	],
	"tag": [
		"계란, 계란초밥, 달걀+유제품, 달걀, 밥+죽+떡, 밥, 스시, 에그, 초밥"
	]
}