{
	"id": "1499002",
	"name": "향긋한 깻잎두부 베이컨말이 구이",
	"thumbnail": "https://recipe1.ezmember.co.kr/cache/recipe/2015/10/16/4da25dcd9063596d8d140fe40d03709a.jpg",
	"url": "https://www.10000recipe.com/recipe/1499002",
	"ingredient_ids": [
		8158,
		9298,
		51700
	],
	"time": "15",
	"ingre_list": [
		{
			"ingre_name": "두부",
			"ingre_count": "1/2",
			"ingre_unit": "모"
		},
		{
			"ingre_name": "베이컨",
			"ingre_count": "6",
			"ingre_unit": "장"
		},
		{
			"ingre_name": "깻잎",
			"ingre_count": "2",
			"ingre_unit": "장"
		}
	],
	"sauce_list": [
		{
			"ingre_name": "후추0.2큰술(두부1장당)",
			"ingre_count": "0.2큰술(두부1장당)",
			"ingre_unit": "T(두부장당)"
		}
	],
	"recipe": [
		"1. 먼저 두부 반모는 사진처럼 반으로 잘라주세요 길이로 반 자르는게 아니라 두부 두께를 반으로 나누는 것이에요. 반으로 자른 두부에 꼭지를 제거한 깻잎을 사진처럼 잘 감싸주세요.",
		"2. 그리고 베이컨을 사진처럼 3장 이어서 깐뒤, 두부에 잘 말아 주세요. 베이컨은 최대한 두부에 밀착시켜서 감아 주셔야 모양이 이쁘게 나와요. 베이컨 감은 끝이 두부의 중간에 오도록 감아 주세요. 그래야 구울때 베이컨이 떨어지지 않아요.",
		"3. 베이컨을 다 감은 모습이에요. 그리고 후추를 0.2씩 뿌린뒤",
		"4. 팬에 베이컨을 감은 두부를 구워 주세요. 베이컨에서 어느정도 기름이 나와서 기름은 따로 두르지 않으셔도 되구요. 불은 약하게 (중불~약불)로 은근히 구워 주세요. 그래야 두부까지 익어요.",
		"5. 완성된 깻잎 두부 베이컨 말이구이~",
		"6. 베이컨이 짭쪼롬하기 때문에 따로 간을 하지 않았지만 싱거우시다면 초간장에 찍어 드세요~"
	],
	"recipe_img": [
		"https://recipe1.ezmember.co.kr/cache/recipe/2015/10/16/29e41e05b85a03d347e977b1c9d240121.jpg",
		"https://recipe1.ezmember.co.kr/cache/recipe/2015/10/16/1bb5a0f7265d114ddf9ec703bd6470801.jpg",
		"https://recipe1.ezmember.co.kr/cache/recipe/2015/10/16/93f46d9acefaf81bd4116800c224e4201.jpg",
		"https://recipe1.ezmember.co.kr/cache/recipe/2015/10/16/880ab4d7678bde82788f0fca3f1f054e.jpg",
		"https://recipe1.ezmember.co.kr/cache/recipe/2015/10/16/368cd8a888249a0ed8c0d816575bda07.jpg",
		"https://recipe1.ezmember.co.kr/cache/recipe/2015/10/16/7804227fd06a3f8895d79a19e959f978.jpg"
	],
	"tag": [
		"구이, 두부, 두부구이, 말이, 베이컨말이"
	]
}