{
	"id": "1512938",
	"name": "칸쵸 노버터 시판과자",
	"thumbnail": "https://recipe1.ezmember.co.kr/cache/recipe/2015/10/23/86b0b6fe1e7d20299628df351a8f5a59.jpg",
	"url": "https://www.10000recipe.com/recipe/1512938",
	"ingredient_ids": [
		51687,
		8052,
		51699,
		24686,
		9456,
		51729
	],
	"time": "60",
	"ingre_list": [
		{
			"ingre_name": "박력분",
			"ingre_count": "100",
			"ingre_unit": "g"
		},
		{
			"ingre_name": "옥수수가루",
			"ingre_count": "20",
			"ingre_unit": "g"
		},
		{
			"ingre_name": "베이킹파우더",
			"ingre_count": "3",
			"ingre_unit": "g"
		},
		{
			"ingre_name": "포도씨오일",
			"ingre_count": "20",
			"ingre_unit": "g"
		},
		{
			"ingre_name": "달걀",
			"ingre_count": "1",
			"ingre_unit": "개"
		},
		{
			"ingre_name": "초코칩",
			"ingre_count": "1",
			"ingre_unit": "줌"
		}
	],
	"sauce_list": [
		{
			"ingre_name": "슈가파우더",
			"ingre_count": "50",
			"ingre_unit": "g"
		},
		{
			"ingre_name": "분유",
			"ingre_count": "10",
			"ingre_unit": "g"
		},
		{
			"ingre_name": "소금",
			"ingre_count": "1",
			"ingre_unit": "꼬집"
		},
		{
			"ingre_name": "바닐라오일",
			"ingre_count": "2~3방울",
			"ingre_unit": "방울"
		}
	],
	"recipe": [
		"1. 일단 가루류는 모두 체쳐주세요.",
		"2. 그리고 바닐라 오일 2~3방울과 포도씨오일, 달걀 넣고 잘 섞어주세요.",
		"3. 이렇게 한 덩어리로 만들어서 냉장실에 30분 가량 휴지 시켜주세요.",
		"4. 밀대로 밀어서 깍지로 초코칩 놓을 자리를 표시해주세요. 그런 후에 동그라미 가운데에 초코칩 3~4개를 놓고 다른 한쪽면으로 덮어주세요. 깍지로 눌러서 모양찍어내면 칸쵸모양이 됩니다. 여기에 커피 액기스를 젓가락으로 찍어 그림을 그려주어도 좋아요.",
		"5. 이제 180도로 예열한 오븐에 5분 정도 구워주고 150도로 온도 낮춰서 10분 다시 구워주세요.오븐"
	],
	"recipe_img": [
		"https://recipe1.ezmember.co.kr/cache/recipe/2015/10/23/2c5e4544a170bd37329352ae818d25a61.jpg",
		"https://recipe1.ezmember.co.kr/cache/recipe/2015/10/23/6401ec11bed26eb6eb9efdc1bb28d6321.jpg",
		"https://recipe1.ezmember.co.kr/cache/recipe/2015/10/23/656d29517089a7929363be22873912391.jpg",
		"https://recipe1.ezmember.co.kr/cache/recipe/2015/10/23/14e6e6c4147d0f32d94b7dcd76e057111.jpg",
		"https://recipe1.ezmember.co.kr/cache/recipe/2015/10/23/58726097c0dbb3053b2070dea4049e181.jpg"
	],
	"tag": [
		"간식, 과자, 굽기, 밀가루"
	]
}