{
	"id": "1516041",
	"name": "아삭한브로콜리와 새콤한 우유드레싱 브로콜리새우 샐러드",
	"thumbnail": "https://recipe1.ezmember.co.kr/cache/recipe/2015/09/23/4c3933432eb957836f8a32cfe88bd578.jpg",
	"url": "https://www.10000recipe.com/recipe/1516041",
	"ingredient_ids": [
		8548,
		51758,
		10438,
		51701
	],
	"time": "15",
	"ingre_list": [
		{
			"ingre_name": "브로콜리",
			"ingre_count": "1.",
			"ingre_unit": "컵"
		},
		{
			"ingre_name": "칵테일새우",
			"ingre_count": "1",
			"ingre_unit": "컵"
		},
		{
			"ingre_name": "소금",
			"ingre_count": "",
			"ingre_unit": "약간"
		},
		{
			"ingre_name": "후춧가루",
			"ingre_count": "",
			"ingre_unit": "약간"
		}
	],
	"sauce_list": [
		{
			"ingre_name": "우유",
			"ingre_count": "7",
			"ingre_unit": "T"
		},
		{
			"ingre_name": "올리브오일",
			"ingre_count": "1",
			"ingre_unit": "T"
		},
		{
			"ingre_name": "검은깨",
			"ingre_count": "2",
			"ingre_unit": "T"
		},
		{
			"ingre_name": "식초",
			"ingre_count": "1",
			"ingre_unit": "T"
		},
		{
			"ingre_name": "설탕",
			"ingre_count": "1",
			"ingre_unit": "T"
		},
		{
			"ingre_name": "마요네즈",
			"ingre_count": "2",
			"ingre_unit": "T"
		}
	],
	"recipe": [
		"1. 브로콜리는 먹기좋은 크기로 떼어내 씻어준후 끓는물에 소금을 조금 넣고 살짝 데쳐내 물기를 빼줍니다.",
		"2. 칵테일 새우는 깨끗이씻어, 끓는물에 삶아준비합니다.",
		"3. 드레싱재료를 모두 섞어 냉장고에 시원하게 보관해둡니다.",
		"4. 데쳐논 브로콜리와칵테일 새우를 접시에 답고, 만들어놓은 요구르트 드레싱을 솔솔 뿌려줍니다."
	],
	"recipe_img": [
		"https://recipe1.ezmember.co.kr/cache/recipe/2015/09/30/c923452da044bb60bd4178428eb0350d1.jpg",
		"https://recipe1.ezmember.co.kr/cache/recipe/2015/09/30/1dec3f8696e51feb910058ee27a1912e1.jpg",
		"https://recipe1.ezmember.co.kr/cache/recipe/2015/09/30/91e00af14f53e83424a74569e5c2580c1.jpg",
		"https://recipe1.ezmember.co.kr/cache/recipe/2015/09/30/fa12b70ee93042226e8f4acdc6c3491a1.jpg"
	],
	"tag": [
		"드레싱, 브로콜리, 새우샐러드, 샐러드, 우유, 일상, 채소류"
	]
}