{
	"id": "1525713",
	"name": "미숫가루 머핀",
	"thumbnail": "https://recipe1.ezmember.co.kr/cache/recipe/2015/08/30/5ba4dc66467ac84373f03c4fd4de8e4f.jpg",
	"url": "https://www.10000recipe.com/recipe/1525713",
	"ingredient_ids": [
		7172,
		10230,
		9456,
		51699,
		8251,
		10267,
		8088,
		8078
	],
	"time": "60",
	"ingre_list": [
		{
			"ingre_name": "미숫가루",
			"ingre_count": "120",
			"ingre_unit": "g"
		},
		{
			"ingre_name": "우유",
			"ingre_count": "100",
			"ingre_unit": "g"
		},
		{
			"ingre_name": "달걀",
			"ingre_count": "100",
			"ingre_unit": "g"
		},
		{
			"ingre_name": "베이킹파우더",
			"ingre_count": "4",
			"ingre_unit": "g"
		},
		{
			"ingre_name": "호두",
			"ingre_count": "50",
			"ingre_unit": "g"
		},
		{
			"ingre_name": "버터",
			"ingre_count": "100",
			"ingre_unit": "g"
		},
		{
			"ingre_name": "황설탕",
			"ingre_count": "60",
			"ingre_unit": "g"
		},
		{
			"ingre_name": "물엿",
			"ingre_count": "50",
			"ingre_unit": "g"
		}
	],
	"sauce_list": [],
	"recipe": [
		"1. 실온의 버터를 풀고 황설탕, 물엿을 넣어서 섞어주세요.",
		"2. 실온에 둔 따스한 달걀을 풀어서 조금씩 넣어서 섞어주세요.",
		"3. 체에 쳐둔 미숫가루, 베이킹파우더를 넣고 고무주걱을 이용해서 #모양을 그리며 자르듯이 잘 섞어주세요.",
		"4. 날가루가 살짝 보일때 180도 오븐에서 6분정도 구운 호두 분태를 적당히 잘라서 넣어주세요.오븐",
		"5. 우유를 넣고 #모양을 그리면서 잘 섞어주세요.",
		"6. 팬에 유산지를 끼우고 180도로 예열한 오븐에서 25~30분 구워주세요. 호두분태를 남겨서 위에 토핑하셔도 멋스러워요."
	],
	"recipe_img": [
		"https://recipe1.ezmember.co.kr/cache/recipe/2015/08/31/a847ed7ee03211ce2dd2306b09c141ba1.jpg",
		"https://recipe1.ezmember.co.kr/cache/recipe/2015/08/31/ea3bd6dcf3ce81817e5ecf8f16fc75061.jpg",
		"https://recipe1.ezmember.co.kr/cache/recipe/2015/08/31/13e95d34d81c11b489a11a35c82715221.jpg",
		"https://recipe1.ezmember.co.kr/cache/recipe/2015/08/31/7c3bfdd0a978cf6826396848f504547b1.jpg",
		"https://recipe1.ezmember.co.kr/cache/recipe/2015/08/31/bd84f957a5c1f38c335bc6ad509894231.jpg",
		"https://recipe1.ezmember.co.kr/cache/recipe/2015/08/31/eded4164d5ec39ec57a1fc91f8de58121.jpg"
	],
	"tag": [
		"간식, 굽기, 머핀, 밀가루"
	]
}