{
	"id": "1545304",
	"name": "당면 돼지고기 볶음 ",
	"thumbnail": "https://recipe1.ezmember.co.kr/cache/recipe/2015/09/23/179822f448f077a97a79c089c8fd6181.jpg",
	"url": "https://www.10000recipe.com/recipe/1545304",
	"ingredient_ids": [
		9239,
		8035,
		8676
	],
	"time": "30",
	"ingre_list": [
		{
			"ingre_name": "돼지고기",
			"ingre_count": "",
			"ingre_unit": ""
		},
		{
			"ingre_name": "당면",
			"ingre_count": "",
			"ingre_unit": ""
		},
		{
			"ingre_name": "양파",
			"ingre_count": "",
			"ingre_unit": ""
		}
	],
	"sauce_list": [
		{
			"ingre_name": "다진마늘",
			"ingre_count": "",
			"ingre_unit": ""
		},
		{
			"ingre_name": "간장",
			"ingre_count": "1",
			"ingre_unit": "T"
		},
		{
			"ingre_name": "설탕",
			"ingre_count": "1/2",
			"ingre_unit": "T"
		},
		{
			"ingre_name": "깨소금",
			"ingre_count": "",
			"ingre_unit": "약간"
		},
		{
			"ingre_name": "참기름",
			"ingre_count": "",
			"ingre_unit": ""
		},
		{
			"ingre_name": "후추",
			"ingre_count": "",
			"ingre_unit": "약간"
		}
	],
	"recipe": [
		"1. 냉동실에 한번씩 요리해먹기 좋게 지퍼락에 따로따로 포장해놓았던 돼지고기 꺼내서 해동해주고요.",
		"2. 다진마늘, 간장 1,설탕 1/2, 깨소금, 참기름, 후추 사진에는 다진마늘 넣기전이네요.",
		"3. 해동된 돼지고기는 살짝 후라이팬에 먼저 볶아주고요.",
		"4. 양파 넣고 미리 삶아둔 당면 넣고 다진마늘 많이 넣은 얌념장을 넣어주고 볶습니다. 물도 조금 넣구요.",
		"5. 양념이 당면과 돼지고기에 적당히 배여들면 완성."
	],
	"recipe_img": [
		"https://recipe1.ezmember.co.kr/cache/recipe/2015/09/23/7bae19127757316bc897a54801c057561.jpg",
		"https://recipe1.ezmember.co.kr/cache/recipe/2015/09/23/22fdd9da4c6baf9a8a7027abbe997a1e1.jpg",
		"https://recipe1.ezmember.co.kr/cache/recipe/2015/09/23/c7e9c12bcac700c3e7a41c6233e7fab91.jpg",
		"https://recipe1.ezmember.co.kr/cache/recipe/2015/09/23/991ae43f0e2eaf3ade90ddf145864e441.jpg",
		"https://recipe1.ezmember.co.kr/cache/recipe/2015/09/23/1bff3195f90f52907457d4c6e78e7a581.jpg"
	],
	"tag": [
		"돼지고기, 돼지고기볶음"
	]
}