{
	"id": "1564712",
	"name": "초콜릿케이크",
	"thumbnail": "https://recipe1.ezmember.co.kr/cache/recipe/2015/09/23/4b1006f105cba2c40f933704f5e41dc4.jpg",
	"url": "https://www.10000recipe.com/recipe/1564712",
	"ingredient_ids": [
		51687,
		51766,
		51699,
		9456,
		10286,
		10230,
		8084
	],
	"time": "90",
	"ingre_list": [
		{
			"ingre_name": "박력분",
			"ingre_count": "130",
			"ingre_unit": "g"
		},
		{
			"ingre_name": "코코아가루",
			"ingre_count": "20",
			"ingre_unit": "g"
		},
		{
			"ingre_name": "베이킹파우더",
			"ingre_count": "1",
			"ingre_unit": "T"
		},
		{
			"ingre_name": "달걀",
			"ingre_count": "3",
			"ingre_unit": "개"
		},
		{
			"ingre_name": "포도씨유",
			"ingre_count": "50",
			"ingre_unit": "ml"
		},
		{
			"ingre_name": "우유",
			"ingre_count": "80",
			"ingre_unit": "ml"
		},
		{
			"ingre_name": "설탕",
			"ingre_count": "120",
			"ingre_unit": "g"
		}
	],
	"sauce_list": [],
	"recipe": [
		"1. 달걀 노른자를 풀어준후 설탕 반 을 넣고 5분정도 휘핑한후 우유를 넣고 포도씨유를 넣고 잘 섞어준다.",
		"2. 달걀흰자도 풀어준후 거품을 어느정도 올린후 나머지 설탕 반을 넣고 뿔이 설때까지 휘핑해준다.",
		"3. 체친 가루류를 섞어준다.",
		"4. 가루류가 섞이면 달걀흰자머랭을 섞어준다.",
		"5. 완성된 반죽은 틀에 넣고 탁탁 쳐준후 .",
		"6. 식으면 반 갈라서 생크림을 발라준다.",
		"7. 위에 데코용 판을 올리후 슈가파우더를 솔솔 뿌려서 완성."
	],
	"recipe_img": [
		"https://recipe1.ezmember.co.kr/cache/recipe/2015/09/23/e0511739ce5c7f2ecf3d345330eb9b0e1.jpg",
		"https://recipe1.ezmember.co.kr/cache/recipe/2015/09/23/36e05e6da80b8dea77325079848dea801.jpg",
		"https://recipe1.ezmember.co.kr/cache/recipe/2015/09/23/3ca69a9b565a42e9013387bc75d3c1ea1.jpg",
		"https://recipe1.ezmember.co.kr/cache/recipe/2015/09/23/31c5f43335f7ae5ab993bb63b54822e11.jpg",
		"https://recipe1.ezmember.co.kr/cache/recipe/2015/09/23/6de66bdc97bd068e26d498f3e8a3e0701.jpg",
		"https://recipe1.ezmember.co.kr/cache/recipe/2015/09/23/2d3b49ce0b3edc1a93c64f7eb55aa0291.jpg",
		"https://recipe1.ezmember.co.kr/cache/recipe/2015/09/23/de5cc5194ffc7c7393f0a1d193dfd9a01.jpg"
	],
	"tag": [
		"간식, 굽기, 밀가루, 초콜릿, 케이크"
	]
}