{
	"id": "1572044",
	"name": "매운어묵 ",
	"thumbnail": "https://recipe1.ezmember.co.kr/cache/recipe/2015/07/22/3bf6204978685b32e2ff69cb82d861fd.jpg",
	"url": "https://www.10000recipe.com/recipe/1572044",
	"ingredient_ids": [
		10136
	],
	"time": "30",
	"ingre_list": [
		{
			"ingre_name": "어묵",
			"ingre_count": "",
			"ingre_unit": ""
		}
	],
	"sauce_list": [
		{
			"ingre_name": "고춧가루",
			"ingre_count": "3",
			"ingre_unit": "T"
		},
		{
			"ingre_name": "고추장",
			"ingre_count": "2",
			"ingre_unit": "T"
		},
		{
			"ingre_name": "간장",
			"ingre_count": "2",
			"ingre_unit": "T"
		},
		{
			"ingre_name": "맛술",
			"ingre_count": "2",
			"ingre_unit": "T"
		},
		{
			"ingre_name": "고추기름",
			"ingre_count": "2",
			"ingre_unit": "T"
		},
		{
			"ingre_name": "물엿",
			"ingre_count": "1",
			"ingre_unit": "T"
		},
		{
			"ingre_name": "후추",
			"ingre_count": "",
			"ingre_unit": "약간"
		},
		{
			"ingre_name": "마늘",
			"ingre_count": "",
			"ingre_unit": "약간"
		}
	],
	"recipe": [
		"1. 물에 멸치 다시마 대파등을 넣고 끓여주세요",
		"2. 그사이 분량의 양념장을 만들어 주세요",
		"3. 멸치국물을 15분정도 끓여 주시고 건더기는 걸러주시고 꼬치에 끼운 어묵을 6~7분가량 끓여주세요",
		"4. 어묵을 건져내고 국물에 양념장을 넣고 팔팔 끓여 조금나 조려주세요",
		"5. 어묵을 넣고 국물을 뿌려가면서 자작하게 조려주세요"
	],
	"recipe_img": [
		"https://recipe1.ezmember.co.kr/cache/recipe/2015/07/22/b5c2dc64502586140bbd95e318214efc1.jpg",
		"https://recipe1.ezmember.co.kr/cache/recipe/2015/07/22/4a106ab5af6d9e17a21413ec87541b1f1.jpg",
		"https://recipe1.ezmember.co.kr/cache/recipe/2015/07/22/3e4585ce7ac25bd8e16f1d3d6c737ee51.jpg",
		"https://recipe1.ezmember.co.kr/cache/recipe/2015/07/22/9b4c8bdef7d8743725abc9f5066cb5f91.jpg",
		"https://recipe1.ezmember.co.kr/cache/recipe/2015/07/22/0be028e3fb28858b0757ad3e3a8750081.jpg"
	],
	"tag": [
		"가공식품류, 끓이기"
	]
}