{
	"id": "1573002",
	"name": "양배추쌈에 어울리는 액젓소스",
	"thumbnail": "https://recipe1.ezmember.co.kr/cache/recipe/2015/06/08/b1f58bf5b38951daee040b4770b67abf.jpg",
	"url": "https://www.10000recipe.com/recipe/1573002",
	"ingredient_ids": [
		42888
	],
	"time": "15",
	"ingre_list": [
		{
			"ingre_name": "양배추",
			"ingre_count": "",
			"ingre_unit": ""
		}
	],
	"sauce_list": [
		{
			"ingre_name": "다진마늘",
			"ingre_count": "",
			"ingre_unit": ""
		},
		{
			"ingre_name": "고춧가루",
			"ingre_count": "",
			"ingre_unit": ""
		},
		{
			"ingre_name": "다진청양고추",
			"ingre_count": "",
			"ingre_unit": ""
		},
		{
			"ingre_name": "깨소금",
			"ingre_count": "",
			"ingre_unit": "약간"
		},
		{
			"ingre_name": "멸치액젓",
			"ingre_count": "",
			"ingre_unit": ""
		},
		{
			"ingre_name": "참기름",
			"ingre_count": "",
			"ingre_unit": ""
		}
	],
	"recipe": [
		"1. 그릇에 다진 마늘, 고춧가루, 다진 청양고추, 깨소금을 넣고",
		"2. 멸치액젓 적당량과 참기름을 골고루 섞어 줍니다.",
		"3. 푹 찐 양배추쌈과 만들어 놓은 멸치액젓소스를 완성했습니다.",
		"4. 뜨끈한 밥과 함께 싸드시면 좋아요. 보통은 쌈장으로 많이 즐기시지만, 저는 어릴적부터 엄마께서 만들어 주신 액젓 소스에 길들여진지라 액젓 소스와 더 많이 쌈을 즐기고 있답니다. 뜨끈한 양배추에 뜨끈한 밥을 올려 액젓 소스 올려서 쌈을 싸서 먹으면 다른 반찬 필요없을 정도랍니다."
	],
	"recipe_img": [
		"https://recipe1.ezmember.co.kr/cache/recipe/2015/11/30/d7c2a12ef9e2a7545089e1cd2ec0af791.jpg",
		"https://recipe1.ezmember.co.kr/cache/recipe/2015/11/30/55a61003a22f49a2362cc58652bdfec71.jpg",
		"https://recipe1.ezmember.co.kr/cache/recipe/2015/11/30/adfc62b5cea0ad10730df1f85c8a1f451.jpg",
		"https://recipe1.ezmember.co.kr/cache/recipe/2015/11/30/ad8f6674587acf87cfb53230c0a494971.jpg"
	],
	"tag": [
		"데치기, 소스, 쌈, 양념+소스+잼, 양배추쌈, 일상, 채소류"
	]
}