{
	"id": "1579505",
	"name": "초코아몬드 쿠키 ",
	"thumbnail": "https://recipe1.ezmember.co.kr/cache/recipe/2015/06/08/2a64f1efc385394ef3c5a981770dc00d.jpg",
	"url": "https://www.10000recipe.com/recipe/1579505",
	"ingredient_ids": [
		51687,
		51766,
		51699,
		10267,
		8084,
		10438,
		10230,
		8221
	],
	"time": "90",
	"ingre_list": [
		{
			"ingre_name": "박력분",
			"ingre_count": "145",
			"ingre_unit": "g"
		},
		{
			"ingre_name": "코코아가루",
			"ingre_count": "10",
			"ingre_unit": "g"
		},
		{
			"ingre_name": "베이킹파우더",
			"ingre_count": "1/4",
			"ingre_unit": "T"
		},
		{
			"ingre_name": "버터",
			"ingre_count": "90",
			"ingre_unit": "g"
		},
		{
			"ingre_name": "설탕",
			"ingre_count": "60",
			"ingre_unit": "g"
		},
		{
			"ingre_name": "소금",
			"ingre_count": "",
			"ingre_unit": "아주약간"
		},
		{
			"ingre_name": "우유",
			"ingre_count": "2",
			"ingre_unit": "T"
		},
		{
			"ingre_name": "아몬드",
			"ingre_count": "80",
			"ingre_unit": "g"
		}
	],
	"sauce_list": [],
	"recipe": [
		"1. 슬라이스된 아몬드를 팬에 기름없이 볶아서 준비 (볶지않아도 되는데 볶으면 더더 고소해져요)",
		"2. 박력분, 코코아 가루, 베이킹 파우더는 체에 쳐서 준비",
		"3. 버터는 실온에서 말랑말랑하게 만든후 소금넣고 설탕은 두번나눠넣고 크림화한다.",
		"4. 우유도 두번 정도 나눠넣고 분리되지않도록 잘 섞는다.",
		"5. 체에 내린 가루를 넣고 주걱으로 섞는다.",
		"6. 대충 섞이면 볶아식힌 아몬드를 넣고 섞어준다.",
		"7. 날가루가 보이지않을정도로 섞는다.",
		"8. 유산지위에 반죽을 올려서",
		"9. 둥글게 만든후",
		"10. 유산지로 둘둘말아 냉동실에 서 2~3시간정도 둔다.",
		"11. 꺼내서 썰어준후",
		"12. 180도 예열된 오븐에 15분가량 굽는다.오븐",
		"13. 식혀준다."
	],
	"recipe_img": [
		"https://recipe1.ezmember.co.kr/cache/recipe/2015/11/16/9d3e0c8b2a0635f2727c5992864ce5001.jpg",
		"https://recipe1.ezmember.co.kr/cache/recipe/2015/11/16/fe1f41e52eaa9e7a426308f12a3754291.jpg",
		"https://recipe1.ezmember.co.kr/cache/recipe/2015/11/16/bfcc91496773192026166603f822ddcb1.jpg",
		"https://recipe1.ezmember.co.kr/cache/recipe/2015/11/16/8490861ca544365e93ef8d0c2a7bcd911.jpg",
		"https://recipe1.ezmember.co.kr/cache/recipe/2015/11/16/e3072c100805fbd665324b30db09102e1.jpg",
		"https://recipe1.ezmember.co.kr/cache/recipe/2015/11/16/627bfa20a1eff79c2d555fa0957523861.jpg",
		"https://recipe1.ezmember.co.kr/cache/recipe/2015/11/16/2ea4e609825f48f54b8b579563bc22ba1.jpg",
		"https://recipe1.ezmember.co.kr/cache/recipe/2015/11/16/bd2340793e7cb6cfd5d02844062177131.jpg",
		"https://recipe1.ezmember.co.kr/cache/recipe/2015/11/16/b0fce9f21fae248afacdd4d6d7c4da7d1.jpg",
		"https://recipe1.ezmember.co.kr/cache/recipe/2015/11/16/9f3b5e628bfea1a5e0ab450ce8f5cc571.jpg",
		"https://recipe1.ezmember.co.kr/cache/recipe/2015/11/16/b67695ac351697eb6e9f7d30df28227a1.jpg",
		"https://recipe1.ezmember.co.kr/cache/recipe/2015/11/16/793fed0043a1d3f7655c7ed40136c0db1.jpg",
		"https://recipe1.ezmember.co.kr/cache/recipe/2015/11/16/f700b6b0cdccabb2857f046a254efa021.jpg"
	],
	"tag": [
		"밀가루, 아몬드쿠키, 초코쿠키, 쿠키"
	]
}