{
	"id": "1586162",
	"name": "다이어트식 간단 콩나물밥",
	"thumbnail": "https://recipe1.ezmember.co.kr/cache/recipe/2015/10/16/14365b7c0c0a74b87ba7978a5f47b5e0.jpg",
	"url": "https://www.10000recipe.com/recipe/1586162",
	"ingredient_ids": [
		7025,
		8792
	],
	"time": "30",
	"ingre_list": [
		{
			"ingre_name": "현미밥",
			"ingre_count": "",
			"ingre_unit": ""
		},
		{
			"ingre_name": "콩나물",
			"ingre_count": "",
			"ingre_unit": "조금"
		}
	],
	"sauce_list": [
		{
			"ingre_name": "양파",
			"ingre_count": "",
			"ingre_unit": ""
		},
		{
			"ingre_name": "고춧가루",
			"ingre_count": "1",
			"ingre_unit": "T"
		},
		{
			"ingre_name": "간장",
			"ingre_count": "1",
			"ingre_unit": "T"
		},
		{
			"ingre_name": "다진마늘",
			"ingre_count": "",
			"ingre_unit": ""
		},
		{
			"ingre_name": "매실청",
			"ingre_count": "",
			"ingre_unit": ""
		},
		{
			"ingre_name": "후추",
			"ingre_count": "",
			"ingre_unit": ""
		},
		{
			"ingre_name": "깨소금",
			"ingre_count": "",
			"ingre_unit": ""
		},
		{
			"ingre_name": "참기름",
			"ingre_count": "",
			"ingre_unit": ""
		}
	],
	"recipe": [
		"1. 콩나물은 깨끗하게 씻어주고요~~",
		"2. 쌀에 현미도 조금 섞구 콩나물을 얹어주고 그냥 밥솥에 넣어 취사.",
		"3. 밥이 익는동안 분량의 양념장 만들기~ 이때 양파는 살짝 씹히는 느낌이 나게 썰어 넣구요~~",
		"4. 밥이 다되었어요.",
		"5. 조금 큰 그릇에 밥과 콩나물이 적당히 이쁘게 보이게 담아주구요~ 양념장 올리고~",
		"6. 슥슥~~비벼 한입에 쏙!! 드세요~"
	],
	"recipe_img": [
		"https://recipe1.ezmember.co.kr/cache/recipe/2015/10/16/e52070042051d00bdca8d93961acac771.jpg",
		"https://recipe1.ezmember.co.kr/cache/recipe/2015/10/16/974e747f09d2e46dde6528e90527df121.jpg",
		"https://recipe1.ezmember.co.kr/cache/recipe/2015/10/16/7563a6b6ea86e917422b8d9e532e03461.jpg",
		"https://recipe1.ezmember.co.kr/cache/recipe/2015/10/16/14cd82c3b2f584f3769e7d7a8e7f01ab1.jpg",
		"https://recipe1.ezmember.co.kr/cache/recipe/2015/10/16/360446804da6db3fc9c0bccc426947f61.jpg",
		"https://recipe1.ezmember.co.kr/cache/recipe/2015/10/16/af56ac96371c390999a23cc5a13282b21.jpg"
	],
	"tag": [
		"끓이기, 나물, 다이어트, 밥, 콩나물밥"
	]
}