{
	"id": "1612852",
	"name": "어떤 모양이 숨어있을까?? 코코아 마블 파운드 케이크",
	"thumbnail": "https://recipe1.ezmember.co.kr/cache/recipe/2015/09/21/186c9f62864bfca1291518aa0e7c7a91.jpg",
	"url": "https://www.10000recipe.com/recipe/1612852",
	"ingredient_ids": [
		9456,
		51687,
		51699,
		10230,
		51766,
		51683
	],
	"time": "60",
	"ingre_list": [
		{
			"ingre_name": "달걀",
			"ingre_count": "3",
			"ingre_unit": "개"
		},
		{
			"ingre_name": "박력분",
			"ingre_count": "200",
			"ingre_unit": "g"
		},
		{
			"ingre_name": "베이킹파우더",
			"ingre_count": "2",
			"ingre_unit": "g"
		},
		{
			"ingre_name": "우유",
			"ingre_count": "20",
			"ingre_unit": "g"
		},
		{
			"ingre_name": "코코아가루",
			"ingre_count": "16",
			"ingre_unit": "g"
		},
		{
			"ingre_name": "물",
			"ingre_count": "30",
			"ingre_unit": "g"
		}
	],
	"sauce_list": [
		{
			"ingre_name": "버터",
			"ingre_count": "150",
			"ingre_unit": "g"
		},
		{
			"ingre_name": "설탕",
			"ingre_count": "140",
			"ingre_unit": "g"
		},
		{
			"ingre_name": "소금",
			"ingre_count": "4",
			"ingre_unit": "g"
		}
	],
	"recipe": [
		"1. 실온의 말랑 버터를 거품기로 풀어준 다음, 설탕, 소금을 3회에 나누어 넣으며 크림화 해준다. 먼저 계란 노른자를 1개씩 넣은 다음, 나머지 계란 흰자를 3번 이상 나누어 넣으며 믹싱해준다. 체친 박력분, 베이킹 파우더를 넣고 주걱을 세워 가르듯이 #모양을 그리며 섞어준다. 어느정도 가루류가 보이지 않으면 우유를 넣고 섞어준다.",
		"2. 반죽의 1/5 정도를 다른 볼에 옮겨담고, 체친 코코아 가루를 잘 섞어준다. 어느정도 가루류가 섞이면 물도 넣고 섞어준다. 마찬가지로 주걱을 세워서 가르듯이 섞어주셔야해요.",
		"3. 버터칠을 한 틀에 반죽에 흰 반죽을 담고, 코코아 반죽, 그 위에 흰반죽, 코코아 반죽의 순서대로 뒤죽박죽 섞어준다. 이쑤시개나 젓가락 등을 이용해서 반죽의 휘휘 저어준다. 반죽을 배모양으로 성형해준 다음, 버터칠을 한 주걱 등으로 가운데 부분을 갈라준다. 예열된 170℃ 오븐에서 40분 정도 구워준다. 미니미니 파운드는 25-30분 정도 구워준다. (머핀팬에 구울 경우 25분 정도) 오븐마다 사양이 다르니, 꼬지 테스트 후 꺼내어주세요.오븐",
		"4. 오븐에서 한껏 부풀어 구워진 케이크는 팬에서 꺼내어 식힘망에서 충분히 식혀주세요."
	],
	"recipe_img": [
		"https://recipe1.ezmember.co.kr/cache/recipe/2015/09/22/3236a95a4c4d7ffa49bc2e3119de05b11.jpg",
		"https://recipe1.ezmember.co.kr/cache/recipe/2015/09/22/4e151a6b898db83b26d9e69e5ebf3dfa1.jpg",
		"https://recipe1.ezmember.co.kr/cache/recipe/2015/09/22/04740030813d23ffe04cccb890128bf81.jpg",
		"https://recipe1.ezmember.co.kr/cache/recipe/2015/09/22/18d11d824e401d9dc28f8c1373e6b8611.jpg"
	],
	"tag": [
		"밀가루, 케이크, 파운드케이크"
	]
}