{
	"id": "1645733",
	"name": "연유쿠키",
	"thumbnail": "https://recipe1.ezmember.co.kr/cache/recipe/2015/09/30/d7fd396d1b76246dff13f051b34c4ec3.jpg",
	"url": "https://www.10000recipe.com/recipe/1645733",
	"ingredient_ids": [
		51687,
		10267,
		10218,
		10438
	],
	"time": "60",
	"ingre_list": [
		{
			"ingre_name": "박력분",
			"ingre_count": "130",
			"ingre_unit": "그램"
		},
		{
			"ingre_name": "버터",
			"ingre_count": "40",
			"ingre_unit": "그램"
		},
		{
			"ingre_name": "연유",
			"ingre_count": "80",
			"ingre_unit": "그램"
		},
		{
			"ingre_name": "소금",
			"ingre_count": "",
			"ingre_unit": "약간"
		}
	],
	"sauce_list": [],
	"recipe": [
		"1. 연유 80g, 말랑한 버터 40g을 잘섞이도록 저어주세요.",
		"2. 체쳐선 준비해둔 박력분을 재료에 부어서 섞어주세요. 이때 한쪼집 정도 약간의 소금을 넣어주세요. 연유쿠키에는 말그대로 연유가 왕창 들어가기때문에 별도로 설탕을 넣어주실 필요는 없지만, 바닐라설탕이나 오일 있다면 넣어주세요. 훨씬 풍미가 좋아져요.",
		"3. 덩어리로 반죽해주세요. 반죽의 너무 뻑뻑하다고 느껴지시면, 우유를 살짝 넣어서 반죽질기를 맞춰주세요.",
		"4. 밀대로 반죽을 얇게 펴주신다음, 쿠키커터로 예뿌게 잘라주세요.",
		"5. 180도로 예열된 오븐에서 15분간 구워주세요.오븐"
	],
	"recipe_img": [
		"https://recipe1.ezmember.co.kr/cache/recipe/2015/09/30/dcf8b6710722e6d96675f6cc75913ce21.jpg",
		"https://recipe1.ezmember.co.kr/cache/recipe/2015/09/30/e574ef37e255c4b29463a40c2f30dd471.jpg",
		"https://recipe1.ezmember.co.kr/cache/recipe/2015/09/30/36a5c93027af4cd04bad61ae5ef552151.jpg",
		"https://recipe1.ezmember.co.kr/cache/recipe/2015/09/30/c1c7274b6eb791cc1ed80ec056b15bdb1.jpg",
		"https://recipe1.ezmember.co.kr/cache/recipe/2015/09/30/b945f4bd8ba0a483c99c7cea67661cb31.jpg"
	],
	"tag": [
		"간식, 굽기, 밀가루, 쿠키"
	]
}