{
	"id": "1666229",
	"name": "부드러운 닭가슴살 조림",
	"thumbnail": "https://recipe1.ezmember.co.kr/cache/recipe/2015/08/25/b0858b45742a2d993d47df2dab2e6226.jpg",
	"url": "https://www.10000recipe.com/recipe/1666229",
	"ingredient_ids": [
		9181,
		10260
	],
	"time": "60",
	"ingre_list": [
		{
			"ingre_name": "닭가슴살",
			"ingre_count": "700",
			"ingre_unit": "g"
		},
		{
			"ingre_name": "들기름",
			"ingre_count": "4",
			"ingre_unit": "T"
		}
	],
	"sauce_list": [
		{
			"ingre_name": "간장",
			"ingre_count": "10",
			"ingre_unit": "T"
		},
		{
			"ingre_name": "설탕",
			"ingre_count": "5",
			"ingre_unit": "T"
		},
		{
			"ingre_name": "다진마늘",
			"ingre_count": "2",
			"ingre_unit": "T"
		}
	],
	"recipe": [
		"1. 닭가슴살을 흐르는 물에 씻어서 물기를 빼주세요.",
		"2. 후라이팬에 들기름을 붓고 가슴살을 구우세요. 이때 불은 센불로 시작해서 기름이 끓기 시작하면 중불로 낮추세요. 기름은 되도록이면 들기름을 쓰세요. 한쪽면이 다익으면 뒤집으세요. 자꾸 뒤적거리지 마세요.",
		"3. 양념간장 재료를 모두 섞어서 양념간장을 만들어 다익은 가슴살에 양념간장을 부으세요.",
		"4. 숟가락으로 간장을 끼얹어 가며 조리세요.",
		"5. 한번 뒤집으세요.",
		"6. 불은 약불로 낮추고 고기가 갈색이 돌면서 간장이 끈적끈적해질때가지 조리세요.",
		"7. 불을 끄세요. 그리고 고기를 먹기좋은 크기로 자르세요. 처음부터 자르지 않는 이유는 고기가 딱딱해지기 때문이에요. 이렇게 하면 고기가 부드러워요.",
		"8. 불을 약불로 하고 잠깐 뒤적이며 조리세요."
	],
	"recipe_img": [
		"https://recipe1.ezmember.co.kr/cache/recipe/2015/08/25/1d6cbc3c269e11a667cace5312c657d91.jpg",
		"https://recipe1.ezmember.co.kr/cache/recipe/2015/08/25/432275e2cea80160904996242508fd8a1.jpg",
		"https://recipe1.ezmember.co.kr/cache/recipe/2015/08/25/9f3f15931d8e06dc3f45d97b65b9dcce1.jpg",
		"https://recipe1.ezmember.co.kr/cache/recipe/2015/08/25/0e1e7a28a23bfab41e4c53d9a72cfe3f1.jpg",
		"https://recipe1.ezmember.co.kr/cache/recipe/2015/08/25/d31953a961ce38cb6cc354a3187dd5a41.jpg",
		"https://recipe1.ezmember.co.kr/cache/recipe/2015/08/25/3f04aa8c91fbe07626db9be95db598391.jpg",
		"https://recipe1.ezmember.co.kr/cache/recipe/2015/08/25/d3589b3b5ffdfdb637a497d7003a21351.jpg",
		"https://recipe1.ezmember.co.kr/cache/recipe/2015/08/25/c237883e2cbefd6d7c2c0564d079425a1.jpg"
	],
	"tag": [
		"닭가슴살, 닭고기, 술안주, 조림"
	]
}