{
	"id": "1695023",
	"name": "돌솥 낙지덮밥",
	"thumbnail": "https://recipe1.ezmember.co.kr/cache/recipe/2015/08/26/0369d40957d8f8e6b5df6f24a28927c2.jpg",
	"url": "https://www.10000recipe.com/recipe/1695023",
	"ingredient_ids": [
		11028,
		51730,
		8676,
		8386,
		8824,
		8316,
		8592,
		8710,
		51722,
		10438,
		10160,
		51685
	],
	"time": "30",
	"ingre_list": [
		{
			"ingre_name": "낙지",
			"ingre_count": "3",
			"ingre_unit": "마리"
		},
		{
			"ingre_name": "굵은소금",
			"ingre_count": "",
			"ingre_unit": "조금"
		},
		{
			"ingre_name": "양파",
			"ingre_count": "1/2",
			"ingre_unit": "개"
		},
		{
			"ingre_name": "당근",
			"ingre_count": "1/3",
			"ingre_unit": "개"
		},
		{
			"ingre_name": "대파",
			"ingre_count": "1",
			"ingre_unit": "줄기"
		},
		{
			"ingre_name": "청양고추",
			"ingre_count": "2",
			"ingre_unit": "개"
		},
		{
			"ingre_name": "상추",
			"ingre_count": "",
			"ingre_unit": ""
		},
		{
			"ingre_name": "오이",
			"ingre_count": "",
			"ingre_unit": ""
		},
		{
			"ingre_name": "김가루",
			"ingre_count": "",
			"ingre_unit": ""
		},
		{
			"ingre_name": "소금",
			"ingre_count": "",
			"ingre_unit": ""
		},
		{
			"ingre_name": "다시마육수",
			"ingre_count": "1/2",
			"ingre_unit": "컵"
		},
		{
			"ingre_name": "밥",
			"ingre_count": "2",
			"ingre_unit": "공기"
		}
	],
	"sauce_list": [
		{
			"ingre_name": "고추장",
			"ingre_count": "1",
			"ingre_unit": "T"
		},
		{
			"ingre_name": "설탕",
			"ingre_count": "1/2",
			"ingre_unit": "T"
		},
		{
			"ingre_name": "다진마늘",
			"ingre_count": "1/2",
			"ingre_unit": "T"
		},
		{
			"ingre_name": "참기름",
			"ingre_count": "",
			"ingre_unit": "약간"
		},
		{
			"ingre_name": "참깨",
			"ingre_count": "",
			"ingre_unit": "약간"
		}
	],
	"recipe": [
		"1. 먼저 낙지 내장을 빼내고 적당한 크기로 잘라 주었구요. 내장을 빼내고 적당한 크기로 썰어놓은 낙지에 왕소금을 넣고 박박 씻어 주어야 낙지 특유의 미끌미끌한 타액과 낙지 비린맛이 없어지고 볶음요리 할 때에도 물이 생기지 않습니다.",
		"2. 팬에 손질한 낙지와 채소와 양념을 넣고 육수를 넣어 볶음을 합니다. 식용유로 볶음요리를 하는것이 아니라 육수로 볶음요리를 합니다.",
		"3. 육수(멸치육수 or 다시마육수)를 넣고 센불에 볶아주기 시작합니다. 지글지글 잘 볶아지는 모습이네요. 국물이 더 자박자박하게 볶아 주었습니다. 낙지는 수분이 많이 나오는 해물이므로 필히 센불에 빠르게 볶음을 하여야 육수가 자박해지고 물이 생기지 않아요.",
		"4. 돌솥 그릇에 버터를 손톱사이즈만하게 하나 넣으세요.",
		"5. 따뜻한 밥을 한 공기를 넣었구요. 완성된 낙지 볶음을 밥위에 예쁘게 올려 놓고요. 불위에서 지글지글 소리가 날때까지 달구어 주다가 약 3-4분 가량 더 달구어 주면맛있는 누룽지도 확보 할 수 있습니다.",
		"6. 완성된 돌솥낙지덮밥입니다. 김가루와 오이채. 상추를 잘게 썰어서 같이 올려준다음 참기름 살짝 넣고 참깨도 살살 뿌려서 골고루 잘 버무려서 드시면 아주 뜨겁고 매콤한 돌솥낙지를 맛볼 수 있겠죠.",
		"7. 돌솥 그릇의 뽀나스~~낙지의 맛이 베인 누룽지, 다른 누룽지와 비교를 불허합니다."
	],
	"recipe_img": [
		"https://recipe1.ezmember.co.kr/cache/recipe/2015/08/26/2c3de5a5e4fc45fc77eedee03f69f9a31.jpg",
		"https://recipe1.ezmember.co.kr/cache/recipe/2015/08/26/ecfd3cbbd65195c438742e9fd3c8add91.jpg",
		"https://recipe1.ezmember.co.kr/cache/recipe/2015/08/26/c3cbf74235b195d4ae2cb674ec7a77651.jpg",
		"https://recipe1.ezmember.co.kr/cache/recipe/2015/08/26/bd004297f9c7e555f5163ebe54da30131.jpg",
		"https://recipe1.ezmember.co.kr/cache/recipe/2015/08/26/a9bd102b5c7059f57156aef9bcba8d1c1.jpg",
		"https://recipe1.ezmember.co.kr/cache/recipe/2015/08/26/8bd68a0e44bfb62a26ac82240499e71a.jpg",
		"https://recipe1.ezmember.co.kr/cache/recipe/2015/08/26/85b567ea104fd77d77e4e9536a3df183.jpg"
	],
	"tag": [
		"덮밥, 밥+죽+떡, 밥, 볶음, 영양식, 해물류"
	]
}