{
	"id": "1700211",
	"name": "감자조림",
	"thumbnail": "https://recipe1.ezmember.co.kr/cache/recipe/2015/06/08/6ab8093a848d589c8ac65e7f8c1c9910.jpg",
	"url": "https://www.10000recipe.com/recipe/1700211",
	"ingredient_ids": [
		7997,
		8676
	],
	"time": "30",
	"ingre_list": [
		{
			"ingre_name": "감자",
			"ingre_count": "4",
			"ingre_unit": "개"
		},
		{
			"ingre_name": "양파",
			"ingre_count": "1/2",
			"ingre_unit": "개"
		}
	],
	"sauce_list": [
		{
			"ingre_name": "고추장",
			"ingre_count": "1",
			"ingre_unit": "T"
		},
		{
			"ingre_name": "고춧가루",
			"ingre_count": "1",
			"ingre_unit": "T"
		},
		{
			"ingre_name": "간장",
			"ingre_count": "3",
			"ingre_unit": "T"
		},
		{
			"ingre_name": "올리고당",
			"ingre_count": "3",
			"ingre_unit": "T"
		},
		{
			"ingre_name": "설탕",
			"ingre_count": "1",
			"ingre_unit": "T"
		},
		{
			"ingre_name": "미림",
			"ingre_count": "1",
			"ingre_unit": "T"
		},
		{
			"ingre_name": "다진마늘",
			"ingre_count": "0.",
			"ingre_unit": "T"
		},
		{
			"ingre_name": "파",
			"ingre_count": "2",
			"ingre_unit": "T"
		}
	],
	"recipe": [
		"1. 큼지막한 감자 4개를 손질해서 깍뚝썰어 준비해주세요.",
		"2. 자작하게 물을 넣어 끓여 반정도 익혀주세요. 물에 익히지않고 바로 양념을 넣어 조리하면 타기만하고 감자가 충분히 익지않을 수 있어요. 감자채볶음 살짝 덜 익혀서도 먹지만 조림은 완전히 익어야 맛있어요.",
		"3. 양파도 감자크기로 썰어주고, 대파도 송송 썰어주세요.",
		"4. 양념은 몽땅 섞어서 준비하시고 감자가 반정도 익으면 물을 조금 따라내고 양념과 양파를 넣어 중약불로 조려주시고, 마지막에 송송파, 참기름 한방울 넣어주세요."
	],
	"recipe_img": [
		"https://recipe1.ezmember.co.kr/cache/recipe/2015/08/26/c5fa732221190b3d350bf2f9d7b9937d1.jpg",
		"https://recipe1.ezmember.co.kr/cache/recipe/2015/08/26/1579102be401cf2abfbad52043acfff91.jpg",
		"https://recipe1.ezmember.co.kr/cache/recipe/2015/08/26/83becee1947acddc92e57033372cfa351.jpg",
		"https://recipe1.ezmember.co.kr/cache/recipe/2015/08/26/658e0f6765fa7d573c73bbf62f0fd0151.jpg"
	],
	"tag": [
		"감자, 감자조림, 조림"
	]
}