{
	"id": "1724317",
	"name": "오므라이스",
	"thumbnail": "https://recipe1.ezmember.co.kr/cache/recipe/2015/10/07/294f02c3071b2f217ff361594eb9d273.jpg",
	"url": "https://www.10000recipe.com/recipe/1724317",
	"ingredient_ids": [
		51685,
		9457,
		15272,
		8386,
		8850,
		8676,
		18926,
		10438,
		51757
	],
	"time": "15",
	"ingre_list": [
		{
			"ingre_name": "밥",
			"ingre_count": "0.",
			"ingre_unit": "공기"
		},
		{
			"ingre_name": "계란",
			"ingre_count": "1.",
			"ingre_unit": "개"
		},
		{
			"ingre_name": "햄",
			"ingre_count": "20",
			"ingre_unit": "g"
		},
		{
			"ingre_name": "당근",
			"ingre_count": "15",
			"ingre_unit": "g"
		},
		{
			"ingre_name": "호박",
			"ingre_count": "15",
			"ingre_unit": "g"
		},
		{
			"ingre_name": "양파",
			"ingre_count": "1/4",
			"ingre_unit": "개"
		},
		{
			"ingre_name": "케찹",
			"ingre_count": "1",
			"ingre_unit": "T"
		},
		{
			"ingre_name": "소금",
			"ingre_count": "",
			"ingre_unit": "약간"
		},
		{
			"ingre_name": "오일",
			"ingre_count": "",
			"ingre_unit": "적당히"
		}
	],
	"sauce_list": [
		{
			"ingre_name": "케찹",
			"ingre_count": "1.",
			"ingre_unit": "T"
		},
		{
			"ingre_name": "돈까스소스",
			"ingre_count": "1.",
			"ingre_unit": "T"
		},
		{
			"ingre_name": "물",
			"ingre_count": "2",
			"ingre_unit": "T"
		},
		{
			"ingre_name": "요리당",
			"ingre_count": "0.",
			"ingre_unit": "T"
		},
		{
			"ingre_name": "후춧가루",
			"ingre_count": "",
			"ingre_unit": "약간"
		}
	],
	"recipe": [
		"1. 햄과 야채는 작게 깍뚝썰어 줍니다. 자투리 야채남은거 아무거나 넣어시면 되겠죠. 감자도 좋고 양배추도 괜찮고 파프리카도 괜찮고 집에있는거 조금씩 잘게 썰어 넣어주자구요. 소스는 미리 만들어 둡니다. 작은팬에 케찹1.5큰술, 돈까스소스 (또는 우스터소스)1.5큰술 물2큰술 후춧가루 약간 요리당0.5큰술 (요리당없으면 설탕을 넣으시면 되요)을 넣고 잘섞어주며 보글한번끓으면 불끄면 됩니다. 달군팬에 오일약간 두르고 햄과 야채 썬거 몽땅때려넣고 소금약간만 넣고 휘리릭 볶아주다가 야채가 거의 익으면 밥을 넣고 야채랑 고루고루 잘 섞어주며 볶아 줍니다.",
		"2. 케찹1큰술을 넣어 간을 해주고 잠시 더 볶아주면 볶음밥은 완성. 잘볶아진 밥은 다른 그릇에 잠시두고 팬은 키친타월로 잘닦아낸뒤 오일약간만 두르고 계란 잘풀어서 부어줍니다. 계란 1개하니까 조금 모자란듯하고 1.5개하니까 딱좋네요. 작은계란이면 그냥2개쓰시면 되겠죠. 계란부어 주고 약불에 서서히 익히다가 윗면이 80%정도 익으면 볶아놓은 밥을 중앙에 얌전히 올려준뒤 계란으로 양옆을 덮은뒤 밥위에 접시대고 휙뒤집으면 접시에 짠 담아지겠죠. 그리고 소스를 끼얹어주면 완성입니다. 소스마저도 귀찮으면 그냥 케찹뿌려 먹어도 충분히 맛있답니다.",
		"3. 레스토랑 부럽지 않은 홈메이드 맛난 오므라이스 완성. 으나의 초간단 오므라이스 소스. 요거이 돈까스위에 끼얹어 먹어도 넘 넘 잘어울린답니다."
	],
	"recipe_img": [
		"https://recipe1.ezmember.co.kr/cache/recipe/2015/10/07/707a6303b90c19f1cfaef9ca830a9d111.jpg",
		"https://recipe1.ezmember.co.kr/cache/recipe/2015/10/07/de302b5a550412e814dbaddf8842f8a31.jpg",
		"https://recipe1.ezmember.co.kr/cache/recipe/2015/10/07/7661f3b907448461086d3a345d00dd321.jpg"
	],
	"tag": [
		"밥+죽+떡, 쌀, 오므라이스, 오믈렛"
	]
}