{
	"id": "1730369",
	"name": "생크림 양송이스프",
	"thumbnail": "https://recipe1.ezmember.co.kr/cache/recipe/2015/08/24/f388bd0e7f625e0f3952d2980a9549a5.jpg",
	"url": "https://www.10000recipe.com/recipe/1730369",
	"ingredient_ids": [
		8905,
		8676
	],
	"time": "30",
	"ingre_list": [
		{
			"ingre_name": "양송이버섯",
			"ingre_count": "6",
			"ingre_unit": "개"
		},
		{
			"ingre_name": "양파",
			"ingre_count": "1/3",
			"ingre_unit": "개"
		}
	],
	"sauce_list": [
		{
			"ingre_name": "생크림",
			"ingre_count": "150",
			"ingre_unit": "ml"
		},
		{
			"ingre_name": "우유",
			"ingre_count": "150",
			"ingre_unit": "ml"
		},
		{
			"ingre_name": "밀가루",
			"ingre_count": "2",
			"ingre_unit": "T"
		},
		{
			"ingre_name": "버터",
			"ingre_count": "",
			"ingre_unit": ""
		},
		{
			"ingre_name": "소금",
			"ingre_count": "",
			"ingre_unit": "약간"
		},
		{
			"ingre_name": "후추",
			"ingre_count": "",
			"ingre_unit": "약간"
		}
	],
	"recipe": [
		"1. 양송이와 양파는 슬라이스로 손질해 썰어서 준비해주세요.",
		"2. 버터를 녹인 팬에 먼저 양파를 넣고 반투명해질때까지 볶아주다가, 양송이를 넣고 또 살짝 볶아주세요.",
		"3. 볶아진 양송이와 양파에 밀가루를 넣고 타지않게 살살 3분 정도 볶아주고, 준비한 생크림과 우유를 넣고 살짝 끓여주세요.",
		"4. 이제 핸드블렌더나 믹서에 넣고 원하시는 만큼 갈아주세요. 저는 살짝 작은 알갱이들이 있게 갈아주었어요. 버섯의 씹이는 알갱이들이 조금 있는 정도로. 그리고는 다시 냄비에 넣고 보글보글 끓여서 소금과 후추로 간을 해주면 완성입니다.",
		"5. 살짝 바삭하게 구운 식빵에 콕! 찍어서 먹으면 너무 맛있죠."
	],
	"recipe_img": [
		"https://recipe1.ezmember.co.kr/cache/recipe/2015/08/25/ae729fd06cf83abd84134d1fd00d74ad1.jpg",
		"https://recipe1.ezmember.co.kr/cache/recipe/2015/08/25/0f3d6a7094e45acb4541e90d5f22db861.jpg",
		"https://recipe1.ezmember.co.kr/cache/recipe/2015/08/25/db8b1b01ee69c08a222526a19d9e6c541.jpg",
		"https://recipe1.ezmember.co.kr/cache/recipe/2015/08/25/1e5de47f9660036ce6c3ff46b086f7b21.jpg",
		"https://recipe1.ezmember.co.kr/cache/recipe/2015/08/25/c3dbb12988e30f14a699953172bc2efe.jpg"
	],
	"tag": [
		"끓이기, 버섯류, 스프, 양송이스프, 영양식, 크림스프"
	]
}