{
	"id": "1732306",
	"name": "고구마감자 참깨 볼",
	"thumbnail": "https://recipe1.ezmember.co.kr/cache/recipe/2015/08/21/6eb5888385e3d8931c9af57f7899ba31.jpg",
	"url": "https://www.10000recipe.com/recipe/1732306",
	"ingredient_ids": [
		7997,
		8020,
		9457,
		15179,
		8232
	],
	"time": "60",
	"ingre_list": [
		{
			"ingre_name": "감자",
			"ingre_count": "3",
			"ingre_unit": "개"
		},
		{
			"ingre_name": "고구마",
			"ingre_count": "2~3개",
			"ingre_unit": "개"
		},
		{
			"ingre_name": "계란",
			"ingre_count": "1",
			"ingre_unit": "개"
		},
		{
			"ingre_name": "빵가루",
			"ingre_count": "1",
			"ingre_unit": "컵"
		},
		{
			"ingre_name": "참깨",
			"ingre_count": "3",
			"ingre_unit": "T"
		}
	],
	"sauce_list": [],
	"recipe": [
		"1. 감자와, 고구마를 찐후 매셔로 으깨 조그맣고 동글동글하게 모양을 만들어 줍니다.",
		"2. 만들어진 볼을 풀어놓은 계란물에 적셔주세요.",
		"3. 참깨를 넣은 빵가루에 굴려주세요. 빵가루에 참깨를 넣어 미리 만들어 둡니다.",
		"4. 빵가루 옷을 입힌후 기름을 넉넉히 두른 팬에 둥글리며 구워줍니다. 튀기듯이 많은양의 오일을 사용하실 필요는 없으세요."
	],
	"recipe_img": [
		"https://recipe1.ezmember.co.kr/cache/recipe/2015/08/25/e9af3ea9bd32992904279e3ad21d17691.jpg",
		"https://recipe1.ezmember.co.kr/cache/recipe/2015/08/25/e5f25d30468864d17a6742af41d09fdc1.jpg",
		"https://recipe1.ezmember.co.kr/cache/recipe/2015/08/25/27ba3910835d9d5c7da5b21f196dc9e21.jpg",
		"https://recipe1.ezmember.co.kr/cache/recipe/2015/08/25/e6d9c95e301000d47813b0816a79f9711.jpg"
	],
	"tag": [
		"감자, 고구마, 디저트, 볼"
	]
}