{
	"id": "1755098",
	"name": "된장 비스코티",
	"thumbnail": "https://recipe1.ezmember.co.kr/cache/recipe/2015/06/08/45aa83a03c969c977382b90cf9db2ab9.jpg",
	"url": "https://www.10000recipe.com/recipe/1755098",
	"ingredient_ids": [
		9456,
		18763,
		51757,
		51687,
		51699,
		51760,
		51772,
		8084
	],
	"time": "30",
	"ingre_list": [
		{
			"ingre_name": "달걀",
			"ingre_count": "1",
			"ingre_unit": "개"
		},
		{
			"ingre_name": "된장",
			"ingre_count": "16",
			"ingre_unit": "g"
		},
		{
			"ingre_name": "오일",
			"ingre_count": "40",
			"ingre_unit": "g"
		},
		{
			"ingre_name": "박력분",
			"ingre_count": "140",
			"ingre_unit": "g"
		},
		{
			"ingre_name": "베이킹파우더",
			"ingre_count": "1/8",
			"ingre_unit": "Ts"
		},
		{
			"ingre_name": "베이킹소다",
			"ingre_count": "1/2",
			"ingre_unit": "Ts"
		},
		{
			"ingre_name": "검은깨",
			"ingre_count": "2",
			"ingre_unit": "Ts"
		},
		{
			"ingre_name": "설탕",
			"ingre_count": "50",
			"ingre_unit": "g"
		}
	],
	"sauce_list": [],
	"recipe": [
		"1. 핸드블렌더에 액채재료를 모두 넣어주세요.",
		"2. 10~15초간 돌려 주세요.",
		"3. 가루 재료를 모두 넣어준후 10~20초간 돌려주세요.",
		"4. 뭉친곳 없이 고루 섞이면서 된장색을 약간 띄면 반죽 완성입니다.",
		"5. 오븐팬에 길다랗게 반죽을 펴준후 160~170℃로 예열한 오븐에넣고 15~20분간 구워주세요.오븐",
		"6. 구워진 반죽을 한김 식혀주세요. 이때 오븐의 온도를 150~160℃ 사이로 설정해 주세요.",
		"7. 반죽이 식으면 칼로 사진처럼 위아래로 슥삭 슥삭 잘라주세요.",
		"8. 150~160℃ 의 오븐에서 20분간 타지않게 중간에 확인하면서구워주세요. 익히는 속도와 오븐의 온도는오븐에따라 차이가있으니 자신의 오븐에 맞게 설정해주셔서 구우시면 되요."
	],
	"recipe_img": [
		"https://recipe1.ezmember.co.kr/cache/recipe/2015/08/26/e621c2a25d5c499654ae3edc3b98a89e1.jpg",
		"https://recipe1.ezmember.co.kr/cache/recipe/2015/08/26/70f19150d2050d211e47cdae077de09e1.jpg",
		"https://recipe1.ezmember.co.kr/cache/recipe/2015/08/26/69262c60e4249af6d4cfd854e0d4c5c71.jpg",
		"https://recipe1.ezmember.co.kr/cache/recipe/2015/08/26/d049d937cd4256bf1f535b51876d7d4b1.jpg",
		"https://recipe1.ezmember.co.kr/cache/recipe/2015/08/26/049eb08dfb85d9268cfdd85a6997ad101.jpg",
		"https://recipe1.ezmember.co.kr/cache/recipe/2015/08/26/a89cc3101951c47a2136fb6b728cb7c61.jpg",
		"https://recipe1.ezmember.co.kr/cache/recipe/2015/08/26/904c279ce91ef0a66f24702b55ea75a61.jpg",
		"https://recipe1.ezmember.co.kr/cache/recipe/2015/08/26/827c6b6b8c03254d17894a73580bf12e1.jpg"
	],
	"tag": [
		"곡류, 비스코티"
	]
}