{
	"id": "1762498",
	"name": "황치즈롤 쿠키",
	"thumbnail": "https://recipe1.ezmember.co.kr/cache/recipe/2015/08/27/9646d0624ad5bfde3025dab2f866a9a7.jpg",
	"url": "https://www.10000recipe.com/recipe/1762498",
	"ingredient_ids": [],
	"time": "2이상",
	"ingre_list": [],
	"sauce_list": [],
	"recipe": [
		"1. 흰반죽 먼저, 버터를 풀어준 후에 슈가 파우더를 넣고 골고루 섞기.",
		"2. 노른자를 넣고 분리 되지 않게 잘 섞기",
		"3. 가류를 체쳐서",
		"4. 날가루가 보이지 않게 잘 섞기.",
		"5. 황치즈 반죽, 버터를 잘 풀어준 후에 슈가파우더 넣고 잘 섞기.",
		"6. 전란(18g)을 넣고 분리되지 않게 잘 섞는다. 난, 30그램정도 들어간듯. 분리되려고해서 팔이 아푸게 힘차게 섞었다.",
		"7. 체친 가루류를 넣고",
		"8. 잘 섞어 주세요.",
		"9. 각각의 반죽을 비닐에 넣고 밀대로 밀어주세요. 전, 흰반죽 먼저 밀고 냉동고에 잠깐 둔 후에 황치즈반죽 밀고 나서 바로 꺼내와서 롤모양 잡았어요. 실온에 계속두면 질척해져서",
		"10. 바닥에 비닐을 대고 반죽을 올리고 말아주세요.",
		"11. 비닐도 같이 조금 말은 후에 비닐을 살짝 떼내고, 또 다시 그렇게 하고 안그럼, 잘 말리지가 않아요.",
		"12. 다 말은후에 김발로 모양 잡아 고무줄 동여매고 냉장고서 휴지(40분~1시간)",
		"13. 전 냉동고에서 잠깐 했어요. 넘 딱딱하지 않고, 자를 수 있을정도 한, 20분 정도.",
		"14. 팬닝후에 예열한 오븐 180도에서 10~13분정도 색을 봐가며 구워주세요.오븐"
	],
	"recipe_img": [
		"https://recipe1.ezmember.co.kr/cache/recipe/2015/08/27/905787e1a5d5633cc65ea290b8c214ad1.jpg",
		"https://recipe1.ezmember.co.kr/cache/recipe/2015/08/27/e37fea8cbf331be2be5934f470f985371.jpg",
		"https://recipe1.ezmember.co.kr/cache/recipe/2015/08/27/57cf49a66dd9e28ea9b00eacac6245681.jpg",
		"https://recipe1.ezmember.co.kr/cache/recipe/2015/08/27/c62df36f67d81dcf4d1a4abc8f5f3bbd1.jpg",
		"https://recipe1.ezmember.co.kr/cache/recipe/2015/08/27/ceb955bc71066cbd685b455eeb25d4c71.jpg",
		"https://recipe1.ezmember.co.kr/cache/recipe/2015/08/27/a6fdf8a9fa200fc154362bad411a0e741.jpg",
		"https://recipe1.ezmember.co.kr/cache/recipe/2015/08/27/0fd27cfe21d57a09f735f477afdcc83f1.jpg",
		"https://recipe1.ezmember.co.kr/cache/recipe/2015/08/27/c080399764684883b98963b4124388061.jpg",
		"https://recipe1.ezmember.co.kr/cache/recipe/2015/08/27/6249287362b717f9cdf7662684f2a5ee1.jpg",
		"https://recipe1.ezmember.co.kr/cache/recipe/2015/08/27/b29a4bddf29ba86197e579906bfd1afe1.jpg",
		"https://recipe1.ezmember.co.kr/cache/recipe/2015/08/27/b657c276d441e1a95e7d2720ff594af21.jpg",
		"https://recipe1.ezmember.co.kr/cache/recipe/2015/08/27/ee8f8a5f6ee711b8346e43281bdc3eec1.jpg",
		"https://recipe1.ezmember.co.kr/cache/recipe/2015/08/27/e3034cb39841d3d2d939d479ce9547421.jpg",
		"https://recipe1.ezmember.co.kr/cache/recipe/2015/08/27/392329c5631f712184b5301837faec271.jpg"
	],
	"tag": [
		"롤, 밀가루, 쿠키"
	]
}