{
	"id": "1762278",
	"name": "녹차카라멜",
	"thumbnail": "https://recipe1.ezmember.co.kr/cache/recipe/2015/06/08/5d4bcef2f7ddad77fe1b90090e619645.jpg",
	"url": "https://www.10000recipe.com/recipe/1762278",
	"ingredient_ids": [
		51707
	],
	"time": "60",
	"ingre_list": [
		{
			"ingre_name": "생크림",
			"ingre_count": "146",
			"ingre_unit": "g"
		}
	],
	"sauce_list": [
		{
			"ingre_name": "설탕",
			"ingre_count": "146",
			"ingre_unit": "g"
		},
		{
			"ingre_name": "녹차가루",
			"ingre_count": "2",
			"ingre_unit": "Ts"
		},
		{
			"ingre_name": "올리고당",
			"ingre_count": "1",
			"ingre_unit": "Ts"
		}
	],
	"recipe": [
		"1. 그릇에 녹차가루를 넣고 생크림을 조금씩 부어가며 잘 풀어주세요.",
		"2. 1의 생크림을 체에거른뒤 냄비에 붓고 약불에서 끓여주세요.",
		"3. 팔팔 끓지말고 요렇게 작은 기포가 생길때까지 끓여주세요.",
		"4. 분량의 설탕을 넣고 약불에서 서서히 끓여주세요. 절대로 휘휘 저으시면 안되구요 설탕이 녹게끔 팬만 살짝 흔들어주세요.",
		"5. 그럼 녹차의 색이 굉장히 진해져요.",
		"6. 올리고당 1큰술 을 넣고 끓여주세요.",
		"7. 사진처럼 걸쭉하게 되면 불에서 내려주세요. 호박 죽 농도?? 그정도면 되요.",
		"8. 적당한 틀에 부어서 차가운곳에 식혀주세요."
	],
	"recipe_img": [
		"https://recipe1.ezmember.co.kr/cache/recipe/2015/08/26/8dbf2191602560860dae0438d941c07f1.jpg",
		"https://recipe1.ezmember.co.kr/cache/recipe/2015/08/26/06fb8e89b45716ef781fb1ba65696e4c1.jpg",
		"https://recipe1.ezmember.co.kr/cache/recipe/2015/08/26/142d19efa7873c72fe3fe0197f2dae8d1.jpg",
		"https://recipe1.ezmember.co.kr/cache/recipe/2015/08/26/f175d571d318ad494275867b4ceeabda1.jpg",
		"https://recipe1.ezmember.co.kr/cache/recipe/2015/08/26/cf268cfdf716c9b765d8083d377f7b8b1.jpg",
		"https://recipe1.ezmember.co.kr/cache/recipe/2015/08/26/b17be91f1fad621cca0ae2ff6ba11bd61.jpg",
		"https://recipe1.ezmember.co.kr/cache/recipe/2015/08/26/372e9c234452e453175d365f30b8c6da1.jpg",
		"https://recipe1.ezmember.co.kr/cache/recipe/2015/08/26/36f95994712b9af657acc126fd1a09f11.jpg"
	],
	"tag": [
		"간식, 끓이기, 달걀+유제품, 디저트"
	]
}