{
	"id": "1773125",
	"name": "양배추 깻잎 피클",
	"thumbnail": "https://recipe1.ezmember.co.kr/cache/recipe/2015/06/08/f0b48c6e3b30379f3de5a2afe0fac22c.jpg",
	"url": "https://www.10000recipe.com/recipe/1773125",
	"ingredient_ids": [
		42888,
		51700
	],
	"time": "60",
	"ingre_list": [
		{
			"ingre_name": "양배추",
			"ingre_count": "1/2",
			"ingre_unit": "통"
		},
		{
			"ingre_name": "깻잎",
			"ingre_count": "30",
			"ingre_unit": "장"
		}
	],
	"sauce_list": [
		{
			"ingre_name": "물250ml",
			"ingre_count": "2",
			"ingre_unit": "컵"
		},
		{
			"ingre_name": "사과식초",
			"ingre_count": "2/3",
			"ingre_unit": "컵"
		},
		{
			"ingre_name": "설탕",
			"ingre_count": "2/3",
			"ingre_unit": "컵"
		},
		{
			"ingre_name": "굵은소금",
			"ingre_count": "",
			"ingre_unit": "적당량"
		}
	],
	"recipe": [
		"1. 분량의 피클소스를 끓여줍니다.",
		"2. 양배추의 심을 깊게 칼집을 넣어 도려냅니다.",
		"3. 한장씩 잎을 떼어냅니다.",
		"4. 단단한 부위는 제거하고 깻잎과 비슷한 크기가 되도록 잘라줍니다.",
		"5. 양배추1장 - 깻잎 1~2장 - 양배추 - 깻잎 순으로 차곡차곡 쌓아줍니다.",
		"6. 식혀둔 식촛물(피클소스)을 부워줍니다. 떠오르지 않게 접시나 돌등으로 눌러줍니다.",
		"7. 4~5일 냉장보관 합니다.",
		"8. 다시 피클물만 따라내어 끓여 식힌뒤 양배추에 부어주고 냉장고에 넣어 드시면 됩니다."
	],
	"recipe_img": [
		"https://recipe1.ezmember.co.kr/cache/recipe/2015/06/08/c7fb569e55031144d6f501bb22c6f2af1.jpg",
		"https://recipe1.ezmember.co.kr/cache/recipe/2015/06/08/145151a14ed18d7f59c810add414aa641.jpg",
		"https://recipe1.ezmember.co.kr/cache/recipe/2015/06/08/2ae9241798ea0726f1b582d5a1f4f10c1.jpg",
		"https://recipe1.ezmember.co.kr/cache/recipe/2015/06/08/ed4ae91da0260d21cbad64399a49c9aa1.jpg",
		"https://recipe1.ezmember.co.kr/cache/recipe/2015/06/08/98eb8e8dea27d4990a92832329a62c1a1.jpg",
		"https://recipe1.ezmember.co.kr/cache/recipe/2015/06/08/9956e9c24da5370ff2ce96447f6510161.jpg",
		"https://recipe1.ezmember.co.kr/cache/recipe/2015/06/08/dff8c24294b6a0a4a48ebb3ff8c4d0a31.jpg",
		"https://recipe1.ezmember.co.kr/cache/recipe/2015/06/08/a54ac08ef31e60585344103ed49dcb431.jpg"
	],
	"tag": [
		"다이어트, 피클"
	]
}