{
	"id": "1780025",
	"name": "부드럽고 은은한 맛이 매력적인 파운드컵케이크",
	"thumbnail": "https://recipe1.ezmember.co.kr/cache/recipe/2015/08/26/8ef25886f42c4037c8453e0e8da264eb.jpg",
	"url": "https://www.10000recipe.com/recipe/1780025",
	"ingredient_ids": [
		51687,
		51699,
		9457,
		10230,
		51781
	],
	"time": "60",
	"ingre_list": [
		{
			"ingre_name": "박력분",
			"ingre_count": "200",
			"ingre_unit": "g"
		},
		{
			"ingre_name": "베이킹파우더",
			"ingre_count": "1",
			"ingre_unit": "작은술"
		},
		{
			"ingre_name": "계란",
			"ingre_count": "3",
			"ingre_unit": "개"
		},
		{
			"ingre_name": "우유",
			"ingre_count": "3",
			"ingre_unit": "T"
		},
		{
			"ingre_name": "아몬드슬라이스",
			"ingre_count": "",
			"ingre_unit": ""
		}
	],
	"sauce_list": [
		{
			"ingre_name": "버터",
			"ingre_count": "200",
			"ingre_unit": "g"
		},
		{
			"ingre_name": "설탕",
			"ingre_count": "160",
			"ingre_unit": "g"
		},
		{
			"ingre_name": "시럽(물엿)",
			"ingre_count": "30",
			"ingre_unit": "g"
		},
		{
			"ingre_name": "바닐린",
			"ingre_count": "",
			"ingre_unit": "약간"
		}
	],
	"recipe": [
		"1. 실온의 부드러운 버터를 가볍게 풀어준후 설탕을 세번에 나눠가며 휘핑해줍니다.",
		"2. 계란을 노른자순으로 하나씩 넣어줍니다.",
		"3. 체친 밀가루를 넣어 마른 밀가루가 보이지 않을정도로 섞어줍니다.",
		"4. 마른밀가루가 보이지 않을정도로 섞어진 반죽에 우유를 넣어 재빨리 섞어줍니다.",
		"5. 180~190도씨 예열오븐에 25분간 구워주었어요.오븐"
	],
	"recipe_img": [
		"https://recipe1.ezmember.co.kr/cache/recipe/2015/08/26/4be9bcc5c62bb42b8d9f1b3a7fee62ff1.jpg",
		"https://recipe1.ezmember.co.kr/cache/recipe/2015/08/26/132d1f4bc5fea6c3b0b11c44535373e11.jpg",
		"https://recipe1.ezmember.co.kr/cache/recipe/2015/08/26/3b6d78505eb7107357f217ba05a462fc1.jpg",
		"https://recipe1.ezmember.co.kr/cache/recipe/2015/08/26/5596522ccd8adc53670a0548d325e60d1.jpg",
		"https://recipe1.ezmember.co.kr/cache/recipe/2015/08/26/9dd2897733cc4fec1155c614029ed4121.jpg"
	],
	"tag": [
		"간식, 굽기, 밀가루, 컵케이크, 케이크, 파운드케이크"
	]
}