{
	"id": "1783024",
	"name": "피넛버터를 바른 초간단 요리 또띠아 바나나 치즈 말이",
	"thumbnail": "https://recipe1.ezmember.co.kr/cache/recipe/2015/08/26/ceafeec2aa8e314e4946c5b887d0450b.jpg",
	"url": "https://www.10000recipe.com/recipe/1783024",
	"ingredient_ids": [
		12478,
		28988,
		20859
	],
	"time": "10",
	"ingre_list": [
		{
			"ingre_name": "또띠아",
			"ingre_count": "1",
			"ingre_unit": "장"
		},
		{
			"ingre_name": "슬라이스치즈",
			"ingre_count": "2",
			"ingre_unit": "장"
		},
		{
			"ingre_name": "바나나",
			"ingre_count": "1",
			"ingre_unit": "개"
		}
	],
	"sauce_list": [
		{
			"ingre_name": "피넛버터",
			"ingre_count": "",
			"ingre_unit": "적당량"
		}
	],
	"recipe": [
		"1. 또띠아는 굽지 않고 그대로 사용했어요. 냉동고에 있었던거라면 프라이팬에 살짝 한번 구워주세요.",
		"2. 피넛버터를 고루 스프레드 하시구요.",
		"3. 치즈와 바나나를 얹어줍니다.",
		"4. 돌돌돌 말은후 랩을 씌워 고정을 시켜줍니다. 이렇게 해서 반을 잘라 드셔도 좋아요."
	],
	"recipe_img": [
		"https://recipe1.ezmember.co.kr/cache/recipe/2015/08/26/9ef2d80a50a6034d197042800e58689d1.jpg",
		"https://recipe1.ezmember.co.kr/cache/recipe/2015/08/26/2f14e3cd5b1c23ba1ac0d35139dbdbca1.jpg",
		"https://recipe1.ezmember.co.kr/cache/recipe/2015/08/26/c9259a35aa4a2fdf078a42ca7dc122bd1.jpg",
		"https://recipe1.ezmember.co.kr/cache/recipe/2015/08/26/3b1e7a292b1460a5d9d1d7524e10625f1.jpg"
	],
	"tag": [
		"간식, 디저트, 또띠아, 말이, 밀가루"
	]
}