{
	"id": "1792320",
	"name": "시나몬 초코칩 쿠키",
	"thumbnail": "https://recipe1.ezmember.co.kr/cache/recipe/2015/06/08/9af7f605013f26f0bb07763d75c8ca4c.jpg",
	"url": "https://www.10000recipe.com/recipe/1792320",
	"ingredient_ids": [
		8050
	],
	"time": "90",
	"ingre_list": [
		{
			"ingre_name": "밀가루",
			"ingre_count": "2",
			"ingre_unit": "컵"
		}
	],
	"sauce_list": [],
	"recipe": [
		"1. 버터를 크리미 해주세요 버터가 옅은 레몬색이 되면 설탕을 나누어 가면서 섞어주고 달걀 노른자도 두번에 나누어 섞어주세요.",
		"2. 밀가루와 베이킹 파우더는 체에 내려주세요.",
		"3. 시나몬가루 넣고 나무 주걱으로 대충 섞는다 오버 믹스하면 안된답니다. 마른가루가 보이지 않을 정도만 믹스해주세요.",
		"4. 그런 후 초코릿까지 넣고 손으로 대충 반죽해 주세요.",
		"5. 그런 후 반죽을 랩으로 싸서 냉장고에서 20분이상 휴지시켜주세요.",
		"6. 20분 지나면.. 한번더 반죽해서 방망이로 밀어서(4mm 두깨) 커터로 찍어서 모양을 내주세요.",
		"7. 오븐에 유산지 깔고 180도에서 20분 구워주면 됩니다오븐"
	],
	"recipe_img": [
		"https://recipe1.ezmember.co.kr/cache/recipe/2015/09/15/8b5236293e936d4131011f9345d8378e1.jpg",
		"https://recipe1.ezmember.co.kr/cache/recipe/2015/09/15/ad31081b6f493d6fa4e2be874832377a1.jpg",
		"https://recipe1.ezmember.co.kr/cache/recipe/2015/09/15/9f61d3d2c90f6c7da52d4b8f3c2362791.jpg",
		"https://recipe1.ezmember.co.kr/cache/recipe/2015/09/15/9b3fd2eb2aaed3863c7bdc1ce87f71251.jpg",
		"https://recipe1.ezmember.co.kr/cache/recipe/2015/09/15/5e00c6b0e0293db9c33c1f6072ccf9991.jpg",
		"https://recipe1.ezmember.co.kr/cache/recipe/2015/09/15/3d4f167bb93b320e122dc38d5ba6aa601.jpg",
		"https://recipe1.ezmember.co.kr/cache/recipe/2015/09/15/1cf0be0019ef1de5cec3da427a7c2a8f1.jpg"
	],
	"tag": [
		"밀가루, 초코칩쿠키, 초코쿠키, 쿠키"
	]
}