{
	"id": "1806582",
	"name": "닭다리살 꿀 튀김 ",
	"thumbnail": "https://recipe1.ezmember.co.kr/cache/recipe/2015/08/16/4184019cfdb1ec557e485c377dc203a8.jpg",
	"url": "https://www.10000recipe.com/recipe/1806582",
	"ingredient_ids": [
		51768,
		51738
	],
	"time": "60",
	"ingre_list": [
		{
			"ingre_name": "닭다리살",
			"ingre_count": "10~11조각",
			"ingre_unit": "조각"
		},
		{
			"ingre_name": "전분가루",
			"ingre_count": "",
			"ingre_unit": "적당량"
		}
	],
	"sauce_list": [
		{
			"ingre_name": "후추가루",
			"ingre_count": "",
			"ingre_unit": "약간"
		},
		{
			"ingre_name": "간장",
			"ingre_count": "2",
			"ingre_unit": "T"
		},
		{
			"ingre_name": "꿀",
			"ingre_count": "1",
			"ingre_unit": "T"
		},
		{
			"ingre_name": "설탕",
			"ingre_count": "1",
			"ingre_unit": "T"
		}
	],
	"recipe": [
		"1. 닭다리살을 해동 합니다. 껍질이 너무 많은건 벗겨 내시구요~ 다리살도 너무 크니까 적당하게 잘라 주세요.",
		"2. 소금은 따로 하지 마세요. 간장 양념으로 할거니까 후추가루 약간 뿌려서 재운 뒤, 전분가루를 고루 묻혀 주세요~",
		"3. 저수분 냄비(암웨이 퀸쿡)에 식용유를 약간만(0.5센티 정도~올라오게) 두르세요. 전분가루 입힌 닭다리살을 넣어 주세요. 찬기름에 넣는 것입니다!!! 불 미리 키지 마세요. 저수분 냄비가 아닌 일반 냄비라면 기름을 뜨겁게 달군뒤에 튀겨주거나 지져 주면 됩니다~",
		"4. 뚜껑 덮어 중약불로 가스불을 켜주세요. 약 7~8분 뒤면 뚜껑이 덜그덕 거리면서 수봉현상이 일어 납니다. 뚜껑 열어 보면 요정도 상태까지 튀겨져 있을 꺼예요~ 뚜껑을 닫고 튀겨서 속은 거의 익었습니다. 나머지는 뚜껑 열고 뒤집어서 골고루 튀겨 주세요~ 저수분 냄비에는 요렇게 적은양의 기름으로도 튀겨내실수 있는 장점이 있습니다.",
		"5. 골고루 잘 튀겨 주세요.",
		"6. 간장 2큰술 + 꿀 1큰술 + 설탕 1큰술 넣어 소스를 만들어주세요.",
		"7. 기름을 따라내고 간장양념을 부어서 골고루 조려 주세요. 2~3분이면 족합니다."
	],
	"recipe_img": [
		"https://recipe1.ezmember.co.kr/cache/recipe/2015/08/18/96e65caaed1d85d051934b3d05bca0361.jpg",
		"https://recipe1.ezmember.co.kr/cache/recipe/2015/08/18/b07a4d4ad7194330286ab4189bddc5a51.jpg",
		"https://recipe1.ezmember.co.kr/cache/recipe/2015/08/18/8b9c6e2dbefe90e1ec00722d75341be01.jpg",
		"https://recipe1.ezmember.co.kr/cache/recipe/2015/08/18/2e97cfddfde35f76f50bd105e23092d81.jpg",
		"https://recipe1.ezmember.co.kr/cache/recipe/2015/08/18/1d7eb82c65f8e9e1db0ac1864dcbef881.jpg",
		"https://recipe1.ezmember.co.kr/cache/recipe/2015/08/18/a9cf694b3a28c7876d32bf6c678536741.jpg",
		"https://recipe1.ezmember.co.kr/cache/recipe/2015/08/18/cbfc475edf337e74cb9a6827ae0c39301.jpg"
	],
	"tag": [
		"간식, 닭고기, 디저트, 튀김"
	]
}