{
	"id": "1808833",
	"name": "브로콜리 두부쉐이크",
	"thumbnail": "https://recipe1.ezmember.co.kr/cache/recipe/2015/08/25/c253fa66cd174179bf4468954c0f24fc.jpg",
	"url": "https://www.10000recipe.com/recipe/1808833",
	"ingredient_ids": [
		8164,
		8548,
		8158,
		8221
	],
	"time": "5",
	"ingre_list": [
		{
			"ingre_name": "두유",
			"ingre_count": "180",
			"ingre_unit": "ml"
		},
		{
			"ingre_name": "브로콜리",
			"ingre_count": "3~4송이",
			"ingre_unit": "송이"
		},
		{
			"ingre_name": "두부",
			"ingre_count": "100",
			"ingre_unit": "g"
		},
		{
			"ingre_name": "아몬드",
			"ingre_count": "5",
			"ingre_unit": "알"
		}
	],
	"sauce_list": [],
	"recipe": [
		"1. 두부와 데친 브로콜리를 준비해주세요.",
		"2. 두유와 위 재료 그리고 아몬드를 넣어 줍니다. (아몬드 넣어주면 고소하니 맛있어용) 취향에따라 꿀을 넣으셔도 괜찮지만 두유 자체가 달아서 꿀을 넣지 않아도 좋아요.",
		"3. 윙윙 갈아주면 끝. 두부와두유가 섞여 구수하니 맛있구요. 여기에 좋은 브로콜리가 들어가 비타민도 듬뿍 아침식사 안하시는분께 든든한 음료 추천하고 싶네요."
	],
	"recipe_img": [
		"https://recipe1.ezmember.co.kr/cache/recipe/2015/08/25/2ad498db1d04ce5bbb2d56ace1e643b91.jpg",
		"https://recipe1.ezmember.co.kr/cache/recipe/2015/08/25/d1c1f8409212dd792b04413efbb65f441.jpg",
		"https://recipe1.ezmember.co.kr/cache/recipe/2015/08/25/5d304993f668a4776f1e69ddc50ee016.jpg"
	],
	"tag": [
		"두부, 브로콜리, 쉐이크, 영양식, 차+음료+술, 콩+견과류"
	]
}