{
	"id": "1816897",
	"name": "큐티 동물모양쿠키",
	"thumbnail": "https://recipe1.ezmember.co.kr/cache/recipe/2015/10/21/84faffaa9afa0418e3dc2093a0b195a5.jpg",
	"url": "https://www.10000recipe.com/recipe/1816897",
	"ingredient_ids": [
		9457,
		51687,
		51699
	],
	"time": "60",
	"ingre_list": [
		{
			"ingre_name": "계란",
			"ingre_count": "1",
			"ingre_unit": "개"
		},
		{
			"ingre_name": "박력분",
			"ingre_count": "220",
			"ingre_unit": "g"
		},
		{
			"ingre_name": "베이킹파우더",
			"ingre_count": "1/2",
			"ingre_unit": "Ts"
		}
	],
	"sauce_list": [
		{
			"ingre_name": "버터",
			"ingre_count": "70",
			"ingre_unit": "g"
		},
		{
			"ingre_name": "설탕",
			"ingre_count": "70",
			"ingre_unit": "g"
		}
	],
	"recipe": [
		"1. 실온에 꺼내 두어 말랑해진 버터를 거품기로 풀어주구요.",
		"2. 오늘은 색과 맛이 더 좋으라고 흑설탕을 써주었어요.",
		"3. 조금씩 나눠 넣으면서 크림화 해 주시구요.",
		"4. 거기에 계란을 넣고 잘 풀어주세요.",
		"5. 계량해서 체친 밀가루와 베이킹파우더와 함께 모두 섞어주세요.",
		"6. 주걱으로 자르듯이 그렇게 섞어주세요. 계속 섞다보면 뭉쳐지기 시작하는데 그럼 손으로 꾹꾹 뭉쳐서 한덩어리로 만들어 주시면 되요.",
		"7. 그리고는 밀대로 얇게 밀어서 쿠키틀로 쿡 귀여운 동물들 얼굴도 찍어주구요. 과정샷은 못 찍었는데 로고스탬프도 찍어주었어요.",
		"8. 이제 180도(광파는 160도) 오븐에서 13분간 구워요.오븐"
	],
	"recipe_img": [
		"https://recipe1.ezmember.co.kr/cache/recipe/2015/10/22/920a7c7d64dbcbdef2f57c50ad1d44d91.jpg",
		"https://recipe1.ezmember.co.kr/cache/recipe/2015/10/22/bf0cb276e32a690a907a456e29cfd4651.jpg",
		"https://recipe1.ezmember.co.kr/cache/recipe/2015/10/22/512af7627fcddc9462ebee14e4afaaa01.jpg",
		"https://recipe1.ezmember.co.kr/cache/recipe/2015/10/22/ceb0308d0ded15047bb16fab3572a3311.jpg",
		"https://recipe1.ezmember.co.kr/cache/recipe/2015/10/22/a18e9cc8d06537c41db94b1fcd8b98b11.jpg",
		"https://recipe1.ezmember.co.kr/cache/recipe/2015/10/22/5930a4844e041fbcc7a478d3eb8b82e21.jpg",
		"https://recipe1.ezmember.co.kr/cache/recipe/2015/10/22/dc09c5e086d2489e5fb69574d60b051b1.jpg",
		"https://recipe1.ezmember.co.kr/cache/recipe/2015/10/22/380787f819d779f88f13fb3c7c4c2ffc1.jpg"
	],
	"tag": [
		"간식, 밀가루, 쿠키"
	]
}