{
	"id": "1819615",
	"name": "초코 쉬폰 케이크",
	"thumbnail": "https://recipe1.ezmember.co.kr/cache/recipe/2015/08/19/93a43d9155ac662b07498acf1eb2183f.jpg",
	"url": "https://www.10000recipe.com/recipe/1819615",
	"ingredient_ids": [
		51687,
		51766,
		51699,
		9456,
		51684,
		8084,
		51718
	],
	"time": "90",
	"ingre_list": [
		{
			"ingre_name": "박력분",
			"ingre_count": "65",
			"ingre_unit": "g"
		},
		{
			"ingre_name": "코코아가루",
			"ingre_count": "20",
			"ingre_unit": "g"
		},
		{
			"ingre_name": "베이킹파우더",
			"ingre_count": "1/3",
			"ingre_unit": "작은술"
		},
		{
			"ingre_name": "달걀",
			"ingre_count": "3",
			"ingre_unit": "개"
		},
		{
			"ingre_name": "식용유",
			"ingre_count": "45",
			"ingre_unit": "g"
		},
		{
			"ingre_name": "설탕",
			"ingre_count": "80",
			"ingre_unit": "g"
		},
		{
			"ingre_name": "따뜻한물",
			"ingre_count": "3",
			"ingre_unit": "T"
		}
	],
	"sauce_list": [],
	"recipe": [
		"1. 달걀 노른자를 핸드믹서의 가장 센 단계에서 10초간 풀어준 다음 따뜻한 물 3큰술과 설탕 40g을 천천히 넣어가며 3분간 휘핑해주세요.",
		"2. 식용유를 조금씩 넣어가며 휘핑해주세요. 반드시 식용유는 천천히 넣으셔야 해요. 한 번에 많은 양을 넣으면 식용유의 무게 때문에 거품이 꺼진답니다.",
		"3. 핸드믹서를 들어올려 달걀 노른자 거품을 떨어뜨려 봤을 때 자국이 남을 정도로 휘핑해주세요.",
		"4. 달걀 흰자를 거품기의 가장 센 단계에서 1분간 휘핑한 다음 설탕 40g을 천천히 넣어가며 머랭을 만들어 주세요.",
		"5. 거품에 윤기가 생기고 핸드믹서를 들어올렸을 때 부리끝이 빳빳해질 정도로 단단한 머랭을 만들어 주세요.",
		"6. 달걀 노른자 거품에 세 번 체에 내린 박력분과 코코아 가루, 베이킹 파우더와 머랭을 1/3씩 넣고 섞어주세요.",
		"7. 물 스프레이를 해둔 쉬폰팬에 반죽을 붓고 바닥에 3~4번 가볍게 내려쳐 기포를 빼준 다음, 170도로 예열한 오븐에서 40분간 구워주세요.오븐",
		"8. 오븐에서 꺼낸 쉬폰 케이크를 뒤집은 채로 약 1시간 동안 식혀주세요.",
		"9. 그냥 먹으려고 했는데 롤케이크 만들 때 쓴 생크림이 조금 남아있어 생크림 처치도 할 겸 초코크림을 곁들였어요. 얼른 먹고 싶어서 휘핑도 대충 아이싱도 대충 사진도 대충찍은 초코 쉬폰 케이크랍니다."
	],
	"recipe_img": [
		"https://recipe1.ezmember.co.kr/cache/recipe/2015/08/19/6d0fcf3956f47302ba5bd5ef6e3cac061.jpg",
		"https://recipe1.ezmember.co.kr/cache/recipe/2015/08/19/eecf3cfe082c93b8be3de4c1b99e13f41.jpg",
		"https://recipe1.ezmember.co.kr/cache/recipe/2015/08/19/cbda604d1e251d20c9ad29a5b22ef2171.jpg",
		"https://recipe1.ezmember.co.kr/cache/recipe/2015/08/19/47ae0849f7ff4550242e11aa9f84b82b1.jpg",
		"https://recipe1.ezmember.co.kr/cache/recipe/2015/08/19/359db90b16a8cc956e4de1f879525ddb1.jpg",
		"https://recipe1.ezmember.co.kr/cache/recipe/2015/08/19/052f35f3961b644e555110b20e3b37471.jpg",
		"https://recipe1.ezmember.co.kr/cache/recipe/2015/08/19/c9a316b695821681f5f43e92ecabeef91.jpg",
		"https://recipe1.ezmember.co.kr/cache/recipe/2015/08/19/b2021f6cbe9284a08cc8cb2a235986f91.jpg",
		"https://recipe1.ezmember.co.kr/cache/recipe/2015/08/19/e53f0a8b31805f5ea1c0ae8ffa666f58.jpg"
	],
	"tag": [
		"간식, 굽기, 밀가루, 케이크"
	]
}