{
	"id": "1830585",
	"name": "부드러운 레몬 머핀",
	"thumbnail": "https://recipe1.ezmember.co.kr/cache/recipe/2015/06/08/32c7640725ed5526e5d8e592393acaa4.jpg",
	"url": "https://www.10000recipe.com/recipe/1830585",
	"ingredient_ids": [
		10267,
		51687,
		51699,
		8084,
		51750,
		10230
	],
	"time": "60",
	"ingre_list": [
		{
			"ingre_name": "버터",
			"ingre_count": "100",
			"ingre_unit": "g"
		},
		{
			"ingre_name": "박력분",
			"ingre_count": "180",
			"ingre_unit": "g"
		},
		{
			"ingre_name": "베이킹파우더",
			"ingre_count": "2",
			"ingre_unit": "Ts"
		},
		{
			"ingre_name": "설탕",
			"ingre_count": "80",
			"ingre_unit": "g"
		},
		{
			"ingre_name": "계란노른자",
			"ingre_count": "3",
			"ingre_unit": "개"
		},
		{
			"ingre_name": "우유",
			"ingre_count": "100",
			"ingre_unit": "ml"
		}
	],
	"sauce_list": [],
	"recipe": [
		"1. 레몬은 소금으로 박박 문지르고, 베이킹소다를 이용해 한번 더 박박 문질러 헹군다. 적당한 굵기로 슬라이스 친 후 물, 레몬, 설탕을 넣고 졸인다. 물의 양이 반으로 줄면 불을 끈다.",
		"2. 실온에 두었던 버터를 마요네즈화 한 후, 분량의 설탕을 3차례정도 나눠 넣어가며 부드럽게 풀어준다. 설탕의 서걱거림이 줄어들 때까지 최대한 팍팍 풀어준다. 그래야 부드러운 머핀을 만날 수 있다.",
		"3. 계란 노른자 하나씩을 넣어가며 부드럽게 풀어준다. 흰자는 볼에 담아 냉장실에 잠시 넣어둔다.",
		"4. 2번 체친 베이킹파우더, 박력분을 1/2만 버터에 넣어 가르듯이 섞어준다.",
		"5. 날가루가 어느정도 사라지면 끓여놓은 레몬액을 넣고 살살 섞어준 후 우유도 함께 넣어 부드럽게 섞어준다. 레몬졸임의 액만 넣고 레몬덩어리는 나중에 데코로 사용한다. 나머지 가루류 1/2도 넣어 부드럽게 섞는다.",
		"6. 냉장고에 넣어 두었던 계란흰자 3개를 거품기를 이용해 풀어준다. 처음에 해두었다 냉장고에 보관 후 꺼내어 사용해도 좋다. 제노와즈처럼 할 필요는 없다. 미색이 돌 정도로만 풀어준다.",
		"7. 만들어둔 반죽과 조심스럽게 섞는다. 크게 원을 그려가며 한번씩 퍼올리고 안쪽에서 작은 원을 그려가며 한번씩 퍼올리는 것을 반복한다.",
		"8. 완성된 반죽은 70~80% 팬닝 후 레몬즙 만들때 사용했던 레몬을 올린다.",
		"9. 예열된 170도 오븐에서 20분간 구워낸다. 완성 후 슈가파우더 뿌려 마무리~오븐"
	],
	"recipe_img": [
		"https://recipe1.ezmember.co.kr/cache/recipe/2015/08/31/59196ad6766db51be17a361b11825d881.jpg",
		"https://recipe1.ezmember.co.kr/cache/recipe/2015/08/31/6ea3736bd7c3e24f908dfa0d6c6059071.jpg",
		"https://recipe1.ezmember.co.kr/cache/recipe/2015/08/31/ec3588f0b294891bcd80df57906d8b481.jpg",
		"https://recipe1.ezmember.co.kr/cache/recipe/2015/08/31/1190446f022a9f6575263866536310dc1.jpg",
		"https://recipe1.ezmember.co.kr/cache/recipe/2015/08/31/bedd8d4ba6c976b77eca8ff109db6c9e1.jpg",
		"https://recipe1.ezmember.co.kr/cache/recipe/2015/08/31/d0cbe26f629962c899ca35a28c492c251.jpg",
		"https://recipe1.ezmember.co.kr/cache/recipe/2015/08/31/db9e22b78e17c6ad0468505ba138b3441.jpg",
		"https://recipe1.ezmember.co.kr/cache/recipe/2015/08/31/fcec54150b673cfb87d23542a361b0121.jpg",
		"https://recipe1.ezmember.co.kr/cache/recipe/2015/08/31/5d160d187d0bbc4390db9a3b2000ed5c1.jpg"
	],
	"tag": [
		"머핀, 밀가루"
	]
}