{
	"id": "1832296",
	"name": "블루베리 통밀머핀",
	"thumbnail": "https://recipe1.ezmember.co.kr/cache/recipe/2015/09/02/d716c080d2cee9fe16ceaad1926ce7b1.jpg",
	"url": "https://www.10000recipe.com/recipe/1832296",
	"ingredient_ids": [
		10267,
		9457,
		51687,
		7817,
		51699,
		10230,
		44006,
		8084
	],
	"time": "30",
	"ingre_list": [
		{
			"ingre_name": "버터",
			"ingre_count": "60",
			"ingre_unit": "g"
		},
		{
			"ingre_name": "계란",
			"ingre_count": "1",
			"ingre_unit": "개"
		},
		{
			"ingre_name": "박력분",
			"ingre_count": "60",
			"ingre_unit": "g"
		},
		{
			"ingre_name": "통밀가루",
			"ingre_count": "60",
			"ingre_unit": "g"
		},
		{
			"ingre_name": "베이킹파우더",
			"ingre_count": "1",
			"ingre_unit": "작은술"
		},
		{
			"ingre_name": "우유",
			"ingre_count": "2",
			"ingre_unit": "T"
		},
		{
			"ingre_name": "블루베리",
			"ingre_count": "100",
			"ingre_unit": "g"
		},
		{
			"ingre_name": "설탕",
			"ingre_count": "60",
			"ingre_unit": "g"
		}
	],
	"sauce_list": [],
	"recipe": [
		"1. 실온의 말랑한 버터를 부드럽게 풀어주고 설탕을 섞어 주세요. 미리 풀어 놓은 계란을 조금씩 섞어 주세요.",
		"2. 체에 내린 가루류를 넣고 섞어 주세요. 가루가 안 보일 때쯤 우유를 넣고 섞어 주세요.",
		"3. 블루베리를 넣고 반죽을 완성해 주세요. 머핀틀에 반죽을 담고 반죽 위에 설탕과 시나몬파우더 섞은 것을 적당히 뿌린 후 190도로 예열한 오븐에서 25~30분 정도 구워 주세요.오븐"
	],
	"recipe_img": [
		"https://recipe1.ezmember.co.kr/cache/recipe/2015/09/02/48133c642b6571707fe671cde3399b561.jpg",
		"https://recipe1.ezmember.co.kr/cache/recipe/2015/09/02/1f4b255f4490d77f2dd3da18829018df1.jpg",
		"https://recipe1.ezmember.co.kr/cache/recipe/2015/09/02/b65b87a46056d582336f0989af839a6c1.jpg"
	],
	"tag": [
		"곡류, 머핀"
	]
}