{
	"id": "1846356",
	"name": "밥도둑 버섯조림 ",
	"thumbnail": "https://recipe1.ezmember.co.kr/cache/recipe/2015/08/14/1c603f3683d43488a9636746333e13bd.jpg",
	"url": "https://www.10000recipe.com/recipe/1846356",
	"ingredient_ids": [
		8899
	],
	"time": "30",
	"ingre_list": [
		{
			"ingre_name": "송이버섯",
			"ingre_count": "",
			"ingre_unit": ""
		}
	],
	"sauce_list": [
		{
			"ingre_name": "간장",
			"ingre_count": "1",
			"ingre_unit": ""
		},
		{
			"ingre_name": "물",
			"ingre_count": "2",
			"ingre_unit": ""
		},
		{
			"ingre_name": "올리고당",
			"ingre_count": "1/2",
			"ingre_unit": "T"
		},
		{
			"ingre_name": "후추",
			"ingre_count": "",
			"ingre_unit": "약간"
		},
		{
			"ingre_name": "참기름",
			"ingre_count": "1/2",
			"ingre_unit": "T"
		}
	],
	"recipe": [
		"1. 썰어둔 버섯은 올리브유에 그냥 기름을 묻힌다는 느낌으로 살짝 볶아주세요.",
		"2. 그리고 간장과 물(1:2)로 넣어주세요.",
		"3. 올리고당을 넣어주세요~ 달콤하게 먹으시려면 많이 넣으시면되고 저희집처럼 살짝 느끼게끔 할려고 1/2숟갈정도 넣어주면 되요~",
		"4. 후추 넣고 참기름 1/2숟갈 넣어 마무리하세요."
	],
	"recipe_img": [
		"https://recipe1.ezmember.co.kr/cache/recipe/2015/08/18/65d63fe9d80b4bd92e3020381b000bec1.jpg",
		"https://recipe1.ezmember.co.kr/cache/recipe/2015/08/18/95f53958e27a884af1b17d737dc3227a1.jpg",
		"https://recipe1.ezmember.co.kr/cache/recipe/2015/08/18/47eaa7ab0f3f28f1094e7eaaa0fbaed21.jpg",
		"https://recipe1.ezmember.co.kr/cache/recipe/2015/08/18/3deab984ff51b4bc0d62afd28d5320f01.jpg"
	],
	"tag": [
		"버섯, 버섯류, 버섯조림, 조림"
	]
}