{
	"id": "1852688",
	"name": "오렌지향 가득 두부탕수육",
	"thumbnail": "https://recipe1.ezmember.co.kr/cache/recipe/2015/08/13/03f6b47cdc2f4c2fa94edc1497b896b8.jpg",
	"url": "https://www.10000recipe.com/recipe/1852688",
	"ingredient_ids": [
		8158,
		8676,
		8838,
		51754,
		51752,
		8386,
		21134,
		8051,
		10438
	],
	"time": "60",
	"ingre_list": [
		{
			"ingre_name": "두부",
			"ingre_count": "1/2",
			"ingre_unit": "모"
		},
		{
			"ingre_name": "양파",
			"ingre_count": "1/2",
			"ingre_unit": "개"
		},
		{
			"ingre_name": "피망",
			"ingre_count": "1/4",
			"ingre_unit": "개"
		},
		{
			"ingre_name": "노랑파프리카",
			"ingre_count": "1/2",
			"ingre_unit": "개"
		},
		{
			"ingre_name": "빨강파프리카",
			"ingre_count": "1/2",
			"ingre_unit": "개"
		},
		{
			"ingre_name": "당근",
			"ingre_count": "1/2",
			"ingre_unit": "개"
		},
		{
			"ingre_name": "오렌지",
			"ingre_count": "1/2",
			"ingre_unit": "개"
		},
		{
			"ingre_name": "쌀가루",
			"ingre_count": "70",
			"ingre_unit": "g"
		},
		{
			"ingre_name": "소금",
			"ingre_count": "",
			"ingre_unit": "약간"
		}
	],
	"sauce_list": [
		{
			"ingre_name": "녹말",
			"ingre_count": "3",
			"ingre_unit": "T"
		},
		{
			"ingre_name": "설탕",
			"ingre_count": "5",
			"ingre_unit": "T"
		},
		{
			"ingre_name": "식초",
			"ingre_count": "3",
			"ingre_unit": "T"
		},
		{
			"ingre_name": "오렌지주스",
			"ingre_count": "7",
			"ingre_unit": "T"
		},
		{
			"ingre_name": "간장",
			"ingre_count": "1",
			"ingre_unit": "T"
		},
		{
			"ingre_name": "물",
			"ingre_count": "1",
			"ingre_unit": "cup"
		}
	],
	"recipe": [
		"1. 두부는 정사각형으로 (1-2cm) 잘라서 소금을 뿌려주세요. 두부의 수분을 살짝 빼주기 위해서 소금을 뿌려주는 거랍니다.",
		"2. 수분이 어느정도 빠졌으면 두부를 쌀가루에 살짝 묻혀주세요.",
		"3. 끓는 기름에 두부를 넣고 노릇노릇해지도록 튀겨주세요.",
		"4. 물한컵과 간장, 설탕, 식초, 오렌지주스를 넣고 살짝 끓여주세요. 끓고 나면 오렌지를 넣어주세요. 썰어 놓은 야채를 넣고 녹말가루에 물을 조금 넣어 녹말물을 만들어 넣어주세요.너무 오랫동안 끓이면 야채들이 숨이 죽어 색이 이쁘게 나오지 않으니 주의하세요.",
		"5. 그릇에 튀겨낸 두부를 담고 소스를 부으면 완성."
	],
	"recipe_img": [
		"https://recipe1.ezmember.co.kr/cache/recipe/2015/08/18/0943dbb8386d1df357fe1c221562f88d1.jpg",
		"https://recipe1.ezmember.co.kr/cache/recipe/2015/08/18/bfafac217bd65ce574caf1bacda32ba51.jpg",
		"https://recipe1.ezmember.co.kr/cache/recipe/2015/08/18/f6d917311ddd61efe2f96aba034f8d0b1.jpg",
		"https://recipe1.ezmember.co.kr/cache/recipe/2015/08/18/e96f1073a8419304a5171dee894945fb1.jpg",
		"https://recipe1.ezmember.co.kr/cache/recipe/2015/08/18/d4fa17934cde8af7a7fbadc1791004391.jpg"
	],
	"tag": [
		"간식, 두부, 메인반찬, 콩+견과류, 탕수육"
	]
}