{
	"id": "1852340",
	"name": "홈메이드 모카번",
	"thumbnail": "https://recipe1.ezmember.co.kr/cache/recipe/2015/08/19/6995f2ba8a2efead666e16c843c92d39.jpg",
	"url": "https://www.10000recipe.com/recipe/1852340",
	"ingredient_ids": [],
	"time": "2이상",
	"ingre_list": [],
	"sauce_list": [],
	"recipe": [
		"1. 물, 우유, 달걀 -> 강력분, 박력분 -> 3개의 홈에 인스턴트 드라이 이스트, 설탕, 소금을 넣고 반죽해주세요. 손반죽을 할때도 마찬가지로 3개의 홈을 파서 재료를 넣고 반죽해주시면 되요. 반죽이 한덩어리가 되면 버터를 넣고 마저 반죽해주세요. 따뜻한 곳(35℃-45℃)에서 40-50분 정도 1차 발효 해주세요.",
		"2. 반죽을 할 동안 충전물을 만들어줍니다. 실온의 말랑 버터를 거품기로 풀어준 다음, 소금을 넣고 잘 섞이게 믹싱해주세요.",
		"3. 커피 비스켓도 만들어서 준비해줍니다. 인스턴트 커피를 소량의 뜨거운 물에 녹여서 준비해주세요.",
		"4. 실온의 말랑 버터를 잘 풀어준 다음, 설탕을 넣고 크림화 해주세요.",
		"5. 풀어둔 달걀을 조금씩 흘려넣으며 믹싱해주세요.",
		"6. 체친 박력분을 넣고 주걱으로 가르듯이 #모양을 그리듯 섞어주세요.",
		"7. 녹여둔 커피 엑기스를 넣고 잘 섞어주면 커피 비스켓 완성. 1회용 비닐 짤 주머니에 담아 냉장실에 보관해주세요.",
		"8. 1차 발효를 마친 반죽은 가스를 빼서 8등분 해주고, 둥글리기 하여 15분 정도 휴지타임을 갖습니다.",
		"9. 휴지타임이 끝난 반죽은 살짝 납작하여 펴준 다음 충전물을 넣어주세요.",
		"10. 만두를 봉하듯, 반죽을 꼭꼭 꼬집어 아물려주세요. 여기서 잘 꼭꼭 꼬집어 주어야 나중에 충전물이 흘러나오지 않아요.",
		"11. 봉해진 부분을 바닥이 가게 놓고, 따뜻한 곳(35℃-45℃)에서 40분 2차 발효 해주세요.",
		"12. 2차 반죽이 완료된 반죽 발효는 시간보다는 반죽의 부품정도로 판단하시면 되는데요. 팬을 좌우로 흔들어보았을때, 반죽이 출렁거리는 정도면 OK.",
		"13. 준비해놓은 커피 비스켓을 빵 반죽 위에 적당량 짜주세요. 190℃로 예열된 오븐에서 10분 정도 구워주세요.오븐",
		"14. 당장 먹을 모카번은 커피와 함께 바구니에 내어오고 두고 먹을 모카번은 식힘망에서 한김 식힌 다음 밀폐용기에 넣어주지요. 바삭바삭 얇으면서도 커피향 그윽한 모카 비스켓. 오븐에서 나왔을때는 바삭바삭한 비스킷이지만, 하루정도 보관하면 촉촉하고 부드러운 비스킷이 되지요. 소금과 어우러진 버터 충전물이 녹아내리면서 부드럽고 짭쪼름한 모카번이 완성되지요."
	],
	"recipe_img": [
		"https://recipe1.ezmember.co.kr/cache/recipe/2015/08/19/3fdef2461bb82dda2c4778fdcf92a48b1.jpg",
		"https://recipe1.ezmember.co.kr/cache/recipe/2015/08/19/34e7cd118df7846f104bc7769dd4851e1.jpg",
		"https://recipe1.ezmember.co.kr/cache/recipe/2015/08/19/0bec66bc4b37afc00cc5229962dd62b01.jpg",
		"https://recipe1.ezmember.co.kr/cache/recipe/2015/08/19/fd7373b24a05cee8020cad9c68c57a2e1.jpg",
		"https://recipe1.ezmember.co.kr/cache/recipe/2015/08/19/70dfee6903af8e9ee90e187d11e219941.jpg",
		"https://recipe1.ezmember.co.kr/cache/recipe/2015/08/19/7dab04c748832dadc008c342cc4921941.jpg",
		"https://recipe1.ezmember.co.kr/cache/recipe/2015/08/19/b5355c15aa32afd504992feaafddc8641.jpg",
		"https://recipe1.ezmember.co.kr/cache/recipe/2015/08/19/d8b661f23c56c26691e1e84abae1ba761.jpg",
		"https://recipe1.ezmember.co.kr/cache/recipe/2015/08/19/9a63d3a5af243c11582ae680dec068231.jpg",
		"https://recipe1.ezmember.co.kr/cache/recipe/2015/08/19/41134ba8aff72f4796e50cfabe9a2ad21.jpg",
		"https://recipe1.ezmember.co.kr/cache/recipe/2015/08/19/a7de28d8e36126273e14ef9898eb821e1.jpg",
		"https://recipe1.ezmember.co.kr/cache/recipe/2015/08/19/f929888b49209b3c8e6007d8b054ebe91.jpg",
		"https://recipe1.ezmember.co.kr/cache/recipe/2015/08/19/065b04fe1f061d15dedd3bd67b6693211.jpg",
		"https://recipe1.ezmember.co.kr/cache/recipe/2015/08/19/4f0bd0d76e6808c7b64c4101418f92781.jpg"
	],
	"tag": [
		"굽기, 밀가루"
	]
}