{
	"id": "1872510",
	"name": "달걀죽",
	"thumbnail": "https://recipe1.ezmember.co.kr/cache/recipe/2015/08/25/6d1534f2aac5bf5b70dca923cfb60411.jpg",
	"url": "https://www.10000recipe.com/recipe/1872510",
	"ingredient_ids": [
		51685,
		51764,
		8676,
		8820,
		51722,
		9456
	],
	"time": "30",
	"ingre_list": [
		{
			"ingre_name": "밥",
			"ingre_count": "1/2",
			"ingre_unit": "공기"
		},
		{
			"ingre_name": "멸치육수",
			"ingre_count": "3",
			"ingre_unit": "cup"
		},
		{
			"ingre_name": "양파",
			"ingre_count": "",
			"ingre_unit": ""
		},
		{
			"ingre_name": "파",
			"ingre_count": "",
			"ingre_unit": ""
		},
		{
			"ingre_name": "김가루",
			"ingre_count": "",
			"ingre_unit": ""
		},
		{
			"ingre_name": "달걀",
			"ingre_count": "1~1/2개",
			"ingre_unit": "개"
		}
	],
	"sauce_list": [
		{
			"ingre_name": "소금",
			"ingre_count": "",
			"ingre_unit": "약간"
		},
		{
			"ingre_name": "참기름",
			"ingre_count": "",
			"ingre_unit": ""
		}
	],
	"recipe": [
		"1. 양파는 다져 준비 해주시구요.",
		"2. 달군 냄비에 참기름을 둘러 양파를 볶아주세요.",
		"3. 볶은 양파에 밥을 넣어 한번더 볶아줍니다.",
		"4. 여기에 육수를 부워 끓여주세요.",
		"5. 끓기 시작하면 저어주시면서 끓여주시다가 밥알이 퍼지면 달걀을 풀어 넣어 바로 휘익휘익 저어주세요.",
		"6. 그리고 소금, 참기름 취향것 간 하시구요 파도 넣어 주시면 끝!"
	],
	"recipe_img": [
		"https://recipe1.ezmember.co.kr/cache/recipe/2015/08/25/f2e9d4fe85040c402bbf6aeb043e47e01.jpg",
		"https://recipe1.ezmember.co.kr/cache/recipe/2015/08/25/98bf450c6388df6412a78c99938429c81.jpg",
		"https://recipe1.ezmember.co.kr/cache/recipe/2015/08/25/695d480a0f4011481f89d78f5206ed411.jpg",
		"https://recipe1.ezmember.co.kr/cache/recipe/2015/08/25/a4a476c87d01fe12288b36efa1335fc01.jpg",
		"https://recipe1.ezmember.co.kr/cache/recipe/2015/08/25/7b9ebc2f1c81e207ad3e2e1a392ae6991.jpg",
		"https://recipe1.ezmember.co.kr/cache/recipe/2015/08/25/66bd1611d0101df6edf5246d4538de211.jpg"
	],
	"tag": [
		"계란, 달걀+유제품, 달걀, 에그, 죽"
	]
}