{
	"id": "1883916",
	"name": "초코 파운드케이크",
	"thumbnail": "https://recipe1.ezmember.co.kr/cache/recipe/2015/08/19/abf7629aa0b67a3b6908786d8ab68e71.jpg",
	"url": "https://www.10000recipe.com/recipe/1883916",
	"ingredient_ids": [
		51687,
		51766,
		8084,
		10267,
		9456,
		51699
	],
	"time": "60",
	"ingre_list": [
		{
			"ingre_name": "박력분",
			"ingre_count": "160",
			"ingre_unit": "g"
		},
		{
			"ingre_name": "코코아가루",
			"ingre_count": "15",
			"ingre_unit": "g"
		},
		{
			"ingre_name": "설탕",
			"ingre_count": "120",
			"ingre_unit": "g"
		},
		{
			"ingre_name": "버터",
			"ingre_count": "120",
			"ingre_unit": "g"
		},
		{
			"ingre_name": "달걀",
			"ingre_count": "2",
			"ingre_unit": "개"
		},
		{
			"ingre_name": "베이킹파우더",
			"ingre_count": "1",
			"ingre_unit": "작은술"
		}
	],
	"sauce_list": [
		{
			"ingre_name": "가나슈",
			"ingre_count": "",
			"ingre_unit": ""
		},
		{
			"ingre_name": "초코청크",
			"ingre_count": "",
			"ingre_unit": ""
		},
		{
			"ingre_name": "하겔슈가",
			"ingre_count": "",
			"ingre_unit": ""
		}
	],
	"recipe": [
		"1. 실온에 둔 버터를 부드럽게 푼 다음 설탕을 조금씩 넣어가며 녹여주세요.",
		"2. 버터와 달걀이 분리되지 않도록 달걀을 조금씩 넣어가며 거품기로 섞어주세요.",
		"3. 세 번 체에 내린 박력분과 코코아 가루, 베이킹파우더를 넣고 가볍게 섞어주세요.",
		"4. 팬에 반죽을 양끝은 높게 가운데 부분은 오목하게 담고 180도로 예열한 오븐에서 40~45분간 구워주세요.오븐",
		"5. 그냥 파운드케이크는 좀 심심한 것 같아 가나슈로 아이싱하고 초코 청크랑 하겔슈가를 좀 뿌려봤어요. 저처럼 가냐슈 아이싱을 하실 경우에는 설탕을 20g 정도 줄여주시면 좋을 것 같습니다."
	],
	"recipe_img": [
		"https://recipe1.ezmember.co.kr/cache/recipe/2015/08/19/459efdbee4050d4e0db2c1f79cbddabf1.jpg",
		"https://recipe1.ezmember.co.kr/cache/recipe/2015/08/19/96b8a3024d5d09c894e70f9a16bb11391.jpg",
		"https://recipe1.ezmember.co.kr/cache/recipe/2015/08/19/c21716034d5fbc4c546fa140ecf256f61.jpg",
		"https://recipe1.ezmember.co.kr/cache/recipe/2015/08/19/690c77ae6c45d13a8ea1798bd880a3381.jpg",
		"https://recipe1.ezmember.co.kr/cache/recipe/2015/08/19/2b5baffb68586318294908f143e368eb.jpg"
	],
	"tag": [
		"간식, 곡류, 굽기, 케이크, 파운드케이크"
	]
}