{
	"id": "1893543",
	"name": "크림치즈 빵",
	"thumbnail": "https://recipe1.ezmember.co.kr/cache/recipe/2015/08/20/d5e51edf146a084c6034adbac94620f1.jpg",
	"url": "https://www.10000recipe.com/recipe/1893543",
	"ingredient_ids": [
		51742,
		51743,
		8084,
		10438,
		51792,
		9456,
		10230,
		10267,
		10240
	],
	"time": "2이상",
	"ingre_list": [
		{
			"ingre_name": "강력분",
			"ingre_count": "400",
			"ingre_unit": "g"
		},
		{
			"ingre_name": "중력분",
			"ingre_count": "100",
			"ingre_unit": "g"
		},
		{
			"ingre_name": "설탕",
			"ingre_count": "65",
			"ingre_unit": "g"
		},
		{
			"ingre_name": "소금",
			"ingre_count": "2",
			"ingre_unit": "작은술"
		},
		{
			"ingre_name": "인스턴트드라이이스트",
			"ingre_count": "2",
			"ingre_unit": "작은술"
		},
		{
			"ingre_name": "달걀",
			"ingre_count": "1",
			"ingre_unit": "개"
		},
		{
			"ingre_name": "우유",
			"ingre_count": "250",
			"ingre_unit": "ml"
		},
		{
			"ingre_name": "버터",
			"ingre_count": "30",
			"ingre_unit": "g"
		},
		{
			"ingre_name": "크림치즈",
			"ingre_count": "200",
			"ingre_unit": "g"
		}
	],
	"sauce_list": [],
	"recipe": [
		"1. 우유, 달걀 -> 강력분, 중력분 -> 3개의 홈에 인스턴트 드라이 이스트, 설탕, 소금을 넣고 반죽해주세요. 손반죽을 할때도 마찬가지로 3개의 홈을 파서 재료를 넣고 반죽해주시면 돼요.",
		"2. 반죽이 한덩어리가 되면 버터를 넣고 마저 반죽해주세요. 따뜻한 곳(35℃-45℃)에서 40-50분 정도 1차 발효 해주세요.",
		"3. 1차 발효를 마친 반죽은 가스를 빼서 6등분 해주고, 둥글리기 하여 15분 정도 휴지타임을 갖습니다.",
		"4. 휴지타임이 끝난 반죽을 밀대로 밀어주세요. 링 모양을 만들거라서, 길게 밀어주시면 좋습니다.",
		"5. 크림치즈를 테두리 부분을 제외하고 얇게 펴발라주세요.",
		"6. 반죽을 아래에서부터 돌돌 말아 긴 막대기 형태로 만들어주세요. 이음새는 손으로 반죽을 꼭꼭 꼬집어주세요.",
		"7. 반죽을 연결해 링 모양을 만들어주시고, 마찬가지로 반죽을 꼭꼭 꼬집어주세요. 발효빵은 반죽을 성형할때 꼭꼭 꼬집어주는걸 잘하셔야해요. 대충대충 꼬집었다가는 오븐에서 구워지는 동안 반죽이 터질수도 있답니다.",
		"8. 6개의 가위집을 내주세요. 발효빵은 가위집을 과감하게 해주셔야 한답니다~ 그래야 나중에 발효되고 구워졌을때 모양이 이쁘게 나와요.",
		"9. 따뜻한 곳(35-45℃)에서 45분 정도 2차 발효를 해주세요. 190℃로 예열된 오븐에서 13분-15분 정도 구워주세요. 윗면이 어느정도 색이나면 호일 등으로 살짝 덮어주세요. 오븐에서 구워진 크림치즈 빵은 나오자마자 윗면에 녹인 버터를 발라주세요. 빵의 풍미가 살아날 뿐만 아니라, 버터가 스며 들어가 빵도 훨씬 부드러워지고 수분이 날아가는걸 방지해주는 역할도 한답니다.오븐"
	],
	"recipe_img": [
		"https://recipe1.ezmember.co.kr/cache/recipe/2015/08/20/5c8109128757e4e7e68ee3168c60fb411.jpg",
		"https://recipe1.ezmember.co.kr/cache/recipe/2015/08/20/64c0d9f3309f94ea60d9b3ace42e45191.jpg",
		"https://recipe1.ezmember.co.kr/cache/recipe/2015/08/20/797b4d0d9546334d6202e5751592de5a1.jpg",
		"https://recipe1.ezmember.co.kr/cache/recipe/2015/08/20/26a8f47fbc3030cf326be2c400a32a021.jpg",
		"https://recipe1.ezmember.co.kr/cache/recipe/2015/08/20/3b7a367977ee79038d5b9f8863ca66da1.jpg",
		"https://recipe1.ezmember.co.kr/cache/recipe/2015/08/20/efcb95ef2754be25988f7dc1944aac461.jpg",
		"https://recipe1.ezmember.co.kr/cache/recipe/2015/08/20/fcaf36fec8d3e3f4399c0b1cd87616d01.jpg",
		"https://recipe1.ezmember.co.kr/cache/recipe/2015/08/20/18cf9e66b1b6fc4d30a7455016f38efd1.jpg",
		"https://recipe1.ezmember.co.kr/cache/recipe/2015/08/20/11e320523ba57e09e001a5db6b8ca2011.jpg"
	],
	"tag": [
		"밀가루, 브레드, 빵"
	]
}