{
	"id": "1894779",
	"name": "크림치즈 머핀",
	"thumbnail": "https://recipe1.ezmember.co.kr/cache/recipe/2015/06/08/2777a3a3a27c06a0b70addfa85aab42e.jpg",
	"url": "https://www.10000recipe.com/recipe/1894779",
	"ingredient_ids": [
		10267,
		10240,
		9457,
		51687,
		51699,
		8084,
		10438
	],
	"time": "60",
	"ingre_list": [
		{
			"ingre_name": "버터",
			"ingre_count": "100",
			"ingre_unit": "g"
		},
		{
			"ingre_name": "크림치즈",
			"ingre_count": "190",
			"ingre_unit": "g"
		},
		{
			"ingre_name": "계란",
			"ingre_count": "3",
			"ingre_unit": "개"
		},
		{
			"ingre_name": "박력분",
			"ingre_count": "200",
			"ingre_unit": "g"
		},
		{
			"ingre_name": "베이킹파우더",
			"ingre_count": "3",
			"ingre_unit": "g"
		},
		{
			"ingre_name": "설탕",
			"ingre_count": "170",
			"ingre_unit": "g"
		},
		{
			"ingre_name": "소금",
			"ingre_count": "1",
			"ingre_unit": "꼬집"
		}
	],
	"sauce_list": [],
	"recipe": [
		"1. 실온의 말랑 버터와 크림치즈를 한 볼에 넣고 거품기로 풀어준 다음 설탕, 소금을 3번에 나누어 넣으며 크림화 해주세요.",
		"2. 어느정도 설탕의 서걱거림이 잦아들면, 계란 노른자를 1개씩 넣고 섞어주세요. 나머지 계란 흰자도 3번에 나누어 넣으며 섞어주세요.",
		"3. 체친 박력분, 베이킹 파우더를 넣고 주걱을 세워 가르듯이 #모양을 그리며 섞어주세요.",
		"4. 잘 섞인 반죽을 유산지를 깔아 준비한 틀에 70%정도 담아주세요.",
		"5. 170℃로 예열된 오븐에서 20-25분 정도 구워주세요. 오븐마다 사양이 다르니 꼬지 테스트 후 꺼내어주세요. 이쑤시개 등으로 찔러 아무것도 묻어나오지 않으면 완성입니다!오븐"
	],
	"recipe_img": [
		"https://recipe1.ezmember.co.kr/cache/recipe/2015/08/20/cd0f223dc99b1446d44870ee04608c9c1.jpg",
		"https://recipe1.ezmember.co.kr/cache/recipe/2015/08/20/5ea39e4e521c1b68591b7f2b8405da801.jpg",
		"https://recipe1.ezmember.co.kr/cache/recipe/2015/08/20/ad00867f4e704d06b935e60b85d0ddd71.jpg",
		"https://recipe1.ezmember.co.kr/cache/recipe/2015/08/20/78fd6fdde9d48d5cfe8f4d3955eda0001.jpg",
		"https://recipe1.ezmember.co.kr/cache/recipe/2015/08/20/6f08483ddb4693c825b75052220033341.jpg"
	],
	"tag": [
		"간식, 굽기, 머핀, 밀가루"
	]
}