{
	"id": "1899131",
	"name": "미니 카토쇼콜라",
	"thumbnail": "https://recipe1.ezmember.co.kr/cache/recipe/2015/08/20/580ca2780a1a9a0bece08242ce07bd94.jpg",
	"url": "https://www.10000recipe.com/recipe/1899131",
	"ingredient_ids": [
		10267,
		40013,
		51778,
		8084,
		51766,
		51687,
		51707
	],
	"time": "60",
	"ingre_list": [
		{
			"ingre_name": "버터",
			"ingre_count": "70",
			"ingre_unit": "g"
		},
		{
			"ingre_name": "초콜릿",
			"ingre_count": "100",
			"ingre_unit": "g"
		},
		{
			"ingre_name": "노른자",
			"ingre_count": "4",
			"ingre_unit": "개"
		},
		{
			"ingre_name": "설탕",
			"ingre_count": "50",
			"ingre_unit": "g"
		},
		{
			"ingre_name": "코코아가루",
			"ingre_count": "70",
			"ingre_unit": "g"
		},
		{
			"ingre_name": "박력분",
			"ingre_count": "20",
			"ingre_unit": "g"
		},
		{
			"ingre_name": "생크림",
			"ingre_count": "70",
			"ingre_unit": "g"
		}
	],
	"sauce_list": [],
	"recipe": [
		"1. 반죽 하기전 초콜릿와 버터는 함께 넣어 중탕해서 녹여주세요.",
		"2. 차간운 계란 흰자를 풀어 설탕은 2번 나눠 80%정도의 머랭을 만들어줍니다 (아주 약간 뿔이 휜 상태)",
		"3. 노른자에 설탕을 넣어 아이보리색이 되고 설탕이 완전히 녹을때까지 섞어주세요.",
		"4. 설탕이 완전히 녹으면 중탕한 초콜릿을 넣어 줍니다.",
		"5. 중탕한 초콜릿이 섞여지면 체친 코코아가루와 박력분을 넣어 섞어줍니다.",
		"6. 가루가 섞여지면 생크림을 넣어 섞어주세요.",
		"7. 생크림이 반죽과 어울어지면 머랭 1/3을 섞어주시다가 나머지 또 1/2을 설겅설겅 섞어주시다 나머지 머랭은 머랭이 꺼지지 않도록 살살 섞어주세요.",
		"8. 그리고 반죽 팬닝후 170℃ 25분~30분 구워줍니다. (전 그냥 몇개는 아몬드분태와 크런치으로 데코해보았어요) 꼭!저처럼 저 틀이 아닌 원형틀에 하셔도 좋아요 위 반죽정도라면 15cm의 원형틀이면 딱!맞을겁니다."
	],
	"recipe_img": [
		"https://recipe1.ezmember.co.kr/cache/recipe/2015/08/20/65dd402b56d71f6bd4564ac4ba001d811.jpg",
		"https://recipe1.ezmember.co.kr/cache/recipe/2015/08/20/55ac85e0f21b2aa593f0d0c8b8834ff91.jpg",
		"https://recipe1.ezmember.co.kr/cache/recipe/2015/08/20/4837bcf115f667cd7df839329f0eae9c1.jpg",
		"https://recipe1.ezmember.co.kr/cache/recipe/2015/08/20/82cb2c3cd25ce54d2e8c2a2d83ef9b581.jpg",
		"https://recipe1.ezmember.co.kr/cache/recipe/2015/08/20/ff069e0f9dd3eac4879be337bc78ee521.jpg",
		"https://recipe1.ezmember.co.kr/cache/recipe/2015/08/20/3645322571da30d262a34ed5a3c8448f1.jpg",
		"https://recipe1.ezmember.co.kr/cache/recipe/2015/08/20/900815a10b2c6c5f688e095b95dcaed41.jpg",
		"https://recipe1.ezmember.co.kr/cache/recipe/2015/08/20/9ff5feb2aa969657e086998c064a10ff1.jpg"
	],
	"tag": [
		"간식, 굽기, 밀가루"
	]
}