{
	"id": "1921772",
	"name": "달콤한 고구마 크림치즈 타르트 ",
	"thumbnail": "https://recipe1.ezmember.co.kr/cache/recipe/2015/08/17/6be37e07d8b2f4570b0a9dcecf3cfb20.jpg",
	"url": "https://www.10000recipe.com/recipe/1921772",
	"ingredient_ids": [
		45193
	],
	"time": "120",
	"ingre_list": [
		{
			"ingre_name": "소보루",
			"ingre_count": "",
			"ingre_unit": "약간"
		}
	],
	"sauce_list": [],
	"recipe": [
		"1. 푸드프로세서 사용했어요. 체친 박력분과 슈가파우더를 넣어 섞어주세요 -> 깍뚝 썬 차가운 버터를 넣어 섞어주세요 ->풀어놓은 달걀을 섞어주세요 -> 반죽이 한덩어리가 되면 1시간 냉장고 휴지 시켜주세요.",
		"2. 쪄내거나 삶은 고구마는 뜨거울때 으깨어 크림치즈를 넣어 섞어주세요. (뜨거울때 넣어야 골고루 잘 으깨어지고 크림치즈도 잘 녹아들어갑니다)",
		"3. 크림치즈와 고구마가 섞여지면 실온에둔 말랑한 버터를 넣어 섞어주세요.",
		"4. 설탕을 넣어 섞어주세요.",
		"5. 풀어놓은 달걀을 섞어주세요.",
		"6. 위 만든 타르트지는 틀에 밀착시킨 후 포크로 찔러 위 필링 재료를 부워 주세요. 그리고 소보루를 뿌려줍니다. 예열된 오븐에 180℃ 25분~30분 구워줍니다.오븐",
		"7. 소보루가 듬뿍 담긴 달콤한 타르트입니당. 보슬보슬 소보루 덕분에 넘넘 달콤하고 크림치즈의 부드러움이 마구구 느껴지네요. 너무나 얇게 타르트지를 밀어 아쉬움이 크네요. 하지만 맛은 완전 굳 뜨.",
		"8. 맛있는 소보루가 듬뿍 올려진. 소보루 만들기 귀찮다 하시면 굳이 올리시지 않아도 괜찮아요. 그 위 깍뚝썬 고구마를 올려도 좋구요. 아몬드 슬라이스나 코코넛슬라이스 올려도 좋아요."
	],
	"recipe_img": [
		"https://recipe1.ezmember.co.kr/cache/recipe/2015/08/17/96ccf5e91ea4165bb183161bcb6c66e91.jpg",
		"https://recipe1.ezmember.co.kr/cache/recipe/2015/08/17/0bdb98e4f6a0f5bb24aaad4ee95bac7b1.jpg",
		"https://recipe1.ezmember.co.kr/cache/recipe/2015/08/17/3d2673d63640c2029559038f333060cd1.jpg",
		"https://recipe1.ezmember.co.kr/cache/recipe/2015/08/17/31e2f0e27c4fa5b2e7b9821285765cf71.jpg",
		"https://recipe1.ezmember.co.kr/cache/recipe/2015/08/17/12f4acff85ae80bf08b40cf00a92b1fb1.jpg",
		"https://recipe1.ezmember.co.kr/cache/recipe/2015/08/17/7db91a4f41ff419374f803ad13d974ac1.jpg",
		"https://recipe1.ezmember.co.kr/cache/recipe/2015/08/17/e6bdb9f3163ca03a515d3baa0ab50e531.jpg",
		"https://recipe1.ezmember.co.kr/cache/recipe/2015/08/17/dc92b0fe1b2e22fde5c958fc1feeb8791.jpg"
	],
	"tag": [
		"간식, 고구마, 밀가루, 타르트"
	]
}