{
	"id": "1921616",
	"name": "계란말이 김밥",
	"thumbnail": "https://recipe1.ezmember.co.kr/cache/recipe/2015/06/08/af486333853be3b944f1208091e76636.jpg",
	"url": "https://www.10000recipe.com/recipe/1921616",
	"ingredient_ids": [
		9298,
		8386,
		8676,
		8820,
		8710,
		10035,
		9457,
		28988
	],
	"time": "30",
	"ingre_list": [
		{
			"ingre_name": "베이컨",
			"ingre_count": "3",
			"ingre_unit": "장"
		},
		{
			"ingre_name": "당근",
			"ingre_count": "1/4",
			"ingre_unit": "개"
		},
		{
			"ingre_name": "양파",
			"ingre_count": "1/2",
			"ingre_unit": "개"
		},
		{
			"ingre_name": "파",
			"ingre_count": "1/2",
			"ingre_unit": "대"
		},
		{
			"ingre_name": "오이",
			"ingre_count": "1/3",
			"ingre_unit": "개"
		},
		{
			"ingre_name": "게맛살",
			"ingre_count": "2",
			"ingre_unit": "개"
		},
		{
			"ingre_name": "계란",
			"ingre_count": "",
			"ingre_unit": ""
		},
		{
			"ingre_name": "슬라이스치즈",
			"ingre_count": "1",
			"ingre_unit": "장"
		}
	],
	"sauce_list": [
		{
			"ingre_name": "케찹",
			"ingre_count": "",
			"ingre_unit": "기호에따라"
		}
	],
	"recipe": [
		"1. 당근, 양파, 파, 베이컨은 잘게 다집니다.",
		"2. 달군팬에 기름을 두르고 양파, 당근을 볶습니다.",
		"3. 양파와 당근이 다 익었으면 파, 베이컨, 밥을 넣고 볶습니다.",
		"4. 마지막으로 케찹을 넣어 섞어 줍니다.",
		"5. 계란은 지단을 부칩니다. 원으로 된 팬에서 지단을 부칠 경우 바같쪽을 잘라 사각형으로 만들어 줍니다.",
		"6. 랩에 볶아 두었던 밥을 넣고 돌돌 말아 긴 소시지 모양으로 만들어 줍니다.",
		"7. 계란지단에 케찹을 바르고 볶음밥을 놓습니다.",
		"8. 그 위에 슬라이스치즈를 반으로 잘라 놓습니다. 슬라이스치즈를 넣을 경우 느끼 할 수 있으니, 슬라이스치즈는 취향에 따라 넣어 주세요.",
		"9. 이렇게 돌돌 말아 한입크기로 잘라 드시면 됩니다. 저는 앙증맞게 1.5cm 길이로 잘랐답니다. 샐러드 만들기 : 오이는 채 썰어 물기를 짭니다. 게맛살은 졸졸 뜯습니다. 그릇에 오이와 게맛살, 마요네즈를 넣고 섞어 줍니다. 한입 크기로 잘라 두었던 계란 위에 올려서 드시면 OK."
	],
	"recipe_img": [
		"https://recipe1.ezmember.co.kr/cache/recipe/2015/08/20/1170c7f62a1f55dd95471418131051831.jpg",
		"https://recipe1.ezmember.co.kr/cache/recipe/2015/08/20/ed64d72f2c44a375ef1310bdbb64f15b1.jpg",
		"https://recipe1.ezmember.co.kr/cache/recipe/2015/08/20/9586d6a613993aa5e9bfeefc21ce09fa1.jpg",
		"https://recipe1.ezmember.co.kr/cache/recipe/2015/08/20/aa62bcd85e230a05ba3d165a97892c451.jpg",
		"https://recipe1.ezmember.co.kr/cache/recipe/2015/08/20/ac8cc05a9adbf4887bd728bc85c68a181.jpg",
		"https://recipe1.ezmember.co.kr/cache/recipe/2015/08/20/ad911211286a8dcf9aa222303bb7f46a1.jpg",
		"https://recipe1.ezmember.co.kr/cache/recipe/2015/08/20/f26a1cb52e4b3d2a10621b86e6cfe7981.jpg",
		"https://recipe1.ezmember.co.kr/cache/recipe/2015/08/20/9c2aae222312e5fd28e3cfee377898651.jpg",
		"https://recipe1.ezmember.co.kr/cache/recipe/2015/08/20/e0213b873054830f29c828b6e64842721.jpg"
	],
	"tag": [
		"계란, 계란김밥, 계란말이, 계란말이김밥, 김밥, 달걀+유제품, 달걀, 말이, 에그"
	]
}