{
	"id": "1940311",
	"name": "상큼하고 고소한 레몬바",
	"thumbnail": "https://recipe1.ezmember.co.kr/cache/recipe/2015/07/30/48b9375185fc71df43172a70537db33c.jpg",
	"url": "https://www.10000recipe.com/recipe/1940311",
	"ingredient_ids": [],
	"time": "60",
	"ingre_list": [],
	"sauce_list": [],
	"recipe": [
		"1. 버터를 부드럽게 풀어 크림화 시켜 줍니다.",
		"2. 슈가파우더와 소금을 넣고 매끄럽게 섞어주세요.",
		"3. 박력분을 넣어 한덩어리로 만들어 주세요.",
		"4. 한덩어리로 만들어진 반죽은 넓은 팬에 펼친 다음 포크로 구멍을 내서 반죽이 부풀지 않도록 해 주세요.",
		"5. 70도 예열된 오븐에 15-20분 정도 노릇노릇하게 구워 준다음 한김 식혀 잘게 부셔 주세요.오븐",
		"6. 달걀에 설탕을 넣고 가볍게 풀어주세요, 휘핑을 너무 많이 하시면 기포가 많이 생겨 이쁘지 않아요. 레몬즙, 레몬제스트, 레몬쥬스를 넣고 섞어주세요. 체친 박력분을 넣고 덩어리지지 않게 매끄럽게 풀어 완성합니다. 레몬필링은 굽기전엔 물처럼 묽은 상태에요 오븐에서 구워지면 쫀득쫀득 말랑말랑한 필링이 되니 걱정하지 마시고 레시피 대로 해 주시면 되요.",
		"7. 파운드 케잌 틀이나 오븐 용기에 유산지를 깔고 부셔놓은 크러스트를 꼭꼭 눌러 채워 주세요.",
		"8. 레몬필링을 넣고 170도 예열된 오븐에서 30분 정도 윗면이 노릇노릇해 질 정도로 구워주세요.",
		"9. 잘 구워진 바는 오븐에서 꺼낸 뒤 한김 식혀 주시고, 냉장고에서 1시간 정도 휴지시켜 주세요. 필링의 쫀득함은 사라지고 크러스트는 바삭해 진답니다."
	],
	"recipe_img": [
		"https://recipe1.ezmember.co.kr/cache/recipe/2015/07/30/e5e932b748c16b5ab08ae38345f1a2eb1.jpg",
		"https://recipe1.ezmember.co.kr/cache/recipe/2015/07/30/bb96533a5fb806c3a40f98c148a9eb251.jpg",
		"https://recipe1.ezmember.co.kr/cache/recipe/2015/07/30/562f1661ff0021a6315cab3fb49815601.jpg",
		"https://recipe1.ezmember.co.kr/cache/recipe/2015/07/30/093c4e4901322db1c6587df83edbb84a1.jpg",
		"https://recipe1.ezmember.co.kr/cache/recipe/2015/07/30/f9015d9c55ef82ebd1d1ceb9853a6bc21.jpg",
		"https://recipe1.ezmember.co.kr/cache/recipe/2015/07/30/ec9e3bac65a6bd089a8129d548f000721.jpg",
		"https://recipe1.ezmember.co.kr/cache/recipe/2015/07/30/224eb6388a80bb77bb01a1b36daf7bdb1.jpg",
		"https://recipe1.ezmember.co.kr/cache/recipe/2015/07/30/e6d77468532c92b0acd8f9d09989b79f1.jpg",
		"https://recipe1.ezmember.co.kr/cache/recipe/2015/07/30/3ea6beb164d8ef0b98f94fa822a260ce1.jpg"
	],
	"tag": [
		"간식, 굽기, 디저트, 밀가루"
	]
}