{
	"id": "1978049",
	"name": "두부 메이플브라우니",
	"thumbnail": "https://recipe1.ezmember.co.kr/cache/recipe/2015/08/10/12646ef1d88bb5e7bd3a13a04b63513e.jpg",
	"url": "https://www.10000recipe.com/recipe/1978049",
	"ingredient_ids": [
		51687
	],
	"time": "60",
	"ingre_list": [
		{
			"ingre_name": "박력분",
			"ingre_count": "60",
			"ingre_unit": "g"
		}
	],
	"sauce_list": [
		{
			"ingre_name": "꿀",
			"ingre_count": "120",
			"ingre_unit": "g"
		},
		{
			"ingre_name": "두부",
			"ingre_count": "60",
			"ingre_unit": "g"
		},
		{
			"ingre_name": "코코아가루",
			"ingre_count": "30",
			"ingre_unit": "g"
		},
		{
			"ingre_name": "베이킹파우더",
			"ingre_count": "1/4",
			"ingre_unit": "작은술"
		},
		{
			"ingre_name": "피칸",
			"ingre_count": "20",
			"ingre_unit": "g"
		},
		{
			"ingre_name": "초코칩",
			"ingre_count": "40",
			"ingre_unit": "g"
		}
	],
	"recipe": [
		"1. 가루류는 두 번 이상 체를 쳐주세요. 꿀(메이플시럽)과 두부는 곱게 갈아 주세요.",
		"2. 체 친 가루류에 곱게 간 꿀과 두부를 넣고 섞어 주세요. 피칸과 초코칩을 넣고 반죽을 완성해 주세요.",
		"3. 반죽을 틀에 담고 180도로 예열한 오븐에서 20~25분 가량 구워 주세요(1호 사각틀에 구우실 때는 180도에서 10분 가량 구워 주심 되요)오븐"
	],
	"recipe_img": [
		"https://recipe1.ezmember.co.kr/cache/recipe/2015/08/10/59f7d8cda18868bebd7379af4e4ab5b91.jpg",
		"https://recipe1.ezmember.co.kr/cache/recipe/2015/08/10/4f425f15fcd2ef13623fe294e71c6f9b1.jpg",
		"https://recipe1.ezmember.co.kr/cache/recipe/2015/08/10/34fb6252c84e1958eec1fc4fc7c08c6e1.jpg"
	],
	"tag": [
		"두부, 브라우니, 콩+견과류"
	]
}