{
	"id": "1996354",
	"name": "요거트 아이스크림",
	"thumbnail": "https://recipe1.ezmember.co.kr/cache/recipe/2015/08/19/d98dbd3fb9b667a5f48ec4c3ba28a71b.jpg",
	"url": "https://www.10000recipe.com/recipe/1996354",
	"ingredient_ids": [
		51100,
		51707,
		10230
	],
	"time": "30",
	"ingre_list": [
		{
			"ingre_name": "플레인요구르트",
			"ingre_count": "650",
			"ingre_unit": "g"
		},
		{
			"ingre_name": "생크림",
			"ingre_count": "220",
			"ingre_unit": "ml"
		},
		{
			"ingre_name": "우유",
			"ingre_count": "250",
			"ingre_unit": "ml"
		}
	],
	"sauce_list": [
		{
			"ingre_name": "설탕",
			"ingre_count": "80",
			"ingre_unit": "g"
		},
		{
			"ingre_name": "올리고당",
			"ingre_count": "2",
			"ingre_unit": "T"
		}
	],
	"recipe": [
		"1. 플레인 요구르트를 를 볼에 담아 준비해준 후 설탕과 올리고당을 넣고 섞어주세요.",
		"2. 생크림과 우유를 넣고 섞은 다음, 용기에 담아 2~3시간 정도 냉동실에서 얼려주세요.",
		"3. 아이스크림이 반쯤 얼면 포크로 아이스크림을 저어주세요. 이 과정을 3~5회 반복해주세요. 중간 중간 저어주면 아이스크림에 공기가 들어가 부드러워져요."
	],
	"recipe_img": [
		"https://recipe1.ezmember.co.kr/cache/recipe/2015/08/19/3bc876b11540a8440ba8082aa3c995b81.jpg",
		"https://recipe1.ezmember.co.kr/cache/recipe/2015/08/19/a501f6f5015a7302005ee63a1634b67c1.jpg",
		"https://recipe1.ezmember.co.kr/cache/recipe/2015/08/19/cc1868213a8c1caea0a2535aab91bc4c1.jpg"
	],
	"tag": [
		"달걀+유제품, 디저트, 아이스크림, 요거트"
	]
}