{
	"id": "1997270",
	"name": "돼지고기 목살 생강구이",
	"thumbnail": "https://recipe1.ezmember.co.kr/cache/recipe/2015/09/02/de5177fb8d4db9376127551c1cad9786.jpg",
	"url": "https://www.10000recipe.com/recipe/1997270",
	"ingredient_ids": [
		51818,
		51700
	],
	"time": "30",
	"ingre_list": [
		{
			"ingre_name": "돼지고기목살",
			"ingre_count": "450",
			"ingre_unit": "g"
		},
		{
			"ingre_name": "깻잎",
			"ingre_count": "10",
			"ingre_unit": "장"
		}
	],
	"sauce_list": [
		{
			"ingre_name": "양조간장",
			"ingre_count": "3",
			"ingre_unit": "T"
		},
		{
			"ingre_name": "매실청",
			"ingre_count": "3",
			"ingre_unit": "T"
		},
		{
			"ingre_name": "맛술",
			"ingre_count": "1",
			"ingre_unit": "T"
		},
		{
			"ingre_name": "올리고당",
			"ingre_count": "1",
			"ingre_unit": "T"
		},
		{
			"ingre_name": "다진생강",
			"ingre_count": "1",
			"ingre_unit": "작은술"
		},
		{
			"ingre_name": "다진마늘",
			"ingre_count": "1",
			"ingre_unit": "작은술"
		},
		{
			"ingre_name": "후춧가루",
			"ingre_count": "",
			"ingre_unit": "약간"
		}
	],
	"recipe": [
		"1. 돼지고기는 기름기가 적은 목살로 준비합니다.",
		"2. 분량의 양념장 재료를 넣어 고루 섞어 줍니다.",
		"3. 달군 프라이팬에 돼지고기 목살을 앞뒤로 노릇노릇하게 구워 적당한 크기로 잘라 줍니다.",
		"4. 달군 프라이팬에 양념장을 넣어 보글보글 끓여 줍니다.",
		"5. 구워 낸 돼지고기 목살을 넣어 간이 고루 배도록 섞어 주면서 윤기 나게 볶아 주듯이 조려 줍니다.",
		"6. 깻잎은 흐르는 물에 씻은 후 물기를 제거한 다은 채 썰어서 접시에 담아냅니다.",
		"7. 돼지고기 목살 생강구이를 얹어 냅니다."
	],
	"recipe_img": [
		"https://recipe1.ezmember.co.kr/cache/recipe/2015/09/02/d193a86440240167010d5bccd6103b251.jpg",
		"https://recipe1.ezmember.co.kr/cache/recipe/2015/09/02/2657592a5981cf2db609ff0d46227f831.jpg",
		"https://recipe1.ezmember.co.kr/cache/recipe/2015/09/02/35180bf00b7008e46db2361797c80c991.jpg",
		"https://recipe1.ezmember.co.kr/cache/recipe/2015/09/02/4d4ba39e561dfd3a70583417d327c6f61.jpg",
		"https://recipe1.ezmember.co.kr/cache/recipe/2015/09/02/24705da68b0635be4ff467cfbf7b09de1.jpg",
		"https://recipe1.ezmember.co.kr/cache/recipe/2015/09/02/3ecbdfdd33f2e4767b08700149fa5dea1.jpg",
		"https://recipe1.ezmember.co.kr/cache/recipe/2015/09/02/0c82ddd03c56c9cdce1c2d22e396798d1.jpg"
	],
	"tag": [
		"구이, 굽기, 돼지고기, 돼지고기구이, 메인반찬, 일상"
	]
}