{
	"id": "2001746",
	"name": "크림치즈파운드케이크",
	"thumbnail": "https://recipe1.ezmember.co.kr/cache/recipe/2015/08/20/edfa881cfc39169ef4db8b6ee1e1a18a.jpg",
	"url": "https://www.10000recipe.com/recipe/2001746",
	"ingredient_ids": [
		10240,
		10267,
		8084,
		9457,
		51726,
		51687,
		51699
	],
	"time": "60",
	"ingre_list": [
		{
			"ingre_name": "크림치즈",
			"ingre_count": "75",
			"ingre_unit": "g"
		},
		{
			"ingre_name": "버터",
			"ingre_count": "105",
			"ingre_unit": "g"
		},
		{
			"ingre_name": "설탕",
			"ingre_count": "120",
			"ingre_unit": "g"
		},
		{
			"ingre_name": "계란",
			"ingre_count": "3",
			"ingre_unit": "개"
		},
		{
			"ingre_name": "바닐라익스트랙",
			"ingre_count": "2.",
			"ingre_unit": "ml"
		},
		{
			"ingre_name": "박력분",
			"ingre_count": "180",
			"ingre_unit": "g"
		},
		{
			"ingre_name": "베이킹파우더",
			"ingre_count": "1/2",
			"ingre_unit": "작은술"
		}
	],
	"sauce_list": [],
	"recipe": [
		"1. 실온의 말랑한 치즈와 버터를 골고루 풀어 주고 설탕을 조금씩 섞어 준 후 실온의 계란을 조금씩 넣고 섞다가 바닐라익스트렉을 섞어 주세요.",
		"2. 두 번 이상 체에 내린 박력분을 넣고 주걱으로 井을 그리며 섞어 주세요. 완성된 반죽은 틀에 담아 180도로 예열한 오븐에서 25~30분 가량 구워 주세요.오븐",
		"3. 크림치즈파운드케이크 완성~"
	],
	"recipe_img": [
		"https://recipe1.ezmember.co.kr/cache/recipe/2015/08/20/0ec8c0548085e809f0bae3fba686ee1c1.jpg",
		"https://recipe1.ezmember.co.kr/cache/recipe/2015/08/20/233bfb151a9aabaf5d91f29ba63591231.jpg",
		"https://recipe1.ezmember.co.kr/cache/recipe/2015/08/20/58a6849959e5b56eb366c15d325aed1a1.jpg"
	],
	"tag": [
		"간식, 굽기, 밀가루, 치즈케이크, 케이크, 파운드케이크"
	]
}