{
	"id": "2002044",
	"name": "더위 잡는 닭떡갈비",
	"thumbnail": "https://recipe1.ezmember.co.kr/cache/recipe/2015/08/12/a42f20fcf194be05c3bb5173802fbf2f.jpg",
	"url": "https://www.10000recipe.com/recipe/2002044",
	"ingredient_ids": [
		9181,
		6786,
		8676,
		8386,
		42888,
		8820,
		8306,
		9466
	],
	"time": "60",
	"ingre_list": [
		{
			"ingre_name": "닭가슴살",
			"ingre_count": "230",
			"ingre_unit": "g"
		},
		{
			"ingre_name": "가래떡",
			"ingre_count": "1",
			"ingre_unit": "줄"
		},
		{
			"ingre_name": "양파",
			"ingre_count": "1",
			"ingre_unit": "개"
		},
		{
			"ingre_name": "당근",
			"ingre_count": "1/2",
			"ingre_unit": "개"
		},
		{
			"ingre_name": "양배추",
			"ingre_count": "3",
			"ingre_unit": "장"
		},
		{
			"ingre_name": "파",
			"ingre_count": "1",
			"ingre_unit": "대"
		},
		{
			"ingre_name": "고추",
			"ingre_count": "3",
			"ingre_unit": "개"
		},
		{
			"ingre_name": "메추리알",
			"ingre_count": "9",
			"ingre_unit": "개"
		}
	],
	"sauce_list": [
		{
			"ingre_name": "고추장2+1/2큰술",
			"ingre_count": "2+1/2",
			"ingre_unit": "T"
		},
		{
			"ingre_name": "정종1+1/2큰술",
			"ingre_count": "1+1/2",
			"ingre_unit": "T"
		},
		{
			"ingre_name": "고춧가루",
			"ingre_count": "1",
			"ingre_unit": "T"
		},
		{
			"ingre_name": "간장",
			"ingre_count": "1",
			"ingre_unit": "T"
		},
		{
			"ingre_name": "매실청",
			"ingre_count": "1",
			"ingre_unit": "T"
		},
		{
			"ingre_name": "마요네즈",
			"ingre_count": "1/2",
			"ingre_unit": "T"
		},
		{
			"ingre_name": "마늘1+1/2큰술",
			"ingre_count": "1+1/2",
			"ingre_unit": "T"
		},
		{
			"ingre_name": "핫소스",
			"ingre_count": "1",
			"ingre_unit": "T"
		},
		{
			"ingre_name": "카레가루",
			"ingre_count": "1/2",
			"ingre_unit": "T"
		},
		{
			"ingre_name": "후춧가루",
			"ingre_count": "",
			"ingre_unit": ""
		}
	],
	"recipe": [
		"1. 양념장을 만들어 둡니다. 닭고기를 한입크기로 자릅니다. 만들어 둔 양념장에 닭고기를 넣고 30분간 재워 둡니다.",
		"2. 닭고기를 양념장에 재우는 동안 야채를 씻어 다듬어 둡니다. 당근은 동글동글하게 썰어 줍니다. 양배추, 양파는 한입크기로 썰어 줍니다. 파와 고추는 어슷썰기를 하여 준비해 둡니다. 가래떡은 한입 크기로 잘라 준비 해 둡니다 (냉동실에 둔 가래떡은 끓는물에 데쳐서 준비해 줍니다) 메추리알은 삶아서 껍질을 벗긴 후 깨끗이 씻어 준비해 줍니다.",
		"3. 달군팬에 30분동안 재운 닭고기를 넣고 볶아 줍니다.",
		"4. 닭고기가 익어 갈때쯤 양파와 당근을 넣고 같이 어우러지게 볶아 줍니다. 그리고 물 1/2컵을 넣어 줍니다. (불은 강중간불)",
		"5. 양파, 당근이 익어가면 양배추, 가래떡, 메추리알을 넣고 볶아 줍니다. 양배추에서 물이 나오면서 양념장이 1/3쯤 줄어 들면 고추와 파를 넣고 어우러지게 볶은 다음 불을 꺼 줍니다.",
		"6. 마지막으로 깨소금 송송 뿌려서 맛나게 드시면 OK",
		"7. 맛나게 먹은 후 남은 양념장에 밥을 볶아 보았습니다. 김이랑, 깻잎, 밥, 참기름 넣어 쓱쓱 볶았습니다. 이 맛 또한 아주 그냥 죽여줘요~"
	],
	"recipe_img": [
		"https://recipe1.ezmember.co.kr/cache/recipe/2015/08/12/bdd475c4529d699ea2a3670cc681f4821.jpg",
		"https://recipe1.ezmember.co.kr/cache/recipe/2015/08/12/d08dfa49fa3ebb26cd3927582d5408641.jpg",
		"https://recipe1.ezmember.co.kr/cache/recipe/2015/08/12/087feece624d662f14cf24561235f10e1.jpg",
		"https://recipe1.ezmember.co.kr/cache/recipe/2015/08/12/6817e77aa162c4f69a803b15f5ff0ce21.jpg",
		"https://recipe1.ezmember.co.kr/cache/recipe/2015/08/12/88c6169b19dbf64327cbeca0aac7bc4d1.jpg",
		"https://recipe1.ezmember.co.kr/cache/recipe/2015/08/12/24b4e010d2a17ecce33f6b3d778e31f31.jpg",
		"https://recipe1.ezmember.co.kr/cache/recipe/2015/08/12/e5918965869995a0a299ddf5579c7dbb.jpg"
	],
	"tag": [
		"닭고기, 떡, 떡갈비, 치킨"
	]
}