{
	"id": "2017354",
	"name": "간단하고 맛있는 간장불고기",
	"thumbnail": "https://recipe1.ezmember.co.kr/cache/recipe/2015/08/11/67eb18923802e67a8ef990747bb32d2a.jpg",
	"url": "https://www.10000recipe.com/recipe/2017354",
	"ingredient_ids": [
		51789,
		8676,
		8824,
		8316
	],
	"time": "60",
	"ingre_list": [
		{
			"ingre_name": "돼지고기앞다리살",
			"ingre_count": "400",
			"ingre_unit": "g"
		},
		{
			"ingre_name": "양파",
			"ingre_count": "1",
			"ingre_unit": "개"
		},
		{
			"ingre_name": "대파",
			"ingre_count": "1/2",
			"ingre_unit": "대"
		},
		{
			"ingre_name": "청양고추",
			"ingre_count": "2",
			"ingre_unit": "개"
		}
	],
	"sauce_list": [
		{
			"ingre_name": "간장",
			"ingre_count": "4",
			"ingre_unit": "T"
		},
		{
			"ingre_name": "설탕",
			"ingre_count": "2",
			"ingre_unit": "T"
		},
		{
			"ingre_name": "맛술",
			"ingre_count": "2",
			"ingre_unit": "T"
		},
		{
			"ingre_name": "후춧가루",
			"ingre_count": "",
			"ingre_unit": "약간"
		},
		{
			"ingre_name": "사과(또는배즙)",
			"ingre_count": "2",
			"ingre_unit": "T"
		},
		{
			"ingre_name": "다진마늘",
			"ingre_count": "1",
			"ingre_unit": "T"
		},
		{
			"ingre_name": "다진파",
			"ingre_count": "2",
			"ingre_unit": "T"
		},
		{
			"ingre_name": "다진생강(또는생강가루)",
			"ingre_count": "1",
			"ingre_unit": "작은술"
		},
		{
			"ingre_name": "참기름",
			"ingre_count": "1",
			"ingre_unit": "T"
		}
	],
	"recipe": [
		"1. 볼에 간장 4큰술, 설탕 2큰술, 맛술 2큰술, 후춧가루, 다진마늘 1큰술 , 다진파 2큰술, 사과즙 2큰술, 다진생강 1작은술, 참기름 1큰술을 넣고 설탕이 녹도록 잘섞어준뒤 고기를 넣어 조물 조물 양념합니다. 사과즙없으면 생략해도 괜찮아요. 저는 햇사과 한박스 사둔게 있어서 즙내어 넣어주었답니다. 배즙도 괜찮아요. 양념한 고기는 30분~1시간정도 재어둡니다. 아니면 미리 전날에 재워뒀다가 담날 볶아드셔도 좋아요.",
		"2. 팬에 고기 넣고 볶아주다가 70~80%정도 익으면 양파와 대파 고추를 썰어넣고 마저 볶아줍니다.",
		"3. 양념이 약간 촉촉한듯 남도록 볶아줍니다."
	],
	"recipe_img": [
		"https://recipe1.ezmember.co.kr/cache/recipe/2015/08/11/846b6414da3e8e9a2719ce222e8d9f7e1.jpg",
		"https://recipe1.ezmember.co.kr/cache/recipe/2015/08/11/f6a3f24340a2fb95dc1287677e00fb721.jpg",
		"https://recipe1.ezmember.co.kr/cache/recipe/2015/08/11/363cf30de29d17c3383c2eac29e7b0201.jpg"
	],
	"tag": [
		"불고기, 육류"
	]
}