{
	"id": "2020714",
	"name": "스콘",
	"thumbnail": "https://recipe1.ezmember.co.kr/cache/recipe/2015/08/06/1df26c750c1b615d5d0f8d8d72fc3ee7.jpg",
	"url": "https://www.10000recipe.com/recipe/2020714",
	"ingredient_ids": [
		51687,
		51699,
		10267,
		8084,
		10438,
		10230
	],
	"time": "60",
	"ingre_list": [
		{
			"ingre_name": "박력분",
			"ingre_count": "200",
			"ingre_unit": "g"
		},
		{
			"ingre_name": "베이킹파우더",
			"ingre_count": "1/2",
			"ingre_unit": "T"
		},
		{
			"ingre_name": "버터",
			"ingre_count": "80",
			"ingre_unit": "g"
		},
		{
			"ingre_name": "설탕",
			"ingre_count": "1",
			"ingre_unit": "T"
		},
		{
			"ingre_name": "소금",
			"ingre_count": "1/2",
			"ingre_unit": "Ts"
		},
		{
			"ingre_name": "우유",
			"ingre_count": "70",
			"ingre_unit": "ml"
		}
	],
	"sauce_list": [],
	"recipe": [
		"1. 커터기에 박력분, 베이킹파우더, 차가운 버터, 설탕, 소금을 분량대로 넣어 1~2분간 돌립니다.",
		"2. 부슬부슬 반죽에 가운데 움푹 홈을 파고 차가운 우유를 부어줍니다.우유가 반죽에 흡수되어 고루 섞이도록 주걱으로 가볍게 섞어 줍니다.",
		"3. 비닐봉투에 반죽을 담고 눌러가며 뭉쳐준다음.. 냉장고에 넣어 약30분간 휴지시켜줍니다.",
		"4. 30분 휴지시킨 후 적당한 크기로..반죽을 떼어내줍니다.모양 잡아낸 스콘에 구웠을때 노르스름한 색이 들도록 반죽 표면에 우유를 살짝 발라줍니다.",
		"5. (광파오븐기준) 190도로 예열한 오븐에...2단에서 25분간 구워주세요.오븐"
	],
	"recipe_img": [
		"https://recipe1.ezmember.co.kr/cache/recipe/2015/08/06/b2a1ad68de9846fb90c5eada04696f5e1.jpg",
		"https://recipe1.ezmember.co.kr/cache/recipe/2015/08/06/e6491f9c88408ec1c1043b2305e677211.jpg",
		"https://recipe1.ezmember.co.kr/cache/recipe/2015/08/06/f0b8a8124aab3cb48640c10206381b841.jpg",
		"https://recipe1.ezmember.co.kr/cache/recipe/2015/08/06/1f73d5d4bbde37f170aa813cb6f93fb61.jpg",
		"https://recipe1.ezmember.co.kr/cache/recipe/2015/08/06/07071dc284197ed634ca033501962d781.jpg"
	],
	"tag": [
		"밀가루, 스콘"
	]
}