{
	"id": "2023940",
	"name": "No버터 아망디오 쇼콜라",
	"thumbnail": "https://recipe1.ezmember.co.kr/cache/recipe/2015/08/12/75d4fea44c2c11d7ebe9921ed1d17ee4.jpg",
	"url": "https://www.10000recipe.com/recipe/2023940",
	"ingredient_ids": [
		51687,
		51766,
		51710,
		51778,
		10286,
		10230,
		51781
	],
	"time": "120",
	"ingre_list": [
		{
			"ingre_name": "박력분",
			"ingre_count": "120",
			"ingre_unit": "g"
		},
		{
			"ingre_name": "코코아가루",
			"ingre_count": "15",
			"ingre_unit": "g"
		},
		{
			"ingre_name": "슈가파우더",
			"ingre_count": "50",
			"ingre_unit": "g"
		},
		{
			"ingre_name": "노른자",
			"ingre_count": "1",
			"ingre_unit": "개"
		},
		{
			"ingre_name": "포도씨유",
			"ingre_count": "30",
			"ingre_unit": "g"
		},
		{
			"ingre_name": "우유",
			"ingre_count": "30",
			"ingre_unit": "g"
		},
		{
			"ingre_name": "아몬드슬라이스",
			"ingre_count": "50",
			"ingre_unit": "g"
		}
	],
	"sauce_list": [],
	"recipe": [
		"1. 계란 노른자를 풀어 슈가파우더를 넣어 섞어주세요.",
		"2. 노른자와 슈가파우더가 섞여지면 오일류를 넣어 섞어줍니다.",
		"3. 오일류가 섞이면 체친 박력분과 코코아 가루를 넣어 섞어주시다가,",
		"4. 아몬드 슬라이스와 우유를 넣어 주걱으로 자르듯이 마저 섞어줍니다. 우유로 질감조절을 해주세요. 참고로 저는 실수해서 많이 부었어요.",
		"5. 한덩이가 되면 모양을 잡아 냉동고에 1시간 이상 놔둡니다. 하루이틀 놔둬도 괜찮아요.",
		"6. 반죽이 굳혀지면 꺼내어 잘라주세요.",
		"7. 자른 쿠키는 팬닝후 180℃ 15분 구워줍니다."
	],
	"recipe_img": [
		"https://recipe1.ezmember.co.kr/cache/recipe/2015/08/12/2c75a651230082a8b506c33c7449ee411.jpg",
		"https://recipe1.ezmember.co.kr/cache/recipe/2015/08/12/73288babdc2b0035adea878207913c111.jpg",
		"https://recipe1.ezmember.co.kr/cache/recipe/2015/08/12/0de84733cd529ae061061f38d8047e1c1.jpg",
		"https://recipe1.ezmember.co.kr/cache/recipe/2015/08/12/00919816370f92d7b7885c4388b1a38e1.jpg",
		"https://recipe1.ezmember.co.kr/cache/recipe/2015/08/12/02a5d5b32befa9ce795646ec85bf53061.jpg",
		"https://recipe1.ezmember.co.kr/cache/recipe/2015/08/12/132fe895ccd87511e40fdf0df7d237421.jpg",
		"https://recipe1.ezmember.co.kr/cache/recipe/2015/08/12/53544fbf3dbeb87e8722d38a1b17c8701.jpg"
	],
	"tag": [
		"밀가루"
	]
}