{
	"id": "223583",
	"name": "새우볶음밥 고로케",
	"thumbnail": "https://recipe1.ezmember.co.kr/cache/recipe/2015/05/18/b7361569dbe2d9b84627d0de1a7ee9dc.jpg",
	"url": "https://www.10000recipe.com/recipe/223583",
	"ingredient_ids": [
		17935,
		51685,
		8349,
		8386,
		7997,
		8676,
		15179,
		9456,
		8050
	],
	"time": "60",
	"ingre_list": [
		{
			"ingre_name": "새우",
			"ingre_count": "10",
			"ingre_unit": "마리"
		},
		{
			"ingre_name": "밥",
			"ingre_count": "2",
			"ingre_unit": "공기"
		},
		{
			"ingre_name": "김치",
			"ingre_count": "1/4",
			"ingre_unit": "포기"
		},
		{
			"ingre_name": "당근",
			"ingre_count": "1/2",
			"ingre_unit": "개"
		},
		{
			"ingre_name": "감자",
			"ingre_count": "1/2",
			"ingre_unit": "개"
		},
		{
			"ingre_name": "양파",
			"ingre_count": "1/2",
			"ingre_unit": "개"
		},
		{
			"ingre_name": "빵가루",
			"ingre_count": "",
			"ingre_unit": ""
		},
		{
			"ingre_name": "달걀",
			"ingre_count": "",
			"ingre_unit": ""
		},
		{
			"ingre_name": "밀가루",
			"ingre_count": "",
			"ingre_unit": ""
		}
	],
	"sauce_list": [],
	"recipe": [
		"1. 새우는 꼬리만 남겨두고 깨끗히 손질해주세요~ 이쑤시개를 이용해서 내장도 제거해 주시구요~ 튀겨줄 거니깐 새우꼬리를 벌려보아서 뾰족하게 나온 물주머니도 제거해주시구요~",
		"2. 당근, 양파, 감자, 김치는 모두 송송송 다져서 준비해주세요~저는 애호박을 안 좋아해서 넣지 않았는데~애호박이나 푸른야채를 넣어주시면 색깔 배합이 더 잘 맞겠죠??냉장고를 뒤져서 남은 야채를 모두 송송송 다져서 넣어보세요~",
		"3. 새우는 꼬리부분을 약간 남기고 작게 잘라주세요~남은 꼬리부분은 새우 볶음밥과 함께 뭉쳐서 튀겨줄거예요~",
		"4. 후라이팬에 기름을 살짝 두르고 감자를 먼저 볶아주세요그 다음 양파,당근,김치를 넣고 볶아주신 다음새우를 넣고 이때 소금약간, 후추도 약간 넣어서 간을 맞춰주시고~마지막으로 밥을 넣고 볶아줍니다~볶음밥은 센 불에서 빨리빨리 볶아내주셔야지 맛있어요~",
		"5. 그럼~ 요렇게 맛있는 새우볶음밥이 완성되요~이대로 도시락을 싸가도 좋아요~하지만 소풍을 갈때는 좀 더 특별하게~",
		"6. 이제 만두소를 넣는 것처럼 볶음밥을 둥글게 쥐어주신 다음에 가운데를 움푹하게 해서 잘라놓은 새우꼬리를 넣고 사진처럼 동글동글하게 만들어주세요~주의하셔야 할점은 꼭 꾹꾹 눌러가면서 모양을 만들어주세요~그렇치 않으면 계란물을 묻힐때 다 흩어져 버려요~",
		"7. 그 다음 밀가루->계란물->빵가루를 입혀주세요~",
		"8. 그 다음에 기름에 퐁당~ 노릇노릇 튀겨줍니다~ 많은양을 쓰시지 마시고 돌돌 굴려가면서 튀겨주세요~ 그 다음 키친타올에 올려서 불필요한 기름을 제거해주세요~"
	],
	"recipe_img": [
		"https://recipe1.ezmember.co.kr/cache/recipe/2015/05/18/de5d86ad95499985f5e4c639d11bd97d1.jpg",
		"https://recipe1.ezmember.co.kr/cache/recipe/2015/05/18/d1350627690b7f590ac066baa2fa5f441.jpg",
		"https://recipe1.ezmember.co.kr/cache/recipe/2015/05/18/b7e8191e15120d54b37a87ed70f7a4b41.jpg",
		"https://recipe1.ezmember.co.kr/cache/recipe/2015/05/18/66ae76e04ac2156872bd0cc56e1d259c1.jpg",
		"https://recipe1.ezmember.co.kr/cache/recipe/2015/05/18/0fdaf5c41f0adb09e4c61db4566fdf921.jpg",
		"https://recipe1.ezmember.co.kr/cache/recipe/2015/05/18/1fda1f6b1905d0257ae222eb3bbc88fe1.jpg",
		"https://recipe1.ezmember.co.kr/cache/recipe/2015/05/18/a12d644556bd3f41251bef082589873a1.jpg",
		"https://recipe1.ezmember.co.kr/cache/recipe/2015/05/18/250cf44c7dc7ee2df8c689af3180873c1.jpg"
	],
	"tag": [
		"고로케, 밥, 볶음밥, 새우볶음, 새우볶음밥, 크로켓, 해물류"
	]
}