{
	"id": "225141",
	"name": "베이컨 김치말이 밥",
	"thumbnail": "https://recipe1.ezmember.co.kr/cache/recipe/2015/05/18/009ae7540810b0da5ab6d22e16586637.jpg",
	"url": "https://www.10000recipe.com/recipe/225141",
	"ingredient_ids": [
		51685,
		8349,
		9298,
		51700,
		8676
	],
	"time": "60",
	"ingre_list": [
		{
			"ingre_name": "밥",
			"ingre_count": "1",
			"ingre_unit": "공기"
		},
		{
			"ingre_name": "김치",
			"ingre_count": "1/6",
			"ingre_unit": "포기"
		},
		{
			"ingre_name": "베이컨",
			"ingre_count": "",
			"ingre_unit": "적당량"
		},
		{
			"ingre_name": "깻잎",
			"ingre_count": "5",
			"ingre_unit": "장"
		},
		{
			"ingre_name": "양파",
			"ingre_count": "1/4",
			"ingre_unit": "개"
		}
	],
	"sauce_list": [],
	"recipe": [
		"1. 깻잎, 양파, 김치 모두 잘게 다져주세요~특히 김치를 다지실때는 안에 들어있는 김치속을 좀 털어주신 다음에 다져주세요~",
		"2. 팬에 기름을 두르지 말고 아주 살짝만 양파를 볶아주세요~",
		"3. 김치도 양파 볶은 팬에 기름을 두르지 말고 김치 물기만 날려줄 정도로 볶아주세요~김치를 볶기 귀찮은 분들은 그냥 꼭 쫘서 사용하셔도 되요~",
		"4. 밥 1공기에 참기름1T, 소금으로 간을 해주신 다음에볶은 김치와 양파를 넣고 깻잎 넣어서 조물조물 해주세요~",
		"5. 먼저 밥을 동그랗게 만드신 다음에 베이컨을 두르고 양쪽을 톡톡 안으로 넣어주시면 사진처럼 모양이 완성되요~베이컨이 풀리지 않도록 이쑤시개를 꽂아줬는데~실파나 미나리 같은게 있으시면 묶어 주셔도 되요~",
		"6. 팬에 기름을 두르지 말고 돌려가면서 노릇노릇 구워주신 후 키친타올에 올려서 기름을 살짝 제거해주세요~"
	],
	"recipe_img": [
		"https://recipe1.ezmember.co.kr/cache/recipe/2015/05/18/de30ea33495cfd8acf238f0201cc47eb1.jpg",
		"https://recipe1.ezmember.co.kr/cache/recipe/2015/05/18/9128323578eb450b8b3c7e99d7039bec1.jpg",
		"https://recipe1.ezmember.co.kr/cache/recipe/2015/05/18/5b5ac2f2c4bbbd6b7e0d002fc865fd7b1.jpg",
		"https://recipe1.ezmember.co.kr/cache/recipe/2015/05/18/6f67d85fbb87dcff1758596ae2ee2e8c1.jpg",
		"https://recipe1.ezmember.co.kr/cache/recipe/2015/05/18/22dd63edee770b6029257843ea6dc2111.jpg",
		"https://recipe1.ezmember.co.kr/cache/recipe/2015/05/18/1a09be9af4927fc1181c93c41c2405a41.jpg"
	],
	"tag": [
		"가공식품류, 김치, 말이, 밥+죽+떡, 밥, 베이컨말이"
	]
}