{
	"id": "2333879",
	"name": "아이들과 수험생들에게 최고! 고등어강정",
	"thumbnail": "https://recipe1.ezmember.co.kr/cache/recipe/2015/06/08/9cf699d5f6b18b273715660cea4e9cda.jpg",
	"url": "https://www.10000recipe.com/recipe/2333879",
	"ingredient_ids": [
		10901,
		8050,
		51821
	],
	"time": "30",
	"ingre_list": [
		{
			"ingre_name": "고등어",
			"ingre_count": "1",
			"ingre_unit": "마리"
		},
		{
			"ingre_name": "밀가루",
			"ingre_count": "2",
			"ingre_unit": "T"
		},
		{
			"ingre_name": "녹말가루",
			"ingre_count": "2",
			"ingre_unit": "T"
		}
	],
	"sauce_list": [
		{
			"ingre_name": "천일염",
			"ingre_count": "",
			"ingre_unit": "약간"
		},
		{
			"ingre_name": "후춧가루",
			"ingre_count": "",
			"ingre_unit": "약간"
		},
		{
			"ingre_name": "식용유",
			"ingre_count": "",
			"ingre_unit": "적당량"
		},
		{
			"ingre_name": "땅콩가루",
			"ingre_count": "",
			"ingre_unit": "약간"
		},
		{
			"ingre_name": "양조간장",
			"ingre_count": "4",
			"ingre_unit": "T"
		},
		{
			"ingre_name": "매실청",
			"ingre_count": "2",
			"ingre_unit": "T"
		},
		{
			"ingre_name": "맛술",
			"ingre_count": "2",
			"ingre_unit": "T"
		},
		{
			"ingre_name": "올리고당",
			"ingre_count": "2",
			"ingre_unit": "T"
		},
		{
			"ingre_name": "물엿",
			"ingre_count": "1",
			"ingre_unit": "T"
		},
		{
			"ingre_name": "물",
			"ingre_count": "5",
			"ingre_unit": "T"
		},
		{
			"ingre_name": "마늘",
			"ingre_count": "3",
			"ingre_unit": "톨"
		}
	],
	"recipe": [
		"1. 고등어는 지느러미를 제거하고 흐르는 물에 씻은 후 먹기 좋은 크기로 썰어서 접시에 키친타월을 깔고 고등어를 올린 후 천일염과 후춧가루를 뿌려 줍니다.",
		"2. 1회용 비닐봉지에 밀가루와 녹말가루를 담고 고등어를 넣은 후 밀가루와 녹말가루가 고루 묻도록 흔들어 줍니다. 1회용 비닐봉지를 사용하면 시간도 절약되고 손에 밀가루가 묻지 않아서 좋아요.",
		"3. 180도씨 기름에 2를 넣고 노릇노릇하게 튀겨 낸 다음 접시에 키친타월을 깔고 기름기를 제거해 줍니다.",
		"4. 마늘은 껍질을 벗겨 씻은 후 편 썰고 오복한 프라이팬에 분량의 양념장 재료를 넣고 한소끔 끓여 줍니다.",
		"5. 튀겨 낸 고등어를 넣고 간이 고루 배도록 고등어를 살살 뒤집어 주면서 조려 줍니다."
	],
	"recipe_img": [
		"https://recipe1.ezmember.co.kr/cache/recipe/2015/08/24/6a6df46fe10c4d5ae94535e4dcded22d1.jpg",
		"https://recipe1.ezmember.co.kr/cache/recipe/2015/08/24/95716de1bfec80ba201d4d72dfc5576f1.jpg",
		"https://recipe1.ezmember.co.kr/cache/recipe/2015/08/24/dfcbc6d8fb3ab75d472f9cc2bfd3d7a91.jpg",
		"https://recipe1.ezmember.co.kr/cache/recipe/2015/08/24/f7ce80652e5cd23e26cd13f4145da3191.jpg",
		"https://recipe1.ezmember.co.kr/cache/recipe/2015/08/24/b7e13be2cb9deeba9f6c02127b1a78621.jpg"
	],
	"tag": [
		"강정, 해물류"
	]
}