{
	"id": "2349038",
	"name": "가을빛 초코 사브레",
	"thumbnail": "https://recipe1.ezmember.co.kr/cache/recipe/2015/08/04/17386c8b7cf4df5bffe8ec35987211b3.jpg",
	"url": "https://www.10000recipe.com/recipe/2349038",
	"ingredient_ids": [
		51687
	],
	"time": "60",
	"ingre_list": [
		{
			"ingre_name": "박력분",
			"ingre_count": "215",
			"ingre_unit": "g"
		}
	],
	"sauce_list": [
		{
			"ingre_name": "코코아가루",
			"ingre_count": "10",
			"ingre_unit": "g"
		},
		{
			"ingre_name": "슈거파우더",
			"ingre_count": "85",
			"ingre_unit": "g"
		},
		{
			"ingre_name": "달걀노른자1+1/2개분",
			"ingre_count": "1+1/2",
			"ingre_unit": "개분"
		},
		{
			"ingre_name": "차가운버터",
			"ingre_count": "125",
			"ingre_unit": "g"
		},
		{
			"ingre_name": "초코칩",
			"ingre_count": "70",
			"ingre_unit": "g"
		},
		{
			"ingre_name": "하겔슈거",
			"ingre_count": "20",
			"ingre_unit": "g"
		},
		{
			"ingre_name": "흰설탕",
			"ingre_count": "",
			"ingre_unit": "약간"
		},
		{
			"ingre_name": "우유(or물)",
			"ingre_count": "",
			"ingre_unit": "약간"
		}
	],
	"recipe": [
		"1. 박력분, 슈거 파우더, 코코아 가루, 차가운 버터를 커터기에 넣고 20초간 돌려주세요.",
		"2. 달걀 노른자를 넣고 반죽이 가볍게 뭉쳐질 때까지 커터기를 돌려주세요. (반죽이 잘 뭉쳐지지 않으면 우유나 물을 약간 넣고 돌려주세요.)",
		"3. 반죽을 볼에 옮긴 후 초코칩과 하겔 슈거를 넣고 가볍게 반죽해주세요.",
		"4. 반죽을 랩에 올리고 원통이 되도록 모양을 잡아주세요. (랩에 싼 반죽을 랩심에 넣고 모양을 잡아주면 편해요.) 냉동실에서 1~1시간 30분 동안 휴지시켜 주세요.",
		"5. 1센티 두께로 자른 반죽을 굴려가며 흰설탕을 고루 묻혀주세요.",
		"6. 팬닝한 반죽을 180도로 예열한 오븐에서 15분간 구워주세요.오븐"
	],
	"recipe_img": [
		"https://recipe1.ezmember.co.kr/cache/recipe/2015/08/06/50474d2e723ec318432fe47ea25ea03e1.jpg",
		"https://recipe1.ezmember.co.kr/cache/recipe/2015/08/06/fe8bfa936241e2c08576753039d63c311.jpg",
		"https://recipe1.ezmember.co.kr/cache/recipe/2015/08/06/5977fceb1dee563df9ac6761eb945ec41.jpg",
		"https://recipe1.ezmember.co.kr/cache/recipe/2015/08/06/7a6363235753e0c69490cc874bcfda221.jpg",
		"https://recipe1.ezmember.co.kr/cache/recipe/2015/08/06/06a0cb97b6095247b0fea65a53d6d1c41.jpg",
		"https://recipe1.ezmember.co.kr/cache/recipe/2015/08/06/e74091c6794bdc96b5e33852296142891.jpg"
	],
	"tag": [
		"간식, 굽기, 밀가루, 샤브레"
	]
}