{
	"id": "2373346",
	"name": "달걀지단 치즈롤 샌드위치",
	"thumbnail": "https://recipe1.ezmember.co.kr/cache/recipe/2015/06/08/1f3351f885b5543fee429af577f3ba6f.jpg",
	"url": "https://www.10000recipe.com/recipe/2373346",
	"ingredient_ids": [
		9456,
		8386,
		7883,
		28988
	],
	"time": "30",
	"ingre_list": [
		{
			"ingre_name": "달걀",
			"ingre_count": "2",
			"ingre_unit": "개"
		},
		{
			"ingre_name": "당근",
			"ingre_count": "20",
			"ingre_unit": "g"
		},
		{
			"ingre_name": "식빵",
			"ingre_count": "2",
			"ingre_unit": "장"
		},
		{
			"ingre_name": "슬라이스치즈",
			"ingre_count": "1",
			"ingre_unit": "장"
		}
	],
	"sauce_list": [
		{
			"ingre_name": "소금",
			"ingre_count": "",
			"ingre_unit": "약간"
		},
		{
			"ingre_name": "기름",
			"ingre_count": "",
			"ingre_unit": "약간"
		},
		{
			"ingre_name": "마요네즈",
			"ingre_count": "2",
			"ingre_unit": "작은술"
		}
	],
	"recipe": [
		"1. 달걀은 노른자,흰자 분리한후 알끈제거후에 소금을 약간씩 넣어 준비해주세요",
		"2. 식빵은 가장자리를 잘라낸후에 밀대로 밀어 준비해주세요",
		"3. 당근은 잘게 썰은후에 달걀흰자에 넣고 섞어주세요",
		"4. 후라이팬에 기름을 두르고 키친타올로 넓게 펴 바른후에 약한불에서 달걀노른자지단과 달걀흰자지단을 부쳐주세요",
		"5. 달걀지단을 부칠때에는 약한불에서 부쳐주시고 달걀윗면색이 선명해질때까지 익힌후에나무젓가락으로 가장자리를 들어 뒤집어 주시면 된답니다",
		"6. 달걀노른자,흰자지단을 식빵크기의 반으로 잘라주시고 식빵위에 마요네즈를 펴바른후에달걀흰자,노른자,치즈를 올리고 돌돌 말아주신후에랩으로 한번 감싸 잠시 놓아둔후에썰어 맛나게 드시면 됩니다"
	],
	"recipe_img": [
		"https://recipe1.ezmember.co.kr/cache/recipe/2015/08/21/648bbd7e20a124bceb4bc06d488fc5a51.jpg",
		"https://recipe1.ezmember.co.kr/cache/recipe/2015/08/21/e54886ecea889703490d78043f61cb6d1.jpg",
		"https://recipe1.ezmember.co.kr/cache/recipe/2015/08/21/55a46d1469eace34f672d326ad8c89491.jpg",
		"https://recipe1.ezmember.co.kr/cache/recipe/2015/08/21/4583f675183cb8a336cc4bbaf88194421.jpg",
		"https://recipe1.ezmember.co.kr/cache/recipe/2015/08/21/44ea53e427de57fdc39d64633356a80b1.jpg",
		"https://recipe1.ezmember.co.kr/cache/recipe/2015/08/21/3fb1f8aa7e1509f927a20b380337351d1.jpg"
	],
	"tag": [
		"간식, 계란, 달걀+유제품, 달걀, 롤, 롤샌드위치, 샌드위치, 에그"
	]
}