{
	"id": "2404793",
	"name": "바나나 쉬폰 케이크",
	"thumbnail": "https://recipe1.ezmember.co.kr/cache/recipe/2015/06/08/b4d646868ba04321521c874caab9a769.jpg",
	"url": "https://www.10000recipe.com/recipe/2404793",
	"ingredient_ids": [],
	"time": "60",
	"ingre_list": [],
	"sauce_list": [],
	"recipe": [
		"1. 바나나(작은거 3개분)는 적당히 잘라 믹서에 넣어주시고 우유(0.5Ts)와 설탕(1ts - 요 바나나가 당도가 없어서 넣었어요 단 바나나라면 넣지마셔요)을 넣고 곱게 갈아주세요",
		"2. 계란은 흰자, 노른자 분리해주세요",
		"3. 흰자(5개분)는 멍울을 풀어주시고 설탕(50g)을 3번에 나누어 넣어 단단한 머랭을 만들어 주세요",
		"4. 노른자(5개)에는 설탕(40g)을 넣고 연한 크림색이 될때까지 휘핑해주세요",
		"5. 연한크림색이 되면 카놀라유(50g - 다른 식물성유 모두 괜찮아요)와 우유(1.5Ts)를 넣고 다시 휘핑해주세요",
		"6. 오일과 우유, 노른자가 잘 섞이면 믹서에 곱게 갈아둔 바나나를 넣고 휘릭 섞어주세요",
		"7. 바나나가 잘 섞이면 체친박력분(130g)과 베이킹파우더(3g)을 넣어주세요",
		"8. 밀가루가 다 섞이면 만들어둔 머랭을 3번에 나누어섞어주시면 됩니다.",
		"9. 쉬폰틀은 분무기를 뿌려준비하시고 반죽을 10cm~30cm 정도 위에서 떨어뜨리듯 부어주세요 그리고 젓가락으로 원을 그려 속안에 기포를 제거해주세요",
		"10. 그리고 170도의 오븐에서 35~40분가량 구워주시면 됩니다.오븐",
		"11. 다 구워지면 쉬폰틀은 이렇게 컵이 올려 꺼꾸로 식혀주세요"
	],
	"recipe_img": [
		"https://recipe1.ezmember.co.kr/cache/recipe/2015/08/17/956fa5350e6d36e575939d65f10327b81.jpg",
		"https://recipe1.ezmember.co.kr/cache/recipe/2015/08/17/4e3b8e196e9a9ebb4b3c06e8bc0c9f121.jpg",
		"https://recipe1.ezmember.co.kr/cache/recipe/2015/08/17/5111f40e8ace1fd9c516fdde2a958d9b1.jpg",
		"https://recipe1.ezmember.co.kr/cache/recipe/2015/08/17/fffd975089485d30e598addbb9313d521.jpg",
		"https://recipe1.ezmember.co.kr/cache/recipe/2015/08/17/48a8d331e23da80417d0cc44d7686f861.jpg",
		"https://recipe1.ezmember.co.kr/cache/recipe/2015/08/17/0dfa767aa159548d48f90e6651368a5f1.jpg",
		"https://recipe1.ezmember.co.kr/cache/recipe/2015/08/17/aa9c36f4b7cff4d2824966d81f4440101.jpg",
		"https://recipe1.ezmember.co.kr/cache/recipe/2015/08/17/6ebbd7e272c28855a6850ca83f96e0181.jpg",
		"https://recipe1.ezmember.co.kr/cache/recipe/2015/08/17/900f3978889f8bff9203f74f15866a861.jpg",
		"https://recipe1.ezmember.co.kr/cache/recipe/2015/08/17/8a2e4354ebe83e8f2e8b5330aef183a61.jpg",
		"https://recipe1.ezmember.co.kr/cache/recipe/2015/08/17/1bcada845770ab68d232ad7da3e439b91.jpg"
	],
	"tag": [
		"밀가루, 케이크"
	]
}