{
	"id": "2442087",
	"name": "바쁜 아침 든든하고 간단한 계란토스트 ",
	"thumbnail": "https://recipe1.ezmember.co.kr/cache/recipe/2015/08/21/375f02a58711799613ef198cb70230bc.jpg",
	"url": "https://www.10000recipe.com/recipe/2442087",
	"ingredient_ids": [
		7883,
		9298,
		28988,
		9457
	],
	"time": "30",
	"ingre_list": [
		{
			"ingre_name": "식빵",
			"ingre_count": "2",
			"ingre_unit": "장"
		},
		{
			"ingre_name": "베이컨",
			"ingre_count": "2",
			"ingre_unit": "장"
		},
		{
			"ingre_name": "슬라이스치즈",
			"ingre_count": "2",
			"ingre_unit": "장"
		},
		{
			"ingre_name": "계란",
			"ingre_count": "1",
			"ingre_unit": "개"
		}
	],
	"sauce_list": [],
	"recipe": [
		"1. 빵의 갈색부분을 잘라 밀대봉으로 식빵을 밀어 줍니다.",
		"2. 슬라이스치즈를 돌돌 말아 식빵 위에 놓고 식빵을 돌돌 말아 줍니다.",
		"3. 베이컨을 세로로 이등분하여 사선으로 감아 줍니다.",
		"4. 베이컨을 돌돌 말은 식빵을 계란물에 묻혀 줍니다.",
		"5. 기름을 넣은 달군팬에 베이컨 + 식빵을 넣고 앞, 뒤 구워 줍니다"
	],
	"recipe_img": [
		"https://recipe1.ezmember.co.kr/cache/recipe/2015/08/21/687079e5eec08c01d7e1b1416d0607441.jpg",
		"https://recipe1.ezmember.co.kr/cache/recipe/2015/08/21/cb7ca69809273c343f5183aaac413bc31.jpg",
		"https://recipe1.ezmember.co.kr/cache/recipe/2015/08/21/37464e714f0168f0fb4b19389b8e81311.jpg",
		"https://recipe1.ezmember.co.kr/cache/recipe/2015/08/21/ae004f3fc27f7a5b9ce6e34ed2cc03271.jpg",
		"https://recipe1.ezmember.co.kr/cache/recipe/2015/08/21/5681087939eb39d0cafa2ec6ca101dc61.jpg"
	],
	"tag": [
		"계란, 달걀+유제품, 달걀, 에그, 토스트"
	]
}