{
	"id": "2478797",
	"name": "딸기잼 쿠키",
	"thumbnail": "https://recipe1.ezmember.co.kr/cache/recipe/2015/06/08/28c7c4ce7a1ff811b9e2cf04d7bc79b3.jpg",
	"url": "https://www.10000recipe.com/recipe/2478797",
	"ingredient_ids": [
		10267,
		8084,
		10438,
		51687,
		9456,
		28398
	],
	"time": "60",
	"ingre_list": [
		{
			"ingre_name": "버터",
			"ingre_count": "100",
			"ingre_unit": "g"
		},
		{
			"ingre_name": "설탕",
			"ingre_count": "70",
			"ingre_unit": "g"
		},
		{
			"ingre_name": "소금",
			"ingre_count": "2",
			"ingre_unit": "g"
		},
		{
			"ingre_name": "박력분",
			"ingre_count": "180",
			"ingre_unit": "g"
		},
		{
			"ingre_name": "달걀",
			"ingre_count": "1",
			"ingre_unit": "개"
		},
		{
			"ingre_name": "딸기쨈",
			"ingre_count": "",
			"ingre_unit": "적당히"
		}
	],
	"sauce_list": [],
	"recipe": [
		"1. 실온의 버터를 풀어 주고 설탕을 조금씩 섞어 주고 실온의 달걀을 조금씩 섞어 주세요.",
		"2. 체에 내린 가루류를 넣고 반죽을 완성해 주고 반죽을 적당한 크기로 떼어 동글납작하게 만들어준 다음 잼을 올릴 수 있도록 수저나 작은 병 뚜껑으로 자리를 만들어 주세요.",
		"3. 딸기잼을 적당히 올린 후 190도로 예열한 오븐에서 14~17분 가량 구워 주세요오븐"
	],
	"recipe_img": [
		"https://recipe1.ezmember.co.kr/cache/recipe/2015/08/17/a69489754905dbdaa9cef8d8531ff7d91.jpg",
		"https://recipe1.ezmember.co.kr/cache/recipe/2015/08/17/c0ee0cbcd01ed8ac644dc895701076cd1.jpg",
		"https://recipe1.ezmember.co.kr/cache/recipe/2015/08/17/cac3864c644a26582b28538fb8861bfb1.jpg"
	],
	"tag": [
		"간식, 곡류, 굽기, 딸기, 딸기잼, 잼, 쿠키"
	]
}