{
	"id": "2528933",
	"name": "닭가슴살 부추볶음",
	"thumbnail": "https://recipe1.ezmember.co.kr/cache/recipe/2015/06/08/6ea309958e6755abde9261045ca31316.jpg",
	"url": "https://www.10000recipe.com/recipe/2528933",
	"ingredient_ids": [
		9181,
		8544,
		51715
	],
	"time": "30",
	"ingre_list": [
		{
			"ingre_name": "닭가슴살",
			"ingre_count": "600",
			"ingre_unit": "g"
		},
		{
			"ingre_name": "부추",
			"ingre_count": "1",
			"ingre_unit": "줌"
		},
		{
			"ingre_name": "숙주",
			"ingre_count": "1",
			"ingre_unit": "공기"
		}
	],
	"sauce_list": [
		{
			"ingre_name": "다진마늘",
			"ingre_count": "1",
			"ingre_unit": "T"
		},
		{
			"ingre_name": "청주",
			"ingre_count": "1",
			"ingre_unit": "T"
		},
		{
			"ingre_name": "소금",
			"ingre_count": "",
			"ingre_unit": "조금"
		},
		{
			"ingre_name": "후춧가루",
			"ingre_count": "",
			"ingre_unit": "조금"
		},
		{
			"ingre_name": "간장",
			"ingre_count": "3",
			"ingre_unit": "T"
		},
		{
			"ingre_name": "생강즙",
			"ingre_count": "1",
			"ingre_unit": "작은술"
		},
		{
			"ingre_name": "다진마늘",
			"ingre_count": "1",
			"ingre_unit": "작은술"
		},
		{
			"ingre_name": "설탕",
			"ingre_count": "2",
			"ingre_unit": "T"
		},
		{
			"ingre_name": "청주",
			"ingre_count": "1",
			"ingre_unit": "T"
		},
		{
			"ingre_name": "참기름",
			"ingre_count": "1/2",
			"ingre_unit": "T"
		},
		{
			"ingre_name": "후춧가루",
			"ingre_count": "",
			"ingre_unit": "조금"
		}
	],
	"recipe": [
		"1. 닭 가슴살 가운데 하얀 힘줄을 떼고 도톰하게 칼질을 한 다음 밑간 양념에 20분 정도 재어 누린내를 제거합니다.",
		"2. 깨끗히 씻은 부추는 4cm 크기로 자르고, 숙주는 깨끗이 씻은 다음 물기를 뺍니다. 기름을 두르고 달구어진 팬에 밑간 된 닭고기를 구어냅니다.",
		"3. 닭고기가 다 익을 무렵에 양념장을 넣고 한번 볶은 다음, 숙주와 부추를 넣고 한번 살짝 볶음을 한 후 불에서 내려 닭고기 볶음을 그릇에 담아냅니다."
	],
	"recipe_img": [
		"https://recipe1.ezmember.co.kr/cache/recipe/2015/07/17/a765ea1369cdbbecee04738eb7e10ee91.jpg",
		"https://recipe1.ezmember.co.kr/cache/recipe/2015/07/17/e7b90e854842548b0f8deae2800df4411.jpg",
		"https://recipe1.ezmember.co.kr/cache/recipe/2015/07/17/c9f873669b3760d7ce09a0b3124ed4cf1.jpg"
	],
	"tag": [
		"다이어트, 닭가슴살, 닭가슴살볶음, 닭고기, 메인반찬, 볶음"
	]
}