{
	"id": "2614273",
	"name": "애호박당근볶음",
	"thumbnail": "https://recipe1.ezmember.co.kr/cache/recipe/2015/07/14/935641575c370ec7a1ecd6bf201a7aa7.jpg",
	"url": "https://www.10000recipe.com/recipe/2614273",
	"ingredient_ids": [
		8855,
		8386,
		8676,
		51684
	],
	"time": "15",
	"ingre_list": [
		{
			"ingre_name": "애호박",
			"ingre_count": "1",
			"ingre_unit": "개"
		},
		{
			"ingre_name": "당근",
			"ingre_count": "1/4",
			"ingre_unit": "개"
		},
		{
			"ingre_name": "양파",
			"ingre_count": "1/4",
			"ingre_unit": "개"
		},
		{
			"ingre_name": "식용유",
			"ingre_count": "",
			"ingre_unit": "약간"
		}
	],
	"sauce_list": [
		{
			"ingre_name": "간장",
			"ingre_count": "1",
			"ingre_unit": "T"
		},
		{
			"ingre_name": "올리고당",
			"ingre_count": "1",
			"ingre_unit": "T"
		},
		{
			"ingre_name": "통깨",
			"ingre_count": "1/2",
			"ingre_unit": "T"
		},
		{
			"ingre_name": "참기름",
			"ingre_count": "",
			"ingre_unit": "약간"
		}
	],
	"recipe": [
		"1. 먼저 알맞은 크기와 너무 얇지 않게 잘라둔 당근과 양파를 볶아줍니다. 이때 너무 볶지 마시고 중간 정도만 볶아주세요.",
		"2. 볶은 당근 위에 얇지 않은 굵기로 잘라둔 애호박을 올리고 같이 볶아 줍니다.",
		"3. 간장과 올리고당을 넣고 잘 섞어줍니다.",
		"4. 어느 정도 익었으면 소금으로 살짝 뒤적이면서 간을 하고 참기름 살짝, 그리고 통깨를 조금 넣어 주세요."
	],
	"recipe_img": [
		"https://recipe1.ezmember.co.kr/cache/recipe/2015/07/14/6c35a059a28584ad68fd026ae58baab21.jpg",
		"https://recipe1.ezmember.co.kr/cache/recipe/2015/07/14/2bc85d3c9cea5307e3b8c68d2114fbb81.jpg",
		"https://recipe1.ezmember.co.kr/cache/recipe/2015/07/14/2b9bb5fbda6e61e2581d86f929ff41821.jpg",
		"https://recipe1.ezmember.co.kr/cache/recipe/2015/07/14/e5113527d1a73fab23199e29ee1fd33b1.jpg"
	],
	"tag": [
		"애호박볶음"
	]
}