{
	"id": "2632605",
	"name": "쫄라 떡볶이 만들기",
	"thumbnail": "https://recipe1.ezmember.co.kr/cache/recipe/2015/06/08/0ca9a77215ecfc2e460594e9eb63a2c9.jpg",
	"url": "https://www.10000recipe.com/recipe/2632605",
	"ingredient_ids": [
		11266
	],
	"time": "30",
	"ingre_list": [
		{
			"ingre_name": "멸치",
			"ingre_count": "2/3",
			"ingre_unit": "움큼"
		}
	],
	"sauce_list": [],
	"recipe": [
		"1. 팬에 멸치를 넣고 살짝 볶아 줍니다. 다시마는 면보나 행주로 하얀색분을 닦아 줍니다.",
		"2. 냄비에 물 5컵과 볶은멸치와 다시마를 넣고 끓여 줍니다. 멸치육수가 끓어오르면 5분후 다시마는 건져 주시고, 멸치만 있는채로 5분간 더 끓여 줍니다.",
		"3. 불끄전에 청주 한큰술 넣고 조금 끓이다가 불을 꺼 줍니다. 완성되었습니다. 요 육수로 맛나는 쫄라떡볶이를 만들까 합니다.",
		"4. 계란은 삶아 껍질을 벗겨 주시고, 양파는 채썰어 주시고요, 어묵, 양배추, 깻잎은 두께가 있게 썰어 줍니다. 파는 어슷썰기를 해 주세요.",
		"5. 그릇에 고추장 4큰술, 고춧가루 1 + 1/2큰술, 다진마늘 1큰술, 라면 스프 1작은술, 물엿 2 + 1/2큰술, 설탕 2/3큰술, 간장 1큰술, 고추기름 1큰술 마지막으로 은근히 중독되게 만드는 쫄라떡볶이의 핵심 후추가루를 1 + 1/2큰술을 넣어 주세요.",
		"6. 쫄면은 끓는물에 2분정도 삶아 줍니다. (쫄면을 그냥 넣게 되면 쫄면의 전분기로 육수가 뻑뻑해지고, 딱해 진답니다. 2분정도 삶은 뒤 흐르는 물에 씻어 전분기를 없애 줍니다.)",
		"7. 조금전에 만들어 두었던 멸치육수를 넓은 팬에 붓고 끓여 줍니다. 육수가 끓어 오르면 양파, 떡볶이떡, 어묵을 넣고 끓여 줍니다.",
		"8. 끓어오르면 파, 양배추, 쫄면, 라면, 계란을 넣고 보글보글 끓여 줍니다.",
		"9. 마지막으로 불끄고 깻잎 뿌려 주시면 OK."
	],
	"recipe_img": [
		"https://recipe1.ezmember.co.kr/cache/recipe/2015/07/16/2fa7c5f416dbbadb1e64a794c56455861.jpg",
		"https://recipe1.ezmember.co.kr/cache/recipe/2015/07/16/7541da3bb26b0aa7c52ea1d12f23452f1.jpg",
		"https://recipe1.ezmember.co.kr/cache/recipe/2015/07/16/a0f53e295fc4f21f8910b16bb430c44d1.jpg",
		"https://recipe1.ezmember.co.kr/cache/recipe/2015/07/16/f83991e681572774951e51989f5981221.jpg",
		"https://recipe1.ezmember.co.kr/cache/recipe/2015/07/16/8a0375aac5d82f47a771915ade1bf6ee1.jpg",
		"https://recipe1.ezmember.co.kr/cache/recipe/2015/07/16/f35ad47e152f66a8bf02f6303857d46b1.jpg",
		"https://recipe1.ezmember.co.kr/cache/recipe/2015/07/16/037b6b24fcd92581276d0b62f7d2e44c1.jpg",
		"https://recipe1.ezmember.co.kr/cache/recipe/2015/07/16/caf429cf03978e9c30aaa07ddb4887191.jpg",
		"https://recipe1.ezmember.co.kr/cache/recipe/2015/07/16/89b16baec19328b1c3df72fc420637871.jpg"
	],
	"tag": [
		"떡, 떡볶이, 밥+죽+떡, 볶음, 쌀"
	]
}