{
	"id": "2673466",
	"name": "계란막대토스트 ",
	"thumbnail": "https://recipe1.ezmember.co.kr/cache/recipe/2015/06/08/2cc5a2ec18fc2f9b3b4cf3fcec424433.jpg",
	"url": "https://www.10000recipe.com/recipe/2673466",
	"ingredient_ids": [
		7883,
		9298,
		28988,
		13865,
		9456,
		10489
	],
	"time": "30",
	"ingre_list": [
		{
			"ingre_name": "식빵",
			"ingre_count": "2",
			"ingre_unit": "장"
		},
		{
			"ingre_name": "베이컨",
			"ingre_count": "4",
			"ingre_unit": "장"
		},
		{
			"ingre_name": "슬라이스치즈",
			"ingre_count": "1",
			"ingre_unit": "장"
		},
		{
			"ingre_name": "딸기잼",
			"ingre_count": "",
			"ingre_unit": ""
		},
		{
			"ingre_name": "달걀",
			"ingre_count": "",
			"ingre_unit": ""
		},
		{
			"ingre_name": "파슬리",
			"ingre_count": "",
			"ingre_unit": ""
		}
	],
	"sauce_list": [
		{
			"ingre_name": "소금",
			"ingre_count": "",
			"ingre_unit": ""
		}
	],
	"recipe": [
		"1. 식빵에 잼을 발라 줍니다.",
		"2. 잼 바른 식빵 위에 슬라이스치즈를 올려 줍니다.",
		"3. 4등분으로 잘라 줍니다.",
		"4. 베이컨으로 돌돌 말아 줍니다.",
		"5. 계란물에 묻혀 줍니다. (저는 계란물에 파슬리를 살짝 곁들여 보았습니다.)",
		"6. 팬에 기름을 두르고 앞, 뒤, 옆,면을 익혀 줍니다."
	],
	"recipe_img": [
		"https://recipe1.ezmember.co.kr/cache/recipe/2015/07/16/cd93ec24b32c255057b30705308b34f71.jpg",
		"https://recipe1.ezmember.co.kr/cache/recipe/2015/07/16/2453d691fdd0e37a2fba566d735d34b01.jpg",
		"https://recipe1.ezmember.co.kr/cache/recipe/2015/07/16/241bfaf95142375ba89baca43d8e127b1.jpg",
		"https://recipe1.ezmember.co.kr/cache/recipe/2015/07/16/5b74cf4dd4b70c954cdb11c7d2753d881.jpg",
		"https://recipe1.ezmember.co.kr/cache/recipe/2015/07/16/9a31498b2ec11ea5af6021f47e02b2921.jpg",
		"https://recipe1.ezmember.co.kr/cache/recipe/2015/07/16/a8039c41ca1de8ebafd11f60840df37a1.jpg"
	],
	"tag": [
		"간식, 계란, 달걀, 밀가루, 부침, 에그, 토스트"
	]
}