{
	"id": "2697716",
	"name": "두부햄 덮밥",
	"thumbnail": "https://recipe1.ezmember.co.kr/cache/recipe/2015/06/08/329dfbdf2a812e8eed98db60f07f006a.jpg",
	"url": "https://www.10000recipe.com/recipe/2697716",
	"ingredient_ids": [
		8158,
		15272,
		51685,
		8822,
		51772
	],
	"time": "30",
	"ingre_list": [
		{
			"ingre_name": "두부",
			"ingre_count": "240",
			"ingre_unit": "g"
		},
		{
			"ingre_name": "햄",
			"ingre_count": "200",
			"ingre_unit": "g"
		},
		{
			"ingre_name": "밥",
			"ingre_count": "2",
			"ingre_unit": "공기"
		},
		{
			"ingre_name": "실파",
			"ingre_count": "1",
			"ingre_unit": "대"
		},
		{
			"ingre_name": "검은깨",
			"ingre_count": "",
			"ingre_unit": "약간"
		}
	],
	"sauce_list": [
		{
			"ingre_name": "소금",
			"ingre_count": "",
			"ingre_unit": "약간"
		},
		{
			"ingre_name": "기름",
			"ingre_count": "",
			"ingre_unit": "적당량"
		}
	],
	"recipe": [
		"1. 햄과 두부는 깍뚝썰기를 해주신후에 소금을 솔솔 뿌린다음",
		"2. 팬에 기름을 두르고 두부를 노릇하게 구워주세요.",
		"3. 햄은 마른팬에 노릇하게 구워주세요. 그릇에 밥을 담고 햄과 두부올린다음 실파,검은깨솔솔 뿌려주시면 완성입니다."
	],
	"recipe_img": [
		"https://recipe1.ezmember.co.kr/cache/recipe/2015/07/16/55ba7f571f29b5d7ba3545bb6d19193e1.jpg",
		"https://recipe1.ezmember.co.kr/cache/recipe/2015/07/16/df891b1d6ccef1e0428674bdf4845ec91.jpg",
		"https://recipe1.ezmember.co.kr/cache/recipe/2015/07/16/01d7a51dee7d20df9c8a74cf02334dec1.jpg"
	],
	"tag": [
		"덮밥, 두부, 두부덮밥, 밥+죽+떡, 밥, 부침, 콩+견과류"
	]
}