{
	"id": "2729920",
	"name": "치즈크림샌드 붓세",
	"thumbnail": "https://recipe1.ezmember.co.kr/cache/recipe/2015/07/02/78f07f609ae0e2c4218397cc9bf4bd5f.jpg",
	"url": "https://www.10000recipe.com/recipe/2729920",
	"ingredient_ids": [],
	"time": "120",
	"ingre_list": [],
	"sauce_list": [],
	"recipe": [
		"1. 달걀흰자에 소금을 아주 조금 넣어서 휘핑해주다가 거품이 일기 시작하면 설탕을 나누어 넣으면서 휘핑해주세요. 뿔이 단단한 머랭을 만들어주시면 되어요.",
		"2. 달걀 노른자를 멍울없이 부드럽게 풀어준다음,",
		"3. 머랭에 넣어주고 초콜릿리큐르도 같이 넣어서 손거품기로 섞어주세요. 많이 섞을 필요는 없구요, 노른자가 머랭에 고루 섞이면 멈춰주세요. 여기에 체친 가루류를 넣어서 고무주걱으로 아래에서 위로 퍼올리듯 섞어줍니다.",
		"4. 가루류가 보이지 않으면 반죽을 깍지낀 짤주머니에 넣어주세요. 그런다음 유산지를 깔아놓은 베이킹팬 위에 긴 타원형으로 짜주세요. 짜준 반죽위에 슈거파우더를 적당히 뿌려주세요. 그래야 옆으로 퍼지지 않고 멋스럽게 구워져요. 200℃로 예열해둔 오븐에 넣어서 8~9분정도 구워줍니다.오븐",
		"5. 다 구워지면 잠시 유산지째로 둔 후에 떼어서 식힘망에서 완전히 식혀주세요.",
		"6. 실온에 두어서 말랑해진 버터와 크림치즈를 부드럽게 풀어주고, 설탕과 레몬즙, 바닐라엑스트렉을 넣어서 부드럽게 섞어줍니다.",
		"7. 설탕이 부드럽게 섞이면 다져둔 건포도를 넣어서 고루 섞어주세요.",
		"8. 완전히 식은 쿠키의 한쪽면에 발라주고 다른 쿠키로 덮어주면 끝!"
	],
	"recipe_img": [
		"https://recipe1.ezmember.co.kr/cache/recipe/2015/07/03/5c5448c8fad6c7d89243bd64ee2530a71.jpg",
		"https://recipe1.ezmember.co.kr/cache/recipe/2015/07/03/ce938279c5c5a3ebcb9d87f56e3e05441.jpg",
		"https://recipe1.ezmember.co.kr/cache/recipe/2015/07/03/ecc9667090933c95a7cabdd115f145aa1.jpg",
		"https://recipe1.ezmember.co.kr/cache/recipe/2015/07/03/7ab438b11f923d898df6f2dc9acab3bc1.jpg",
		"https://recipe1.ezmember.co.kr/cache/recipe/2015/07/03/ee78212aae3b6c5ff1edcc75ee9608191.jpg",
		"https://recipe1.ezmember.co.kr/cache/recipe/2015/07/03/399691cf191f3ee179965d3c262459801.jpg",
		"https://recipe1.ezmember.co.kr/cache/recipe/2015/07/03/16b7ca755c783c342206291ffd3560d61.jpg",
		"https://recipe1.ezmember.co.kr/cache/recipe/2015/07/03/be0f9fc7e36474aecbe67908aaed0a9c1.jpg"
	],
	"tag": [
		"밀가루"
	]
}