{
	"id": "2803587",
	"name": "스터프드 에그(stuffed egg)",
	"thumbnail": "https://recipe1.ezmember.co.kr/cache/recipe/2015/04/13/a27558277650db9b543a5e1ea094ac801.jpg",
	"url": "https://www.10000recipe.com/recipe/2803587",
	"ingredient_ids": [
		9456,
		8710,
		9294,
		10489
	],
	"time": "30",
	"ingre_list": [
		{
			"ingre_name": "달걀",
			"ingre_count": "4",
			"ingre_unit": "개"
		},
		{
			"ingre_name": "오이",
			"ingre_count": "1/3",
			"ingre_unit": "개"
		},
		{
			"ingre_name": "슬라이스햄",
			"ingre_count": "1",
			"ingre_unit": "장"
		},
		{
			"ingre_name": "파슬리",
			"ingre_count": "1/2",
			"ingre_unit": "줄기"
		}
	],
	"sauce_list": [
		{
			"ingre_name": "마요네즈",
			"ingre_count": "2",
			"ingre_unit": "T"
		},
		{
			"ingre_name": "머스터드",
			"ingre_count": "0.",
			"ingre_unit": "T"
		},
		{
			"ingre_name": "소금",
			"ingre_count": "",
			"ingre_unit": "약간"
		},
		{
			"ingre_name": "후춧가루",
			"ingre_count": "",
			"ingre_unit": "약간"
		}
	],
	"recipe": [
		"1. 달걀을 약한불에서 젓가락으로 굴려가며 약 20분정도 삶아주어요. 젓가락으로 굴리는 이유는 노른자가 가운데로 올 수 있도록 하기 위함이에요. 아무래도 노른자를 빼서 속을 채워야 하기 때문에~",
		"2. 삶아진 달걀은 찬물에 담가 껍질을 벗겨주고",
		"3. 각각 흰자 양쪽 밑둥을 살짝 잘라내어 평평하게 만들어 흰자가 잘 세워지도록 만든 뒤 반으로 자른 달걀은 가운데 노른자 속을 뺍니다.",
		"4. 슬라이스햄은 잘게 썰고 오이는 돌려깍기 하여 잘게 다져 준비해주세요.",
		"5. 노른자에 햄 오이를 넣고 마요네즈 2, 머스터드 0.3, 소금, 후춧가루 약간 으로 간해 섞고",
		"6. 별깍지 끼운 짤주머니에 담아 흰자 위 빙그르르 짜준 뒤 파슬리 잎으로 장식하여 마무리! 짤주머니나 별깍지가 없다면 일반 비닐팩에 담아서 한쪽 귀퉁이를 살짝 날라내어 짜주셔도 좋을듯 하네요."
	],
	"recipe_img": [
		"https://recipe1.ezmember.co.kr/cache/recipe/2015/04/13/8e6f8628b351c2c356c1603e19a487f31.jpg",
		"https://recipe1.ezmember.co.kr/cache/recipe/2015/04/13/79045fd7ecb5b9a0e692fcd7879c872b1.jpg",
		"https://recipe1.ezmember.co.kr/cache/recipe/2015/04/13/18d107d43a4688274368f1ae660599011.jpg",
		"https://recipe1.ezmember.co.kr/cache/recipe/2015/04/13/9fd6e0de7ce782a772ac032daaab5f9f1.jpg",
		"https://recipe1.ezmember.co.kr/cache/recipe/2015/04/13/b3c2ec601f066697ac2add0be4e3d3ab1.jpg",
		"https://recipe1.ezmember.co.kr/cache/recipe/2015/04/13/eb65aece10d19bfbbbf58487706225e01.jpg"
	],
	"tag": [
		"계란, 달걀, 디저트, 삶기, 손님접대, 에그, 채소류"
	]
}