{
	"id": "2896593",
	"name": "갈치무조림",
	"thumbnail": "https://recipe1.ezmember.co.kr/cache/recipe/2015/05/27/2691a2a75bb6df554bdd228011e482771.jpg",
	"url": "https://www.10000recipe.com/recipe/2896593",
	"ingredient_ids": [
		10853,
		8452,
		8316,
		8824,
		51683
	],
	"time": "30",
	"ingre_list": [
		{
			"ingre_name": "갈치",
			"ingre_count": "1",
			"ingre_unit": "마리"
		},
		{
			"ingre_name": "무",
			"ingre_count": "530",
			"ingre_unit": "g"
		},
		{
			"ingre_name": "청양고추",
			"ingre_count": "2",
			"ingre_unit": "개"
		},
		{
			"ingre_name": "대파",
			"ingre_count": "1/2",
			"ingre_unit": "뿌리"
		},
		{
			"ingre_name": "물",
			"ingre_count": "",
			"ingre_unit": "적당량"
		}
	],
	"sauce_list": [
		{
			"ingre_name": "진간장",
			"ingre_count": "3",
			"ingre_unit": "T"
		},
		{
			"ingre_name": "고추장",
			"ingre_count": "1",
			"ingre_unit": "T"
		},
		{
			"ingre_name": "고춧가루",
			"ingre_count": "2",
			"ingre_unit": "T"
		},
		{
			"ingre_name": "맛술",
			"ingre_count": "2",
			"ingre_unit": "T"
		},
		{
			"ingre_name": "올리고당",
			"ingre_count": "2",
			"ingre_unit": "T"
		},
		{
			"ingre_name": "다진마늘",
			"ingre_count": "1",
			"ingre_unit": "T"
		},
		{
			"ingre_name": "어슷썬대파",
			"ingre_count": "",
			"ingre_unit": "약간"
		},
		{
			"ingre_name": "물",
			"ingre_count": "",
			"ingre_unit": "적당량"
		}
	],
	"recipe": [
		"1. 청양 고추는 꼭지를 제거하고 씻은 후 어슷 썰고 대파는 껍질을 벗겨 씻은 후 어슷 썰어 줍니다.",
		"2. 무는 흐르는 물에 씻은 후 적당한 크기로 썰어 줍니다.",
		"3. 은갈치는 내장과 지느러미를 제거하고 흐르는 물에 깨끗하게 씻어 줍니다.",
		"4. 분량의 양념장 재료 진간장, 고추장, 고춧가루, 맛술, 올리고당, 다진 마늘, 대파, 물을 넣고 양념장을 만들어 줍니다.",
		"5. 냄비 바닥에 무를 고르게 깔고 갈치를 가지런하게 얹은 후 청양 고추와 대파를 올린 다음 양념장을 끼얹어 줍니다.  양념장 그릇에 묻은 양념은 물을 붓고 흔들어서 부어 주었어요.",
		"6. 가스 불에 올려 끓어오르면 불을 줄이고 간이 고루 배도록 중간 중간 양념장 국물을 끼얹어 가면서 조려 줍니다."
	],
	"recipe_img": [
		"https://recipe1.ezmember.co.kr/cache/recipe/2015/05/27/95a2bc125ca31e60b764fd479aea4a241.jpg",
		"https://recipe1.ezmember.co.kr/cache/recipe/2015/05/27/cebfd33007baa8bcf9760d9dc28dbc061.jpg",
		"https://recipe1.ezmember.co.kr/cache/recipe/2015/05/27/e781abf5c81c00cd5254ed210331a10a1.jpg",
		"https://recipe1.ezmember.co.kr/cache/recipe/2015/05/27/d8390d1e4d6690e4cd7a013423c3f8dd1.jpg",
		"https://recipe1.ezmember.co.kr/cache/recipe/2015/05/27/37fd81ee1fbc65543f405f1bb5c70a891.jpg",
		"https://recipe1.ezmember.co.kr/cache/recipe/2015/05/27/bf9e6672ee13d13dd89a52531ff646bf1.jpg"
	],
	"tag": [
		"갈치조림, 무조림, 조림, 해물류"
	]
}