{
	"id": "2954489",
	"name": "스트로이젤 연유머핀",
	"thumbnail": "https://recipe1.ezmember.co.kr/cache/recipe/2015/06/08/e483c8b26088c80b180e98668c386fc8.jpg",
	"url": "https://www.10000recipe.com/recipe/2954489",
	"ingredient_ids": [
		10267,
		8084,
		10218,
		9456,
		51687,
		51699,
		10230
	],
	"time": "60",
	"ingre_list": [
		{
			"ingre_name": "버터",
			"ingre_count": "60",
			"ingre_unit": "g"
		},
		{
			"ingre_name": "설탕",
			"ingre_count": "20",
			"ingre_unit": "g"
		},
		{
			"ingre_name": "연유",
			"ingre_count": "50",
			"ingre_unit": "g"
		},
		{
			"ingre_name": "달걀",
			"ingre_count": "1",
			"ingre_unit": "개"
		},
		{
			"ingre_name": "박력분",
			"ingre_count": "120",
			"ingre_unit": "g"
		},
		{
			"ingre_name": "베이킹파우더",
			"ingre_count": "4",
			"ingre_unit": "g"
		},
		{
			"ingre_name": "우유",
			"ingre_count": "30~40ml",
			"ingre_unit": "ml"
		}
	],
	"sauce_list": [],
	"recipe": [
		"1. 스트로이젤 재료를 모두 섞어 손이나 스크래퍼를 이용해 소보로 상태로 만들어 주고 실온의 버터를 풀어주고 설탕을 조금씩 섞어 주세요.",
		"2. 실온의 달걀을 조금 섞고 연유를 넣고 섞어주세요.",
		"3. 체에 내린 가루류를 넣고 가루가 안 보일때쯤 우유를 넣고 질기를 맞춰주세요.",
		"4. 머핀틀에 반죽을 담고 스트로이젤을 적당히 올린후 180도 예열한 오븐에 25~28분간 구워주세요.오븐"
	],
	"recipe_img": [
		"https://recipe1.ezmember.co.kr/cache/recipe/2015/07/16/5ca64d1f48d000501d6efd8dae83f5431.jpg",
		"https://recipe1.ezmember.co.kr/cache/recipe/2015/07/16/4cd665f19aea30f1e7d0a9d3d9008c8e1.jpg",
		"https://recipe1.ezmember.co.kr/cache/recipe/2015/07/16/2c1d9f027f8b39c7ec7f53206e4792c81.jpg",
		"https://recipe1.ezmember.co.kr/cache/recipe/2015/07/16/74384c70b2a106d5e62c464e8935dc641.jpg"
	],
	"tag": [
		"곡류, 머핀"
	]
}