{
	"id": "2978797",
	"name": "고구마 파운드 케이크",
	"thumbnail": "https://recipe1.ezmember.co.kr/cache/recipe/2015/06/08/c0cd09da43e9d93c74d121ad856e8cf4.jpg",
	"url": "https://www.10000recipe.com/recipe/2978797",
	"ingredient_ids": [
		51687,
		51699,
		10267,
		8084,
		9456,
		8020
	],
	"time": "60",
	"ingre_list": [
		{
			"ingre_name": "박력분",
			"ingre_count": "150",
			"ingre_unit": "g"
		},
		{
			"ingre_name": "베이킹파우더",
			"ingre_count": "1/2",
			"ingre_unit": "작은술"
		},
		{
			"ingre_name": "버터",
			"ingre_count": "120",
			"ingre_unit": "g"
		},
		{
			"ingre_name": "설탕",
			"ingre_count": "120",
			"ingre_unit": "g"
		},
		{
			"ingre_name": "달걀",
			"ingre_count": "2",
			"ingre_unit": "개"
		},
		{
			"ingre_name": "고구마",
			"ingre_count": "200",
			"ingre_unit": "g"
		}
	],
	"sauce_list": [],
	"recipe": [
		"1. 고구마는 껍질을 벗긴후 사방1센티 크기로 깍뚝썰어줍니다.",
		"2. 고구마는 찬물에 담구어 전분기를 빼주세요.",
		"3. 찬물에 담구어둔 고구마는 건져내어 종이타올에 두드려 물기를 제거해줍니다.",
		"4. 고구마에 박력분을 조금 뿌려 골고루 섞어주세요.",
		"5. 볼에 실온의 말랑 버터를 넣고 휘핑해준후 분량의 설탕을 2회에 나누어 넣고 골고루 잘 섞어줍니다.",
		"6. 달걀도 한개씩 넣고 잘 섞어주세요.",
		"7. 체에친 가루류 (박력분, 베이킹파우더)를 넣고 골고루 잘 섞어주세요.",
		"8. 마지막으로 고구마를 넣고 주걱으로 휘리릭~ 섞어주세요.",
		"9. 파운드케이크 틀에 녹인 버터를 살짝 바른후 반죽을 용기의 8부정도로 담아줍니다.",
		"10. 예열한 180도 오븐에서 40분정도 구워주세요.오븐"
	],
	"recipe_img": [
		"https://recipe1.ezmember.co.kr/cache/recipe/2015/07/16/efebf6d19e0f3987ed5d5945d9b265d71.jpg",
		"https://recipe1.ezmember.co.kr/cache/recipe/2015/07/16/80e0fbb665c16e20e4e226e60700b92e1.jpg",
		"https://recipe1.ezmember.co.kr/cache/recipe/2015/07/16/91405bb172c0e1d7e195b39e4f4e7f171.jpg",
		"https://recipe1.ezmember.co.kr/cache/recipe/2015/07/16/37c9fb6c54ed88046e82a8437aaedfc21.jpg",
		"https://recipe1.ezmember.co.kr/cache/recipe/2015/07/16/e6c5d704f24168662b99232661f415391.jpg",
		"https://recipe1.ezmember.co.kr/cache/recipe/2015/07/16/d2a8473defc343453a5796651d12d1a61.jpg",
		"https://recipe1.ezmember.co.kr/cache/recipe/2015/07/16/da0017e889e0e624dd3d8e56d139bf961.jpg",
		"https://recipe1.ezmember.co.kr/cache/recipe/2015/07/16/98ed3e392e38db150931e8f9038abd301.jpg",
		"https://recipe1.ezmember.co.kr/cache/recipe/2015/07/16/2e9add3b8f02695da0d65230a46e700a1.jpg",
		"https://recipe1.ezmember.co.kr/cache/recipe/2015/07/16/e29696b8615e8a404d4d51852ec4102c1.jpg"
	],
	"tag": [
		"간식, 고구마, 굽기, 밀가루, 케이크, 파운드케이크"
	]
}