{
	"id": "3006119",
	"name": "시나몬 초코칩 쿠키",
	"thumbnail": "https://recipe1.ezmember.co.kr/cache/recipe/2015/06/25/d5918e71876419159ae72a38ee374dec.jpg",
	"url": "https://www.10000recipe.com/recipe/3006119",
	"ingredient_ids": [
		51687,
		10267,
		8084,
		10438,
		51699,
		51729,
		51808,
		9456
	],
	"time": "60",
	"ingre_list": [
		{
			"ingre_name": "박력분",
			"ingre_count": "165",
			"ingre_unit": "g"
		},
		{
			"ingre_name": "버터",
			"ingre_count": "80",
			"ingre_unit": "g"
		},
		{
			"ingre_name": "설탕",
			"ingre_count": "100",
			"ingre_unit": "g"
		},
		{
			"ingre_name": "소금",
			"ingre_count": "2",
			"ingre_unit": "g"
		},
		{
			"ingre_name": "베이킹파우더",
			"ingre_count": "3",
			"ingre_unit": "g"
		},
		{
			"ingre_name": "초코칩",
			"ingre_count": "60",
			"ingre_unit": "g"
		},
		{
			"ingre_name": "시나몬가루",
			"ingre_count": "1/2",
			"ingre_unit": "작은술"
		},
		{
			"ingre_name": "달걀",
			"ingre_count": "1",
			"ingre_unit": "개"
		}
	],
	"sauce_list": [],
	"recipe": [
		"1. 실온 상태의 버터를 부드럽게 풀어주세요. 설탕을 조금씩 넣어가며 버터와 섞으세요.",
		"2. 실온 상태의 달걀을 조금씩 넣어가며 설탕의 서걱거림이 줄어들 때까지 저으세요. 세 번 체에 내린 박력분, 베이킹파우더를 넣고 가볍게 섞으세요.",
		"3. 초코칩을 넣고 날가루가 보이지 않을 때까지 섞으세요. 반죽을 15g 정도 떼서 둥글게 빚은 뒤 팬에 올리고 손으로 살짝 눌러 180도로 예열한 오븐에서 12~15분간 구우세요.오븐",
		"4. 바삭한 식감의 시나몬 초코칩쿠키 완성."
	],
	"recipe_img": [
		"https://recipe1.ezmember.co.kr/cache/recipe/2015/06/25/5537852e0eb1f91d39ef02242817db151.jpg",
		"https://recipe1.ezmember.co.kr/cache/recipe/2015/06/25/4087b21dc5b07a39ea44eaa6f4c6e07e1.jpg",
		"https://recipe1.ezmember.co.kr/cache/recipe/2015/06/25/d4271604cb0486b947c69373156adc0a1.jpg",
		"https://recipe1.ezmember.co.kr/cache/recipe/2015/06/25/c2d77e8d8e6e154ac3f4ba81f09be8021.jpg"
	],
	"tag": [
		"밀가루, 초코칩쿠키, 초코쿠키, 쿠키"
	]
}