{
	"id": "3406833",
	"name": "닭고기 야채조림",
	"thumbnail": "https://recipe1.ezmember.co.kr/cache/recipe/2015/06/01/5dc92986a16f07848996350319a29e3c1.jpg",
	"url": "https://www.10000recipe.com/recipe/3406833",
	"ingredient_ids": [
		7997,
		51816,
		8855,
		8676,
		8386
	],
	"time": "30",
	"ingre_list": [
		{
			"ingre_name": "감자",
			"ingre_count": "1",
			"ingre_unit": "개"
		},
		{
			"ingre_name": "닭안심",
			"ingre_count": "100",
			"ingre_unit": "g"
		},
		{
			"ingre_name": "애호박",
			"ingre_count": "1/5",
			"ingre_unit": "개"
		},
		{
			"ingre_name": "양파",
			"ingre_count": "1/4",
			"ingre_unit": "개"
		},
		{
			"ingre_name": "당근",
			"ingre_count": "1/5",
			"ingre_unit": "개"
		}
	],
	"sauce_list": [
		{
			"ingre_name": "물(멸치육수)",
			"ingre_count": "",
			"ingre_unit": ""
		},
		{
			"ingre_name": "간장",
			"ingre_count": "5",
			"ingre_unit": "T"
		},
		{
			"ingre_name": "설탕",
			"ingre_count": "1~2큰술",
			"ingre_unit": "T"
		},
		{
			"ingre_name": "다진마늘",
			"ingre_count": "1",
			"ingre_unit": "작은술"
		},
		{
			"ingre_name": "후추",
			"ingre_count": "",
			"ingre_unit": "조금"
		}
	],
	"recipe": [
		"1. 감자, 애호박, 양파, 당근, 닭고기는 적당한 크기로 썰어 준비합니다.",
		"2. 준비한 재료를 냄비에 담으시고 물 혹은 멸치육수를 재료가 2/3쯤 잠기도록 넣어 주세요.",
		"3. 끓어 오르면 간장 5큰술, 설탕 1큰술~2큰술, 다진 마늘 1작은술, 후추 조금을 넣어 줍니다.",
		"4. 중불에서 국물이 자작해질정도로 졸여주면 끝.",
		"5. 국물이 조금 남으면 통깨를 뿌려 마무리해주세요."
	],
	"recipe_img": [
		"https://recipe1.ezmember.co.kr/cache/recipe/2015/06/02/56711137982cab3bf051b4f2dfab35d51.jpg",
		"https://recipe1.ezmember.co.kr/cache/recipe/2015/06/02/017c8156cc0df15c275e50b08b8e1e8f1.jpg",
		"https://recipe1.ezmember.co.kr/cache/recipe/2015/06/02/3b1d0cd5560bcdea6579dd49eb5e41641.jpg",
		"https://recipe1.ezmember.co.kr/cache/recipe/2015/06/02/21410c2ca07f0bd1633a19dfbf220cc91.jpg",
		"https://recipe1.ezmember.co.kr/cache/recipe/2015/06/02/7ad9e2a57b69e7413f4b9813e27593db1.jpg"
	],
	"tag": [
		"닭고기, 조림, 치킨"
	]
}