{
	"id": "3427729",
	"name": "참치감자고추장조림~",
	"thumbnail": "https://recipe1.ezmember.co.kr/cache/recipe/2015/06/01/d078b0c417eac5152e5f81184a823c1a1.jpg",
	"url": "https://www.10000recipe.com/recipe/3427729",
	"ingredient_ids": [
		7997,
		51720,
		8824
	],
	"time": "30",
	"ingre_list": [
		{
			"ingre_name": "감자",
			"ingre_count": "3",
			"ingre_unit": "개"
		},
		{
			"ingre_name": "참치캔",
			"ingre_count": "150",
			"ingre_unit": "g"
		},
		{
			"ingre_name": "대파",
			"ingre_count": "1/2",
			"ingre_unit": "개"
		}
	],
	"sauce_list": [
		{
			"ingre_name": "고추장",
			"ingre_count": "2",
			"ingre_unit": "T"
		},
		{
			"ingre_name": "고추가루1+1/2T",
			"ingre_count": "1+1/2",
			"ingre_unit": "T"
		},
		{
			"ingre_name": "다진마늘",
			"ingre_count": "1/2",
			"ingre_unit": "T"
		},
		{
			"ingre_name": "간장3+1/2T",
			"ingre_count": "3+1/2",
			"ingre_unit": "T"
		},
		{
			"ingre_name": "올리고당1+1/2T",
			"ingre_count": "1+1/2",
			"ingre_unit": "T"
		},
		{
			"ingre_name": "후추가루",
			"ingre_count": "",
			"ingre_unit": "소량"
		}
	],
	"recipe": [
		"1. 참치캔은 소쿠리에 받쳐 기름기를 제거합니다.",
		"2. 감자는 껍질을 제거후 1cm두께로 링썰기 씩으로 썰어준후 찬물에 5분정도 담궈 녹말기를 제거해줍니다.",
		"3. 볼에 고추장2T. 고추가루1T반. 다진마늘1/2T. 간장3T반. 올리고당1T반. 후추가루소량를 섞어 양념장을 만들어줍니다. 대파는 큼직하게 썰어 준비합니다.",
		"4. 뚝배기에 감자를 깔고 그 위에 참치를 올리고 양념장 올리고 대파올리고 물1컵반을 넣어줍니다. 센불로 끓이다 중불로 줄여 12분 정도 끓이면 완성입니다."
	],
	"recipe_img": [
		"https://recipe1.ezmember.co.kr/cache/recipe/2015/06/02/abb7b040e9dc99d7d111bed849e7f5a01.jpg",
		"https://recipe1.ezmember.co.kr/cache/recipe/2015/06/02/c98624d3e4245d6e8fc5b213c3569b931.jpg",
		"https://recipe1.ezmember.co.kr/cache/recipe/2015/06/02/261a927ef8e0934d0251ae2a45bae0821.jpg",
		"https://recipe1.ezmember.co.kr/cache/recipe/2015/06/02/21e0c28c98e9d417665c1e50cae797db1.jpg"
	],
	"tag": [
		"감자, 감자조림, 고추장, 메인반찬, 장조림, 조림"
	]
}