{
	"id": "3568149",
	"name": "고등어무조림",
	"thumbnail": "https://recipe1.ezmember.co.kr/cache/recipe/2015/05/27/d776a52f6fda01bb6ed1d4bdfb7821ce1.jpg",
	"url": "https://www.10000recipe.com/recipe/3568149",
	"ingredient_ids": [
		10901,
		8452,
		8824,
		51683
	],
	"time": "30",
	"ingre_list": [
		{
			"ingre_name": "고등어",
			"ingre_count": "1",
			"ingre_unit": "마리"
		},
		{
			"ingre_name": "무",
			"ingre_count": "500",
			"ingre_unit": "g"
		},
		{
			"ingre_name": "대파",
			"ingre_count": "1",
			"ingre_unit": "뿌리"
		},
		{
			"ingre_name": "물",
			"ingre_count": "300",
			"ingre_unit": "ml"
		}
	],
	"sauce_list": [
		{
			"ingre_name": "진간장",
			"ingre_count": "4",
			"ingre_unit": "T"
		},
		{
			"ingre_name": "고추장",
			"ingre_count": "2",
			"ingre_unit": "T"
		},
		{
			"ingre_name": "고춧가루",
			"ingre_count": "1",
			"ingre_unit": "T"
		},
		{
			"ingre_name": "매실액",
			"ingre_count": "2",
			"ingre_unit": "T"
		},
		{
			"ingre_name": "맛술",
			"ingre_count": "2",
			"ingre_unit": "T"
		},
		{
			"ingre_name": "올리고당",
			"ingre_count": "1",
			"ingre_unit": "T"
		},
		{
			"ingre_name": "다진마늘",
			"ingre_count": "1",
			"ingre_unit": "작은술"
		},
		{
			"ingre_name": "후춧가루",
			"ingre_count": "",
			"ingre_unit": "약간"
		}
	],
	"recipe": [
		"1. 무와 대파는 흐르는 물에 씻은 후 무는 도톰하게 반달 썰어 주고 대파는 어슷 썰어 줍니다.                   ",
		"2. 고등어는 흐르는 물에 깨끗하게 씻어 줍니다.",
		"3. 분량의 양념장 재료 진간장, 고추장, 고춧가루, 매실액, 맛술, 올리고당, 다진 마늘, 후춧가루를 넣어 고루 섞어서 양념장을 만들어 줍니다.",
		"4. 냄비 바닥에 무를 깔고 씻어 놓은 고등어를 올린 후 대파를 얹어 주고 양념장을 끼얹어 준 다음 물을 부어 줍니다.",
		"5. 가스 불에 올려 센 불에서 끓여 주다가 한소끔 끓으면 불을 줄이고 간이 고루 배도록 중간 중간 양념장을 끼얹어 주면서 조려 줍니다."
	],
	"recipe_img": [
		"https://recipe1.ezmember.co.kr/cache/recipe/2015/05/27/cc89dc1f2be7f94702929d69904ebc301.jpg",
		"https://recipe1.ezmember.co.kr/cache/recipe/2015/05/27/e9b7d9f1c4eb246badccce9341710e5c1.jpg",
		"https://recipe1.ezmember.co.kr/cache/recipe/2015/05/27/293a7a55703ed511ea5bba2f9a5a3a941.jpg",
		"https://recipe1.ezmember.co.kr/cache/recipe/2015/05/27/f7157ba2a73f5a97b9e0511e9b6304ed1.jpg",
		"https://recipe1.ezmember.co.kr/cache/recipe/2015/05/27/cd6c65b7123fe55d394f8097fa3fd2491.jpg"
	],
	"tag": [
		"고등어무조림, 고등어조림, 메인반찬, 무조림, 일상, 조림, 해물류"
	]
}