{
	"id": "3653178",
	"name": "아삭한 마늘쫑고추장무침",
	"thumbnail": "https://recipe1.ezmember.co.kr/cache/recipe/2015/06/08/09b8910f7cac68f0979c967c4aa0f030.jpg",
	"url": "https://www.10000recipe.com/recipe/3653178",
	"ingredient_ids": [
		51736
	],
	"time": "30",
	"ingre_list": [
		{
			"ingre_name": "마늘쫑",
			"ingre_count": "300",
			"ingre_unit": "g"
		}
	],
	"sauce_list": [
		{
			"ingre_name": "고추장",
			"ingre_count": "2",
			"ingre_unit": "TS"
		},
		{
			"ingre_name": "간장",
			"ingre_count": "1",
			"ingre_unit": "TS"
		},
		{
			"ingre_name": "올리고당",
			"ingre_count": "1",
			"ingre_unit": "TS"
		},
		{
			"ingre_name": "매실액",
			"ingre_count": "1",
			"ingre_unit": "TS"
		},
		{
			"ingre_name": "참기름",
			"ingre_count": "1",
			"ingre_unit": "Ts"
		},
		{
			"ingre_name": "통깨",
			"ingre_count": "",
			"ingre_unit": "약간"
		}
	],
	"recipe": [
		"1. 마늘쫑은 5cm 길이로 잘라서 씻어서 준비합니다.",
		"2. 마늘쫑은 끓는물에 소금을 넣고 1분정도 데쳐주면 됩니다.",
		"3. 고추장, 간장, 매실액, 올리고당, 참기름, 통깨를 넣어서 섞어서 양념장을 만들어줍니다.",
		"4. 데친 마늘쫑을 양념에 잘 섞어줍니다.",
		"5. 아삭 아삭 맛있는 마늘쫑무침 완성."
	],
	"recipe_img": [
		"https://recipe1.ezmember.co.kr/cache/recipe/2015/06/13/fae1c1fc389116b52365ecd3e266dd6e1.jpg",
		"https://recipe1.ezmember.co.kr/cache/recipe/2015/06/13/a4f86f4aeac397c79350e825ce47da581.jpg",
		"https://recipe1.ezmember.co.kr/cache/recipe/2015/06/13/06dadc1ecaf0630c85466561d85940581.jpg",
		"https://recipe1.ezmember.co.kr/cache/recipe/2015/06/13/d4a28534facc9ff0c1b51fba311c32901.jpg",
		"https://recipe1.ezmember.co.kr/cache/recipe/2015/06/13/5b5beb5d19b68d1d4d80e4b0a0ab320a.jpg"
	],
	"tag": [
		"고추장, 마늘쫑무침, 무침"
	]
}