{
	"id": "3687411",
	"name": "참치롤샌드위치 만들기 ",
	"thumbnail": "https://recipe1.ezmember.co.kr/cache/recipe/2015/06/22/83566b45c7d90f4ffb647b0634c3d469.jpg",
	"url": "https://www.10000recipe.com/recipe/3687411",
	"ingredient_ids": [
		7883,
		51720,
		8710,
		15272,
		8676
	],
	"time": "30",
	"ingre_list": [
		{
			"ingre_name": "식빵",
			"ingre_count": "6",
			"ingre_unit": "장"
		},
		{
			"ingre_name": "참치캔",
			"ingre_count": "1/2",
			"ingre_unit": "통"
		},
		{
			"ingre_name": "오이",
			"ingre_count": "1/2",
			"ingre_unit": "개"
		},
		{
			"ingre_name": "햄",
			"ingre_count": "",
			"ingre_unit": "약간"
		},
		{
			"ingre_name": "양파",
			"ingre_count": "",
			"ingre_unit": "약간"
		}
	],
	"sauce_list": [
		{
			"ingre_name": "마요네즈1+1/2숟갈",
			"ingre_count": "1+1/2",
			"ingre_unit": "T"
		},
		{
			"ingre_name": "백후추",
			"ingre_count": "",
			"ingre_unit": "약간"
		},
		{
			"ingre_name": "마요네즈",
			"ingre_count": "1",
			"ingre_unit": "T"
		},
		{
			"ingre_name": "머스터드소스",
			"ingre_count": "1/2",
			"ingre_unit": "T"
		}
	],
	"recipe": [
		"1. 오이는 껍질부분만 돌려깎기한 후 채 썰어 준비하고",
		"2. 햄도 오이 길이에 맞추어 채 썰어 준비해줍니다.",
		"3. 참치캔은 기름기를 따라버린 후 다진양파 2숟갈과 마요네즈, 백후추를 넣고 고루 버무려 고소하게 만들어줍니다.",
		"4. 빵에 살짝 바를 소스도 만들어주는데요.. 마요네즈와 머스터드소스를 섞어주면 된답니다.",
		"5. 식빵은 테두리를 잘라낸 후 사용할거에요.",
		"6. 식빵은 밀대로 납작하게 밀어",
		"7. 식빵밑에 랩을 깔고, 납작하게 민 식빵에 마요네즈와 머스터드소스를 섞은 소스를 얇게 발라주고",
		"8. 준비한 속재료인 참치, 오이, 햄을 가지런히 올려줍니다",
		"9. 김밥 말듯이 식빵을 돌돌 말아 양쪽 가장자리를 여며준후 30분 정도 두면 샌드위치가 풀리지않고 고정이 된답니다. 이 상태로 나들이 가실때 가져가셔도 되구요. 먹기좋게 잘라서 드셔도 됩니다."
	],
	"recipe_img": [
		"https://recipe1.ezmember.co.kr/cache/recipe/2015/06/23/39d113d636c8908f6ae6bc100246e9dd1.jpg",
		"https://recipe1.ezmember.co.kr/cache/recipe/2015/06/23/9463ff7b59269c0c87f2514d89943c181.jpg",
		"https://recipe1.ezmember.co.kr/cache/recipe/2015/06/23/29f920fc4d150679ac9bcbff5da608a31.jpg",
		"https://recipe1.ezmember.co.kr/cache/recipe/2015/06/23/2f05ad38162604dd00d259a3b8b60ea71.jpg",
		"https://recipe1.ezmember.co.kr/cache/recipe/2015/06/23/43d470216e534e4521b1052609aa38f31.jpg",
		"https://recipe1.ezmember.co.kr/cache/recipe/2015/06/23/595a93852e21f2f33c036051f03e40151.jpg",
		"https://recipe1.ezmember.co.kr/cache/recipe/2015/06/23/f0fd092b8673e99fface2592346418921.jpg",
		"https://recipe1.ezmember.co.kr/cache/recipe/2015/06/23/5832f8deb43099b3ecb1188f8af22f891.jpg",
		"https://recipe1.ezmember.co.kr/cache/recipe/2015/06/23/08d04e4b859eafbc33429d457c1684281.jpg"
	],
	"tag": [
		"롤, 롤샌드위치, 밀가루, 비빔, 샌드위치, 참치샌드위치"
	]
}