{
	"id": "3690484",
	"name": "달큰한 밑반찬 마늘쫑무침",
	"thumbnail": "https://recipe1.ezmember.co.kr/cache/recipe/2015/06/08/19bde888a18b110275cff9f81d0f4751.jpg",
	"url": "https://www.10000recipe.com/recipe/3690484",
	"ingredient_ids": [
		51736
	],
	"time": "10",
	"ingre_list": [
		{
			"ingre_name": "마늘쫑",
			"ingre_count": "1",
			"ingre_unit": "단"
		}
	],
	"sauce_list": [
		{
			"ingre_name": "고춧가루",
			"ingre_count": "1",
			"ingre_unit": "T"
		},
		{
			"ingre_name": "고추장",
			"ingre_count": "1",
			"ingre_unit": "T"
		},
		{
			"ingre_name": "설탕",
			"ingre_count": "1",
			"ingre_unit": "작은술"
		},
		{
			"ingre_name": "올리고당",
			"ingre_count": "1",
			"ingre_unit": "T"
		},
		{
			"ingre_name": "통깨",
			"ingre_count": "",
			"ingre_unit": "조금"
		},
		{
			"ingre_name": "참기름",
			"ingre_count": "1",
			"ingre_unit": "작은술"
		}
	],
	"recipe": [
		"1. 마늘쫑을 적당한 길이로 잘라 깨끗이 씻어 줍니다.",
		"2. 마늘쫑은 팔팔 끓는물에 20초 정도 데쳐 줍니다.",
		"3. 찬물에 헹궈 물기를 빼둡니다.",
		"4. 양념을 넣어 고루 무쳐주면 완성입니다."
	],
	"recipe_img": [
		"https://recipe1.ezmember.co.kr/cache/recipe/2015/06/16/03647ec38ae7404934e2ad8b2c4f49131.jpg",
		"https://recipe1.ezmember.co.kr/cache/recipe/2015/06/16/e40077b0e3f9a8cc35bd9d38832941121.jpg",
		"https://recipe1.ezmember.co.kr/cache/recipe/2015/06/16/87f54123bf26bece1c43da3ef52a6e8d1.jpg",
		"https://recipe1.ezmember.co.kr/cache/recipe/2015/06/16/6acf1f8ce0a107782b296b465b58c17d1.jpg"
	],
	"tag": [
		"마늘쫑무침, 무침"
	]
}