{
	"id": "3730762",
	"name": "닭다리 마늘소스구이",
	"thumbnail": "https://recipe1.ezmember.co.kr/cache/recipe/2015/07/06/194b78ee4c21b761501174871a51648a.jpg",
	"url": "https://www.10000recipe.com/recipe/3730762",
	"ingredient_ids": [
		9211
	],
	"time": "60",
	"ingre_list": [
		{
			"ingre_name": "닭다리",
			"ingre_count": "6",
			"ingre_unit": "개"
		}
	],
	"sauce_list": [
		{
			"ingre_name": "마늘",
			"ingre_count": "1",
			"ingre_unit": "T"
		},
		{
			"ingre_name": "청주",
			"ingre_count": "1",
			"ingre_unit": "T"
		},
		{
			"ingre_name": "생강즙",
			"ingre_count": "1",
			"ingre_unit": "T"
		},
		{
			"ingre_name": "소금",
			"ingre_count": "",
			"ingre_unit": ""
		},
		{
			"ingre_name": "후추",
			"ingre_count": "",
			"ingre_unit": ""
		},
		{
			"ingre_name": "올리브오일",
			"ingre_count": "1",
			"ingre_unit": "T"
		},
		{
			"ingre_name": "간장",
			"ingre_count": "2",
			"ingre_unit": "T"
		},
		{
			"ingre_name": "물",
			"ingre_count": "2",
			"ingre_unit": "T"
		},
		{
			"ingre_name": "물엿",
			"ingre_count": "2",
			"ingre_unit": "T"
		},
		{
			"ingre_name": "설탕",
			"ingre_count": "1",
			"ingre_unit": "T"
		},
		{
			"ingre_name": "식초",
			"ingre_count": "1",
			"ingre_unit": "T"
		},
		{
			"ingre_name": "마늘",
			"ingre_count": "10",
			"ingre_unit": "개"
		}
	],
	"recipe": [
		"1. 닭다리는 칼집을 넣어주고 마늘 1, 청주 1, 생강즙 1, 소금, 후추, 올리브오일 1 밑간을 해두세요.",
		"2. 마늘소스에 필요한 마늘은 잘게 다져 준비합니다.",
		"3. 오븐팬에 밑간베인 닭다리를 올려주세요.",
		"4. 190도로 예열된 오븐에 넣고 20~25분정도 구워주세요. 이때 통마늘을 넣고 구우시면 좋아요.오븐",
		"5. 간장2,물2,물엿2,설탕1,식초1,마늘10개 을 넣고 소스가 조금 농도가 날정도로 끓여주시다가 마늘을 넣어주세요.",
		"6. 마늘은 마지막에 매운맛만 가시도록 살짝만 볶아주심 됩니다.",
		"7. 미리 만들고 있던 마늘소스에 오븐에서 구워져나온 닭다리를 넣어줍니다.",
		"8. 닭다리에 양념이 자알 베이도록 버무려주심 끝."
	],
	"recipe_img": [
		"https://recipe1.ezmember.co.kr/cache/recipe/2015/07/06/aac3dc403938d92c582e025f747ef4fc1.jpg",
		"https://recipe1.ezmember.co.kr/cache/recipe/2015/07/06/d8e2baa1149884996a9318351b5fed041.jpg",
		"https://recipe1.ezmember.co.kr/cache/recipe/2015/07/06/da23df48d9a34e4f551b0a5fc45fa0661.jpg",
		"https://recipe1.ezmember.co.kr/cache/recipe/2015/07/06/24836e33f92bab80fc18ba93a6d3ee591.jpg",
		"https://recipe1.ezmember.co.kr/cache/recipe/2015/07/06/7b0b56c918e9ffec2ff399bf32795d041.jpg",
		"https://recipe1.ezmember.co.kr/cache/recipe/2015/07/06/5489751a2ec588efe473205f6315cad51.jpg",
		"https://recipe1.ezmember.co.kr/cache/recipe/2015/07/06/30c554385c189a175b66aca08abbc4e21.jpg",
		"https://recipe1.ezmember.co.kr/cache/recipe/2015/07/06/864441874b65a711e7b110264a44e1f31.jpg"
	],
	"tag": [
		"구이, 굽기, 닭고기, 닭다리구이, 메인반찬, 소스"
	]
}