{
	"id": "3744959",
	"name": "얼큰 두부 조림 ",
	"thumbnail": "https://recipe1.ezmember.co.kr/cache/recipe/2015/06/23/9f2e6afdab7f0606692353f7306c7766.jpg",
	"url": "https://www.10000recipe.com/recipe/3744959",
	"ingredient_ids": [
		8158,
		51691,
		8820
	],
	"time": "15",
	"ingre_list": [
		{
			"ingre_name": "두부",
			"ingre_count": "1",
			"ingre_unit": "모"
		},
		{
			"ingre_name": "청고추",
			"ingre_count": "2",
			"ingre_unit": "개"
		},
		{
			"ingre_name": "파",
			"ingre_count": "1/2",
			"ingre_unit": "대"
		}
	],
	"sauce_list": [
		{
			"ingre_name": "고춧가루",
			"ingre_count": "1/2",
			"ingre_unit": "T"
		},
		{
			"ingre_name": "고추장",
			"ingre_count": "1/3",
			"ingre_unit": "T"
		},
		{
			"ingre_name": "간장1+1/2큰술",
			"ingre_count": "1+1/2",
			"ingre_unit": "T"
		},
		{
			"ingre_name": "집간장1+1/2작은술",
			"ingre_count": "1+1/2",
			"ingre_unit": "작은술"
		},
		{
			"ingre_name": "매실액",
			"ingre_count": "1",
			"ingre_unit": "T"
		},
		{
			"ingre_name": "다진마늘",
			"ingre_count": "1",
			"ingre_unit": "T"
		},
		{
			"ingre_name": "청주",
			"ingre_count": "1",
			"ingre_unit": "T"
		},
		{
			"ingre_name": "후추",
			"ingre_count": "",
			"ingre_unit": "약간"
		}
	],
	"recipe": [
		"1. 파와 고추는 잘게 썰어 둡니다.",
		"2. 두부는 길게 썰어 둡니다.",
		"3. 고춧가루 1/2큰술, 고추장 1/3큰술, 간장 1+ 1/2큰술, 집간장 1+ 1/2작은술, 매실액 1큰술, 다진마늘 1큰술, 청주 1/큰술, 후추를 넣고 섞습니다.",
		"4. 달구어진 팬에 기름을 두르고 두부를 넣고 앞, 뒤로 굽습니다.",
		"5. 냄비나 팬에 멸치육수 1컵을 붓고 만들어 둔 양념장을 풀어 줍니다.",
		"6. 국물이 끓어오르면 두부를 넣고 자작할때까지 조립니다. 자작해지면 두부와 고추를 넣고 한소큼 더 끓여 줍니다."
	],
	"recipe_img": [
		"https://recipe1.ezmember.co.kr/cache/recipe/2015/06/23/517b14232e80cd8a027ba17c4a10a9261.jpg",
		"https://recipe1.ezmember.co.kr/cache/recipe/2015/06/23/0421555c1b8d87fe6e779e170e1d30ac1.jpg",
		"https://recipe1.ezmember.co.kr/cache/recipe/2015/06/23/b4f0707efb3259fd213ab1471de411821.jpg",
		"https://recipe1.ezmember.co.kr/cache/recipe/2015/06/23/170c6c330b901ab253ba1e2d9f351dd31.jpg",
		"https://recipe1.ezmember.co.kr/cache/recipe/2015/06/23/326cfe28d16eee96e5c742d7ec1e87e51.jpg",
		"https://recipe1.ezmember.co.kr/cache/recipe/2015/06/23/6d372d6596aad34bf92191d3ad6f4c511.jpg"
	],
	"tag": [
		"두부, 두부조림, 밑반찬, 조림, 콩+견과류"
	]
}