{
	"id": "3760361",
	"name": "치즈감자 볼",
	"thumbnail": "https://recipe1.ezmember.co.kr/cache/recipe/2015/06/08/7e8b4cf456bdcf86a52a8f862ffb40fd.jpg",
	"url": "https://www.10000recipe.com/recipe/3760361",
	"ingredient_ids": [
		7997,
		8386,
		8676,
		15272,
		9306,
		51714
	],
	"time": "30",
	"ingre_list": [
		{
			"ingre_name": "감자",
			"ingre_count": "2",
			"ingre_unit": "개"
		},
		{
			"ingre_name": "당근",
			"ingre_count": "",
			"ingre_unit": ""
		},
		{
			"ingre_name": "양파",
			"ingre_count": "",
			"ingre_unit": ""
		},
		{
			"ingre_name": "햄",
			"ingre_count": "",
			"ingre_unit": ""
		},
		{
			"ingre_name": "소고기",
			"ingre_count": "100",
			"ingre_unit": "g"
		},
		{
			"ingre_name": "치즈",
			"ingre_count": "100",
			"ingre_unit": "g"
		}
	],
	"sauce_list": [
		{
			"ingre_name": "소금",
			"ingre_count": "",
			"ingre_unit": ""
		},
		{
			"ingre_name": "후추",
			"ingre_count": "",
			"ingre_unit": ""
		}
	],
	"recipe": [
		"1. 감자는 삶아서 뜨거울때 으깨주세요. 양파, 당근, 햄은 기름에 살짝 볶고, .소고기는 소금, 후추 간을 해서 볶아줍니다",
		"2. 재료를 모두 넣어서 골고루 섞어주고 치대줍니다",
		"3. 치즈는 실온에서 살짝 녹여서 한입 크기로 으깬 감자 속에 치즈를 넣어줍니다",
		"4. 치즈가 감자 볼 속에 완전히 들어갈 수 있도록 잘 오무려 주세요. 풀어지지않게 단단하게 볼을 만듭니다",
		"5. 반죽을 밀가루에 굴려주고 계란옷 입히고 빵가루까지 묻혀줍니다",
		"6. 기름이 끓기 시작하면 하나씩 넣어서 튀겨줍니다. 감자볼 속에 치즈가 녹을정도로 튀겨줍니다"
	],
	"recipe_img": [
		"https://recipe1.ezmember.co.kr/cache/recipe/2015/07/03/e2e0f5250280f8770f1a48f2e1b7f6081.jpg",
		"https://recipe1.ezmember.co.kr/cache/recipe/2015/07/03/e068a88f9f7c5239890185027b75495a1.jpg",
		"https://recipe1.ezmember.co.kr/cache/recipe/2015/07/03/435ff0ae233da178653a09182ac51feb1.jpg",
		"https://recipe1.ezmember.co.kr/cache/recipe/2015/07/03/6050f13f3081ca06c4873d0c8aab8c2a1.jpg",
		"https://recipe1.ezmember.co.kr/cache/recipe/2015/07/03/c016715a3ebcf4ac66e229219d9a310a1.jpg",
		"https://recipe1.ezmember.co.kr/cache/recipe/2015/07/03/ae03bb974f5cf90386e7d7c9ef84beae1.jpg"
	],
	"tag": [
		"감자, 디저트, 볼"
	]
}