{
	"id": "3814784",
	"name": "치킨과 갈릭 꿀또띠아 피자",
	"thumbnail": "https://recipe1.ezmember.co.kr/cache/recipe/2015/06/21/16fda429b966cf8eb0785ad6f08edaa3.jpg",
	"url": "https://www.10000recipe.com/recipe/3814784",
	"ingredient_ids": [
		51768,
		8676,
		10722,
		51713,
		23166,
		12478
	],
	"time": "30",
	"ingre_list": [
		{
			"ingre_name": "닭다리살",
			"ingre_count": "200",
			"ingre_unit": "g"
		},
		{
			"ingre_name": "양파",
			"ingre_count": "1/2",
			"ingre_unit": "개"
		},
		{
			"ingre_name": "마늘",
			"ingre_count": "6~7개",
			"ingre_unit": "개"
		},
		{
			"ingre_name": "견과류",
			"ingre_count": "",
			"ingre_unit": "원하는만큼"
		},
		{
			"ingre_name": "모짜렐라치즈",
			"ingre_count": "",
			"ingre_unit": "원하는만큼"
		},
		{
			"ingre_name": "또띠아",
			"ingre_count": "2",
			"ingre_unit": "장"
		}
	],
	"sauce_list": [
		{
			"ingre_name": "간장1+1/2큰술",
			"ingre_count": "1+1/2",
			"ingre_unit": "T"
		},
		{
			"ingre_name": "설탕",
			"ingre_count": "1/2",
			"ingre_unit": "작은술"
		},
		{
			"ingre_name": "조청",
			"ingre_count": "1",
			"ingre_unit": "T"
		},
		{
			"ingre_name": "후추",
			"ingre_count": "",
			"ingre_unit": "조금"
		}
	],
	"recipe": [
		"1. 마늘을 동글동글하게 썬 다음 달구어진 팬에 기름을 조금 넉넉하게 두르고 튀기듯 바삭바삭하게 볶습니다. 다 익힌 마늘을 접시에 담습니다.",
		"2. 마늘을 볶고 난 기름에 양파를 넣고 볶습니다.",
		"3. 닭다리살을 길게 1cm 굵기로 썬 다음 달구어진 팬에 기름을 두르고 볶습니다.",
		"4. 약간의 갈색이 되면 청주 1큰술을 먼저 넣어 주세요.간장 1+ 1/2큰술, 설탕 1/2작은술, 조청 1큰술, 후추를 넣고 조려 줍니다.",
		"5. 먼저 오븐팬에 또띠아 1장을 놓습니다. 또띠아에 꿀 1 큰술을 바릅니다.",
		"6. 그 위에 볶아 두었던 어니언과 갈릭을 놓습니다.",
		"7. 모짜렐라치즈를 원하는 만큼 골고루 뿌립니다.",
		"8. 그 위에 마지막 남은 또띠아를 놓은 다음 치킨을 동그랗게 놓고, 모짜렐라, 아몬드슬라이스, 호두를 골고루 놓습니다.",
		"9. 예열오븐 180도에서 10~!5분간 치즈의 녹임을 보아가며 구워주면 완성.오븐"
	],
	"recipe_img": [
		"https://recipe1.ezmember.co.kr/cache/recipe/2015/06/22/20ef8843f59561e3fb2fe60610091aaa1.jpg",
		"https://recipe1.ezmember.co.kr/cache/recipe/2015/06/22/de6a99fff5fe7fe08732c8a3f859dfe31.jpg",
		"https://recipe1.ezmember.co.kr/cache/recipe/2015/06/22/b97ebcfb0e7244fb0a474ebb8449e7e41.jpg",
		"https://recipe1.ezmember.co.kr/cache/recipe/2015/06/22/81894b0ebcb37853b2bf454c822943cb1.jpg",
		"https://recipe1.ezmember.co.kr/cache/recipe/2015/06/22/969711ad0eb4ff5f917bc2917a292c231.jpg",
		"https://recipe1.ezmember.co.kr/cache/recipe/2015/06/22/5a67b8557c3aff73a6cf33836b2c39201.jpg",
		"https://recipe1.ezmember.co.kr/cache/recipe/2015/06/22/840996bd15c3d5fa2af52b3ddac943061.jpg",
		"https://recipe1.ezmember.co.kr/cache/recipe/2015/06/22/f386ec2a840793c43ad8ba7c8fa575381.jpg",
		"https://recipe1.ezmember.co.kr/cache/recipe/2015/06/22/fd034750a45902551fc9f8729cb46c091.jpg"
	],
	"tag": [
		"굽기, 또띠아, 또띠아피자, 밀가루, 치킨, 피자"
	]
}