{
	"id": "3822886",
	"name": "꿀떡 만두 떡강정",
	"thumbnail": "https://recipe1.ezmember.co.kr/cache/recipe/2015/07/05/c322203a63b8ba858a5558a387a6ac98.jpg",
	"url": "https://www.10000recipe.com/recipe/3822886",
	"ingredient_ids": [
		51708,
		6951,
		51716,
		51682
	],
	"time": "30",
	"ingre_list": [
		{
			"ingre_name": "떡볶이떡",
			"ingre_count": "20",
			"ingre_unit": "개"
		},
		{
			"ingre_name": "만두",
			"ingre_count": "23",
			"ingre_unit": "개"
		},
		{
			"ingre_name": "다진양파",
			"ingre_count": "3",
			"ingre_unit": "T"
		},
		{
			"ingre_name": "다진마늘",
			"ingre_count": "1/2",
			"ingre_unit": "T"
		}
	],
	"sauce_list": [
		{
			"ingre_name": "고추장",
			"ingre_count": "2",
			"ingre_unit": "T"
		},
		{
			"ingre_name": "조청",
			"ingre_count": "2",
			"ingre_unit": "T"
		},
		{
			"ingre_name": "설탕",
			"ingre_count": "1",
			"ingre_unit": "T"
		},
		{
			"ingre_name": "물",
			"ingre_count": "3",
			"ingre_unit": "T"
		}
	],
	"recipe": [
		"1. 달구어진 팬에 기름을 두르고 떡볶이떡을 누런색이 띌때까지 볶습니다.",
		"2. 팬에 기름을 두르고 만두를 넣고 바삭바삭하게 익힌 후 접시에 담아 둡니다.",
		"3. 달구어진 팬에 기름을 살짝 두르고 다진양파 3큰술, 다진마늘 1/2큰술을 넣고 볶다가 고추장 2큰술, 조청 2큰술, 설탕 1큰술, 물 3큰술을 넣습니다.",
		"4. 조금 걸쭉하게 되면 구워 두었던 만두와 떡볶이떡을 넣고 버무립니다. 마지막에 꿀 한큰술을 넣고 가볍게 버무린 다음 접시에 담아 내어 갑니다."
	],
	"recipe_img": [
		"https://recipe1.ezmember.co.kr/cache/recipe/2015/07/16/3fd70a35d4c04f4eecab82ac125900981.jpg",
		"https://recipe1.ezmember.co.kr/cache/recipe/2015/07/16/26d7d92c6bfc0817b429aa2d7ff70fc71.jpg",
		"https://recipe1.ezmember.co.kr/cache/recipe/2015/07/16/32185a7d975c9054fe19237b3622a5831.jpg",
		"https://recipe1.ezmember.co.kr/cache/recipe/2015/07/16/9519c18c7035a0911b5cdacd3e405d441.jpg"
	],
	"tag": [
		"간식, 강정, 디저트, 떡, 만두, 볶음, 쌀"
	]
}