{
	"id": "3832717",
	"name": "닭찜",
	"thumbnail": "https://recipe1.ezmember.co.kr/cache/recipe/2015/06/08/a19157b8f961692e070fc0069ed8e7fd.jpg",
	"url": "https://www.10000recipe.com/recipe/3832717",
	"ingredient_ids": [
		51797,
		8676,
		8824
	],
	"time": "60",
	"ingre_list": [
		{
			"ingre_name": "닭",
			"ingre_count": "1",
			"ingre_unit": "마리"
		},
		{
			"ingre_name": "양파",
			"ingre_count": "1",
			"ingre_unit": "개"
		},
		{
			"ingre_name": "대파",
			"ingre_count": "1",
			"ingre_unit": "개"
		}
	],
	"sauce_list": [
		{
			"ingre_name": "간장",
			"ingre_count": "8",
			"ingre_unit": "T"
		},
		{
			"ingre_name": "굴소스",
			"ingre_count": "1",
			"ingre_unit": "T"
		},
		{
			"ingre_name": "다진마늘",
			"ingre_count": "2",
			"ingre_unit": "T"
		},
		{
			"ingre_name": "생강술",
			"ingre_count": "2",
			"ingre_unit": "T"
		},
		{
			"ingre_name": "양파청",
			"ingre_count": "3",
			"ingre_unit": "T"
		},
		{
			"ingre_name": "설탕1+1/2T",
			"ingre_count": "1+1/2",
			"ingre_unit": "T"
		},
		{
			"ingre_name": "참기름",
			"ingre_count": "1/2",
			"ingre_unit": "T"
		},
		{
			"ingre_name": "후춧가루",
			"ingre_count": "",
			"ingre_unit": "소량"
		}
	],
	"recipe": [
		"1. 닭은 토막난 닭을 구입하세요. 씻은후 끓는 물에 20~30초정도만 살짝 데친 후 바로 찬물에 행궈 소쿠리에 받쳐 물기를 빼준 후 볶은팬에 닭을 넣고 간장8T. 굴소스1T. 다진마늘2T. 생강술2T. 양파청3T.설탕1T반. 참기름1/2T. 후춧가루소량를 넣고 10분정도 재워줍니다.",
		"2. 양파1개는 큼직하게 채썰고요. 대파 1개도 큼직하게 썰어줍니다.",
		"3. 양념에 재운 닭에 물 2컵을 넣고 뚜껑을 덮고 센불로 켠 후 끓어오르면 중불로 줄여 20분동안 조림을 해줍니다. (중간중간 한두번 뒤적여줍니다) 20분 조림후. 양파를 넣고 3분정도 더 조림하다가 대파를 넣고 1분정도만 더 조림하면 완성입니다."
	],
	"recipe_img": [
		"https://recipe1.ezmember.co.kr/cache/recipe/2015/07/14/886e7499b4cf5cbff0cb8a4aca3441d21.jpg",
		"https://recipe1.ezmember.co.kr/cache/recipe/2015/07/14/d7c20c2fcdc63186089151a37a4856801.jpg",
		"https://recipe1.ezmember.co.kr/cache/recipe/2015/07/14/c9c29bcdd487a9549c911564010078281.jpg"
	],
	"tag": [
		"닭고기, 닭찜, 찜, 치킨"
	]
}