{
	"id": "3842121",
	"name": "베이컨감자롤토스트 만들기",
	"thumbnail": "https://recipe1.ezmember.co.kr/cache/recipe/2015/06/08/c35db5e7c72e6ac0bd2418c12e83a672.jpg",
	"url": "https://www.10000recipe.com/recipe/3842121",
	"ingredient_ids": [
		7997,
		7883,
		9298,
		9457,
		10230
	],
	"time": "30",
	"ingre_list": [
		{
			"ingre_name": "감자",
			"ingre_count": "2",
			"ingre_unit": "알"
		},
		{
			"ingre_name": "식빵",
			"ingre_count": "4",
			"ingre_unit": "장"
		},
		{
			"ingre_name": "베이컨",
			"ingre_count": "4",
			"ingre_unit": "줄"
		},
		{
			"ingre_name": "계란",
			"ingre_count": "2",
			"ingre_unit": "개"
		},
		{
			"ingre_name": "우유",
			"ingre_count": "4",
			"ingre_unit": "T"
		}
	],
	"sauce_list": [
		{
			"ingre_name": "시판토마토소스",
			"ingre_count": "8",
			"ingre_unit": "T"
		},
		{
			"ingre_name": "설탕",
			"ingre_count": "4",
			"ingre_unit": "T"
		}
	],
	"recipe": [
		"1. 껍질을 벗긴 감자는 약 4등분으로 잘라 주세요.",
		"2. 감자가 잠길 정도의 물에 감자와 소금 약간을 넣고 중불에서 삶아 줍니다.",
		"3. 삶은 감자는 체에 밭쳐 수분을 날리고요. 매셔나 포크를 이용해서 으깨어 주세요. 으깬 감자에 마요네즈 1스푼과 설탕 커피스푼으로 1스푼, 소금은 약간 넣어서 간을 맞추어 주세요.",
		"4. 빵은 밀대로 밀어 준비합니다.",
		"5. 이제 식빵에 토마토 소스를 발라주세요. 이때 아랫쪽에 감자가 올려질 부분 비워 두시고요. 맨 윗 부분은 조금 넉넉히 남겨 두세요. 그래야 소스가 살짝씩 밀려 나가도 넘치지 않아요.",
		"6. 으깨어 두었던 감자를 길게 성형해서 올린 후 돌돌 말아 주시면 됩니다.",
		"7. 롤 식빵을 계란물에 넣고 굴려가면서 적셔 주세요. 계란 1알당 식빵 2장을 씁니다. 계란을 완전히 젹셔 주세요.",
		"8. 도마 위에 베이컨 1장을 미리 올려 두고 그 위에 계란물을 입힌 롤 식빵을 얹어요. 베이컨을 롤식빵에 돌돌돌 말아 주세요.",
		"9. 달궈진 팬에 기름을 두르고, 베이컨의 이음매 부분을 바닥으로 놓고 잠시 두어요. 그래야 접착이 되어 풀리지 않습니다. 접착이 되면 그 때부터 굴려 가면서 전체적으로 익혀 주세요."
	],
	"recipe_img": [
		"https://recipe1.ezmember.co.kr/cache/recipe/2015/06/18/2b1a257c39118042400dfddbbdb402d81.jpg",
		"https://recipe1.ezmember.co.kr/cache/recipe/2015/06/18/03b80b802ed645eb359259f7a68b67981.jpg",
		"https://recipe1.ezmember.co.kr/cache/recipe/2015/06/18/cdea7ecb03052be8b93c7595239b15b11.jpg",
		"https://recipe1.ezmember.co.kr/cache/recipe/2015/06/18/01c6aa6da2c8b89eeed504e5a7c6ecd41.jpg",
		"https://recipe1.ezmember.co.kr/cache/recipe/2015/06/18/b694787c6602474e0a31988c25c8d4ed.jpg",
		"https://recipe1.ezmember.co.kr/cache/recipe/2015/06/18/940eafc8be62bcf94225d7cf09891a11.jpg",
		"https://recipe1.ezmember.co.kr/cache/recipe/2015/06/18/547c33d8e9bc722cee0d47467ad49d44.jpg",
		"https://recipe1.ezmember.co.kr/cache/recipe/2015/06/18/092b2712483de3890b59da8fc03f5cd5.jpg",
		"https://recipe1.ezmember.co.kr/cache/recipe/2015/06/18/f5a49c4a150156f42a0e9716d0a658b2.jpg"
	],
	"tag": [
		"가공식품류, 감자, 굽기, 롤, 토스트"
	]
}