{
	"id": "3849788",
	"name": "치즈 떡꼬치",
	"thumbnail": "https://recipe1.ezmember.co.kr/cache/recipe/2015/07/03/ae6e8cbc166910178145ce4b7945d5ce.jpg",
	"url": "https://www.10000recipe.com/recipe/3849788",
	"ingredient_ids": [
		51708,
		23217,
		51822,
		51823
	],
	"time": "15",
	"ingre_list": [
		{
			"ingre_name": "떡볶이떡",
			"ingre_count": "",
			"ingre_unit": ""
		},
		{
			"ingre_name": "피자치즈",
			"ingre_count": "",
			"ingre_unit": ""
		},
		{
			"ingre_name": "청피망",
			"ingre_count": "",
			"ingre_unit": "약간"
		},
		{
			"ingre_name": "홍피망",
			"ingre_count": "",
			"ingre_unit": "약간"
		}
	],
	"sauce_list": [
		{
			"ingre_name": "고추장",
			"ingre_count": "1",
			"ingre_unit": "T"
		},
		{
			"ingre_name": "고춧가루",
			"ingre_count": "1/2",
			"ingre_unit": "T"
		},
		{
			"ingre_name": "참기름",
			"ingre_count": "1/4",
			"ingre_unit": "T"
		},
		{
			"ingre_name": "올리고당",
			"ingre_count": "1/2",
			"ingre_unit": "T"
		},
		{
			"ingre_name": "설탕",
			"ingre_count": "1/2",
			"ingre_unit": "T"
		},
		{
			"ingre_name": "스테이크소스",
			"ingre_count": "1/2",
			"ingre_unit": "T"
		},
		{
			"ingre_name": "물",
			"ingre_count": "1/4",
			"ingre_unit": "컵"
		}
	],
	"recipe": [
		"1. 분량의 소스 재료를 작은 팬에 담아준 후, 중약불에서 주걱으로 저어가며 졸입니다",
		"2. 떡볶이떡은 말랑말랑한 상태에서 기름두른 팬에 넣고 살짝 튀기듯이 구워주세요",
		"3. 청피망 홍피망을 잘게 다져서 고명으로 올리도록 준비해둡니다",
		"4. 오븐팬에 꼬치에 끼운 떡을 올린후, 떡 위에 떡꼬치 소스를 살살 발라줍니다",
		"5. 잘 발라진 떡꼬치에 피자치즈도 넉넉히 올려주고, 청피망과 홍피망을 올려줍니다",
		"6. 예열한 200도 오븐에서 피자치즈가 녹을정도(약 7분)로 구워주세요오븐"
	],
	"recipe_img": [
		"https://recipe1.ezmember.co.kr/cache/recipe/2015/07/06/3ee03b4f743061b93191c659a17a89471.jpg",
		"https://recipe1.ezmember.co.kr/cache/recipe/2015/07/06/9168808961eee241fb2e04089d66e8691.jpg",
		"https://recipe1.ezmember.co.kr/cache/recipe/2015/07/06/ee1125ac4f3578a97588891329da43f81.jpg",
		"https://recipe1.ezmember.co.kr/cache/recipe/2015/07/06/a623b29821f57eca784206aca36b54a01.jpg",
		"https://recipe1.ezmember.co.kr/cache/recipe/2015/07/06/9dafb9065483e69d89a21266161a228c1.jpg",
		"https://recipe1.ezmember.co.kr/cache/recipe/2015/07/06/eb94dd8aae82fa1609dbb84c1996f6c41.jpg"
	],
	"tag": [
		"간식, 굽기, 꼬치, 달걀+유제품, 떡, 떡꼬치, 밥+죽+떡"
	]
}