{
	"id": "3853744",
	"name": "골뱅이 에스까르고 ",
	"thumbnail": "https://recipe1.ezmember.co.kr/cache/recipe/2015/07/14/ed7babffc4d1d11801734a20c80fe486.jpg",
	"url": "https://www.10000recipe.com/recipe/3853744",
	"ingredient_ids": [
		17904,
		51715,
		8544,
		8427,
		10267
	],
	"time": "30",
	"ingre_list": [
		{
			"ingre_name": "골뱅이",
			"ingre_count": "230",
			"ingre_unit": "g"
		},
		{
			"ingre_name": "숙주",
			"ingre_count": "180",
			"ingre_unit": "g"
		},
		{
			"ingre_name": "부추",
			"ingre_count": "100",
			"ingre_unit": "g"
		},
		{
			"ingre_name": "통마늘",
			"ingre_count": "10",
			"ingre_unit": "개"
		},
		{
			"ingre_name": "버터",
			"ingre_count": "15",
			"ingre_unit": "g"
		}
	],
	"sauce_list": [
		{
			"ingre_name": "양조간장",
			"ingre_count": "1",
			"ingre_unit": "T"
		},
		{
			"ingre_name": "양조식초",
			"ingre_count": "1",
			"ingre_unit": "T"
		},
		{
			"ingre_name": "설탕",
			"ingre_count": "1/2",
			"ingre_unit": "T"
		},
		{
			"ingre_name": "후추",
			"ingre_count": "",
			"ingre_unit": "약간"
		},
		{
			"ingre_name": "포도씨오일",
			"ingre_count": "1/2",
			"ingre_unit": "T"
		},
		{
			"ingre_name": "소금",
			"ingre_count": "",
			"ingre_unit": "약간"
		}
	],
	"recipe": [
		"1. 분량의 골뱅이와 마늘을 준비 합니다.",
		"2. 부추와 숙주도 준비",
		"3. 숙주는 끓는 물에 살짝 데쳐서 식혀 준비해 줍니다. 너무 많이 삶지는 마세요",
		"4. 부추는 3센티 길이로 썰어 준비합니다.",
		"5. 야채 준비 완료",
		"6. 통마늘은 끓는물에 살짝 데쳐서 준비해 주세요 중간 정도만 익히시면 되요",
		"7. 무침소스 준비해 주세요",
		"8. 달군 후라이팬에 분량의 버터를 넣고 마늘을 넣고 고소하게 볶아 줍니다.",
		"9. 노릇노릇해지면",
		"10. 골뱅이를 넣고 노릇하게 볶아 줍니다.",
		"11. 볼에 숙주와 부추를 넣고 분량의 소스를 넣고 살살 버무려 줍니다.",
		"12. 그런 다음 접시에 담아 주세요~ 위에 볶아낸 골뱅이와 마늘을 올리면 완성"
	],
	"recipe_img": [
		"https://recipe1.ezmember.co.kr/cache/recipe/2015/07/14/adc2055bb24c3acb8509bed57bc278c51.jpg",
		"https://recipe1.ezmember.co.kr/cache/recipe/2015/07/14/17560ac5db1f608893c603f43bdbab3d1.jpg",
		"https://recipe1.ezmember.co.kr/cache/recipe/2015/07/14/f2265e5a9c5bc984e0b558773de099a91.jpg",
		"https://recipe1.ezmember.co.kr/cache/recipe/2015/07/14/37b308d4f77685f39419ffffc3b18ba21.jpg",
		"https://recipe1.ezmember.co.kr/cache/recipe/2015/07/14/f7e21543d49782c9b024e68bc63940d11.jpg",
		"https://recipe1.ezmember.co.kr/cache/recipe/2015/07/14/d68a6222e237c9ac684b510aea4aa3d91.jpg",
		"https://recipe1.ezmember.co.kr/cache/recipe/2015/07/14/2d61112d8e5262eaffbd93bd03e5f5251.jpg",
		"https://recipe1.ezmember.co.kr/cache/recipe/2015/07/14/502facdfebe7a5e4b6bb2a35ae8874851.jpg",
		"https://recipe1.ezmember.co.kr/cache/recipe/2015/07/14/11eae40d2a3df98d1a0837b203a78dc51.jpg",
		"https://recipe1.ezmember.co.kr/cache/recipe/2015/07/14/605e3291735ca76764de40901170e1051.jpg",
		"https://recipe1.ezmember.co.kr/cache/recipe/2015/07/14/a8beced1d721de41c6e760745f5537761.jpg",
		"https://recipe1.ezmember.co.kr/cache/recipe/2015/07/14/3d727e8ea0406346bcebdfa1c149ceab1.jpg"
	],
	"tag": [
		"해물류"
	]
}