{
	"id": "3897231",
	"name": "진한 커피 프렌치토스트",
	"thumbnail": "https://recipe1.ezmember.co.kr/cache/recipe/2015/04/23/5cd72439f9f94e0eec589d8fab8522cd1.jpg",
	"url": "https://www.10000recipe.com/recipe/3897231",
	"ingredient_ids": [
		7883,
		9456,
		10230
	],
	"time": "15",
	"ingre_list": [
		{
			"ingre_name": "식빵",
			"ingre_count": "3",
			"ingre_unit": "장"
		},
		{
			"ingre_name": "달걀",
			"ingre_count": "2",
			"ingre_unit": "개"
		},
		{
			"ingre_name": "우유",
			"ingre_count": "200",
			"ingre_unit": "ml"
		}
	],
	"sauce_list": [
		{
			"ingre_name": "설탕",
			"ingre_count": "2",
			"ingre_unit": "작은술"
		},
		{
			"ingre_name": "시나몬가루",
			"ingre_count": "",
			"ingre_unit": "조금"
		},
		{
			"ingre_name": "소금",
			"ingre_count": "",
			"ingre_unit": "조금"
		},
		{
			"ingre_name": "커피믹스",
			"ingre_count": "1",
			"ingre_unit": "개"
		}
	],
	"recipe": [
		"1. 식빵을 원하는 크기만큼 썰어 주세요. 저는 오늘 여섯등분으로 썰어 보았습니다.",
		"2. 냄비에 우유와 커피믹스를 넣고 약불에서 뭉글하게 커피를 녹입니다. 우유를 바글바글 끓이지 마시고, 커피가 녹으면 식혀 줍니다.",
		"3. 그릇에 달걀 2개, 설탕 2작은술, 시나몬가루, 소금을 넣고 잘 저은 다음 (시나몬가루는 취향에 따라 넣어 주시고 설탕은 더 달달하게 드시고 싶으시면 추가 하셔도 됩니다.)",
		"4. 식혀둔 커피우유를 넣고 섞습니다.",
		"5. 딱딱한 식빵을 앞, 뒤로 푹 담군후 팬에 버터를 조금 두르고 앞, 뒤로 노릇노릇하게 익히면 완성!"
	],
	"recipe_img": [
		"https://recipe1.ezmember.co.kr/cache/recipe/2015/04/23/50f9e6aa5b06a1b5db43134bd621f1651.jpg",
		"https://recipe1.ezmember.co.kr/cache/recipe/2015/04/23/9c558f80af6899f37379dba24b7d01ed1.jpg",
		"https://recipe1.ezmember.co.kr/cache/recipe/2015/04/23/cef68a08da7fc0beefc092c9944ea0261.jpg",
		"https://recipe1.ezmember.co.kr/cache/recipe/2015/04/23/4b2c6109192046979e996ff769cba4db1.jpg",
		"https://recipe1.ezmember.co.kr/cache/recipe/2015/04/23/39f4bab411482c8417db13688f4f36cb1.jpg"
	],
	"tag": [
		"굽기, 밀가루, 커피, 토스트, 프렌치토스트"
	]
}