{
	"id": "3907482",
	"name": "아삭쫄깃한 우엉오징어조림",
	"thumbnail": "https://recipe1.ezmember.co.kr/cache/recipe/2015/06/08/ed85eae88c0f81638ac745d6f5cf66f1.jpg",
	"url": "https://www.10000recipe.com/recipe/3907482",
	"ingredient_ids": [
		8720,
		10107
	],
	"time": "30",
	"ingre_list": [
		{
			"ingre_name": "우엉",
			"ingre_count": "2",
			"ingre_unit": "대"
		},
		{
			"ingre_name": "오징어",
			"ingre_count": "1",
			"ingre_unit": "개"
		}
	],
	"sauce_list": [
		{
			"ingre_name": "굴소스",
			"ingre_count": "1",
			"ingre_unit": "T"
		},
		{
			"ingre_name": "간장",
			"ingre_count": "1",
			"ingre_unit": "T"
		},
		{
			"ingre_name": "맛술",
			"ingre_count": "2",
			"ingre_unit": "T"
		},
		{
			"ingre_name": "물엿",
			"ingre_count": "1/2",
			"ingre_unit": "T"
		},
		{
			"ingre_name": "다진마늘",
			"ingre_count": "1/2",
			"ingre_unit": "작은술"
		},
		{
			"ingre_name": "다진생강",
			"ingre_count": "1/2",
			"ingre_unit": "작은술"
		},
		{
			"ingre_name": "물",
			"ingre_count": "6",
			"ingre_unit": "T"
		},
		{
			"ingre_name": "참기름",
			"ingre_count": "",
			"ingre_unit": "약간"
		}
	],
	"recipe": [
		"1. 오징어는 껍질을 벗겨 먹기좋게 잘라서 준비, 우엉도 껍질을 슬쩍 벗겨서 약 5센티 길이로 잘라서 준비합니다.",
		"2. 우엉을 끓는물에 식초를 살짝 넣고 데쳐줍니다.",
		"3. 데쳐낸 우엉은 칼등으로 두들겨서 찢어줍니다. 너무 잘게 찢지 않고 듬성듬성 칼등으로 슬슬 두들겨 갈라지는 결대로 찢어주면 됩니다. 이렇게 칼등으로 두들겨 찢어서 졸여주면 우엉이 아삭아삭~~",
		"4. 분량대로 조림장을 만들어서 바글바글 끓여 손질해둔 우엉을 넣어줍니다.",
		"5. 조림물이 반으로 줄어들면 손질해둔 오징어를 넣고 볶아 줍니다. 오징어를 처음부터 넣으면 너무 질겨집니다.",
		"6. 바싹 졸여지면 마지막에 참기름 휙 둘러주고 검은깨 솔솔 뿌려서 완성~"
	],
	"recipe_img": [
		"https://recipe1.ezmember.co.kr/cache/recipe/2015/07/14/7ec166665be61ea78eced5de56af35d81.jpg",
		"https://recipe1.ezmember.co.kr/cache/recipe/2015/07/14/00465b6c3adae5788a6743fa8c3881811.jpg",
		"https://recipe1.ezmember.co.kr/cache/recipe/2015/07/14/d81c7308bcd3c4fdd960ffb82dbbf7921.jpg",
		"https://recipe1.ezmember.co.kr/cache/recipe/2015/07/14/a7e8111639ac77d5184308f2fe97664b1.jpg",
		"https://recipe1.ezmember.co.kr/cache/recipe/2015/07/14/e103d6f65c7f4ae261ab8712a35e2ca51.jpg",
		"https://recipe1.ezmember.co.kr/cache/recipe/2015/07/14/b65cccaeff4bf301eaf26342d30d74f71.jpg"
	],
	"tag": [
		"오징어, 우엉조림, 조림, 해물류"
	]
}