{
	"id": "3927413",
	"name": "쇼콜라 크림치즈 머핀",
	"thumbnail": "https://recipe1.ezmember.co.kr/cache/recipe/2015/06/20/9aafde7b974069d6525f8564d19116b1.jpg",
	"url": "https://www.10000recipe.com/recipe/3927413",
	"ingredient_ids": [
		51687,
		9456,
		28027,
		10240,
		51699
	],
	"time": "60",
	"ingre_list": [
		{
			"ingre_name": "박력분",
			"ingre_count": "100",
			"ingre_unit": "g"
		},
		{
			"ingre_name": "달걀",
			"ingre_count": "2",
			"ingre_unit": "개"
		},
		{
			"ingre_name": "다크초콜릿",
			"ingre_count": "130",
			"ingre_unit": "g"
		},
		{
			"ingre_name": "크림치즈",
			"ingre_count": "100",
			"ingre_unit": "g"
		},
		{
			"ingre_name": "베이킹파우더",
			"ingre_count": "4",
			"ingre_unit": "g"
		}
	],
	"sauce_list": [
		{
			"ingre_name": "코코아가루",
			"ingre_count": "20",
			"ingre_unit": "g"
		},
		{
			"ingre_name": "무염버터",
			"ingre_count": "100",
			"ingre_unit": "g"
		},
		{
			"ingre_name": "설탕",
			"ingre_count": "70",
			"ingre_unit": "g"
		},
		{
			"ingre_name": "올리고당",
			"ingre_count": "70",
			"ingre_unit": "g"
		}
	],
	"recipe": [
		"1. 다크 초콜릿은 잘게 부수어 볼에 넣은 후 냄비 위에 볼을 얹어 중탕으로 녹여 주었습니다. 잘게 부수어야 빨리 녹습니다.",
		"2. 실온에 두어 말랑말랑한 상태의 버터를 핸드믹서로 가볍게 풀어 주세요. 분량의 설탕과 물엿을 조금씩 넣어 가면서 핸드믹서로 잘 섞어 주세요.",
		"3. 달걀은 꼭 한개씩 나누어 가며 넣어 버터와 분리되는 것을 막아 주세요. 이때 핸드믹서로 충분히 섞어 주세요. 한꺼번에 달걀을 다 넣으면 버터와 분리됩니다. 크림치즈도 넣고 잘 섞어 주세요.",
		"4. 중탕으로 녹인 다크 초콜릿을 넣고 잘 섞어 주세요.",
		"5. 체에 친 박력분, 코코아가루, 베이킹 파우더를 넣고 가볍게 섞어 주세요. 유산지를 깐 머핀틀에 반죽을 70% 정도 담고 180도로 예열된 오븐에서 약 18-20분 정도 구워 주면 완성입니다.오븐"
	],
	"recipe_img": [
		"https://recipe1.ezmember.co.kr/cache/recipe/2015/06/22/7de91526ee5579d543790c43578242d41.jpg",
		"https://recipe1.ezmember.co.kr/cache/recipe/2015/06/22/4d1530064fd81b18255110f03eb40c381.jpg",
		"https://recipe1.ezmember.co.kr/cache/recipe/2015/06/22/3257c940d523342406164cfff2f4ac141.jpg",
		"https://recipe1.ezmember.co.kr/cache/recipe/2015/06/22/3223582b6d893613d745c6186ac7790c1.jpg",
		"https://recipe1.ezmember.co.kr/cache/recipe/2015/06/22/3673d22e2ccadc8c798ba457a8539d8b1.jpg"
	],
	"tag": [
		"간식, 굽기, 머핀, 밀가루"
	]
}