{
	"id": "3930240",
	"name": "오이무침",
	"thumbnail": "https://recipe1.ezmember.co.kr/cache/recipe/2015/06/04/ab105399dcb0526c7eef525ce5185f7b1.jpg",
	"url": "https://www.10000recipe.com/recipe/3930240",
	"ingredient_ids": [
		8710
	],
	"time": "10",
	"ingre_list": [
		{
			"ingre_name": "오이",
			"ingre_count": "2",
			"ingre_unit": "개"
		}
	],
	"sauce_list": [
		{
			"ingre_name": "고추가루",
			"ingre_count": "2",
			"ingre_unit": "T"
		},
		{
			"ingre_name": "소금",
			"ingre_count": "1",
			"ingre_unit": "작은술"
		},
		{
			"ingre_name": "맛간장",
			"ingre_count": "1",
			"ingre_unit": "작은술"
		},
		{
			"ingre_name": "참기름",
			"ingre_count": "1",
			"ingre_unit": "작은술"
		},
		{
			"ingre_name": "마늘",
			"ingre_count": "1",
			"ingre_unit": "작은술"
		},
		{
			"ingre_name": "통깨",
			"ingre_count": "",
			"ingre_unit": "약간"
		}
	],
	"recipe": [
		"1. 오이는 굵은소금을 이용해 깨끗이 씻어줍니다.",
		"2. 간은 간장과 소금을 반반씩 넣어줍니다.",
		"3. 분량의 양념을 넣고 양념이 잘 베이도록 버무려주면 완성입니다."
	],
	"recipe_img": [
		"https://recipe1.ezmember.co.kr/cache/recipe/2015/06/04/878a0dff41e3104317c0e57e4ee2e79d1.jpg",
		"https://recipe1.ezmember.co.kr/cache/recipe/2015/06/04/d245517b309b821361298541017bcee31.jpg",
		"https://recipe1.ezmember.co.kr/cache/recipe/2015/06/04/0273b608e2e7fc5cbb0b92fc0791a31a1.jpg"
	],
	"tag": [
		"무침, 밑반찬, 오이무침, 채소류"
	]
}