{
	"id": "3932168",
	"name": "짭조름한 밥반찬! 감자조림",
	"thumbnail": "https://recipe1.ezmember.co.kr/cache/recipe/2015/03/26/122abc6ba81af3e107de96e9d839e3c21.jpg",
	"url": "https://www.10000recipe.com/recipe/3932168",
	"ingredient_ids": [
		7997,
		8386,
		8676,
		10722,
		51684,
		51686
	],
	"time": "30",
	"ingre_list": [
		{
			"ingre_name": "감자",
			"ingre_count": "5",
			"ingre_unit": "개"
		},
		{
			"ingre_name": "당근",
			"ingre_count": "",
			"ingre_unit": "약간"
		},
		{
			"ingre_name": "양파",
			"ingre_count": "1/2",
			"ingre_unit": "개"
		},
		{
			"ingre_name": "마늘",
			"ingre_count": "3",
			"ingre_unit": "쪽"
		},
		{
			"ingre_name": "식용유",
			"ingre_count": "1",
			"ingre_unit": "T"
		},
		{
			"ingre_name": "통깨",
			"ingre_count": "",
			"ingre_unit": "약간"
		}
	],
	"sauce_list": [
		{
			"ingre_name": "진간장1+1/2큰술",
			"ingre_count": "1+1/2",
			"ingre_unit": "T"
		},
		{
			"ingre_name": "맛간장",
			"ingre_count": "3",
			"ingre_unit": "T"
		},
		{
			"ingre_name": "올리고당",
			"ingre_count": "1",
			"ingre_unit": "T"
		},
		{
			"ingre_name": "물",
			"ingre_count": "1",
			"ingre_unit": "컵"
		}
	],
	"recipe": [
		"1. 감자는 껍질을 벗겨 씻은 후 깍둑 썰어서 체에 밭쳐 흐르는 물에 헹구어 물기를 제거해 줍니다. 감자 전분을 제거하기 위해서 흐르는 물에 헹구어 주었어요.                     ",
		"2. 당근과 양파, 마늘은 껍질을 벗겨 씻은 후 당근과 양파는 깍뚝 썰고 마늘은 편 썰어줍니다. 당근에는 비타민 A와 카로틴이 풍부하다고 하지요. 비타민 A와 카로틴은 시력개선효과에 도움을 준다고 해요.",
		"3. 달군 프라이팬에 식용유를 두르고 마늘을 넣고 볶다가 감자를 넣어 함께 볶아줍니다. 당근을 넣어 볶다가 양파를 넣어 함께 볶아줍니다.                     ",
		"4. 양념장 재료 물, 진간장, 맛간장, 올리고당을 넣어 불을 줄이고 조려줍니다.",
		"5. 중간 중간 간이 고루 배도록 섞으면서 조려줍니다.                   ",
		"6. 감자조림을 접시에 담고 통깨를 살짝 뿌려냅니다"
	],
	"recipe_img": [
		"https://recipe1.ezmember.co.kr/cache/recipe/2015/03/26/b7df70c478edd50123d3b15c05c8f6401.jpg",
		"https://recipe1.ezmember.co.kr/cache/recipe/2015/03/26/a79265630b163297b5983c90348589271.jpg",
		"https://recipe1.ezmember.co.kr/cache/recipe/2015/03/26/3401460435066879e3c7c0d79db5f3a81.jpg",
		"https://recipe1.ezmember.co.kr/cache/recipe/2015/03/26/733ea9c2c5aae37cb7224fef973d403e1.jpg",
		"https://recipe1.ezmember.co.kr/cache/recipe/2015/03/26/7c7ef2410d1f4a249d3eb64ab77d41b51.jpg",
		"https://recipe1.ezmember.co.kr/cache/recipe/2015/03/26/35fbebc589a5e2e6f11b490850bb20991.jpg"
	],
	"tag": [
		"감자, 감자조림, 조림"
	]
}