{
	"id": "3940129",
	"name": "복분자소스 채끝살스테이크",
	"thumbnail": "https://recipe1.ezmember.co.kr/cache/recipe/2015/06/08/ae914217c51eaf90016a53893a21bce4.jpg",
	"url": "https://www.10000recipe.com/recipe/3940129",
	"ingredient_ids": [
		9329,
		10438,
		51701,
		7997,
		18781,
		8068
	],
	"time": "60",
	"ingre_list": [
		{
			"ingre_name": "채끝살",
			"ingre_count": "150",
			"ingre_unit": "g"
		},
		{
			"ingre_name": "소금",
			"ingre_count": "1/2",
			"ingre_unit": "작은술"
		},
		{
			"ingre_name": "후춧가루",
			"ingre_count": "",
			"ingre_unit": "약간"
		},
		{
			"ingre_name": "감자",
			"ingre_count": "2",
			"ingre_unit": "개"
		},
		{
			"ingre_name": "마요네즈",
			"ingre_count": "1",
			"ingre_unit": "T"
		},
		{
			"ingre_name": "꿀",
			"ingre_count": "1",
			"ingre_unit": "T"
		}
	],
	"sauce_list": [
		{
			"ingre_name": "복분자",
			"ingre_count": "2",
			"ingre_unit": "T"
		},
		{
			"ingre_name": "발사믹식초",
			"ingre_count": "3",
			"ingre_unit": "T"
		},
		{
			"ingre_name": "올리고당",
			"ingre_count": "1",
			"ingre_unit": "T"
		},
		{
			"ingre_name": "녹말물",
			"ingre_count": "",
			"ingre_unit": "선택가능"
		}
	],
	"recipe": [
		"1. 채끝살에 소금,후추를 살짝 뿌려놓아주세요.",
		"2. 복분자소스를 만들건데요~ 냄비에 복분자,발사믹식초,꿀이나 올리고당을 넣어 끓여주세요. 좀더 걸죽하게 끓이고 싶은분들은 녹말물을 1큰술정도 넣어 걸죽해진정도로 끓여주시면 됩니다. 전 녹말물은 생략했어요~",
		"3. 감자는 익혀 으깨주신후에 마요네즈,소금,후추,꿀을 넣어 섞어주신다음 고기크기에 맞게 모양을 만들어 접시에 놓아주세요.",
		"4. 소고기는 센불에 적당히 구워주신다음 매시드포테이토위에 구운고기를 올리고 복분자소스를 뿌려주세요 가니쉬로는 방울토마토와 베이비채소를 곁들여 봤어요~"
	],
	"recipe_img": [
		"https://recipe1.ezmember.co.kr/cache/recipe/2015/07/01/8e4ed2f96a968286fb4847407e36f7f51.jpg",
		"https://recipe1.ezmember.co.kr/cache/recipe/2015/07/01/3ef55d08fd5656435923323602a6dd481.jpg",
		"https://recipe1.ezmember.co.kr/cache/recipe/2015/07/01/c43a9267755bc65595134a27bfdba5481.jpg",
		"https://recipe1.ezmember.co.kr/cache/recipe/2015/07/01/759c3356e4d385f181eda58788b0a3911.jpg"
	],
	"tag": [
		"소고기, 소스, 손님접대, 스테이크, 양식"
	]
}