{
	"id": "3945272",
	"name": "애호박 새우젓 볶음",
	"thumbnail": "https://recipe1.ezmember.co.kr/cache/recipe/2015/06/22/6d9a4865977ce30dcbf5168f62e673a2.jpg",
	"url": "https://www.10000recipe.com/recipe/3945272",
	"ingredient_ids": [
		8855,
		51689,
		51683
	],
	"time": "15",
	"ingre_list": [
		{
			"ingre_name": "애호박",
			"ingre_count": "1",
			"ingre_unit": "개"
		},
		{
			"ingre_name": "홍고추",
			"ingre_count": "1/2",
			"ingre_unit": "개"
		},
		{
			"ingre_name": "물",
			"ingre_count": "1/3",
			"ingre_unit": "컵"
		}
	],
	"sauce_list": [
		{
			"ingre_name": "참기름",
			"ingre_count": "1",
			"ingre_unit": "T"
		},
		{
			"ingre_name": "포도씨오일",
			"ingre_count": "1",
			"ingre_unit": "T"
		},
		{
			"ingre_name": "새우젓",
			"ingre_count": "1",
			"ingre_unit": "T"
		},
		{
			"ingre_name": "다진마늘",
			"ingre_count": "1/3",
			"ingre_unit": "T"
		},
		{
			"ingre_name": "후추",
			"ingre_count": "",
			"ingre_unit": "약간"
		}
	],
	"recipe": [
		"1. 애호박은 도톰하게 반달모양으로 썰어주고 홍고추는 어슷썰어 준비해줍니다.",
		"2. 달군팬에 참기름과 오일을 섞어 넣어줍니다.",
		"3. 애호박을 넣고 달달 볶아줍니다.",
		"4. 애호박이 노한색으로 익어가면 새우젓 한숟갈을 넣고 좀더 볶아주세요.",
		"5. 촉촉하고 부드러운 애호박볶음을 만들려면 물을 약간 넣어줍니다.",
		"6. 팬 뚜껑을 덮은후 약불에서 5분정도 익혀주세요.",
		"7. 마지막으로 다진마늘과 후추를 넣어주세요.",
		"8. 홍고추를 넣어준후 한번더 볶아주면 완성이에요.",
		"9. 여름철 먹기좋은 애호박새우젓볶음 완성입니다."
	],
	"recipe_img": [
		"https://recipe1.ezmember.co.kr/cache/recipe/2015/06/22/bedf43b9d2a200bb4ae16281934bfb9e1.jpg",
		"https://recipe1.ezmember.co.kr/cache/recipe/2015/06/22/83dd83505bc2207c9dcd93ce71ddb4371.jpg",
		"https://recipe1.ezmember.co.kr/cache/recipe/2015/06/22/805166af6909636d52d2cb127248b2e51.jpg",
		"https://recipe1.ezmember.co.kr/cache/recipe/2015/06/22/c621a3f793e9aadd5481be8a51b4aa301.jpg",
		"https://recipe1.ezmember.co.kr/cache/recipe/2015/06/22/eb3269b9662488e65a03b68e3be06a5a1.jpg",
		"https://recipe1.ezmember.co.kr/cache/recipe/2015/06/22/583850a7cc88d5f8b067059a64900ee01.jpg",
		"https://recipe1.ezmember.co.kr/cache/recipe/2015/06/22/8c6e86a01f5c8c35b01f72c83b3374401.jpg",
		"https://recipe1.ezmember.co.kr/cache/recipe/2015/06/22/e2f6e6a6944a94287e2fcad1b1be20151.jpg",
		"https://recipe1.ezmember.co.kr/cache/recipe/2015/06/22/ccbfb7dd7ea0a85b331de7974de5d4db1.jpg"
	],
	"tag": [
		"새우볶음, 애호박볶음"
	]
}