{
	"id": "3960224",
	"name": "감자 고추장 조림",
	"thumbnail": "https://recipe1.ezmember.co.kr/cache/recipe/2015/06/08/333ddcef75b733b6e58f10a66f540300.jpg",
	"url": "https://www.10000recipe.com/recipe/3960224",
	"ingredient_ids": [
		7997,
		8676,
		8820
	],
	"time": "30",
	"ingre_list": [
		{
			"ingre_name": "감자",
			"ingre_count": "2",
			"ingre_unit": "개"
		},
		{
			"ingre_name": "양파",
			"ingre_count": "1/2",
			"ingre_unit": "개"
		},
		{
			"ingre_name": "파",
			"ingre_count": "1/2",
			"ingre_unit": "대"
		}
	],
	"sauce_list": [
		{
			"ingre_name": "고추장",
			"ingre_count": "1",
			"ingre_unit": "T"
		},
		{
			"ingre_name": "간장",
			"ingre_count": "1",
			"ingre_unit": "T"
		},
		{
			"ingre_name": "다진마늘",
			"ingre_count": "1",
			"ingre_unit": "T"
		},
		{
			"ingre_name": "다진파1+1/2큰술",
			"ingre_count": "1+1/2",
			"ingre_unit": "T"
		},
		{
			"ingre_name": "깨소금",
			"ingre_count": "",
			"ingre_unit": "약간"
		},
		{
			"ingre_name": "참기름",
			"ingre_count": "1/2",
			"ingre_unit": "T"
		},
		{
			"ingre_name": "매실청",
			"ingre_count": "1",
			"ingre_unit": "작은술"
		}
	],
	"recipe": [
		"1. 감자는 깨끗히 껍질을 벗긴 후, 1/2로 썬 다음 0.5~0.7cm 간격으로 반달모양으로 썹니다.",
		"2. 양파는 채 썹니다. 파는 양파 길이만큼 썹니다.",
		"3. 고추장 1큰술, 간장 1큰술, 다진마늘 1큰술, 다진파 1+ 1/2큰술, 깨소금, 참기름 1/2큰술, 매실청 1작은술을 넣고 양념장을 만들어줍니다.",
		"4. 팬에 기름을 두르고 감자를 1분정도 볶은 후, 멸치국물 또는 다시마국물 1/2컵, 만들어 둔 양념장, 양파, 파를 넣고 끓어오르면 약불에서 뚜껑닫고 뭉글하게 조립니다."
	],
	"recipe_img": [
		"https://recipe1.ezmember.co.kr/cache/recipe/2015/06/29/b37a42c42ee3f5dcbd2163ba929d3a6d1.jpg",
		"https://recipe1.ezmember.co.kr/cache/recipe/2015/06/29/9f5962057a72e504952dbf267d829bfe1.jpg",
		"https://recipe1.ezmember.co.kr/cache/recipe/2015/06/29/ba598692a20ba2e65012b76877d206e71.jpg",
		"https://recipe1.ezmember.co.kr/cache/recipe/2015/06/29/e02e1b1d824bbfe3c04ec229ffbf86511.jpg"
	],
	"tag": [
		"감자, 감자조림, 고추장, 밑반찬, 일상, 조림, 채소류"
	]
}