{
	"id": "3969475",
	"name": "간장보쌈 만들기",
	"thumbnail": "https://recipe1.ezmember.co.kr/cache/recipe/2015/06/26/495d6f65992f390fc570d635f80a8610.jpg",
	"url": "https://www.10000recipe.com/recipe/3969475",
	"ingredient_ids": [
		51818,
		8824,
		8676,
		10722,
		8594,
		51780
	],
	"time": "90",
	"ingre_list": [
		{
			"ingre_name": "돼지고기목살",
			"ingre_count": "400",
			"ingre_unit": "g"
		},
		{
			"ingre_name": "대파",
			"ingre_count": "1",
			"ingre_unit": "대"
		},
		{
			"ingre_name": "양파",
			"ingre_count": "1",
			"ingre_unit": "개"
		},
		{
			"ingre_name": "마늘",
			"ingre_count": "5",
			"ingre_unit": "톨"
		},
		{
			"ingre_name": "생강",
			"ingre_count": "1",
			"ingre_unit": "톨"
		},
		{
			"ingre_name": "통후추",
			"ingre_count": "",
			"ingre_unit": "약간"
		}
	],
	"sauce_list": [
		{
			"ingre_name": "간장",
			"ingre_count": "2",
			"ingre_unit": "T"
		},
		{
			"ingre_name": "맛술",
			"ingre_count": "4",
			"ingre_unit": "T"
		},
		{
			"ingre_name": "참기름",
			"ingre_count": "1",
			"ingre_unit": "T"
		}
	],
	"recipe": [
		"1. 분량의 양념을 만들어 고기를 재워둡니다. 한시간이상 재워두셔요.",
		"2. 냄비에 양파 1개를 잘라서 깔아줍니다. 양파를 이렇게 밑에 깔아주면 고기도 늘러붙지 않고 고기에 감칠맛도 더해주지요.",
		"3. 미리 재워둔 고기를 올려주고 양념도 함께 모두 넣어줍니다. 생수 1/2컵을 넣어줍니다.",
		"4. 마늘과 생강은 편썰어서 고기위에 올려주시고 통후추도 올려주세요. 통후추는 대략 1큰술정도 넣었답니다.",
		"5. 대파 한대는 잘 썰어서 고기를 덮듯이 올려줍니다.",
		"6. 중불에서 은근히 삶아내 주시면 됩니다."
	],
	"recipe_img": [
		"https://recipe1.ezmember.co.kr/cache/recipe/2015/06/26/b1da4915576f1a590026f73cb5201d2e1.jpg",
		"https://recipe1.ezmember.co.kr/cache/recipe/2015/06/26/04e80fd8cb40d73835168959a7993f301.jpg",
		"https://recipe1.ezmember.co.kr/cache/recipe/2015/06/26/48c1e01a7011b809cd5edeff984ffa011.jpg",
		"https://recipe1.ezmember.co.kr/cache/recipe/2015/06/26/7e6e16fcf576fe474b2b2cb4b0694d191.jpg",
		"https://recipe1.ezmember.co.kr/cache/recipe/2015/06/26/4b30ef9333794edfaaa04a6e386bb0fe1.jpg",
		"https://recipe1.ezmember.co.kr/cache/recipe/2015/06/26/d2fe26ceebd860ef85a8df09cd0cc0961.jpg"
	],
	"tag": [
		"돼지고기, 메인반찬, 보쌈, 삶기, 영양식"
	]
}