{
	"id": "3976768",
	"name": "더울땐 맛있게 쫄면 한그릇~",
	"thumbnail": "https://recipe1.ezmember.co.kr/cache/recipe/2015/06/19/bc3271eb53a592e60111068f01b8106f.jpg",
	"url": "https://www.10000recipe.com/recipe/3976768",
	"ingredient_ids": [
		7863,
		8792,
		8710,
		42888,
		8592
	],
	"time": "15",
	"ingre_list": [
		{
			"ingre_name": "쫄면",
			"ingre_count": "300",
			"ingre_unit": "g"
		},
		{
			"ingre_name": "콩나물",
			"ingre_count": "120",
			"ingre_unit": "g"
		},
		{
			"ingre_name": "오이",
			"ingre_count": "1",
			"ingre_unit": "개"
		},
		{
			"ingre_name": "양배추",
			"ingre_count": "80",
			"ingre_unit": "g"
		},
		{
			"ingre_name": "상추",
			"ingre_count": "5",
			"ingre_unit": "장"
		}
	],
	"sauce_list": [
		{
			"ingre_name": "고추장",
			"ingre_count": "4",
			"ingre_unit": "T"
		},
		{
			"ingre_name": "고춧가루",
			"ingre_count": "1",
			"ingre_unit": "작은술"
		},
		{
			"ingre_name": "케찹1+1/2큰술",
			"ingre_count": "1+1/2",
			"ingre_unit": "T"
		},
		{
			"ingre_name": "식초",
			"ingre_count": "2",
			"ingre_unit": "T"
		},
		{
			"ingre_name": "마늘",
			"ingre_count": "1",
			"ingre_unit": "T"
		},
		{
			"ingre_name": "물엿",
			"ingre_count": "2",
			"ingre_unit": "T"
		},
		{
			"ingre_name": "설탕1+1/2큰술",
			"ingre_count": "1+1/2",
			"ingre_unit": "T"
		},
		{
			"ingre_name": "매실액",
			"ingre_count": "1",
			"ingre_unit": "T"
		},
		{
			"ingre_name": "통깨",
			"ingre_count": "",
			"ingre_unit": "조금"
		},
		{
			"ingre_name": "달걀",
			"ingre_count": "2",
			"ingre_unit": "개"
		},
		{
			"ingre_name": "키위",
			"ingre_count": "1",
			"ingre_unit": "개"
		},
		{
			"ingre_name": "방울토마토",
			"ingre_count": "2",
			"ingre_unit": "개"
		}
	],
	"recipe": [
		"1. 콩나물을 손질해 소금을 조금넣고 삶아 찬물에 담궈 아삭한 맛을 유지해 줍니다...                   ",
		"2. 쫄면도 팔팔 끓는 물에 삶아 찬물에서 충분히 헹궈 물기를 빼주고요...",
		"3. 양념장 재료를 모두 섞어 믹서에 갈아 줍니다...",
		"4. 달걀은 삶아주고 양배추, 오이 상추는 적당한 크기로 잘라줍니다",
		"5. 준비된 쫄면을 그릇에 놓고, 오이, 상추, 양배추, 콩나물을 올리고 양념장을 떠넣고 달걀을 올려 냅니다..."
	],
	"recipe_img": [
		"https://recipe1.ezmember.co.kr/cache/recipe/2015/06/22/81e85ea49a5a2ead01b56ea24f7bf32e1.jpg",
		"https://recipe1.ezmember.co.kr/cache/recipe/2015/06/22/f7251f7795225ed360392f52b71659361.jpg",
		"https://recipe1.ezmember.co.kr/cache/recipe/2015/06/22/f83da9209a08e904a66aa8f3c3665c721.jpg",
		"https://recipe1.ezmember.co.kr/cache/recipe/2015/06/22/5479cb48d7c8d01ab88dad157d8177ac1.jpg",
		"https://recipe1.ezmember.co.kr/cache/recipe/2015/06/22/5938c6041b91ce389bf64c31f73e4d431.jpg"
	],
	"tag": [
		"가공식품류, 면+만두, 비빔, 쫄면"
	]
}