{
	"id": "3980592",
	"name": "오븐이 필요 없는 케이크 '우유스팀케이크'",
	"thumbnail": "https://recipe1.ezmember.co.kr/cache/recipe/2015/04/16/199880064ec902465cb5487d1942950e1.jpg",
	"url": "https://www.10000recipe.com/recipe/3980592",
	"ingredient_ids": [
		7812,
		10230
	],
	"time": "30",
	"ingre_list": [
		{
			"ingre_name": "박력밀가루",
			"ingre_count": "200",
			"ingre_unit": "g"
		},
		{
			"ingre_name": "우유",
			"ingre_count": "220",
			"ingre_unit": "g"
		}
	],
	"sauce_list": [
		{
			"ingre_name": "설탕",
			"ingre_count": "4.",
			"ingre_unit": "T"
		},
		{
			"ingre_name": "소금",
			"ingre_count": "",
			"ingre_unit": "약간"
		},
		{
			"ingre_name": "베이킹파우더",
			"ingre_count": "2",
			"ingre_unit": "T"
		},
		{
			"ingre_name": "은박컵",
			"ingre_count": "6",
			"ingre_unit": "개"
		}
	],
	"recipe": [
		"1. 볼에 우유와 설탕, 소금을 넣어 잘 섞어 주세요",
		"2. 그런 다음 분량의 베이킹파우더를 넣고",
		"3. 밀가루를 넣고 고루 섞어 주세요",
		"4. 완성 입니다. ^^",
		"5. 준비한 은박틀에 절반 정도로 반죽을 담아 주세요",
		"6. 더 부드러운 스팀케이크를 원하신다면 우유를 더 넣으셔도 좋아요 ~",
		"7. 반죽을 담고 끓어 오르는 찜기 속에 10분간만 찌면 완성 입니다.",
		"8. 완성 입니다. 이거 만드는데 정말 찌는 시간빼고 5분도 안걸려요 ~^ 아주 간단하게 집에서 담백하게 드실수 있답니다.",
		"9. 따끈할때 먹으면 더 맛있는 우유스팀케이크 입니다."
	],
	"recipe_img": [
		"https://recipe1.ezmember.co.kr/cache/recipe/2015/04/22/4324943f1cb51b3cb4683c6c146fec281.jpg",
		"https://recipe1.ezmember.co.kr/cache/recipe/2015/04/22/7807cb8c49bfc6f126afc9c3ed42c2351.jpg",
		"https://recipe1.ezmember.co.kr/cache/recipe/2015/04/22/9755dcb624f19b178317bfbc3d5ee6ec1.jpg",
		"https://recipe1.ezmember.co.kr/cache/recipe/2015/04/22/c00a4fd829c273f9ad97f76f7d00c51e1.jpg",
		"https://recipe1.ezmember.co.kr/cache/recipe/2015/04/22/a404eba0b6cc2d43994e3a12ee7f39a61.jpg",
		"https://recipe1.ezmember.co.kr/cache/recipe/2015/04/22/dbb29cf0347f957486b7802a5cefd4d61.jpg",
		"https://recipe1.ezmember.co.kr/cache/recipe/2015/04/22/ff4b22f19b962be5080f997c6678ea961.jpg",
		"https://recipe1.ezmember.co.kr/cache/recipe/2015/04/22/4f59664915d6f5f76cd216bc92e6de151.jpg",
		"https://recipe1.ezmember.co.kr/cache/recipe/2015/04/22/3172af6aa7a3b5d686a11ddc1a52c1fb1.jpg"
	],
	"tag": [
		"다이어트, 밀가루, 우유, 케이크"
	]
}