{
	"id": "3984196",
	"name": "매콤달콤 떡강정",
	"thumbnail": "https://recipe1.ezmember.co.kr/cache/recipe/2015/06/08/99d45fec5c65a0e857a71105c8e0c425.jpg",
	"url": "https://www.10000recipe.com/recipe/3984196",
	"ingredient_ids": [
		51765,
		51713
	],
	"time": "60",
	"ingre_list": [
		{
			"ingre_name": "떡",
			"ingre_count": "",
			"ingre_unit": ""
		},
		{
			"ingre_name": "견과류",
			"ingre_count": "",
			"ingre_unit": ""
		}
	],
	"sauce_list": [
		{
			"ingre_name": "케찹",
			"ingre_count": "2",
			"ingre_unit": "T"
		},
		{
			"ingre_name": "칠리소스",
			"ingre_count": "1",
			"ingre_unit": "T"
		},
		{
			"ingre_name": "간장",
			"ingre_count": "1",
			"ingre_unit": "T"
		},
		{
			"ingre_name": "고추장",
			"ingre_count": "1",
			"ingre_unit": "T"
		},
		{
			"ingre_name": "설탕",
			"ingre_count": "1",
			"ingre_unit": "T"
		},
		{
			"ingre_name": "올리고당",
			"ingre_count": "1",
			"ingre_unit": "T"
		},
		{
			"ingre_name": "물",
			"ingre_count": "2",
			"ingre_unit": "T"
		}
	],
	"recipe": [
		"1. 분량의 재료를 넣고 양념장을 만들어주세요.",
		"2. 떡볶이 떡은 뜨거운 물에 담궈 10분 정도 불리셨다가 사용하시면 떡이 말캉말캉~",
		"3. 다진 고기나 어묵 등을 곁들이시면 더욱 맛이 좋겠죠? 저는 탕국 끓이고 남아 양념해둔 고기를 냉동실에 얼려둔 것이 있어 사용했어요.",
		"4. 기름을 두른 후라이팬에 물기를 뺀 떡볶이 떡을 넣고 중불에서 노릇노릇 구워줍니다.",
		"5. 떡볶이 떡이 노릇노릇 구워질때쯤 해동시킨 고기도 살짝 따듯하게~",
		"6. 떡과 부재료를 구워낸뒤 잠시 접시에 옮겨두고 후라이팬에 기름을 살짝 두르고 다진마늘 1작은술을 볶다가 향이 나기 시작하면 분량대로 섞어둔 양념장을 부어 끓여줍니다. 금새 바글바글 양념장이 끓으면 구워낸 떡과 고기를 넣고 재빨리 버무려 내면 끝~"
	],
	"recipe_img": [
		"https://recipe1.ezmember.co.kr/cache/recipe/2015/06/29/827e801f9ee97b91eb478376578cecc51.jpg",
		"https://recipe1.ezmember.co.kr/cache/recipe/2015/06/29/0906fc362449af81d088e6b06f9d3ade1.jpg",
		"https://recipe1.ezmember.co.kr/cache/recipe/2015/06/29/3b61832f11a6c019803c2ea3d467dacf1.jpg",
		"https://recipe1.ezmember.co.kr/cache/recipe/2015/06/29/535531b8430e5700d7834d84c1d697061.jpg",
		"https://recipe1.ezmember.co.kr/cache/recipe/2015/06/29/b0adfd23c7c69d26c9612cfd008c963e1.jpg",
		"https://recipe1.ezmember.co.kr/cache/recipe/2015/06/29/98f2067184532e87b27ebf95593080291.jpg"
	],
	"tag": [
		"간식, 강정, 디저트, 떡, 볶음, 콩+견과류"
	]
}