{
	"id": "3989737",
	"name": "감자샐러드",
	"thumbnail": "https://recipe1.ezmember.co.kr/cache/recipe/2015/08/10/fa76d92a571b52a773dc1b6eeae24b761.jpg",
	"url": "https://www.10000recipe.com/recipe/3989737",
	"ingredient_ids": [
		7997,
		9457,
		8710,
		51745
	],
	"time": "30",
	"ingre_list": [
		{
			"ingre_name": "감자",
			"ingre_count": "2",
			"ingre_unit": "개"
		},
		{
			"ingre_name": "계란",
			"ingre_count": "2",
			"ingre_unit": "개"
		},
		{
			"ingre_name": "오이",
			"ingre_count": "1/4",
			"ingre_unit": "개"
		},
		{
			"ingre_name": "맛살",
			"ingre_count": "2",
			"ingre_unit": "개"
		}
	],
	"sauce_list": [
		{
			"ingre_name": "마요네즈",
			"ingre_count": "2",
			"ingre_unit": "T"
		},
		{
			"ingre_name": "떠먹는요구르트",
			"ingre_count": "1/2",
			"ingre_unit": "통"
		},
		{
			"ingre_name": "소금",
			"ingre_count": "",
			"ingre_unit": "약간"
		},
		{
			"ingre_name": "후추",
			"ingre_count": "",
			"ingre_unit": "약간"
		},
		{
			"ingre_name": "머스타드소스",
			"ingre_count": "1",
			"ingre_unit": "T"
		}
	],
	"recipe": [
		"1. 계란은 미리 삶아두시구요~ 잘게 다져서 준비해둡니다",
		"2. 감자도 삶아주세요~.",
		"3. 오이는 소금에 절여 키친타올에 올려 물기를 꼬옥 짜주세요~",
		"4. 삶아진 감자는 뜨거울때 으깨두시구요.. 한김 식혀두세요~",
		"5. 으깬감자가 식으면 준비된 재료들을 담아주시고 소금과 후추로 약간 밑간만 해둡니다..",
		"6. 버무릴 소스로는 머스타드소스와 떠먹는 요플레 그리고 마요네즈를 넣어주었어요"
	],
	"recipe_img": [
		"https://recipe1.ezmember.co.kr/cache/recipe/2015/07/09/ea8e098e007ff7291e266e3395c66fb41.jpg",
		"https://recipe1.ezmember.co.kr/cache/recipe/2015/07/09/60bd13c651fc2d70b038146b98badfb11.jpg",
		"https://recipe1.ezmember.co.kr/cache/recipe/2015/07/09/e12331901cb2e59df9ea23daf1f3b8991.jpg",
		"https://recipe1.ezmember.co.kr/cache/recipe/2015/07/09/43d03216067242222b8872ff44fe66241.jpg",
		"https://recipe1.ezmember.co.kr/cache/recipe/2015/07/09/aeefe8e8e449e4f879fbe3b0a1eb92ce1.jpg",
		"https://recipe1.ezmember.co.kr/cache/recipe/2015/07/09/379f6948cdeaca26fdd4eca1a797a8571.jpg"
	],
	"tag": [
		"감자, 감자샐러드, 삶기, 샐러드"
	]
}