{
	"id": "3993704",
	"name": "치즈롤빵 만들기",
	"thumbnail": "https://recipe1.ezmember.co.kr/cache/recipe/2015/06/08/79dd76e26f4f68258064210adcfb68ae.jpg",
	"url": "https://www.10000recipe.com/recipe/3993704",
	"ingredient_ids": [
		51742,
		10230,
		8084,
		10438,
		51793,
		10267,
		28988
	],
	"time": "90",
	"ingre_list": [
		{
			"ingre_name": "강력분",
			"ingre_count": "250",
			"ingre_unit": "g"
		},
		{
			"ingre_name": "우유",
			"ingre_count": "160",
			"ingre_unit": "g"
		},
		{
			"ingre_name": "설탕",
			"ingre_count": "25",
			"ingre_unit": "g"
		},
		{
			"ingre_name": "소금",
			"ingre_count": "5",
			"ingre_unit": "g"
		},
		{
			"ingre_name": "드라이이스트",
			"ingre_count": "5",
			"ingre_unit": "g"
		},
		{
			"ingre_name": "버터",
			"ingre_count": "20",
			"ingre_unit": "g"
		},
		{
			"ingre_name": "슬라이스치즈",
			"ingre_count": "4",
			"ingre_unit": "장"
		}
	],
	"sauce_list": [],
	"recipe": [
		"1. 반죽기볼에.. 미지근한 우유와.. 강력분, 이스트, 설탕, 소금을 차례대로 계량해서 담아주었습니다.",
		"2. 천천히 반죽 시작. 먼저 5분정도 반죽을 해서 덩어리로 뭉쳐줄거에요. 이렇게 반죽이 휙휙 돌아가는데도.. 소음이 별로 그닥 크지 않아서 좋으네요.",
		"3. 반죽이 뭉쳐지면 버터를 넣고 5분정도 휴지시켰다가 다시 10분 반죽해줍니다.",
		"4. 끈기있게 반죽이 잘 되었어요.",
		"5. 볼안에서 주물럭주물럭 동글려준후..",
		"6. 1차발효 40분 시켜주었어요~ 발효는 언제나 늘 스티로폼 박스에요.",
		"7. 1차발효 완료된 반죽입니다~ 중간발효는 안시켜줄거에욧.",
		"8. 반죽을 꺼내어 주물러 가스를 빼준후 말대로 쭉쭉 밀어펴줍니다.",
		"9. 슬라이스치즈를 가지런히 올려주세요~ 반죽의 양이나 면적에 따라 치즈는 더 올려주셔도 상관없습니다.",
		"10. 반죽 가장자리를 적당히 잘라낸후 김밥말듯이 반죽을 돌돌돌.말아주세요.",
		"11. 반죽 끝부분은 꼬집듯이 꼭꼭 눌러 풀리지 않도록 잘 아물려주세요.",
		"12. 적당한 두께로 썰어준후..",
		"13. 오븐팬에 팬닝후 2차발효 40분 해줍니다.",
		"14. 예열한 180도 오븐에서 20분정도 사정없이 싸우나 시켜주세욧.오븐"
	],
	"recipe_img": [
		"https://recipe1.ezmember.co.kr/cache/recipe/2015/07/15/c0022b6712d72313f1221eaa83c34c3d1.jpg",
		"https://recipe1.ezmember.co.kr/cache/recipe/2015/07/15/90c733849305cc03be402cce3eaba7861.jpg",
		"https://recipe1.ezmember.co.kr/cache/recipe/2015/07/15/5be2a230b0662ccfaa5059b76b4286f91.jpg",
		"https://recipe1.ezmember.co.kr/cache/recipe/2015/07/15/68eb323a262fc03caaf3a1b8cea30b8a1.jpg",
		"https://recipe1.ezmember.co.kr/cache/recipe/2015/07/15/84d1408d6c36ecad0ac38ff495d9fbb41.jpg",
		"https://recipe1.ezmember.co.kr/cache/recipe/2015/07/15/a1a6e531da3937c9d6cfd0cd4f57dea91.jpg",
		"https://recipe1.ezmember.co.kr/cache/recipe/2015/07/15/2186c00eb68e0834c8ea43ae04e7e3ea1.jpg",
		"https://recipe1.ezmember.co.kr/cache/recipe/2015/07/15/648bc92ef1dc40343da9c9997e789cb51.jpg",
		"https://recipe1.ezmember.co.kr/cache/recipe/2015/07/15/f40371f6f26a1aab1e02489d9c8e062d1.jpg",
		"https://recipe1.ezmember.co.kr/cache/recipe/2015/07/15/03a4f19728c3aa05391db7c33fe42f401.jpg",
		"https://recipe1.ezmember.co.kr/cache/recipe/2015/07/15/e1be5b7487244b38bfb9fcc52e60816b1.jpg",
		"https://recipe1.ezmember.co.kr/cache/recipe/2015/07/15/a5e49025dc2e139be4efdd8c823645f21.jpg",
		"https://recipe1.ezmember.co.kr/cache/recipe/2015/07/15/fe7b3ece109b70d1ea20dd1dfcfd32fd1.jpg",
		"https://recipe1.ezmember.co.kr/cache/recipe/2015/07/15/bcf708c0606fb5054c06b7bf183ddcee1.jpg"
	],
	"tag": [
		"간식, 굽기, 밀가루"
	]
}