{
	"id": "3993753",
	"name": "칼칼한 애호박 돼지고기찌개",
	"thumbnail": "https://recipe1.ezmember.co.kr/cache/recipe/2015/05/29/04b503c07ff65541a9317cc82c2190431.jpg",
	"url": "https://www.10000recipe.com/recipe/3993753",
	"ingredient_ids": [
		51789,
		8855,
		8676,
		8824,
		51684,
		51683
	],
	"time": "30",
	"ingre_list": [
		{
			"ingre_name": "돼지고기앞다리살",
			"ingre_count": "680",
			"ingre_unit": "g"
		},
		{
			"ingre_name": "애호박",
			"ingre_count": "1/2",
			"ingre_unit": "개"
		},
		{
			"ingre_name": "양파",
			"ingre_count": "1",
			"ingre_unit": "개"
		},
		{
			"ingre_name": "대파",
			"ingre_count": "1",
			"ingre_unit": "뿌리"
		},
		{
			"ingre_name": "식용유",
			"ingre_count": "1",
			"ingre_unit": "T"
		},
		{
			"ingre_name": "물",
			"ingre_count": "",
			"ingre_unit": "적당량"
		}
	],
	"sauce_list": [
		{
			"ingre_name": "고춧가루",
			"ingre_count": "2",
			"ingre_unit": "T"
		},
		{
			"ingre_name": "맛술",
			"ingre_count": "1",
			"ingre_unit": "T"
		},
		{
			"ingre_name": "다진마늘",
			"ingre_count": "1",
			"ingre_unit": "T"
		},
		{
			"ingre_name": "조선간장2+1/2큰술",
			"ingre_count": "2+1/2",
			"ingre_unit": "T"
		},
		{
			"ingre_name": "소금",
			"ingre_count": "",
			"ingre_unit": "약간"
		}
	],
	"recipe": [
		"1. 돼지고기 앞다리살은 먹기 좋은 크기로 썰어줍니다. 돼지고기는 기름기가 적은 앞다리살로 준비했어요.",
		"2. 애호박은 흐르는 물에 씻은 후 먹기 좋은 크기로 썰어줍니다.",
		"3. 대파와 양파, 마늘은 껍질을 벗겨 씻은 후 대파는 어슷 썰고 양파는 채 썰고 마늘은 다져줍니다.",
		"4. 달군 냄비에 식용유를 두르고 돼지고기를 넣고 볶다가 고춧가루를 넣어 볶아줍니다.",
		"5. 그리고 대파와 양파를 넣어 볶아줍니다.",
		"6. 고기가 어느정도 익으면, 애호박을 넣어 함께 볶다가 조선간장, 맛술을 넣어 볶아줍니다. 돼지고기의 누린내를 제거하기 위해서 맛술을 조금 넣어 주었어요.",
		"7. 물을 붓고 돼지고기가 익을 때까지 끓이다가 다진 마늘을 넣어 한소끔 끓인 후 소금으로 간을 맞춰 주면 완성입니다."
	],
	"recipe_img": [
		"https://recipe1.ezmember.co.kr/cache/recipe/2015/06/22/28477201ae99914c385e408d02e5d8e51.jpg",
		"https://recipe1.ezmember.co.kr/cache/recipe/2015/06/22/2c975308cef68507fab2ae5b44cacf141.jpg",
		"https://recipe1.ezmember.co.kr/cache/recipe/2015/06/22/1369b59d749429a6681e92ded5dbe7411.jpg",
		"https://recipe1.ezmember.co.kr/cache/recipe/2015/06/22/0872e831a26a665d496d4f08f5723ad21.jpg",
		"https://recipe1.ezmember.co.kr/cache/recipe/2015/06/22/96158a688b4a7e7a191f522a33dc0d711.jpg",
		"https://recipe1.ezmember.co.kr/cache/recipe/2015/06/22/095fc35d51d9a7eae7f9c720004b26681.jpg",
		"https://recipe1.ezmember.co.kr/cache/recipe/2015/06/22/4bd81dc6784c4d005fc5655344cdb0f91.jpg"
	],
	"tag": [
		"끓이기, 돼지고기, 애호박찌개, 일상, 찌개"
	]
}