{
	"id": "4003549",
	"name": "동그라미 달걀김밥 ",
	"thumbnail": "https://recipe1.ezmember.co.kr/cache/recipe/2015/06/08/997277f38f5eef87eec656a6f3994e50.jpg",
	"url": "https://www.10000recipe.com/recipe/4003549",
	"ingredient_ids": [
		9456,
		8459,
		8627,
		8386,
		10152
	],
	"time": "30",
	"ingre_list": [
		{
			"ingre_name": "달걀",
			"ingre_count": "5",
			"ingre_unit": "개"
		},
		{
			"ingre_name": "단무지",
			"ingre_count": "5",
			"ingre_unit": "개"
		},
		{
			"ingre_name": "시금치",
			"ingre_count": "",
			"ingre_unit": ""
		},
		{
			"ingre_name": "당근",
			"ingre_count": "",
			"ingre_unit": ""
		},
		{
			"ingre_name": "김",
			"ingre_count": "10",
			"ingre_unit": "장"
		}
	],
	"sauce_list": [
		{
			"ingre_name": "소금",
			"ingre_count": "",
			"ingre_unit": ""
		},
		{
			"ingre_name": "국간장",
			"ingre_count": "",
			"ingre_unit": ""
		},
		{
			"ingre_name": "참기름",
			"ingre_count": "",
			"ingre_unit": ""
		},
		{
			"ingre_name": "깨소금",
			"ingre_count": "",
			"ingre_unit": ""
		}
	],
	"recipe": [
		"1. 끓는물에 소금과 시금치를 넣고 데친 다음 물기를 꼭 짜 주세요. 그릇에 시금치를 넣고 국간장, 참기름, 깨소금을 넣고 조물조물 무쳐 줍니다.",
		"2. 당근은 굵기가 있게 채 썬다음 달구어진 팬에 기름을 두르고 볶습니다. 다익으면 저처럼 간장 1큰술을 넣고 주시거나, 소금을 넣어 볶아 주세요.",
		"3. 그릇에 달걀 1개씩 깨뜨려 소금 간하여 저은 다음 팬에 지단을 부쳐 줍니다.",
		"4. 고슬고슬하게 지어진 밥에 참기름, 깨소금, 소금을 넣고 쓱쓱 비벼 줍니다.",
		"5. 김에 달걀지단을 놓고 단무지, 시금치, 당근을 놓고 돌돌 말아 주세요.",
		"6. 다시 김 한장을 놓고 밥을 골고룰 펴 줍니다. 그 위에 돌돌 말아 두었던 조금전 김을 놓고 다시 돌돌 말아 주세요. 다 만드신 후 김밥 표면에 참기름 바른 후 알맞은 크기로 썰어주세요."
	],
	"recipe_img": [
		"https://recipe1.ezmember.co.kr/cache/recipe/2015/06/30/f44ab206a4fc9b6335289382f7c1d19c1.jpg",
		"https://recipe1.ezmember.co.kr/cache/recipe/2015/06/30/499223eb4f7ff9ba029d37eee657d19d1.jpg",
		"https://recipe1.ezmember.co.kr/cache/recipe/2015/06/30/a746ed4b5af505016cf17d45ef0ce06c1.jpg",
		"https://recipe1.ezmember.co.kr/cache/recipe/2015/06/30/3351a53d96cf240ebb38bea513668ea31.jpg",
		"https://recipe1.ezmember.co.kr/cache/recipe/2015/06/30/1e8d50281bc28b8e6e69b5f8c40769091.jpg",
		"https://recipe1.ezmember.co.kr/cache/recipe/2015/06/30/7185fb8f646543851ca682ddba500b0d1.jpg"
	],
	"tag": [
		"계란, 김밥, 달걀+유제품, 달걀, 밥+죽+떡, 에그"
	]
}