{
	"id": "4003685",
	"name": "쪽파무침 만들기",
	"thumbnail": "https://recipe1.ezmember.co.kr/cache/recipe/2015/06/08/6b8338e57bc553bf60a0920c21ea4030.jpg",
	"url": "https://www.10000recipe.com/recipe/4003685",
	"ingredient_ids": [
		8823
	],
	"time": "15",
	"ingre_list": [
		{
			"ingre_name": "쪽파",
			"ingre_count": "15",
			"ingre_unit": "개"
		}
	],
	"sauce_list": [
		{
			"ingre_name": "고춧가루1+1/2T",
			"ingre_count": "1+1/2",
			"ingre_unit": "T"
		},
		{
			"ingre_name": "액젓",
			"ingre_count": "1",
			"ingre_unit": "T"
		},
		{
			"ingre_name": "간장",
			"ingre_count": "1/2",
			"ingre_unit": "T"
		},
		{
			"ingre_name": "참기름",
			"ingre_count": "1",
			"ingre_unit": "T"
		},
		{
			"ingre_name": "깨1+1/2T",
			"ingre_count": "1+1/2",
			"ingre_unit": "T"
		},
		{
			"ingre_name": "올리고당",
			"ingre_count": "1/3~1/2T",
			"ingre_unit": "T"
		}
	],
	"recipe": [
		"1. 쪽파는 15개정도 씻어서 준비후 굵은두께의 쪽파흰부분은 먹기 좋게 칼집을 넣어 준비합니다.",
		"2. 준비한 쪽파를 4~5cm길이로 썰어줍니다.",
		"3. 그릇에 쪽파를 넣고 분량의 양념을 넣어줍니다.",
		"4. 살살 버무리면 완성입니다. 꼭 드시기 직전에 버무려주세요."
	],
	"recipe_img": [
		"https://recipe1.ezmember.co.kr/cache/recipe/2015/06/19/6aa69d09ff6962fe08d061cf1e43cfd31.jpg",
		"https://recipe1.ezmember.co.kr/cache/recipe/2015/06/19/12261cc66ae6e99f2d782b7e9cd0f3cc1.jpg",
		"https://recipe1.ezmember.co.kr/cache/recipe/2015/06/19/6b5243a7be5186013ebdb14e5dc101181.jpg",
		"https://recipe1.ezmember.co.kr/cache/recipe/2015/06/19/8ad6c710a638ec49e5886913c99b65021.jpg"
	],
	"tag": [
		"무침, 쪽파"
	]
}