{
	"id": "4005204",
	"name": "마늘 토스트",
	"thumbnail": "https://recipe1.ezmember.co.kr/cache/recipe/2015/06/08/5119408b20342bb836e503900feaf54a.jpg",
	"url": "https://www.10000recipe.com/recipe/4005204",
	"ingredient_ids": [
		22366
	],
	"time": "15",
	"ingre_list": [
		{
			"ingre_name": "통식빵",
			"ingre_count": "1",
			"ingre_unit": "개"
		}
	],
	"sauce_list": [],
	"recipe": [
		"1. 실온에 두어 말랑해진 버터와 다진마늘을 섞어줍니다.",
		"2. 다진 파슬리 가루 아가베 시럽을 넣고 섞어주시면 마늘버터는 완성입니다.",
		"3. 식빵에 칼집을 내어 줍니다.",
		"4. 칼집을 넣은 빵위에 마늘버터를 얇게 펴발라 줍니다.",
		"5. 마늘버터를 바른후에 파마산 치즈가루를 뿌려줍니다.",
		"6. 180˚로 예열해둔 오븐에 넣고 8~10분간 윗면이 노릇노릇 색이 나도록 구워줍니다오븐"
	],
	"recipe_img": [
		"https://recipe1.ezmember.co.kr/cache/recipe/2015/06/10/ebdfb80f5aea0b235dfd49802418ca081.jpg",
		"https://recipe1.ezmember.co.kr/cache/recipe/2015/06/10/4ef61b55836f13f24a07c809e79c40771.jpg",
		"https://recipe1.ezmember.co.kr/cache/recipe/2015/06/10/4c34042d0d3aceb82dbcaef6eb201e191.jpg",
		"https://recipe1.ezmember.co.kr/cache/recipe/2015/06/10/60ce1ad22636aded41bacc7fc8d25a281.jpg",
		"https://recipe1.ezmember.co.kr/cache/recipe/2015/06/10/6fb34a7ac896470d74bf32a9decb98d21.jpg",
		"https://recipe1.ezmember.co.kr/cache/recipe/2015/06/10/1b96575b5270fcfeb24d5da7264d6ca91.jpg"
	],
	"tag": [
		"간식, 굽기, 밀가루, 토스트"
	]
}