{
	"id": "4014043",
	"name": "선물용으로 좋은 블론디",
	"thumbnail": "https://recipe1.ezmember.co.kr/cache/recipe/2015/06/30/0fb328a91cc3775037d72c2b564eb308.jpg",
	"url": "https://www.10000recipe.com/recipe/4014043",
	"ingredient_ids": [
		10267,
		8088,
		8084,
		9456,
		51743,
		51699,
		51760,
		10438,
		8251
	],
	"time": "60",
	"ingre_list": [
		{
			"ingre_name": "버터",
			"ingre_count": "80",
			"ingre_unit": "g"
		},
		{
			"ingre_name": "황설탕",
			"ingre_count": "70",
			"ingre_unit": "g"
		},
		{
			"ingre_name": "설탕",
			"ingre_count": "40",
			"ingre_unit": "g"
		},
		{
			"ingre_name": "달걀",
			"ingre_count": "1",
			"ingre_unit": "개"
		},
		{
			"ingre_name": "중력분",
			"ingre_count": "130",
			"ingre_unit": "g"
		},
		{
			"ingre_name": "베이킹파우더",
			"ingre_count": "1/2",
			"ingre_unit": "작은술"
		},
		{
			"ingre_name": "베이킹소다",
			"ingre_count": "1/4",
			"ingre_unit": "작은술"
		},
		{
			"ingre_name": "소금",
			"ingre_count": "1/8",
			"ingre_unit": "작은술"
		},
		{
			"ingre_name": "호두",
			"ingre_count": "40",
			"ingre_unit": "g"
		}
	],
	"sauce_list": [],
	"recipe": [
		"1. 버터는 중탕하여 녹인 후 설탕과 골고루 섞어 주세요. 설탕이 어느 정도 녹으면 실온의 달걀을 넣고 골고루 섞어 주세요.",
		"2. 체에 내린 가루류를 넣고 가볍게 섞어 주세요. 가루가 안 보일 때쯤 다진 호두를 넣고 반죽을 완성해 주세요.",
		"3. 원하는 틀에 반죽을 담고 180도로 예열한 오븐에서 15~20분 가량 구워 주세요. 사각틀에 한꺼번에 구우신 후 스틱 모양으로 잘라 주셔도 좋아요.오븐"
	],
	"recipe_img": [
		"https://recipe1.ezmember.co.kr/cache/recipe/2015/06/30/6fe0a5042968533cb4c1cd4b5d2023df1.jpg",
		"https://recipe1.ezmember.co.kr/cache/recipe/2015/06/30/e1aa89db2174487db86ce6052bd663061.jpg",
		"https://recipe1.ezmember.co.kr/cache/recipe/2015/06/30/33e2d2072d31c8b2765f944a0ab3cbce1.jpg"
	],
	"tag": [
		"간식, 곡류, 굽기"
	]
}