{
	"id": "4015284",
	"name": "오징어 스파게티 만들기",
	"thumbnail": "https://recipe1.ezmember.co.kr/cache/recipe/2015/06/08/4bd48c5a88a3984c272792f8437c137f.jpg",
	"url": "https://www.10000recipe.com/recipe/4015284",
	"ingredient_ids": [
		10107,
		7919,
		8676,
		51692,
		51734
	],
	"time": "60",
	"ingre_list": [
		{
			"ingre_name": "오징어",
			"ingre_count": "1",
			"ingre_unit": "마리"
		},
		{
			"ingre_name": "스파게티",
			"ingre_count": "150",
			"ingre_unit": "g"
		},
		{
			"ingre_name": "양파",
			"ingre_count": "1/2",
			"ingre_unit": "개"
		},
		{
			"ingre_name": "청량고추",
			"ingre_count": "2",
			"ingre_unit": "개"
		},
		{
			"ingre_name": "파마산치즈가루",
			"ingre_count": "",
			"ingre_unit": "약간"
		}
	],
	"sauce_list": [
		{
			"ingre_name": "시판스파게티소스",
			"ingre_count": "3",
			"ingre_unit": "T"
		},
		{
			"ingre_name": "올리브오일",
			"ingre_count": "3",
			"ingre_unit": "T"
		}
	],
	"recipe": [
		"1. 몸통부분은 동그랗게 모양대로 잘라주시고 머리와 다리부분은 소스에 넣을거니까 잘게 다져서 준비합니다.",
		"2. 스파게티면을 삶아주시는데요. 이때 소금을 약간 넣고 삶아주세요.",
		"3. 뜨거운채로 체에받혀 식혀두세요. 이때 스파게티면 삶은물을 버리지마시고 1/2컵정도 놔두었다가..나중에 소스에 버무릴때 수분이 모자라면 스파게티 삶은물을 보충하시면 촉촉하고 맛있는 파스타 만들수 있어요.",
		"4. 달구어진팬에 올리브오일 3큰술 넣어주시구요.",
		"5. 오징어를 먼저 볶아주시다가",
		"6. 양파와 청량고추를 넣어주세요. 어린아이 있는집에서는 청량고추 빼고 만드심 되구요.",
		"7. 재료가 다 볶아지면 시판 스파게티 소스를 넣어주세요.",
		"8. 바로 스파게티소스에 삶아놓은 면을 넣어주세요.",
		"9. 이때 혹시 소스에 수분이 부족하면 스파게티면 삶고 남은물을 넣고 촉촉하게 만드시면 됩니다."
	],
	"recipe_img": [
		"https://recipe1.ezmember.co.kr/cache/recipe/2015/06/30/ba3c88ccbdd08389917ff714618589f51.jpg",
		"https://recipe1.ezmember.co.kr/cache/recipe/2015/06/30/2d9219ea30f15b8dfb0154374984dd6a1.jpg",
		"https://recipe1.ezmember.co.kr/cache/recipe/2015/06/30/56a56cd293631dfbe16a8810db56e4841.jpg",
		"https://recipe1.ezmember.co.kr/cache/recipe/2015/06/30/9658f139e19cee028be0a0e0f2f005261.jpg",
		"https://recipe1.ezmember.co.kr/cache/recipe/2015/06/30/7770d4378112274b34155a31923c7ee11.jpg",
		"https://recipe1.ezmember.co.kr/cache/recipe/2015/06/30/8ef8f60f5c09f3b16812258765e99bd01.jpg",
		"https://recipe1.ezmember.co.kr/cache/recipe/2015/06/30/c81b4af11b72545e0826a95bba4047ab1.jpg",
		"https://recipe1.ezmember.co.kr/cache/recipe/2015/06/30/cee40b500673fa1d33df2d50b61d83cc1.jpg",
		"https://recipe1.ezmember.co.kr/cache/recipe/2015/06/30/2bf36774f9d47248c86e2dba9ef28b4f1.jpg"
	],
	"tag": [
		"면+만두, 밀가루, 스파게티, 오징어"
	]
}