{
	"id": "4029217",
	"name": "KFC 비스켓 만들기",
	"thumbnail": "https://recipe1.ezmember.co.kr/cache/recipe/2015/06/20/387e1d4f6e17324947833c16509ed947.jpg",
	"url": "https://www.10000recipe.com/recipe/4029217",
	"ingredient_ids": [
		51687,
		51699,
		9456,
		10230
	],
	"time": "30",
	"ingre_list": [
		{
			"ingre_name": "박력분",
			"ingre_count": "1",
			"ingre_unit": "컵"
		},
		{
			"ingre_name": "베이킹파우더",
			"ingre_count": "1/3",
			"ingre_unit": "T"
		},
		{
			"ingre_name": "달걀",
			"ingre_count": "1",
			"ingre_unit": "개"
		},
		{
			"ingre_name": "우유",
			"ingre_count": "2",
			"ingre_unit": "T"
		}
	],
	"sauce_list": [
		{
			"ingre_name": "설탕",
			"ingre_count": "2",
			"ingre_unit": "T"
		},
		{
			"ingre_name": "소금",
			"ingre_count": "1/3",
			"ingre_unit": "T"
		},
		{
			"ingre_name": "버터",
			"ingre_count": "3",
			"ingre_unit": "T"
		}
	],
	"recipe": [
		"1. 박력분 1컵에 베이킹파우더 1/3스푼, 설탕 2스푼, 소금 1/3스푼을 섞어 체망에 2번 정도 내려줍니다.",
		"2. 버터 3스푼정도를 퍼서 넣고 세로로 툭툭 버터를 썰어준다는 느낌으로 대강만 섞어줍니다.",
		"3. 계란 1개를 풀어서 우유 2스푼을 넣고 섞어줍니다.",
		"4. 밀가루에 붓고 같은 방법으로 섞어줍니다. 이때도 조물조물 반죽을 하는것이 아니라 주걱으로 대강만 섞어주시면 된답니다.",
		"5. 오븐팬에 종이호일을 깔고 대강 한수저씩 떠서 올린 후 5분정도 예열시킨 180도의 오븐에서 25~30분간 구워주면 완성입니다.오븐"
	],
	"recipe_img": [
		"https://recipe1.ezmember.co.kr/cache/recipe/2015/06/22/acb9aaa715c2552bd843b76fc8242d501.jpg",
		"https://recipe1.ezmember.co.kr/cache/recipe/2015/06/22/fc8e970b092c6442e9d76ae93b4f583d1.jpg",
		"https://recipe1.ezmember.co.kr/cache/recipe/2015/06/22/2baa9e14c9a06acce3d45b29181665f91.jpg",
		"https://recipe1.ezmember.co.kr/cache/recipe/2015/06/22/bb8261b81aab6ce10b9e9c85a4598f011.jpg",
		"https://recipe1.ezmember.co.kr/cache/recipe/2015/06/22/d84fd7f56484f57090125bb80293574f1.jpg"
	],
	"tag": [
		"간식, 굽기, 밀가루"
	]
}