{
	"id": "4030952",
	"name": "아삭아삭한 고추된장박이 ",
	"thumbnail": "https://recipe1.ezmember.co.kr/cache/recipe/2015/04/22/a673e92121f268ea47ea5212bcbde4891.jpg",
	"url": "https://www.10000recipe.com/recipe/4030952",
	"ingredient_ids": [
		8304
	],
	"time": "15",
	"ingre_list": [
		{
			"ingre_name": "풋고추",
			"ingre_count": "10",
			"ingre_unit": "개"
		}
	],
	"sauce_list": [
		{
			"ingre_name": "된장",
			"ingre_count": "2",
			"ingre_unit": "T"
		},
		{
			"ingre_name": "다진마늘",
			"ingre_count": "1/3",
			"ingre_unit": "T"
		},
		{
			"ingre_name": "송송썰은대파",
			"ingre_count": "1",
			"ingre_unit": "T"
		},
		{
			"ingre_name": "참기름",
			"ingre_count": "1/2",
			"ingre_unit": "T"
		},
		{
			"ingre_name": "통깨",
			"ingre_count": "1/2",
			"ingre_unit": "T"
		},
		{
			"ingre_name": "매실원액",
			"ingre_count": "1",
			"ingre_unit": "T"
		},
		{
			"ingre_name": "설탕",
			"ingre_count": "1/3",
			"ingre_unit": "T"
		}
	],
	"recipe": [
		"1. 풋고추는 깨끗이 씻은후 한입크기로 적당히 썰고, 파는 송송썰어서 1스푼가량 준비합니다.",
		"2. 분량의 양념을 넣고, 잘 섞어준후...",
		"3. 썰어논 고추/파와 함께.. 잘 버무려 주면 완성이랍니다. ^^"
	],
	"recipe_img": [
		"https://recipe1.ezmember.co.kr/cache/recipe/2015/04/22/b3bdbc3d7b02b21b35c7b02fece712821.jpg",
		"https://recipe1.ezmember.co.kr/cache/recipe/2015/04/22/f2859367fd891a64394e922408aa4e7a1.jpg",
		"https://recipe1.ezmember.co.kr/cache/recipe/2015/04/22/4c46f2f97e687f0c8702ce532f89271d1.jpg"
	],
	"tag": [
		"밑반찬, 일상, 채소류"
	]
}