{
	"id": "4031025",
	"name": "김치비빔국수",
	"thumbnail": "https://recipe1.ezmember.co.kr/cache/recipe/2015/07/09/3024cb110b728e0484aebba700f892b6.jpg",
	"url": "https://www.10000recipe.com/recipe/4031025",
	"ingredient_ids": [
		8349,
		42888,
		7851,
		51722,
		51686,
		10282
	],
	"time": "15",
	"ingre_list": [
		{
			"ingre_name": "김치",
			"ingre_count": "1",
			"ingre_unit": "웅큼"
		},
		{
			"ingre_name": "양배추",
			"ingre_count": "1",
			"ingre_unit": "웅큼"
		},
		{
			"ingre_name": "국수",
			"ingre_count": "2",
			"ingre_unit": "웅큼"
		},
		{
			"ingre_name": "김가루",
			"ingre_count": "",
			"ingre_unit": "조금"
		},
		{
			"ingre_name": "통깨",
			"ingre_count": "",
			"ingre_unit": "약간"
		},
		{
			"ingre_name": "참기름",
			"ingre_count": "",
			"ingre_unit": "약간"
		}
	],
	"sauce_list": [
		{
			"ingre_name": "고추장",
			"ingre_count": "1",
			"ingre_unit": "T"
		},
		{
			"ingre_name": "식초",
			"ingre_count": "1",
			"ingre_unit": "T"
		},
		{
			"ingre_name": "설탕",
			"ingre_count": "1",
			"ingre_unit": "T"
		},
		{
			"ingre_name": "소금",
			"ingre_count": "1/2",
			"ingre_unit": "티T"
		}
	],
	"recipe": [
		"1. 김치와 양배추는 채썰어서 준비하세요",
		"2. 고추장1스푼, 식초1스푼, 설탕1스푼, 소금(1/2찻스푼)을 혼합해서 초고추장을 만듭니다",
		"3. 팔팔끓는물에 소면을 넣고 2~3분가량 삶아내서.. 찬물에 여러번 헹구어 체망에 받쳐 물기를 쪼옥~ 빼줍니다",
		"4. 그런다음, 준비해논 재료들과 초고추장, 참기름 약간을 넣고... 살살 버무려 김가루를 얹어주면 완성"
	],
	"recipe_img": [
		"https://recipe1.ezmember.co.kr/cache/recipe/2015/07/09/d1814a5ba64798a9867388bd914c64c91.jpg",
		"https://recipe1.ezmember.co.kr/cache/recipe/2015/07/09/1408da18709a72f4f810ebedb5e272101.jpg",
		"https://recipe1.ezmember.co.kr/cache/recipe/2015/07/09/538927656443b2881293dd5f39bc476d1.jpg",
		"https://recipe1.ezmember.co.kr/cache/recipe/2015/07/09/c416508fdb7969d3378e7b852b8f8cee1.jpg"
	],
	"tag": [
		"국수, 김치, 김치비빔국수, 면+만두, 밀가루, 비빔, 비빔국수"
	]
}