{
	"id": "4031367",
	"name": "현미밥 전",
	"thumbnail": "https://recipe1.ezmember.co.kr/cache/recipe/2015/07/02/c54c07d768a034c96b17f5ccb7f7c065.jpg",
	"url": "https://www.10000recipe.com/recipe/4031367",
	"ingredient_ids": [
		7025,
		11266,
		9456,
		10260
	],
	"time": "15",
	"ingre_list": [
		{
			"ingre_name": "현미밥",
			"ingre_count": "1",
			"ingre_unit": "공기"
		},
		{
			"ingre_name": "멸치",
			"ingre_count": "1/2",
			"ingre_unit": "줌"
		},
		{
			"ingre_name": "달걀",
			"ingre_count": "1",
			"ingre_unit": "개"
		},
		{
			"ingre_name": "들기름",
			"ingre_count": "",
			"ingre_unit": "적당량"
		}
	],
	"sauce_list": [],
	"recipe": [
		"1. 멸치는 마른팬에 볶아서 수분과 비릿함을 제거해줍니다. 현미밥 1공기와 달걀을 준비합니다.",
		"2. 볶아준 멸치에 현미밥, 달걀를 넣어주고 참기름을 두릅니다.",
		"3. 재료들이 잘 섞일 수 있도록 골고루 섞어주세요.",
		"4. 잘 섞인 반죽을 한스푼씩 얇게 펴서 기름두른 팬에 올려 노릇하게 부쳐줍니다."
	],
	"recipe_img": [
		"https://recipe1.ezmember.co.kr/cache/recipe/2015/07/02/47b6cd6a1ec895c01581c3617a81e0c11.jpg",
		"https://recipe1.ezmember.co.kr/cache/recipe/2015/07/02/0092904a02a0672faca21fc1a317bf2f1.jpg",
		"https://recipe1.ezmember.co.kr/cache/recipe/2015/07/02/f2589dc6c1d72e3c605717cffec763d51.jpg",
		"https://recipe1.ezmember.co.kr/cache/recipe/2015/07/02/db0ca05e02c8574493a3251ef35dfef91.jpg"
	],
	"tag": [
		"밥, 밥전, 부침, 부침개, 쌀, 전"
	]
}