{
	"id": "4036485",
	"name": "해피투게더 야간매점 차태현의 감파전",
	"thumbnail": "https://recipe1.ezmember.co.kr/cache/recipe/2015/04/22/c17c88bf02198a78867ab10e2f593f25.jpg",
	"url": "https://www.10000recipe.com/recipe/4036485",
	"ingredient_ids": [
		8676,
		7997,
		10438
	],
	"time": "15",
	"ingre_list": [
		{
			"ingre_name": "양파",
			"ingre_count": "1",
			"ingre_unit": "개"
		},
		{
			"ingre_name": "감자",
			"ingre_count": "3",
			"ingre_unit": "개"
		},
		{
			"ingre_name": "소금",
			"ingre_count": "1",
			"ingre_unit": "작은술"
		}
	],
	"sauce_list": [],
	"recipe": [
		"1. 감자와 양파는 껍질을 벗겨 주세요.",
		"2. 감자는 강판에 갈아 주세요.",
		"3. 갈은 감자는 면보에 걸러내면 좋지만, 귀찮으시다면 저처럼 손으로 꾸욱~ 짜 줍니다.",
		"4. 짜낸 즙은 버리지 마시고 실온에 10분 정도 두면 밑에 앙금이 가라앉습니다. 이 앙금이 들어가야 맛도 부드럽고 진한 감자전이 됩니다.",
		"5. 앙금이 가라앉을 동안 양파도 강판에 갈아 줍니다.",
		"6. 볼에 갈은 감자 앙금 , 양파, 소금 1작은술을 넣고 조물조물~ 섞어 줍니다. 방송에서 차태현씨는 감자와 양파채를 조금 섞으셨는데 자칫 칼질이 서투신 분들은 두껍게 채를 썰어 익히는데 시간도 더들고 개인적으로는 비추인듯 합니다.",
		"7. 살짝 촉촉해야 전을 부쳤을때 더욱 부드럽고 입에 착착 감기는것 같아요.",
		"8. 팬을 살짝 달군 후에 기름을 넉넉히 두르고 반죽을 부쳐주면 완성입니다! 이때 불은 중불에서~"
	],
	"recipe_img": [
		"https://recipe1.ezmember.co.kr/cache/recipe/2015/04/22/e7571d8ed52525f0c5938daac07e958e1.jpg",
		"https://recipe1.ezmember.co.kr/cache/recipe/2015/04/22/808cdbc08cd5681c026a994b004e82681.jpg",
		"https://recipe1.ezmember.co.kr/cache/recipe/2015/04/22/d13fb7b1dc6982f0f4beb7012b9f9a51.jpg",
		"https://recipe1.ezmember.co.kr/cache/recipe/2015/04/22/9016ba147d5d59e3ab80aaf4b4ecada91.jpg",
		"https://recipe1.ezmember.co.kr/cache/recipe/2015/04/22/cdbb4fec26fd7f3da1b03202625db4081.jpg",
		"https://recipe1.ezmember.co.kr/cache/recipe/2015/04/22/9b4d0a3369a23909ce7c6e5773eac3511.jpg",
		"https://recipe1.ezmember.co.kr/cache/recipe/2015/04/22/0275c13b9e70bb644301b0feddbdc0941.jpg",
		"https://recipe1.ezmember.co.kr/cache/recipe/2015/04/22/9a686c0914a893436ead8d702ad176cf1.jpg"
	],
	"tag": [
		"간식, 밑반찬, 부침, 채소류, 파전"
	]
}