{
	"id": "4037817",
	"name": "바나나 스무디",
	"thumbnail": "https://recipe1.ezmember.co.kr/cache/recipe/2015/06/08/4df8f6f53fb8d45cabfbf0768f5eaa28.jpg",
	"url": "https://www.10000recipe.com/recipe/4037817",
	"ingredient_ids": [
		20859,
		10230
	],
	"time": "10",
	"ingre_list": [
		{
			"ingre_name": "바나나",
			"ingre_count": "1",
			"ingre_unit": "개"
		},
		{
			"ingre_name": "우유",
			"ingre_count": "200",
			"ingre_unit": "ml"
		}
	],
	"sauce_list": [
		{
			"ingre_name": "통깨",
			"ingre_count": "1",
			"ingre_unit": "T"
		},
		{
			"ingre_name": "꿀",
			"ingre_count": "1/2",
			"ingre_unit": "T"
		}
	],
	"recipe": [
		"1. 재료 : 바나나 1개, 통깨 1스푼, 우유 200ml, 꿀 1/2스푼을 준비합니다.",
		"2. 준비한 분량의 재료들을 모두 한꺼번에 넣고 브랜더로 곱게 갈아줍니다.",
		"3. 계피향을 좋아하시면 살짝(아주 쬐금만) 곁들여 보세요."
	],
	"recipe_img": [
		"https://recipe1.ezmember.co.kr/cache/recipe/2015/10/07/23fdff9765d05fd3f0a7655966722f041.jpg",
		"https://recipe1.ezmember.co.kr/cache/recipe/2015/10/07/fd905f1dad2e0f83991d0e65e309057e1.jpg",
		"https://recipe1.ezmember.co.kr/cache/recipe/2015/10/07/50640eecc6e363b6aab9f1295c49be0d1.jpg"
	],
	"tag": [
		"과일류, 바나나스무디, 스무디, 차+음료+술"
	]
}