{
	"id": "4042421",
	"name": "느타리버섯양념구이",
	"thumbnail": "https://recipe1.ezmember.co.kr/cache/recipe/2015/05/26/26a4ef511cf888c2fc1b5177b7cb269f1.jpg",
	"url": "https://www.10000recipe.com/recipe/4042421",
	"ingredient_ids": [
		8873,
		8822,
		51686,
		51684
	],
	"time": "30",
	"ingre_list": [
		{
			"ingre_name": "느타리버섯",
			"ingre_count": "350",
			"ingre_unit": "g"
		},
		{
			"ingre_name": "실파",
			"ingre_count": "",
			"ingre_unit": "약간"
		},
		{
			"ingre_name": "통깨",
			"ingre_count": "",
			"ingre_unit": "약간"
		},
		{
			"ingre_name": "식용유",
			"ingre_count": "1",
			"ingre_unit": "T"
		}
	],
	"sauce_list": [
		{
			"ingre_name": "고추장1+1/2큰술",
			"ingre_count": "1+1/2",
			"ingre_unit": "T"
		},
		{
			"ingre_name": "고춧가루",
			"ingre_count": "1",
			"ingre_unit": "T"
		},
		{
			"ingre_name": "진간장",
			"ingre_count": "1",
			"ingre_unit": "T"
		},
		{
			"ingre_name": "맛술",
			"ingre_count": "1",
			"ingre_unit": "T"
		},
		{
			"ingre_name": "올리고당",
			"ingre_count": "1",
			"ingre_unit": "T"
		},
		{
			"ingre_name": "다진파",
			"ingre_count": "1",
			"ingre_unit": "T"
		},
		{
			"ingre_name": "다진마늘",
			"ingre_count": "1",
			"ingre_unit": "T"
		},
		{
			"ingre_name": "참기름",
			"ingre_count": "1",
			"ingre_unit": "T"
		}
	],
	"recipe": [
		"1. 느타리버섯은 끓는 물에 살짝 데친 후 찬물에 헹구어 물기를 제거해 줍니다. 굵은 느타리버섯은 반으로 찢어 주었어요.",
		"2. 분량의 양념 재료 고추장, 고춧가루, 진간장, 올리고당, 맛술, 다진 파, 다진 마늘, 참기름을 넣어 양념을 만들어줍니다.",
		"3. 느타리버섯에 양념을 넣어 버무린 후 재워둡니다.",
		"4. 달군 프라이팬에 식용유를 두르고 구워줍니다.  느타리버섯은 끓는 물에 데친거라 오랫동안 굽지 않아도 된답니다."
	],
	"recipe_img": [
		"https://recipe1.ezmember.co.kr/cache/recipe/2015/06/12/7a75ac1cd632e28abcb02061a7e447021.jpg",
		"https://recipe1.ezmember.co.kr/cache/recipe/2015/06/12/06c329bc912b129e344b4dd061775adf1.jpg",
		"https://recipe1.ezmember.co.kr/cache/recipe/2015/06/12/04a1e65030eafcfcbc77a2cbe8db18061.jpg",
		"https://recipe1.ezmember.co.kr/cache/recipe/2015/06/12/8089730dd16966c291e2197e9d3a4e831.jpg"
	],
	"tag": [
		"구이, 굽기, 밑반찬, 버섯, 버섯구이, 버섯류, 양념, 일상"
	]
}