{
	"id": "4045350",
	"name": "한입에 쏘옥 계란롤볶음밥 ",
	"thumbnail": "https://recipe1.ezmember.co.kr/cache/recipe/2015/06/17/ec43e1832a213cb07b86b18a588c7d48.jpg",
	"url": "https://www.10000recipe.com/recipe/4045350",
	"ingredient_ids": [
		15272,
		8676,
		8386,
		8850,
		51685,
		51682,
		9457
	],
	"time": "30",
	"ingre_list": [
		{
			"ingre_name": "햄",
			"ingre_count": "1/4",
			"ingre_unit": "개"
		},
		{
			"ingre_name": "양파",
			"ingre_count": "1/4",
			"ingre_unit": "개"
		},
		{
			"ingre_name": "당근",
			"ingre_count": "1/4",
			"ingre_unit": "개"
		},
		{
			"ingre_name": "호박",
			"ingre_count": "1/4",
			"ingre_unit": "개"
		},
		{
			"ingre_name": "밥",
			"ingre_count": "1",
			"ingre_unit": "공기"
		},
		{
			"ingre_name": "다진마늘",
			"ingre_count": "1",
			"ingre_unit": "T"
		},
		{
			"ingre_name": "계란",
			"ingre_count": "2",
			"ingre_unit": "개"
		}
	],
	"sauce_list": [
		{
			"ingre_name": "소금",
			"ingre_count": "",
			"ingre_unit": "조금"
		}
	],
	"recipe": [
		"1. 호박, 당근, 양파, 햄은 작은크기로 다지듯이 썰어서 준비합니다.",
		"2. 먼저 햄을 후라이팬에서 살살 볶아줍니다.",
		"3. 그리고 호박, 당근, 양파 다진 것들 넣고 볶다가 다진 마늘 한스푼, 소금 넣어서 간을 맞춥니다.",
		"4. 밥한공기를 넣어서 재료와 함께 잘 섞여지도록 잘 볶아주세요.",
		"5. 한입 크기만한 정도로 주먹밥을 만들어둡니다.",
		"6. 계란두개를 풀고 소금으로 조금 간을 한 후 후라이팬에서 숟가락 2스푼 정도를 떠서 길게 부어주세요. 만들어둔 주먹밥을 올려 돌돌 말면 완성입니다."
	],
	"recipe_img": [
		"https://recipe1.ezmember.co.kr/cache/recipe/2015/06/17/111dcc56ff661d233c516c437845aed91.jpg",
		"https://recipe1.ezmember.co.kr/cache/recipe/2015/06/17/2ee58f6ca4ee850df06320d78ddc1f5f1.jpg",
		"https://recipe1.ezmember.co.kr/cache/recipe/2015/06/17/b68ad8b26f20c6559e89e58a04ed318f1.jpg",
		"https://recipe1.ezmember.co.kr/cache/recipe/2015/06/17/f86901770ee23d8d317ced7e847f14bd1.jpg",
		"https://recipe1.ezmember.co.kr/cache/recipe/2015/06/17/ef04f3aa8063cb6fa4ca69b27fed0faf1.jpg",
		"https://recipe1.ezmember.co.kr/cache/recipe/2015/06/17/13d639c2d83673500d810cbb16f2cce11.jpg"
	],
	"tag": [
		"계란, 계란볶음밥, 달걀+유제품, 달걀, 롤, 밥+죽+떡, 밥, 볶음, 볶음밥, 에그, 일상"
	]
}