{
	"id": "4047164",
	"name": "표고버섯 강정 만들기",
	"thumbnail": "https://recipe1.ezmember.co.kr/cache/recipe/2015/09/02/add3f290fce6b01befe259332fe70ada1.jpg",
	"url": "https://www.10000recipe.com/recipe/4047164",
	"ingredient_ids": [
		8922,
		7997,
		51738
	],
	"time": "15",
	"ingre_list": [
		{
			"ingre_name": "표고버섯",
			"ingre_count": "",
			"ingre_unit": ""
		},
		{
			"ingre_name": "감자",
			"ingre_count": "",
			"ingre_unit": ""
		},
		{
			"ingre_name": "전분가루",
			"ingre_count": "",
			"ingre_unit": ""
		}
	],
	"sauce_list": [
		{
			"ingre_name": "고추장",
			"ingre_count": "1",
			"ingre_unit": "T"
		},
		{
			"ingre_name": "다진마늘",
			"ingre_count": "1",
			"ingre_unit": "작은술"
		},
		{
			"ingre_name": "소금",
			"ingre_count": "",
			"ingre_unit": "약간"
		},
		{
			"ingre_name": "간장",
			"ingre_count": "1/2",
			"ingre_unit": "T"
		},
		{
			"ingre_name": "고추가루",
			"ingre_count": "1",
			"ingre_unit": "작은술"
		},
		{
			"ingre_name": "청주",
			"ingre_count": "1",
			"ingre_unit": "T"
		},
		{
			"ingre_name": "올리고당",
			"ingre_count": "1",
			"ingre_unit": "T"
		}
	],
	"recipe": [
		"1. 표고버섯을 미지근한 물에 불린 후 손으로 꼭 짜 줍니다. 감자 전분가루를 앞, 뒤로 골고루 묻혀 줍니다.",
		"2. 팬에 기름을 두르고 표고버섯을 앞, 뒤로 구운 다음 접시에 담아 둡니다.",
		"3. 분량대로 양념만들고 걸쭉하게 조려지면 표고버섯을 넣고 재빨리 버무린 후 접시에 담아 냅니다.",
		"4. 표고버섯 강정 완성~"
	],
	"recipe_img": [
		"https://recipe1.ezmember.co.kr/cache/recipe/2015/10/30/3b87bfde41fc43e98f918b13f9deaea31.jpg",
		"https://recipe1.ezmember.co.kr/cache/recipe/2015/10/30/c24936bd59f938c993a26b813b19a0bd1.jpg",
		"https://recipe1.ezmember.co.kr/cache/recipe/2015/10/30/828c8c67611c5f70421e11b6b6bd36cc1.jpg",
		"https://recipe1.ezmember.co.kr/cache/recipe/2015/10/30/78bc27252340ceab8a46015b1b35a1a51.jpg"
	],
	"tag": [
		"강정, 버섯, 버섯류, 표고버섯"
	]
}