{
	"id": "4054499",
	"name": "양파 불고기 볶음",
	"thumbnail": "https://recipe1.ezmember.co.kr/cache/recipe/2015/08/10/75d08d05b20c0ceeefc054d0630a41ac1.jpg",
	"url": "https://www.10000recipe.com/recipe/4054499",
	"ingredient_ids": [
		9306,
		8676,
		8824
	],
	"time": "60",
	"ingre_list": [
		{
			"ingre_name": "소고기",
			"ingre_count": "300",
			"ingre_unit": "g"
		},
		{
			"ingre_name": "양파",
			"ingre_count": "",
			"ingre_unit": "넉넉히"
		},
		{
			"ingre_name": "대파",
			"ingre_count": "",
			"ingre_unit": "약간"
		}
	],
	"sauce_list": [
		{
			"ingre_name": "맛간장",
			"ingre_count": "3",
			"ingre_unit": "작은술"
		},
		{
			"ingre_name": "마늘",
			"ingre_count": "1",
			"ingre_unit": "작은술"
		},
		{
			"ingre_name": "청주",
			"ingre_count": "1",
			"ingre_unit": "작은술"
		},
		{
			"ingre_name": "생강즙",
			"ingre_count": "1",
			"ingre_unit": "작은술"
		},
		{
			"ingre_name": "설탕",
			"ingre_count": "1",
			"ingre_unit": "작은술"
		},
		{
			"ingre_name": "후추",
			"ingre_count": "",
			"ingre_unit": "약간"
		},
		{
			"ingre_name": "참기름",
			"ingre_count": "1",
			"ingre_unit": "작은술"
		}
	],
	"recipe": [
		"1. 양념장 재료를 넣어 고기를 양념해두세요.",
		"2. 양파를 채썰어 두세요.",
		"3. 달구어진팬에 고기 볶아주다가 양파넣고 볶아주세요.",
		"4. 재료가 다 익어갈때쯤 대파를 넣어주세요. 이때 버섯이나 당근등을 넣어드셔도 좋아요.",
		"5. 양파때문에 수분이 조금 생기긴하지만 센불에 볶아보면 수분이 많이 생기질않고 촉촉한 불고기만들수 있어요."
	],
	"recipe_img": [
		"https://recipe1.ezmember.co.kr/cache/recipe/2015/06/30/6ae530d166ca548aec6aaa6433bbaf421.jpg",
		"https://recipe1.ezmember.co.kr/cache/recipe/2015/06/30/bda7c7bbbd1fa3fe17d54d58765d597c1.jpg",
		"https://recipe1.ezmember.co.kr/cache/recipe/2015/06/30/ca1147dd5d2c92b3cb33371e4348b7f71.jpg",
		"https://recipe1.ezmember.co.kr/cache/recipe/2015/06/30/28e1330c1ed9fb3d9f31da0624156f821.jpg",
		"https://recipe1.ezmember.co.kr/cache/recipe/2015/06/30/5cb0db3e120969ae68de61b232be9b161.jpg"
	],
	"tag": [
		"메인반찬, 불고기, 육류"
	]
}