{
	"id": "4068861",
	"name": "에그샌드위치 만들기",
	"thumbnail": "https://recipe1.ezmember.co.kr/cache/recipe/2015/06/26/6ca8b9ac42d7c46cba78ffa3f639ce82.jpg",
	"url": "https://www.10000recipe.com/recipe/4068861",
	"ingredient_ids": [
		9457,
		7883
	],
	"time": "30",
	"ingre_list": [
		{
			"ingre_name": "계란",
			"ingre_count": "2",
			"ingre_unit": "알"
		},
		{
			"ingre_name": "식빵",
			"ingre_count": "4",
			"ingre_unit": "장"
		}
	],
	"sauce_list": [
		{
			"ingre_name": "마요네즈",
			"ingre_count": "2",
			"ingre_unit": "T"
		},
		{
			"ingre_name": "스위트피클",
			"ingre_count": "2",
			"ingre_unit": "T"
		},
		{
			"ingre_name": "후춧가루",
			"ingre_count": "",
			"ingre_unit": "약간"
		},
		{
			"ingre_name": "설탕",
			"ingre_count": "1/4",
			"ingre_unit": "T"
		}
	],
	"recipe": [
		"1. 계란이 잠길만큼의 물을 붓고 중불에서 12~13분정도 삶아 주세요. 삶아진 계란은 차가운 물에 담궈 두었다가 껍질을 벗기고 노른자와 흰자를 분리 해서 준비 하세요. 수저 등을 이용해서 노른자를 곱게 으깨어 주세요. 흰자는 작은 덩어리가 있을 정도로 칼로 다져 주세요.",
		"2. 계란에 마요네즈 2스푼, 스위트피클 2스푼, 후춧가루 약간, 설탕 1/4스푼 를 넣고 섞어주세요. 섞은 후 맛을 보시고 달기가 부족하시면 설탕을, 싱겁다고 생각하시면 소금을 약간 넣어 주셔도 좋아요.",
		"3. 식빵에 계란샐러드를 올려주고 다른 식빵으로 덮어줍니다."
	],
	"recipe_img": [
		"https://recipe1.ezmember.co.kr/cache/recipe/2015/06/26/fc795d4098d7544784f577e688b57cb51.jpg",
		"https://recipe1.ezmember.co.kr/cache/recipe/2015/06/26/b0f1a8ceb7735f1c9f0017d7305a24651.jpg",
		"https://recipe1.ezmember.co.kr/cache/recipe/2015/06/26/76bb1fc6d3092ee0e303b2deccdead401.jpg"
	],
	"tag": [
		"계란, 달걀+유제품, 달걀, 삶기, 샌드위치, 에그, 에그샌드위치"
	]
}