{
	"id": "4073268",
	"name": "초코 브라우니 만들기",
	"thumbnail": "https://recipe1.ezmember.co.kr/cache/recipe/2015/06/08/129c39d0dee150fef3dc655f7c93078f.jpg",
	"url": "https://www.10000recipe.com/recipe/4073268",
	"ingredient_ids": [
		51743,
		28027,
		9456,
		8084,
		10278
	],
	"time": "15",
	"ingre_list": [
		{
			"ingre_name": "중력분",
			"ingre_count": "50",
			"ingre_unit": "g"
		},
		{
			"ingre_name": "다크초콜릿",
			"ingre_count": "100",
			"ingre_unit": "g"
		},
		{
			"ingre_name": "달걀",
			"ingre_count": "2",
			"ingre_unit": "개"
		},
		{
			"ingre_name": "설탕",
			"ingre_count": "2",
			"ingre_unit": "T"
		},
		{
			"ingre_name": "올리브유",
			"ingre_count": "50",
			"ingre_unit": "ml"
		}
	],
	"sauce_list": [],
	"recipe": [
		"1. 작은 볼에 계란과 설탕을 넣어준후",
		"2. 핸드블랜더로 휘핑해서 계란과 설탕을 잘 섞어주세요",
		"3. 다른볼에 다크초콜릿을 담아 중탕으로 녹여줍니다",
		"4. 녹인 초콜릿에 버터대신 올리브오일을 넣고",
		"5. 휘핑해서 오일이랑 초콜릿이랑 잘 섞어주었어요",
		"6. 달걀과 설탕 섞은물을 초콜릿에 넣고",
		"7. 역시 잘 섞어줍니다",
		"8. 중력분을 체에 내려 넣고 섞어주세요",
		"9. 완성된 브라우니 반죽입니다",
		"10. 전자레인지에 사용가능한 내열용기를 준비한후 용기에 오일을 살짝 코팅해주세요",
		"11. 브라우니 반죽을 용기에 부어주세요",
		"12. 용기를 바닥에 탁탁 여러번 내리쳐서 반죽안의 공기를 빼주시구요",
		"13. 전자레인지에 넣어 3분 돌려주었습니다전자레인지",
		"14. 눈깜짝할 사이에 완성된 초코브라우니랍니다",
		"15. 슈가파우더 솔솔 뿌려주었어요"
	],
	"recipe_img": [
		"https://recipe1.ezmember.co.kr/cache/recipe/2015/07/10/a968aa3fa4767b322625e87314e3f9711.jpg",
		"https://recipe1.ezmember.co.kr/cache/recipe/2015/07/10/f78e4ea068ae18b88ac81b6f984318141.jpg",
		"https://recipe1.ezmember.co.kr/cache/recipe/2015/07/10/a6fd7e2430aae021a2fbf8c2fa5d58561.jpg",
		"https://recipe1.ezmember.co.kr/cache/recipe/2015/07/10/c401e5594e26924b3dfdf992b82af7851.jpg",
		"https://recipe1.ezmember.co.kr/cache/recipe/2015/07/10/9442e615184d270c143afa314d88ef0c1.jpg",
		"https://recipe1.ezmember.co.kr/cache/recipe/2015/07/10/5f10054ac05e35b5d1308898fe7649e81.jpg",
		"https://recipe1.ezmember.co.kr/cache/recipe/2015/07/10/e9a5762fd2c9c9bee23b12325644cf3f1.jpg",
		"https://recipe1.ezmember.co.kr/cache/recipe/2015/07/10/5f3869efd08a82c6a71a126229f4afd41.jpg",
		"https://recipe1.ezmember.co.kr/cache/recipe/2015/07/10/f530ab378a381e12f73aef7d5fbffb6a1.jpg",
		"https://recipe1.ezmember.co.kr/cache/recipe/2015/07/10/e4047ffb35b983d48a3739bf4029ce1b1.jpg",
		"https://recipe1.ezmember.co.kr/cache/recipe/2015/07/10/e2d39c294561908dc034fc7bc2760db21.jpg",
		"https://recipe1.ezmember.co.kr/cache/recipe/2015/07/10/658112d702063771919176afb574e3221.jpg",
		"https://recipe1.ezmember.co.kr/cache/recipe/2015/07/10/d1cb59a451323af572777060d0ef35ec1.jpg",
		"https://recipe1.ezmember.co.kr/cache/recipe/2015/07/10/0e7360976af9c514724bdc2d23b107661.jpg",
		"https://recipe1.ezmember.co.kr/cache/recipe/2015/07/10/f80b4ace6c7de06212aea60f59483efd1.jpg"
	],
	"tag": [
		"간식, 굽기, 밀가루, 브라우니"
	]
}