{
	"id": "4077893",
	"name": "김치 도토리묵 무침",
	"thumbnail": "https://recipe1.ezmember.co.kr/cache/recipe/2015/06/18/fba3d8877dbe9118568b05dbf4ad15a0.jpg",
	"url": "https://www.10000recipe.com/recipe/4077893",
	"ingredient_ids": [
		10720,
		6902,
		51700
	],
	"time": "15",
	"ingre_list": [
		{
			"ingre_name": "도토리묵",
			"ingre_count": "500",
			"ingre_unit": "g"
		},
		{
			"ingre_name": "배추김치",
			"ingre_count": "1",
			"ingre_unit": "줌"
		},
		{
			"ingre_name": "깻잎",
			"ingre_count": "10",
			"ingre_unit": "장"
		}
	],
	"sauce_list": [
		{
			"ingre_name": "간장",
			"ingre_count": "2",
			"ingre_unit": "T"
		},
		{
			"ingre_name": "참기름",
			"ingre_count": "3",
			"ingre_unit": "T"
		},
		{
			"ingre_name": "설탕",
			"ingre_count": "1/3",
			"ingre_unit": "T"
		},
		{
			"ingre_name": "깨소금",
			"ingre_count": "1/3",
			"ingre_unit": "T"
		}
	],
	"recipe": [
		"1. 넉넉한 볼에 양념재료를 모두 섞어 줍니다.",
		"2. 배추김치를 쫑쫑썰어줍니다.",
		"3. 양념장에 넣고 양념장에 김치를 버무려줍니다.",
		"4. 도토리묵은 먹기좋은 크기로 취향껏 썰어주세요.",
		"5. 김치가 든 볼에 넣어주세요. 묵이 부스러지지 않도록 재빨리 섞어주심 완성입니다.",
		"6. 깻잎을 가늘게 썰어 묵과 함께 내면 좋아요."
	],
	"recipe_img": [
		"https://recipe1.ezmember.co.kr/cache/recipe/2015/06/18/5eb926688eded7c1564cfb030a693c921.jpg",
		"https://recipe1.ezmember.co.kr/cache/recipe/2015/06/18/c9b56d8affc519c5250b14883f3dbc8e1.jpg",
		"https://recipe1.ezmember.co.kr/cache/recipe/2015/06/18/9cffa8ebe76a3ee3d0db9c17d9999f101.jpg",
		"https://recipe1.ezmember.co.kr/cache/recipe/2015/06/18/28f0c3d13152f12a831bad6f9d56d3b11.jpg",
		"https://recipe1.ezmember.co.kr/cache/recipe/2015/06/18/ec2a7a9569f2c040028725667ed457e11.jpg",
		"https://recipe1.ezmember.co.kr/cache/recipe/2015/06/18/18fa4644fd6cc151e29eea99269128461.jpg"
	],
	"tag": [
		"김치, 도토리묵무침, 무침, 배추김치, 술안주"
	]
}