{
	"id": "4081690",
	"name": "슬라이스치즈 롤샌드위치 만들기",
	"thumbnail": "https://recipe1.ezmember.co.kr/cache/recipe/2015/06/19/e44138b2d4f6ad7f9cfc91d88db97b76.jpg",
	"url": "https://www.10000recipe.com/recipe/4081690",
	"ingredient_ids": [
		7883,
		28988
	],
	"time": "15",
	"ingre_list": [
		{
			"ingre_name": "식빵",
			"ingre_count": "4",
			"ingre_unit": "장"
		},
		{
			"ingre_name": "슬라이스치즈",
			"ingre_count": "2",
			"ingre_unit": "장"
		}
	],
	"sauce_list": [
		{
			"ingre_name": "땅콩버터쨈",
			"ingre_count": "",
			"ingre_unit": "적당량"
		},
		{
			"ingre_name": "포도쨈",
			"ingre_count": "",
			"ingre_unit": "적당량"
		}
	],
	"recipe": [
		"1. 재료 참 간단합니다. 식빵은 가장자리를 잘라 내 주세요.",
		"2. 밀대로 식빵을 얇게 밀어 주세요.",
		"3. 식빵에 각각 땅콩버터쨈과 포도쨈을 골고루 펴 발라 주세요.",
		"4. 슬라이스 치즈는 겹쳐서 도톰하게 만든 후 식빵 위에 얹어 돌돌 말아 주세요. 랩으로 단단하게 감싸 주시면 더 좋습니다."
	],
	"recipe_img": [
		"https://recipe1.ezmember.co.kr/cache/recipe/2015/06/22/29116c7dd498504834a87875c911495e1.jpg",
		"https://recipe1.ezmember.co.kr/cache/recipe/2015/06/22/6de1cd77c303eaaee208b7a73703496c1.jpg",
		"https://recipe1.ezmember.co.kr/cache/recipe/2015/06/22/8abefcd5616c021ab3d6545595b253481.jpg",
		"https://recipe1.ezmember.co.kr/cache/recipe/2015/06/22/1f383b667d9c6338b19a0fb016e3f0361.jpg"
	],
	"tag": [
		"간식, 롤, 롤샌드위치, 밀가루, 샌드위치"
	]
}