{
	"id": "4083232",
	"name": "토마토 쇠고기 볶음",
	"thumbnail": "https://recipe1.ezmember.co.kr/cache/recipe/2015/06/08/aaa537a730a9dddc13ca024fd75dea9d.jpg",
	"url": "https://www.10000recipe.com/recipe/4083232",
	"ingredient_ids": [
		9329,
		43241,
		51754,
		8548,
		10286,
		51682
	],
	"time": "30",
	"ingre_list": [
		{
			"ingre_name": "채끝살",
			"ingre_count": "170",
			"ingre_unit": "g"
		},
		{
			"ingre_name": "토마토",
			"ingre_count": "1",
			"ingre_unit": "개"
		},
		{
			"ingre_name": "노랑파프리카",
			"ingre_count": "1/2",
			"ingre_unit": "개"
		},
		{
			"ingre_name": "브로콜리",
			"ingre_count": "20",
			"ingre_unit": "g"
		},
		{
			"ingre_name": "포도씨유",
			"ingre_count": "1",
			"ingre_unit": "T"
		},
		{
			"ingre_name": "다진마늘",
			"ingre_count": "1",
			"ingre_unit": "T"
		}
	],
	"sauce_list": [
		{
			"ingre_name": "발사믹식초",
			"ingre_count": "1",
			"ingre_unit": "T"
		},
		{
			"ingre_name": "허브솔트",
			"ingre_count": "1",
			"ingre_unit": "작은술"
		}
	],
	"recipe": [
		"1. 채끝살은 2*2정도크기로 잘라 허브솔트를 뿌려줍니다.",
		"2. 노랑파프리카, 토마토도 네모지게 잘라 준비해주세요.",
		"3. 브로콜리도 잘라 준비 합니다.",
		"4. 팬에 기름을 두르고 다진마늘을 넣어 마늘향이 날때까지 볶아주세요.",
		"5. 재원둔 채끝살을 넣어 볶아줍니다.",
		"6. 맛술도 1큰술을 넣어 채끝살이 2/3가량 익을때까지 볶아주세요.",
		"7. 노랑파프리카,토마토를 넣어주시고 발사믹식초를 넣어 볶아주세요.",
		"8. 마지막에 데친브로콜리를 넣어 휘리릭 섞어주시면 됩니다.",
		"9. 색감도 예쁜 소고기토마토볶음 완성."
	],
	"recipe_img": [
		"https://recipe1.ezmember.co.kr/cache/recipe/2015/06/22/2d8375c03f2303dbab65c67bc3db18f31.jpg",
		"https://recipe1.ezmember.co.kr/cache/recipe/2015/06/22/6770996fe254bf322f8e8b836945ce911.jpg",
		"https://recipe1.ezmember.co.kr/cache/recipe/2015/06/22/645d7b3399f56a7825870ebf7be537e11.jpg",
		"https://recipe1.ezmember.co.kr/cache/recipe/2015/06/22/7bd39b5ea081c71897807ed035aba30c1.jpg",
		"https://recipe1.ezmember.co.kr/cache/recipe/2015/06/22/148e26e188da61becbb7937ad09ebe881.jpg",
		"https://recipe1.ezmember.co.kr/cache/recipe/2015/06/22/bc8826a59be493c086406871035f66621.jpg",
		"https://recipe1.ezmember.co.kr/cache/recipe/2015/06/22/64c568152482102df2e7d5a2a4ed86041.jpg",
		"https://recipe1.ezmember.co.kr/cache/recipe/2015/06/22/b22a8cee4144627fe7ab5a2cbbd910131.jpg",
		"https://recipe1.ezmember.co.kr/cache/recipe/2015/06/22/1b4896c6718ec9562330be23c40bb5d51.jpg"
	],
	"tag": [
		"메인반찬, 볶음, 소고기, 토마토"
	]
}