{
	"id": "4088779",
	"name": "야채 간장장아찌",
	"thumbnail": "https://recipe1.ezmember.co.kr/cache/recipe/2015/07/07/b84bf5d3cdac4f1e4faed37b571a5565.jpg",
	"url": "https://www.10000recipe.com/recipe/4088779",
	"ingredient_ids": [
		8452,
		8710,
		8676,
		8316
	],
	"time": "15",
	"ingre_list": [
		{
			"ingre_name": "무",
			"ingre_count": "1",
			"ingre_unit": "개"
		},
		{
			"ingre_name": "오이",
			"ingre_count": "5",
			"ingre_unit": "개"
		},
		{
			"ingre_name": "양파",
			"ingre_count": "3",
			"ingre_unit": "개"
		},
		{
			"ingre_name": "청양고추",
			"ingre_count": "5",
			"ingre_unit": "개"
		}
	],
	"sauce_list": [
		{
			"ingre_name": "간장",
			"ingre_count": "",
			"ingre_unit": ""
		}
	],
	"recipe": [
		"1. 야채를 먹음직스럽게 썰어주세요",
		"2. 썰어둔 야채를 밀폐용기에 담아주세요.",
		"3. 장기간 두고 드실 경우는 간장. 식초. 설탕을 끓였다가 야채에 부어 상온에서 하루 보관뒤 냉장고에 보관하시며 2-3일 뒤에 간장을 다시한번 끓인뒤 식혀서 부어 드시면 됩니다."
	],
	"recipe_img": [
		"https://recipe1.ezmember.co.kr/cache/recipe/2015/07/07/dcf23b99dc6fd32bc4635c6307d59db21.jpg",
		"https://recipe1.ezmember.co.kr/cache/recipe/2015/07/07/97de34e42c387fd82b0bf4969ca44f681.jpg",
		"https://recipe1.ezmember.co.kr/cache/recipe/2015/07/07/c39cac0b30a3d051c59e62e78a4b337d1.jpg"
	],
	"tag": [
		"장아찌"
	]
}