{
	"id": "4090308",
	"name": "도토리묵국수",
	"thumbnail": "https://recipe1.ezmember.co.kr/cache/recipe/2015/06/26/a25bd9782e7a3aadd34c7f2ce66d8b0d.jpg",
	"url": "https://www.10000recipe.com/recipe/4090308",
	"ingredient_ids": [
		10720,
		42888,
		8386,
		8544,
		7172
	],
	"time": "15",
	"ingre_list": [
		{
			"ingre_name": "도토리묵",
			"ingre_count": "200",
			"ingre_unit": "g"
		},
		{
			"ingre_name": "양배추",
			"ingre_count": "",
			"ingre_unit": "약간"
		},
		{
			"ingre_name": "당근",
			"ingre_count": "",
			"ingre_unit": "약간"
		},
		{
			"ingre_name": "부추",
			"ingre_count": "",
			"ingre_unit": "약간"
		},
		{
			"ingre_name": "미숫가루",
			"ingre_count": "",
			"ingre_unit": ""
		}
	],
	"sauce_list": [
		{
			"ingre_name": "고추장",
			"ingre_count": "1",
			"ingre_unit": "T"
		},
		{
			"ingre_name": "매실액",
			"ingre_count": "1/3",
			"ingre_unit": "컵"
		},
		{
			"ingre_name": "물",
			"ingre_count": "1/4",
			"ingre_unit": "컵"
		},
		{
			"ingre_name": "참기름",
			"ingre_count": "1/2",
			"ingre_unit": "T"
		},
		{
			"ingre_name": "통깨",
			"ingre_count": "",
			"ingre_unit": ""
		},
		{
			"ingre_name": "검은깨",
			"ingre_count": "",
			"ingre_unit": ""
		}
	],
	"recipe": [
		"1. 냉장고속 채소들을 채썰어 준비합니다.",
		"2. 양념장을 만들어 둡니다.",
		"3. 도토리묵은 길쭉하게 채썰어 준비하시구요.",
		"4. 그릇에 채썬 도토리묵을 소복히 담아줍니다.",
		"5. 도토리묵 위에 채썬 채소들을 소복히 올려준후 양념장을 묵 가장자리로 부어주세요.",
		"6. 마지막에 미숫가루를 솔솔 뿌려내면 완성."
	],
	"recipe_img": [
		"https://recipe1.ezmember.co.kr/cache/recipe/2015/06/26/68201545375e282218982cd47278fd541.jpg",
		"https://recipe1.ezmember.co.kr/cache/recipe/2015/06/26/627d298332d1c0b3bc5cb04c81a9996f1.jpg",
		"https://recipe1.ezmember.co.kr/cache/recipe/2015/06/26/b09f9e198de2514283e21ea17a8de58d1.jpg",
		"https://recipe1.ezmember.co.kr/cache/recipe/2015/06/26/8e1e5757d35b2683ea5e9e83d7a2e3901.jpg",
		"https://recipe1.ezmember.co.kr/cache/recipe/2015/06/26/635817445c798ed2155fe3af419c2c631.jpg",
		"https://recipe1.ezmember.co.kr/cache/recipe/2015/06/26/ebecfb202dc63cb10d089cc4553736fc1.jpg"
	],
	"tag": [
		"가공식품류, 국수, 다이어트, 면+만두"
	]
}