{
	"id": "4095547",
	"name": "돼지불고기",
	"thumbnail": "https://recipe1.ezmember.co.kr/cache/recipe/2015/07/09/30167cf8537b5c90f89934e9d19ee781.jpg",
	"url": "https://www.10000recipe.com/recipe/4095547",
	"ingredient_ids": [
		9235,
		8676
	],
	"time": "90",
	"ingre_list": [
		{
			"ingre_name": "목살",
			"ingre_count": "400",
			"ingre_unit": "g"
		},
		{
			"ingre_name": "양파",
			"ingre_count": "1/2",
			"ingre_unit": "개"
		}
	],
	"sauce_list": [
		{
			"ingre_name": "간장",
			"ingre_count": "5",
			"ingre_unit": "T"
		},
		{
			"ingre_name": "설탕",
			"ingre_count": "1",
			"ingre_unit": "T"
		},
		{
			"ingre_name": "매실액",
			"ingre_count": "2",
			"ingre_unit": "T"
		},
		{
			"ingre_name": "다진파",
			"ingre_count": "2",
			"ingre_unit": "T"
		},
		{
			"ingre_name": "다진마늘",
			"ingre_count": "1",
			"ingre_unit": "T"
		},
		{
			"ingre_name": "참기름",
			"ingre_count": "0.",
			"ingre_unit": "T"
		},
		{
			"ingre_name": "후추",
			"ingre_count": "",
			"ingre_unit": "약간"
		},
		{
			"ingre_name": "깨소금",
			"ingre_count": "",
			"ingre_unit": "약간"
		}
	],
	"recipe": [
		"1. 목살에 양념 재료를 모두 넣고 조물조물 버무린 후 양파를 가볍게 섞은 다음 30분~1시간 가량 재워 주세요.",
		"2. 달군 팬에 양념에 재운 목살을 넣고 약불에 충분히 볶아주세요",
		"3. 마지막으로 깨를 뿌려주고 조금 더 볶으면 완성"
	],
	"recipe_img": [
		"https://recipe1.ezmember.co.kr/cache/recipe/2015/07/09/19d7d3dc2d807eb89c1248c7dfa7d05c1.jpg",
		"https://recipe1.ezmember.co.kr/cache/recipe/2015/07/09/c2ff1128e244d0511541abb00dee13a21.jpg",
		"https://recipe1.ezmember.co.kr/cache/recipe/2015/07/09/64ed3a1749e0e495d6f1de8a297f7a391.jpg"
	],
	"tag": [
		"돼지고기, 돼지불고기, 메인반찬, 불고기"
	]
}