{
	"id": "4101045",
	"name": "간단한끼식사 김치소시지덮밥",
	"thumbnail": "https://recipe1.ezmember.co.kr/cache/recipe/2015/06/08/b63c6f711598778e7fdb38edfc8d7f75.jpg",
	"url": "https://www.10000recipe.com/recipe/4101045",
	"ingredient_ids": [
		15263,
		51685,
		51787,
		10260,
		8676
	],
	"time": "15",
	"ingre_list": [
		{
			"ingre_name": "소시지",
			"ingre_count": "7",
			"ingre_unit": "개"
		},
		{
			"ingre_name": "밥",
			"ingre_count": "1",
			"ingre_unit": "공기"
		},
		{
			"ingre_name": "묵은지",
			"ingre_count": "100",
			"ingre_unit": "g"
		},
		{
			"ingre_name": "들기름",
			"ingre_count": "1",
			"ingre_unit": "T"
		},
		{
			"ingre_name": "양파",
			"ingre_count": "30",
			"ingre_unit": "g"
		}
	],
	"sauce_list": [
		{
			"ingre_name": "설탕이나꿀",
			"ingre_count": "1",
			"ingre_unit": "T"
		},
		{
			"ingre_name": "통깨",
			"ingre_count": "",
			"ingre_unit": "약간"
		},
		{
			"ingre_name": "소금",
			"ingre_count": "",
			"ingre_unit": "약간"
		}
	],
	"recipe": [
		"1. 묵은지는 잘라서 준비합니다.",
		"2. 소시지는 슬라이스하고 양파는 적당히 썰어줍니다.",
		"3. 팬에 들기름을 넣고 묵은지를 볶다가 양파를 넣어 양파가 하얗게 될때까지 볶아주세요. 그리고 설탕을 넣어 볶아줍니다.",
		"4. 소시지를 넣어 섞어주시고 물기가 없을때까지 볶아주세요.",
		"5. 밥위에 완성된 소시지김치볶음을 올리면 완성입니다."
	],
	"recipe_img": [
		"https://recipe1.ezmember.co.kr/cache/recipe/2015/06/16/48fc2ec4dde0fa524e4b55a739d2a7e81.jpg",
		"https://recipe1.ezmember.co.kr/cache/recipe/2015/06/16/e7a83fc6da02e9074be31167f31e4a301.jpg",
		"https://recipe1.ezmember.co.kr/cache/recipe/2015/06/16/5a27722e51001eebb80a5cf4287b71101.jpg",
		"https://recipe1.ezmember.co.kr/cache/recipe/2015/06/16/8979baedf61337a588075b07c4f329d51.jpg",
		"https://recipe1.ezmember.co.kr/cache/recipe/2015/06/16/403a59378f4a6d089c568be26c6b4219.jpg"
	],
	"tag": [
		"가공식품류, 김치, 덮밥, 밥+죽+떡, 밥, 볶음, 일상"
	]
}