{
	"id": "4102401",
	"name": "두부조림 만드는법",
	"thumbnail": "https://recipe1.ezmember.co.kr/cache/recipe/2015/06/08/ad98275ee213b4c63d2867bdc7516fd8.jpg",
	"url": "https://www.10000recipe.com/recipe/4102401",
	"ingredient_ids": [
		8158
	],
	"time": "30",
	"ingre_list": [
		{
			"ingre_name": "두부",
			"ingre_count": "290",
			"ingre_unit": "g"
		}
	],
	"sauce_list": [
		{
			"ingre_name": "진간장",
			"ingre_count": "7",
			"ingre_unit": "T"
		},
		{
			"ingre_name": "송송썬파",
			"ingre_count": "3",
			"ingre_unit": "T"
		},
		{
			"ingre_name": "다진마늘",
			"ingre_count": "1/3",
			"ingre_unit": "T"
		},
		{
			"ingre_name": "참기름",
			"ingre_count": "1/2",
			"ingre_unit": "T"
		},
		{
			"ingre_name": "통깨",
			"ingre_count": "1/3",
			"ingre_unit": "T"
		},
		{
			"ingre_name": "고춧가루",
			"ingre_count": "1/2",
			"ingre_unit": "T"
		},
		{
			"ingre_name": "설탕",
			"ingre_count": "1/2",
			"ingre_unit": "T"
		},
		{
			"ingre_name": "물",
			"ingre_count": "50",
			"ingre_unit": "ml"
		},
		{
			"ingre_name": "식용류",
			"ingre_count": "1",
			"ingre_unit": "T"
		}
	],
	"recipe": [
		"1. 두부를 도톰한 두께로 썰어 주세요.",
		"2. 식용류 1스푼을 두른 팬에 노릇하게 부쳐서 준비합니다.",
		"3. 분량의 진간장, 파, 다진마늘, 참기름, 통깨, 고춧가루, 설탕을 넣고 양념장을 만들어 줍니다.",
		"4. 냄비에 사진처럼 노릇하게 부쳐낸 두부를 한켜깔고, 양념장을 올려줍니다.",
		"5. 물 50ml를 넣고, 강불에서 국물이 자작해질때까지 졸여줍니다.",
		"6. 끓이는 중간중간에 수저로 국물을 떠서 두부에 얹어주면 양념이 좀더 잘 베인답니다. 두부조림 완성."
	],
	"recipe_img": [
		"https://recipe1.ezmember.co.kr/cache/recipe/2015/06/22/838d20219c8929435e60f6ecba2f3dfa1.jpg",
		"https://recipe1.ezmember.co.kr/cache/recipe/2015/06/22/65c8b6f9efb2457798e367d7625fb9851.jpg",
		"https://recipe1.ezmember.co.kr/cache/recipe/2015/06/22/8583af162a384c9b795a598b5335e1571.jpg",
		"https://recipe1.ezmember.co.kr/cache/recipe/2015/06/22/e2dc89a4b30326701d5651b589c00a041.jpg",
		"https://recipe1.ezmember.co.kr/cache/recipe/2015/06/22/b9d0fd2d178116c76ce23313c5cf5b6f1.jpg",
		"https://recipe1.ezmember.co.kr/cache/recipe/2015/06/22/25d13ecccc715c3f1061bf07f4855ffc1.jpg"
	],
	"tag": [
		"두부, 두부조림, 밑반찬, 일상, 조림, 콩+견과류"
	]
}