{
	"id": "4105956",
	"name": "*순두부찌개*",
	"thumbnail": "https://recipe1.ezmember.co.kr/cache/recipe/2015/06/08/a438069d2234e14f9f482c7fdc80a775.jpg",
	"url": "https://www.10000recipe.com/recipe/4105956",
	"ingredient_ids": [
		17601
	],
	"time": "15",
	"ingre_list": [
		{
			"ingre_name": "순두부",
			"ingre_count": "1",
			"ingre_unit": "봉지"
		}
	],
	"sauce_list": [
		{
			"ingre_name": "고추가루",
			"ingre_count": "2",
			"ingre_unit": ""
		},
		{
			"ingre_name": "오일",
			"ingre_count": "1",
			"ingre_unit": ""
		},
		{
			"ingre_name": "다진마늘",
			"ingre_count": "1",
			"ingre_unit": ""
		},
		{
			"ingre_name": "생강술",
			"ingre_count": "1",
			"ingre_unit": ""
		}
	],
	"recipe": [
		"1. 팬에 다대기를 볶다가 물(1/3)을 넣고 보글보글",
		"2. 양파, 호박, 고추, 대파, 바지락을 넣고 보글보글",
		"3. 순두부(1봉지) 넣고 보글보글",
		"4. 계란(1개) 넣고 보글보글 모자란 간은 소금으로.. 완성!!"
	],
	"recipe_img": [],
	"tag": [
		"끓이기, 두부, 두부찌개, 순두부, 순두부찌개, 찌개, 콩+견과류, 탕"
	]
}