{
	"id": "4115894",
	"name": "달콤한 단호박소스 샐러드",
	"thumbnail": "https://recipe1.ezmember.co.kr/cache/recipe/2015/03/26/e434637a80f39bee8e6376287da047011.jpg",
	"url": "https://www.10000recipe.com/recipe/4115894",
	"ingredient_ids": [
		51776,
		7997,
		8386,
		51748
	],
	"time": "15",
	"ingre_list": [
		{
			"ingre_name": "단호박",
			"ingre_count": "1/2",
			"ingre_unit": "개"
		},
		{
			"ingre_name": "감자",
			"ingre_count": "1",
			"ingre_unit": "개"
		},
		{
			"ingre_name": "당근",
			"ingre_count": "1/3",
			"ingre_unit": "개"
		},
		{
			"ingre_name": "삶은달걀",
			"ingre_count": "2",
			"ingre_unit": "개"
		}
	],
	"sauce_list": [
		{
			"ingre_name": "버터(or우유)",
			"ingre_count": "5",
			"ingre_unit": "g"
		},
		{
			"ingre_name": "마요네즈",
			"ingre_count": "",
			"ingre_unit": ""
		},
		{
			"ingre_name": "소금",
			"ingre_count": "",
			"ingre_unit": ""
		},
		{
			"ingre_name": "꿀",
			"ingre_count": "1",
			"ingre_unit": "T"
		}
	],
	"recipe": [
		"1. 당근과 감자는 크기가 있게 썰어 주세요.",
		"2. 냄비와 물, 감자 당근을 넣고 익을때까지 푹 삶아 주세요.",
		"3. 다 익힌 다음 체에 내려 물기를 빼 줍니다.",
		"4. 삶은 달걀도 크기 있게 썰어 주세요. 모든 재료들을 1cm 크기로 썰어 주세요.^^",
		"5. 단호박을 찐 다음 껍질을 벗겨 주시고, 너무 박박 안 벗겨 주셔도 된답니다. 찐 단호박을 그릇에 담고, 버터 5g, 마요네즈, 소금, 꿀 1큰술을 넣고 포크로 으깨어 줍니다. 버터가 없으시면 생략하셔도 된답니다. 버터 대신 우유를 넣으셔도 되구요.^^",
		"6. 여기에 모든 재료 감자, 당근, 달걀을 넣고 버무려 주세요. 식빵에도 놓아 샌드위치를 만들어 보았답니다."
	],
	"recipe_img": [
		"https://recipe1.ezmember.co.kr/cache/recipe/2015/03/26/892f1428b1c5f59e7d862ede0d5ce9a01.jpg",
		"https://recipe1.ezmember.co.kr/cache/recipe/2015/03/26/fac1671968f02ca819d8046d054bc5ad1.jpg",
		"https://recipe1.ezmember.co.kr/cache/recipe/2015/03/26/5999e264719b7e0b31319bf12af488041.jpg",
		"https://recipe1.ezmember.co.kr/cache/recipe/2015/03/26/be24e0f626842da9aee9b251c1a1c6531.jpg",
		"https://recipe1.ezmember.co.kr/cache/recipe/2015/03/26/da9048792e6cb4d11ecd9f8b804d46521.jpg",
		"https://recipe1.ezmember.co.kr/cache/recipe/2015/03/26/5d1f473f83237a19aa7b814f8ac12dce1.jpg"
	],
	"tag": [
		"단호박샐러드, 샐러드, 소스"
	]
}