{
	"id": "4116826",
	"name": "어묵간장 볶음 만드는법",
	"thumbnail": "https://recipe1.ezmember.co.kr/cache/recipe/2015/06/08/49ff40a37199192a3aa7ce50974692fa.jpg",
	"url": "https://www.10000recipe.com/recipe/4116826",
	"ingredient_ids": [
		10136
	],
	"time": "15",
	"ingre_list": [
		{
			"ingre_name": "어묵",
			"ingre_count": "7",
			"ingre_unit": "개"
		}
	],
	"sauce_list": [
		{
			"ingre_name": "간장",
			"ingre_count": "5",
			"ingre_unit": "TS"
		},
		{
			"ingre_name": "물",
			"ingre_count": "3",
			"ingre_unit": "TS"
		},
		{
			"ingre_name": "꿀",
			"ingre_count": "1",
			"ingre_unit": "TS"
		},
		{
			"ingre_name": "마늘",
			"ingre_count": "1",
			"ingre_unit": "Ts"
		},
		{
			"ingre_name": "고추가루",
			"ingre_count": "1",
			"ingre_unit": "TS"
		}
	],
	"recipe": [
		"1. 어묵은 팬에 기름을 두르고 먼저 볶아줍니다.",
		"2. 간장, 꿀, 육수,고추가루,마늘을 섞어서 준비합니다.",
		"3. 볶아진 어묵에 양념을 넣고 졸여주면 되는데요. 불을 약하게 낮춰서 해줘야 소스가 타지 않고 맛있게 졸여진답니다.",
		"4. 조림장이 줄어들면 완성입니다.",
		"5. 짭조름 달콤 쫄깃한 어묵볶음 완성입니다."
	],
	"recipe_img": [
		"https://recipe1.ezmember.co.kr/cache/recipe/2015/06/22/91daeb4f4deeadde793b7d3b34c105951.jpg",
		"https://recipe1.ezmember.co.kr/cache/recipe/2015/06/22/cb8bda734ff819afba3556575971679e1.jpg",
		"https://recipe1.ezmember.co.kr/cache/recipe/2015/06/22/84b103bb308e86d5d8cc302538029d781.jpg",
		"https://recipe1.ezmember.co.kr/cache/recipe/2015/06/22/f11f0d625e7f6830f4ac4feb412228921.jpg",
		"https://recipe1.ezmember.co.kr/cache/recipe/2015/06/22/d1127b58d8f1475ba8b412f780b5f0611.jpg"
	],
	"tag": [
		"가공식품류, 밑반찬, 볶음, 어묵볶음"
	]
}