{
	"id": "4116039",
	"name": "불리지 않고 손쉽게 만드는 검은콩자반 ",
	"thumbnail": "https://recipe1.ezmember.co.kr/cache/recipe/2015/06/08/b809b4366a05a07111fe071b2529e6b9.jpg",
	"url": "https://www.10000recipe.com/recipe/4116039",
	"ingredient_ids": [
		19685
	],
	"time": "90",
	"ingre_list": [
		{
			"ingre_name": "검은콩",
			"ingre_count": "2",
			"ingre_unit": "컵"
		}
	],
	"sauce_list": [
		{
			"ingre_name": "물",
			"ingre_count": "3",
			"ingre_unit": "컵"
		},
		{
			"ingre_name": "식용유",
			"ingre_count": "1",
			"ingre_unit": "T"
		},
		{
			"ingre_name": "간장",
			"ingre_count": "8",
			"ingre_unit": "T"
		},
		{
			"ingre_name": "올리고당",
			"ingre_count": "6",
			"ingre_unit": "T"
		},
		{
			"ingre_name": "맛술",
			"ingre_count": "2",
			"ingre_unit": "T"
		},
		{
			"ingre_name": "설탕",
			"ingre_count": "2",
			"ingre_unit": "T"
		}
	],
	"recipe": [
		"1. 검은콩(서리태)을 씻은후 소쿠리에 받쳐 물기를 빼줍니다.",
		"2. 냄비에 씻은 콩을 바로 넣고요... 물 3컵. 식용유 1T를 넣고... 가스불을 제일 약불로 켜줍니다. 이 상태로 뚜껑을 열고...그대로 끓을때까지 놓아둡니다.",
		"3. 사진을 보시면 아시겠지만, 약불에서 끓을때까지 기다리다보면... 자연스럽게 콩이 불기 시작할겁니다. 약불에서 끓어오르기 시작 후...10분동안 그대로 끓여줍니다.!!!!",
		"4. 약불에서 10분 끓였으면...이제 콩이 어느정도 익었을거여요.. 이제 양념을 넣는데요.. 간장 8T. 올리고당 6T. 맛술 2T를 넣고요... 중불로 켜준 후.. 10분정도 더 끓여줍니다. 양념을 넣어준 후에는 나무주걱으로 뒤적뒤적해주세요... 불의 세기에 따라 끓이는 시간을 조절하셔야 합니다!!!",
		"5. 양념이 거의 졸면... 마지막으로 설탕 2T를 넣고요... 깨를 소량을 넣어준 후... 가스불을 끄면 완성입니다."
	],
	"recipe_img": [
		"https://recipe1.ezmember.co.kr/cache/recipe/2015/06/22/2a1ac313e04b5a97301d5f25f03c93771.jpg",
		"https://recipe1.ezmember.co.kr/cache/recipe/2015/06/22/ec0c68d3e4e0ae8cf0ea2754a86e07181.jpg",
		"https://recipe1.ezmember.co.kr/cache/recipe/2015/06/22/b29289b03eb2c43669b6fe84027328421.jpg",
		"https://recipe1.ezmember.co.kr/cache/recipe/2015/06/22/ec184259582037c579d5f5746c9520fd1.jpg",
		"https://recipe1.ezmember.co.kr/cache/recipe/2015/06/22/48b54dad82f108b73b571c525d4fbdb41.jpg"
	],
	"tag": [
		"밑반찬, 일상, 콩+견과류, 콩자반"
	]
}