{
	"id": "4124782",
	"name": "아삭아삭하고 매콤한 콩나물무침 만드는법",
	"thumbnail": "https://recipe1.ezmember.co.kr/cache/recipe/2015/06/18/ddc30f7ec3e9405c9f396bcdbcfbb2e8.jpg",
	"url": "https://www.10000recipe.com/recipe/4124782",
	"ingredient_ids": [
		8792
	],
	"time": "15",
	"ingre_list": [
		{
			"ingre_name": "콩나물",
			"ingre_count": "200",
			"ingre_unit": "g"
		}
	],
	"sauce_list": [
		{
			"ingre_name": "고춧가루",
			"ingre_count": "1",
			"ingre_unit": "T반"
		},
		{
			"ingre_name": "소금",
			"ingre_count": "1/3",
			"ingre_unit": "T"
		},
		{
			"ingre_name": "통깨",
			"ingre_count": "1/2",
			"ingre_unit": "T"
		},
		{
			"ingre_name": "송송썰은파",
			"ingre_count": "2",
			"ingre_unit": "T"
		},
		{
			"ingre_name": "다진마늘",
			"ingre_count": "1/3",
			"ingre_unit": "T"
		},
		{
			"ingre_name": "들기름",
			"ingre_count": "1",
			"ingre_unit": "T"
		}
	],
	"recipe": [
		"1. 콩나물을 손질후 살짝 잠길정도의 물을 자작하게 붓고 뚜껑을 덮어 10분가량 끓입니다.",
		"2. 콩나물을 채망에 건져 찬물에 한번 헹궈냅니다.",
		"3. 송송썰은파 2스푼정도와 다진마늘 1/3스푼을 준비합니다.",
		"4. 물에 헹궈낸 콩나물에 분량의 모든양념을 넣고 버무려주면 끝입니다."
	],
	"recipe_img": [
		"https://recipe1.ezmember.co.kr/cache/recipe/2015/06/18/971e7ab9fe8c7317d42be3ba2b8675701.jpg",
		"https://recipe1.ezmember.co.kr/cache/recipe/2015/06/18/90e09c4f487724d8fb20c39765bd971a1.jpg",
		"https://recipe1.ezmember.co.kr/cache/recipe/2015/06/18/c05fbb555e5672995af8e6a4afd5f9801.jpg",
		"https://recipe1.ezmember.co.kr/cache/recipe/2015/06/18/972466cd2811874ad16d6bab4f5639991.jpg"
	],
	"tag": [
		"나물, 무침, 밑반찬, 채소류, 콩나물무침"
	]
}