{
	"id": "4134696",
	"name": "콩나물 어묵 볶음",
	"thumbnail": "https://recipe1.ezmember.co.kr/cache/recipe/2015/06/22/782fd4ad295beb35ad7da5896e41081d.jpg",
	"url": "https://www.10000recipe.com/recipe/4134696",
	"ingredient_ids": [
		8792,
		10136,
		8386,
		8676,
		51706,
		10260,
		51682
	],
	"time": "15",
	"ingre_list": [
		{
			"ingre_name": "콩나물",
			"ingre_count": "200",
			"ingre_unit": "g"
		},
		{
			"ingre_name": "어묵",
			"ingre_count": "2",
			"ingre_unit": "장"
		},
		{
			"ingre_name": "당근",
			"ingre_count": "1/4",
			"ingre_unit": "개"
		},
		{
			"ingre_name": "양파",
			"ingre_count": "1/2",
			"ingre_unit": "개"
		},
		{
			"ingre_name": "다진대파",
			"ingre_count": "",
			"ingre_unit": "약간"
		},
		{
			"ingre_name": "들기름",
			"ingre_count": "2",
			"ingre_unit": "T"
		},
		{
			"ingre_name": "다진마늘",
			"ingre_count": "1",
			"ingre_unit": "T"
		}
	],
	"sauce_list": [
		{
			"ingre_name": "고추장",
			"ingre_count": "1",
			"ingre_unit": "T"
		},
		{
			"ingre_name": "고춧가루",
			"ingre_count": "1",
			"ingre_unit": "T"
		},
		{
			"ingre_name": "간장",
			"ingre_count": "1",
			"ingre_unit": "T"
		},
		{
			"ingre_name": "미림",
			"ingre_count": "2",
			"ingre_unit": "T"
		},
		{
			"ingre_name": "꿀",
			"ingre_count": "1",
			"ingre_unit": "T"
		}
	],
	"recipe": [
		"1. 미리 씻어서 물기를 뺀 콩나물을 준비합니다.",
		"2. 어묵과 당근 양파는 콩나물처럼 채를 썰어줍니다.",
		"3. 들기름에 다진마늘을 넣어 마늘향을 내 줍니다.",
		"4. 그런 다음 중불로 놓고 콩나물을 넣어 볶아줍니다.",
		"5. 콩나물이 숨이 죽으면서 약간 투명해지도록 볶아줍니다.",
		"6. 양념은 미리만들어 두세요.",
		"7. 콩나물의 숨이 죽으면서 투명해지면, 어묵과 양파, 당근을 넣고 골고루 1분정도 볶아줍니다.",
		"8. 미리 만들어 놓은 양념을 부어주고 잘 섞이도록 뒤적여 주세요.",
		"9. 마지막으로 다진 대파를 넣어주면 끝.",
		"10. 매콤달콤한 콩나물볶음이랍니다."
	],
	"recipe_img": [
		"https://recipe1.ezmember.co.kr/cache/recipe/2015/06/22/5f440fefb69838748a3b35f3ff0f7bb51.jpg",
		"https://recipe1.ezmember.co.kr/cache/recipe/2015/06/22/57faaebc6f7c4c52875d17f07459a7431.jpg",
		"https://recipe1.ezmember.co.kr/cache/recipe/2015/06/22/5d31a2e7f11e92326d52a10470c2a35e1.jpg",
		"https://recipe1.ezmember.co.kr/cache/recipe/2015/06/22/497b91ac0a3492461082c7ed737232f11.jpg",
		"https://recipe1.ezmember.co.kr/cache/recipe/2015/06/22/8b3c009a4caf86d7a7c9be2ad62bea001.jpg",
		"https://recipe1.ezmember.co.kr/cache/recipe/2015/06/22/a75a8eb5c7f005fe3ede416ea9c89b491.jpg",
		"https://recipe1.ezmember.co.kr/cache/recipe/2015/06/22/2b60d72cb5ae62283079cde1b3ec7afb1.jpg",
		"https://recipe1.ezmember.co.kr/cache/recipe/2015/06/22/14f1297a18a49ac8f23a27ac479aae4d1.jpg",
		"https://recipe1.ezmember.co.kr/cache/recipe/2015/06/22/0cbd2aeb658e4b4afd82a86016b459bd1.jpg",
		"https://recipe1.ezmember.co.kr/cache/recipe/2015/06/22/9fa34ca93e968fc6187cd54880cb6ad41.jpg"
	],
	"tag": [
		"나물, 밑반찬, 볶음, 어묵볶음, 일상, 채소류"
	]
}