{
	"id": "4144891",
	"name": "칠리새우 맛있게 만드는법",
	"thumbnail": "https://recipe1.ezmember.co.kr/cache/recipe/2015/03/31/0084ec86b4cc70ed8a309eb494ad5d141.jpg",
	"url": "https://www.10000recipe.com/recipe/4144891",
	"ingredient_ids": [
		17935,
		16602,
		9457
	],
	"time": "60",
	"ingre_list": [
		{
			"ingre_name": "새우",
			"ingre_count": "10",
			"ingre_unit": "마리"
		},
		{
			"ingre_name": "튀김가루",
			"ingre_count": "3",
			"ingre_unit": "T"
		},
		{
			"ingre_name": "계란",
			"ingre_count": "2",
			"ingre_unit": "개"
		}
	],
	"sauce_list": [
		{
			"ingre_name": "소금",
			"ingre_count": "",
			"ingre_unit": ""
		},
		{
			"ingre_name": "후추",
			"ingre_count": "",
			"ingre_unit": ""
		},
		{
			"ingre_name": "청주",
			"ingre_count": "",
			"ingre_unit": ""
		},
		{
			"ingre_name": "포도씨유(식용유)",
			"ingre_count": "",
			"ingre_unit": ""
		},
		{
			"ingre_name": "칠리소스",
			"ingre_count": "",
			"ingre_unit": ""
		}
	],
	"recipe": [
		"1. 우 머리떼고 껍질을 벗기시구요. 이쑤시개등으로 등쪽부분에 있는 새우내장을 제거해주세요~ 이렇게 머리떼고 꼬리손질 해주시구요..",
		"2. 소금,후추,청주로 밑간을 해두세요.. 나중에 소스에 버무릴거니까 간은 아주 초큼만 해주는 쎈쑤~",
		"3. 새우에 밑간이 베이면.. 시판 튀김가루로 덧가루를 묻혀주세요~",
		"4. 덧가루 묻히고 남은 튀김가루에 물을 조금씩 부으면서 걸죽할때까지 저어주시고.. 약간 되직한 농도일때 얼음을 몇개 넣어주세요..",
		"5. 기름온도가 올라왔다 싶을때 새우를 하나씩 넣어주세요~",
		"6. 너무 높은온도에서 튀기시면 겉만 너무 타버리니까요.. 중불로 튀겨주시는게 좋아요~",
		"7. 두번 튀겼더니 그냥 먹어도 좋을만큼 바삭바삭 하네요.. 마늘이 몸에 좋다해서 마늘도 듬뿍 튀겼다는요~",
		"8. 고추기름1,토마토캐첩2,핫칠리소스1,두반장약간,굴소스약간 설탕,물엿을 조금씩넣고 섞어서 소스를 만들었네요.. 걍 시판 칠리소스 사용하셔도 되구요~",
		"9. 기호에따라 견과류등을 뿌려먹어도 좋아욤~"
	],
	"recipe_img": [
		"https://recipe1.ezmember.co.kr/cache/recipe/2015/03/31/b762c5c661468822e7b24f6aeefcd0ab1.jpg",
		"https://recipe1.ezmember.co.kr/cache/recipe/2015/03/31/97280d943ba947369b7fe3f1f7589c2b1.jpg",
		"https://recipe1.ezmember.co.kr/cache/recipe/2015/03/31/8dd0dcdc5caad7b83c53cdc7ab13b84c1.jpg",
		"https://recipe1.ezmember.co.kr/cache/recipe/2015/03/31/fa85dd29327434763a0bca3d578e59dd1.jpg",
		"https://recipe1.ezmember.co.kr/cache/recipe/2015/03/31/f70e49b2f50edab222016a0b827fc4391.jpg",
		"https://recipe1.ezmember.co.kr/cache/recipe/2015/03/31/89224d174418b493e09e6d32edd85a191.jpg",
		"https://recipe1.ezmember.co.kr/cache/recipe/2015/03/31/39b9768dc0aad66fb28be99de2abd6e01.jpg",
		"https://recipe1.ezmember.co.kr/cache/recipe/2015/03/31/6ae83ac5cd4057c7238aa09ab1c51d811.jpg",
		"https://recipe1.ezmember.co.kr/cache/recipe/2015/03/31/5bfe0c2565492f50ad7aa415761f82bc1.jpg"
	],
	"tag": [
		"메인반찬, 칠리새우, 해물류"
	]
}