{
	"id": "4150152",
	"name": "파프리카 깍두기 만들기",
	"thumbnail": "https://recipe1.ezmember.co.kr/cache/recipe/2015/08/10/20364e7fe4800dcd38c3d335120e13c31.jpg",
	"url": "https://www.10000recipe.com/recipe/4150152",
	"ingredient_ids": [
		8452,
		10441
	],
	"time": "30",
	"ingre_list": [
		{
			"ingre_name": "무",
			"ingre_count": "300",
			"ingre_unit": "g"
		},
		{
			"ingre_name": "천일염",
			"ingre_count": "1",
			"ingre_unit": "T"
		}
	],
	"sauce_list": [
		{
			"ingre_name": "빨간파프리카",
			"ingre_count": "1/2",
			"ingre_unit": "개"
		},
		{
			"ingre_name": "마늘",
			"ingre_count": "2",
			"ingre_unit": "톨"
		},
		{
			"ingre_name": "양파",
			"ingre_count": "1/4",
			"ingre_unit": "개"
		},
		{
			"ingre_name": "설탕",
			"ingre_count": "2",
			"ingre_unit": "T"
		},
		{
			"ingre_name": "새우젓",
			"ingre_count": "1/2",
			"ingre_unit": "T"
		},
		{
			"ingre_name": "밥",
			"ingre_count": "2/3",
			"ingre_unit": "T"
		}
	],
	"recipe": [
		"1. 무 300g은 먹기좋게 잘게 깍둑썰기해줍니다.",
		"2. 깍둑썰기한 무에 천일염 1큰술을 넣고 절여줍니다. 약 30분가량 절여주었답니다.",
		"3. 절인 무는 수분이 생기는데요... 따로 물에 헹궈내거나 하지않고 체에받혀 물기를 제거해줍니다.",
		"4. 믹서기에 분량대로 양념 넣고 갈아줍니다. (설탕 제외)",
		"5. 잘 절여진 무에 김치양념 고루섞고 설탕넣어 간맞춰 주세요~",
		"6. 이렇게 버물버물 물이 좀 생겨도 괜찮답니다. 하루밤 밖에서 숙성시키고 냉장고행~~"
	],
	"recipe_img": [
		"https://recipe1.ezmember.co.kr/cache/recipe/2015/10/30/b51557c5debae4a8d71adeb3f6705bcb1.jpg",
		"https://recipe1.ezmember.co.kr/cache/recipe/2015/10/30/78ce5593dab188e471b75e3c305383c61.jpg",
		"https://recipe1.ezmember.co.kr/cache/recipe/2015/10/30/9cd2ecbe9f7cf6f2165bc45f0b4e6b0b1.jpg",
		"https://recipe1.ezmember.co.kr/cache/recipe/2015/10/30/15bfa4d5e1b7a4a0e3a9b14a72c815501.jpg",
		"https://recipe1.ezmember.co.kr/cache/recipe/2015/10/30/8a91a5d2815f1cbc4eee36706b13462b1.jpg",
		"https://recipe1.ezmember.co.kr/cache/recipe/2015/10/30/3810589845e76111b596e5c75ba70a111.jpg"
	],
	"tag": [
		"김치+젓갈+장류, 깍두기"
	]
}