{
	"id": "4152406",
	"name": "크림치즈머핀 만들기",
	"thumbnail": "https://recipe1.ezmember.co.kr/cache/recipe/2015/06/26/e0c695f146d2819d1eb759b0fa5ff18f.jpg",
	"url": "https://www.10000recipe.com/recipe/4152406",
	"ingredient_ids": [
		51687,
		51712,
		51699,
		9457,
		10240,
		8084
	],
	"time": "60",
	"ingre_list": [
		{
			"ingre_name": "박력분",
			"ingre_count": "150",
			"ingre_unit": "g"
		},
		{
			"ingre_name": "아몬드가루",
			"ingre_count": "25",
			"ingre_unit": "g"
		},
		{
			"ingre_name": "베이킹파우더",
			"ingre_count": "8",
			"ingre_unit": "g"
		},
		{
			"ingre_name": "계란",
			"ingre_count": "2",
			"ingre_unit": "개"
		},
		{
			"ingre_name": "크림치즈",
			"ingre_count": "125",
			"ingre_unit": "g"
		},
		{
			"ingre_name": "설탕",
			"ingre_count": "90",
			"ingre_unit": "g"
		}
	],
	"sauce_list": [],
	"recipe": [
		"1. 가루류 (박력분, 아몬드가루, 베이킹파우더)를 계량하여 체에 3회정도 내려 섞어줍니다.",
		"2. 볼에 달걀을 넣어 풀어준 후 크림치즈를 넣고 섞어주세요.",
		"3. 분량의 설탕을 2회에 나누어 넣고 섞어줍니다.",
		"4. 마지막으로 체에 내려둔 가루류를 넣고 골고루 잘 섞어줍니다.",
		"5. 머핀지에 반죽을 7부 정도로 담아준 후 예열한 180도 오븐에서 30분정도 구워줍니다.오븐"
	],
	"recipe_img": [
		"https://recipe1.ezmember.co.kr/cache/recipe/2015/06/26/ecef6cd26bd93f0fc891e73694841dd11.jpg",
		"https://recipe1.ezmember.co.kr/cache/recipe/2015/06/26/c4d4e2c2650354c8014f7830f81dd60e1.jpg",
		"https://recipe1.ezmember.co.kr/cache/recipe/2015/06/26/649ed9c489724e77f33a6f06f26603221.jpg",
		"https://recipe1.ezmember.co.kr/cache/recipe/2015/06/26/89709261b1ab8c273359609f5fa2a0df1.jpg",
		"https://recipe1.ezmember.co.kr/cache/recipe/2015/06/26/0a9a7e1f2080ec0d13ca9b53319dbbda1.jpg"
	],
	"tag": [
		"간식, 굽기, 머핀, 밀가루"
	]
}