{
	"id": "4155214",
	"name": "고구마크로켓",
	"thumbnail": "https://recipe1.ezmember.co.kr/cache/recipe/2015/05/28/cadc8830b84e8f0cd2221d26a92c02371.jpg",
	"url": "https://www.10000recipe.com/recipe/4155214",
	"ingredient_ids": [
		8020,
		9456,
		8386,
		8676,
		15272,
		28988,
		10438,
		51701,
		8050,
		15179,
		51684
	],
	"time": "30",
	"ingre_list": [
		{
			"ingre_name": "고구마",
			"ingre_count": "2",
			"ingre_unit": "개"
		},
		{
			"ingre_name": "달걀",
			"ingre_count": "2",
			"ingre_unit": "개"
		},
		{
			"ingre_name": "당근",
			"ingre_count": "",
			"ingre_unit": "약간"
		},
		{
			"ingre_name": "양파",
			"ingre_count": "1/4",
			"ingre_unit": "개"
		},
		{
			"ingre_name": "햄",
			"ingre_count": "",
			"ingre_unit": "약간"
		},
		{
			"ingre_name": "슬라이스치즈",
			"ingre_count": "1",
			"ingre_unit": "장"
		},
		{
			"ingre_name": "소금",
			"ingre_count": "",
			"ingre_unit": "약간"
		},
		{
			"ingre_name": "후춧가루",
			"ingre_count": "",
			"ingre_unit": "약간"
		},
		{
			"ingre_name": "밀가루",
			"ingre_count": "",
			"ingre_unit": "적당량"
		},
		{
			"ingre_name": "빵가루",
			"ingre_count": "",
			"ingre_unit": "적당량"
		},
		{
			"ingre_name": "식용유",
			"ingre_count": "",
			"ingre_unit": "적당량"
		}
	],
	"sauce_list": [],
	"recipe": [
		"1. 고구마는 흐르는 물에 씻은 후 반으로 썰어서 삶은 후 고구마 껍질을 제거하고 뜨거울 때 포크를 이용해 으깨어줍니다.",
		"2. 양파와 당근은 껍질을 제거하고 흐르는 물에 씻은 후 잘게 다져주고 햄은 끓는 물에 살짝 데쳐서 다져주고 슬라이스치즈도 잘게 다져줍니다.",
		"3. 으깬 고구마에 양파, 당근, 햄, 슬라이스치즈, 소금, 후춧가루를 넣어 고루 섞어서동글동글한 모양으로 만들어 줍니다.",
		"4. 밀가루, 빵가루, 달걀물 순으로 튀김 옷을 입혀줍니다.",
		"5. 달군 프라이팬에 식용유를 붓고 170도씨 온도에서 노릇노릇하게 튀겨서 키친타월을 이용해 기름기를 제거해줍니다."
	],
	"recipe_img": [
		"https://recipe1.ezmember.co.kr/cache/recipe/2015/05/28/3687bf63153ee7974e7c4fbab9407bee1.jpg",
		"https://recipe1.ezmember.co.kr/cache/recipe/2015/05/28/4751e73548956e22d1fd454c0ea46dc81.jpg",
		"https://recipe1.ezmember.co.kr/cache/recipe/2015/05/28/2d1a5a318e1a711f389a9605dee5664b1.jpg",
		"https://recipe1.ezmember.co.kr/cache/recipe/2015/05/28/739e3ec599d9e1645dd32c295d4c74201.jpg",
		"https://recipe1.ezmember.co.kr/cache/recipe/2015/05/28/337bb3de3704f92fe7b1d63cbc7f034f1.jpg"
	],
	"tag": [
		"고구마, 고로케, 일상, 채소류, 크로켓"
	]
}