{
	"id": "4160347",
	"name": "매콤한 낙지볶음",
	"thumbnail": "https://recipe1.ezmember.co.kr/cache/recipe/2015/05/27/517bdba1759fd34a8d2cc00bed01585c1.jpg",
	"url": "https://www.10000recipe.com/recipe/4160347",
	"ingredient_ids": [
		11028,
		8676,
		8386,
		42888,
		51700,
		8304,
		8050,
		51684,
		51686
	],
	"time": "30",
	"ingre_list": [
		{
			"ingre_name": "낙지",
			"ingre_count": "1",
			"ingre_unit": "마리"
		},
		{
			"ingre_name": "양파",
			"ingre_count": "1/2",
			"ingre_unit": "개"
		},
		{
			"ingre_name": "당근",
			"ingre_count": "",
			"ingre_unit": "약간"
		},
		{
			"ingre_name": "양배추",
			"ingre_count": "",
			"ingre_unit": "약간"
		},
		{
			"ingre_name": "깻잎",
			"ingre_count": "7",
			"ingre_unit": "장"
		},
		{
			"ingre_name": "풋고추",
			"ingre_count": "1",
			"ingre_unit": "개"
		},
		{
			"ingre_name": "밀가루",
			"ingre_count": "1",
			"ingre_unit": "T"
		},
		{
			"ingre_name": "식용유",
			"ingre_count": "1",
			"ingre_unit": "T"
		},
		{
			"ingre_name": "통깨",
			"ingre_count": "",
			"ingre_unit": "약간"
		}
	],
	"sauce_list": [
		{
			"ingre_name": "고추장",
			"ingre_count": "1",
			"ingre_unit": "T"
		},
		{
			"ingre_name": "고춧가루1+1/2큰술",
			"ingre_count": "1+1/2",
			"ingre_unit": "T"
		},
		{
			"ingre_name": "진간장",
			"ingre_count": "1",
			"ingre_unit": "작은술"
		},
		{
			"ingre_name": "올리고당",
			"ingre_count": "1",
			"ingre_unit": "T"
		},
		{
			"ingre_name": "맛술",
			"ingre_count": "1",
			"ingre_unit": "T"
		},
		{
			"ingre_name": "다진마늘",
			"ingre_count": "1",
			"ingre_unit": "작은술"
		},
		{
			"ingre_name": "참기름",
			"ingre_count": "1",
			"ingre_unit": "T"
		}
	],
	"recipe": [
		"1. 낙지는 내장을 제거하고 밀가루를 뿌려 바락바락 주물러서 흐르는 물에 깨끗하게 씻어줍니다. 밀가루를 이용하면 낙지 빨판의 이물질을 제거할 수가 있어서 좋아요.",
		"2. 끓는 물에 낙지를 넣어 살짝 데쳐서 먹기 좋은 크기로 썰어줍니다.",
		"3. 양파와 당근은 채썰고 깻잎은 적당한 크기로 썰고 풋고추는 어슷 썰어줍니다.",
		"4. 분량의 양념장 재료 고추장, 고춧가루, 진간장, 올리고당, 다진 마늘, 맛술을 넣어 고루 섞어줍니다. 참기름은 마지막에 넣어 주려고 넣지 않았어요.",
		"5. 달군 프라이팬에 식용유를 두르고 양파, 당근, 양배추, 풋고추, 깻잎 순으로 볶다가 낙지를 넣어 함께 볶아줍니다. 채소를 볶을 때에는 센 불을 이용하면 좋아요.",
		"6. 양념장을 넣어 저어가며 재빨리 볶고 참기름을 넣어 고루 섞은 후 불에서 내려요. 오래 볶으면 낙지가 질겨지기 때문에 좋지 않아요.",
		"7. 낙지볶음을 접시에 담고 고명으로 통깨를 살짝 뿌려냅니다."
	],
	"recipe_img": [
		"https://recipe1.ezmember.co.kr/cache/recipe/2015/06/12/d2a86c1327770902766947dadfdbb85a1.jpg",
		"https://recipe1.ezmember.co.kr/cache/recipe/2015/06/12/7f7565eabb057ffcd98a410866e4c3581.jpg",
		"https://recipe1.ezmember.co.kr/cache/recipe/2015/06/12/d5a752bce509abba623e7f88fe1101a51.jpg",
		"https://recipe1.ezmember.co.kr/cache/recipe/2015/06/12/a1c50928879bffd4d239febcf32eb6261.jpg",
		"https://recipe1.ezmember.co.kr/cache/recipe/2015/06/12/7bd8cd7ed291c6ec56e96171efbb046f1.jpg",
		"https://recipe1.ezmember.co.kr/cache/recipe/2015/06/12/8e0fec833b014c3c5f175bdc0c0d6d291.jpg",
		"https://recipe1.ezmember.co.kr/cache/recipe/2015/06/12/3c7cf5de75eb6f007d987b55be6052b2.jpg"
	],
	"tag": [
		"낙지볶음, 해물류"
	]
}