{
	"id": "4165359",
	"name": "브로콜리주먹밥 만들기",
	"thumbnail": "https://recipe1.ezmember.co.kr/cache/recipe/2015/08/10/b91c1079f755dd312940f74eebf3a1b41.jpg",
	"url": "https://www.10000recipe.com/recipe/4165359",
	"ingredient_ids": [
		51685,
		8548
	],
	"time": "30",
	"ingre_list": [
		{
			"ingre_name": "밥",
			"ingre_count": "1",
			"ingre_unit": "공기"
		},
		{
			"ingre_name": "브로콜리",
			"ingre_count": "30",
			"ingre_unit": "g"
		}
	],
	"sauce_list": [
		{
			"ingre_name": "굴소스",
			"ingre_count": "1",
			"ingre_unit": "T"
		},
		{
			"ingre_name": "참기름",
			"ingre_count": "1",
			"ingre_unit": "작은술"
		},
		{
			"ingre_name": "달걀",
			"ingre_count": "1",
			"ingre_unit": "개"
		},
		{
			"ingre_name": "기름",
			"ingre_count": "",
			"ingre_unit": "약간"
		},
		{
			"ingre_name": "굵은소금",
			"ingre_count": "1",
			"ingre_unit": "작은술"
		}
	],
	"recipe": [
		"1. 굴소스, 밥, 브로콜리, 달걀을 준비해 주시고 브로콜리는 끓는 물에 굵은소금을 넣고 30초 정도(색이 선명해질때까지) 데쳐서 물에 씻어 물기를제거해 준비해 주세요.",
		"2. 달걀은 알끈을 제거하기 위해 체에 걸러 준비해 주시고 팬에 1방울 기름을 두르고 키친타월로 후라이팬을 닦아 주신 후에 중약불로 달걀지단을 부쳐 주세요",
		"3. 달걀지단을 돌돌 말아 채 썰어 주시고 데친 브로콜리는 잘게 다져 주세요.",
		"4. 밥을 볼에 넣고 참기름과 다진 브로콜리를 넣어 주세요.",
		"5. 굴소스를 1작은술 넣어주신후에 섞어 주세요~ 굴소스와 밥, 브로콜리를 잘 섞어 주먹밥을 만들어 주시구요~",
		"6. 접시에 브로콜리주먹밥을 담고 달걀지단과 데친브로콜리를 올리면 완성!"
	],
	"recipe_img": [
		"https://recipe1.ezmember.co.kr/cache/recipe/2015/04/21/9f20471cfd507d4875d8c0bda6146b5d1.jpg",
		"https://recipe1.ezmember.co.kr/cache/recipe/2015/04/21/b14b7b67499be65b3d2a27b1b58919d91.jpg",
		"https://recipe1.ezmember.co.kr/cache/recipe/2015/04/21/4e18086ea09feb21b79ca88990005f091.jpg",
		"https://recipe1.ezmember.co.kr/cache/recipe/2015/04/21/7a0ef6d17ba5eaea6b80d86ad92908831.jpg",
		"https://recipe1.ezmember.co.kr/cache/recipe/2015/04/21/abeea22106845a998c6cd78d7f3018e91.jpg",
		"https://recipe1.ezmember.co.kr/cache/recipe/2015/04/21/672426f62db51af250f61f824d6b38911.jpg"
	],
	"tag": [
		"밥+죽+떡, 밥, 브로콜리, 비빔, 삼각김밥, 일상, 주먹밥, 채소류"
	]
}