{
	"id": "4172665",
	"name": "화끈하게 매운맛~삼겹살콩나물찜",
	"thumbnail": "https://recipe1.ezmember.co.kr/cache/recipe/2015/04/01/42d67d55f8191a57b11427e0cee041a21.jpg",
	"url": "https://www.10000recipe.com/recipe/4172665",
	"ingredient_ids": [
		9240,
		10382,
		10438,
		8316,
		8824,
		8676,
		8792
	],
	"time": "60",
	"ingre_list": [
		{
			"ingre_name": "삼겹살",
			"ingre_count": "500",
			"ingre_unit": "g"
		},
		{
			"ingre_name": "청주",
			"ingre_count": "1",
			"ingre_unit": "T"
		},
		{
			"ingre_name": "소금",
			"ingre_count": "",
			"ingre_unit": "조금"
		},
		{
			"ingre_name": "청양고추",
			"ingre_count": "2",
			"ingre_unit": "개"
		},
		{
			"ingre_name": "대파",
			"ingre_count": "1",
			"ingre_unit": "대"
		},
		{
			"ingre_name": "양파",
			"ingre_count": "1",
			"ingre_unit": "개"
		},
		{
			"ingre_name": "콩나물",
			"ingre_count": "3",
			"ingre_unit": "줌"
		}
	],
	"sauce_list": [
		{
			"ingre_name": "청양고춧가루",
			"ingre_count": "1",
			"ingre_unit": "T"
		},
		{
			"ingre_name": "고춧가루1+1/2큰술",
			"ingre_count": "1+1/2",
			"ingre_unit": "T"
		},
		{
			"ingre_name": "고추장",
			"ingre_count": "2",
			"ingre_unit": "T"
		},
		{
			"ingre_name": "노추",
			"ingre_count": "2",
			"ingre_unit": "T"
		},
		{
			"ingre_name": "간장1+1/2큰술",
			"ingre_count": "1+1/2",
			"ingre_unit": "T"
		},
		{
			"ingre_name": "다진생강",
			"ingre_count": "1",
			"ingre_unit": "작은술"
		},
		{
			"ingre_name": "다진마늘",
			"ingre_count": "1",
			"ingre_unit": "작은술"
		},
		{
			"ingre_name": "물엿",
			"ingre_count": "2",
			"ingre_unit": "T"
		},
		{
			"ingre_name": "두반장",
			"ingre_count": "1",
			"ingre_unit": "T"
		},
		{
			"ingre_name": "후춧가루",
			"ingre_count": "",
			"ingre_unit": "조금"
		},
		{
			"ingre_name": "통깨",
			"ingre_count": "",
			"ingre_unit": "조금"
		},
		{
			"ingre_name": "무순",
			"ingre_count": "",
			"ingre_unit": "조금"
		},
		{
			"ingre_name": "청주",
			"ingre_count": "2",
			"ingre_unit": "T"
		},
		{
			"ingre_name": "설탕",
			"ingre_count": "1",
			"ingre_unit": "T"
		}
	],
	"recipe": [
		"1. 삼겹살은 키친타월에 눌러 핏기를 제거해 주고요... 적당한 크기로 잘라 준비 합니다...",
		"2. 소금조금과 청주를 넣고 고루 버무려 10여분 두었다 양념하면 고기 맛이 더 부드럽고 맛이 좋답니다 밑간이 살짝 된 삼겹살에 청양고추와 대파, 양파를 넣어 주고요 ~ 양파는 생략해도 될듯해요...",
		"3. 양념은 미리 만들어 두어 고춧가루가 녹아 다른재료와 잘 섞이게 잠시 둡니다",
		"4. 그리고 고기와 야채에 넣고 고루 버무려 줍니다 ~ 버무린 고기는 20~30분정도 간이 들게 두었다 볶으면 훨씬 더 맛이 좋답니다 ~",
		"5. 센불에서 빠른시간에 고기를 볶아 줍니다...",
		"6. 뚝배기에 손질된 콩나물을 담아 줍니다... 콩나물을 뚝배기 바닥에 깔고 볶은 고기를 올려 한번 더 김을내주면 삼겹살의 기름은 밑으로 쫙 ~ 빠지고 고기는 부드럽고 깔끔하고 콩나물은 또 아삭하니 아주 맛이 좋답니다...",
		"7. 삼겹살 기름도 밑으로 빠지고 콩나물에서 나오는 수분 때문에 타지는 않으나... 불조절은 해줘야 겠지요...?",
		"8. 기름기 쫙...~~ 빠진 삼겹살콩나물찜 입니다..~ 매콤한 삼겹살볶음도 먹고 아삭한 콩나물도 먹고요 ~ 고기를 야채와 함꼐 먹으면 건강에도 참 좋겠다 싶어요 ~"
	],
	"recipe_img": [
		"https://recipe1.ezmember.co.kr/cache/recipe/2015/04/15/b3b2b9083ec2a53f63f8820088cd097c1.jpg",
		"https://recipe1.ezmember.co.kr/cache/recipe/2015/04/15/7c7ebd7b43ba20f599e4b57a65dd60751.jpg",
		"https://recipe1.ezmember.co.kr/cache/recipe/2015/04/15/bd1eeda3d52ea65bfcdb9b48fcd14e651.jpg",
		"https://recipe1.ezmember.co.kr/cache/recipe/2015/04/15/775658a0fbebcc3c52b4dfc462b01c981.jpg",
		"https://recipe1.ezmember.co.kr/cache/recipe/2015/04/15/5b50aad279cf42afbdb57c786e020cd81.jpg",
		"https://recipe1.ezmember.co.kr/cache/recipe/2015/04/15/ba56622c78f8edeb0daa35deb902dcf41.jpg",
		"https://recipe1.ezmember.co.kr/cache/recipe/2015/04/15/bc849ff14c2cb46e26b95c408d889fb61.jpg",
		"https://recipe1.ezmember.co.kr/cache/recipe/2015/04/15/9143381d33be915b791b0f0766263f7f1.jpg"
	],
	"tag": [
		"나물, 돼지고기, 밑반찬, 삼겹살, 찜, 콩나물찜"
	]
}