{
	"id": "4174259",
	"name": "갈빗집 인기 밑반찬~ 무초절임 만드는법",
	"thumbnail": "https://recipe1.ezmember.co.kr/cache/recipe/2015/06/08/4cff89a7dbc71ab5d5dfd7e473ec753f.jpg",
	"url": "https://www.10000recipe.com/recipe/4174259",
	"ingredient_ids": [
		8452,
		10454
	],
	"time": "2이상",
	"ingre_list": [
		{
			"ingre_name": "무",
			"ingre_count": "",
			"ingre_unit": ""
		},
		{
			"ingre_name": "식초",
			"ingre_count": "",
			"ingre_unit": ""
		}
	],
	"sauce_list": [
		{
			"ingre_name": "초절임물-물(생수)1+1/2컵",
			"ingre_count": "1+1/2",
			"ingre_unit": "컵"
		},
		{
			"ingre_name": "고춧가루",
			"ingre_count": "2~3큰술",
			"ingre_unit": "T"
		},
		{
			"ingre_name": "백설탕",
			"ingre_count": "6",
			"ingre_unit": "T"
		},
		{
			"ingre_name": "식초",
			"ingre_count": "6",
			"ingre_unit": "T"
		}
	],
	"recipe": [
		"1. 무는 구입후 껍질을 벗겨주세요.",
		"2. 얇게 채썰어 주세요. 저는 요즘 팔을 살짝 다쳐서 채칼로 밀었는데 사실 이보다는 두꺼워야 씹는 맛이 더 좋은데, 너무 얇아 살짝 아쉬움이 드네요.",
		"3. 채썬 무 1/2개는 무가 잠기도록 물을 부어준뒤, 식초 6큰술을 넣어 30분 정도 우려줍니다. 식촛물에 물을 우려내셔야 무의 알싸한 맛이 사라져요.",
		"4. 무를 식촛물에 담궈두시고 무를 절일 초절임물을 준비해 두세요. 초절임 물- 물(생수) 1컵반. 고춧가루 2-3큰술. 백설탕 6큰술. 식초 6큰술 분량대로 그릇에 담아 골고루 저어 주신뒤 그냥 놔두세요.",
		"5. 식촛물에 우린 무는 물기를 빼주세요.",
		"6. 물기를 뺀 우려낸 무는 소금 1큰술을 넣고 조물조물~ 버무려 주세요. 이과정을 거치셔야 간도맛있게 베고, 무가 젓가락에 착착 감겨요. 버무리신 뒤에는 10분 이상 그냥 두세요.",
		"7. 무를 소금에 버무린 뒤에 면보에 초절임 물을 걸러주세요. 맑은 물만 사용하셔야 무 초절임 색이 곱거든요.",
		"8. 소금에 버무려둔 무가 10분 정도 지나니 물이 생겼어요. 이 물은 버리지 마시고요, 요상태 그대로 무 초절임을 담그실 용기에 담아 주신후 초절인 물 만들어 놓으신 것을 부어서 숙성후 드시면 되요.",
		"9. 요즘처럼 선선할때는 하루 정도 실온에서 숙성후 냉장고에 넣고 차게 보관하시어 드시면 더욱 맛이 좋아요."
	],
	"recipe_img": [
		"https://recipe1.ezmember.co.kr/cache/recipe/2015/06/29/37e3cf65b2f7612029ecf94ac198f4a71.jpg",
		"https://recipe1.ezmember.co.kr/cache/recipe/2015/06/29/8e177817c4b8d3a460de49234defcc211.jpg",
		"https://recipe1.ezmember.co.kr/cache/recipe/2015/06/29/47c18c70abc9c1f885472ba412f448371.jpg",
		"https://recipe1.ezmember.co.kr/cache/recipe/2015/06/29/4fe3a725790022ad4a0fe3212a64da721.jpg",
		"https://recipe1.ezmember.co.kr/cache/recipe/2015/06/29/f7b8c21c7a812ae9f5139688ca87dfaf1.jpg",
		"https://recipe1.ezmember.co.kr/cache/recipe/2015/06/29/a34f0680b7497c345bf9d47df0cb4b171.jpg",
		"https://recipe1.ezmember.co.kr/cache/recipe/2015/06/29/b8c08d36d4212dfd8454bbd3b9a275f61.jpg",
		"https://recipe1.ezmember.co.kr/cache/recipe/2015/06/29/51477fb4571aff16dc72c2875b02dc4b1.jpg",
		"https://recipe1.ezmember.co.kr/cache/recipe/2015/06/29/18b75a575708365ce5aa8e07b4603ed81.jpg"
	],
	"tag": [
		"밑반찬, 일상, 절임, 채소류"
	]
}