{
	"id": "4177371",
	"name": "쫄면 만들기",
	"thumbnail": "https://recipe1.ezmember.co.kr/cache/recipe/2015/06/08/67f10e41906be70b84d0336e28de4d5e.jpg",
	"url": "https://www.10000recipe.com/recipe/4177371",
	"ingredient_ids": [
		7863,
		8792,
		8386,
		8710,
		9457
	],
	"time": "30",
	"ingre_list": [
		{
			"ingre_name": "쫄면",
			"ingre_count": "",
			"ingre_unit": ""
		},
		{
			"ingre_name": "콩나물",
			"ingre_count": "",
			"ingre_unit": ""
		},
		{
			"ingre_name": "당근",
			"ingre_count": "",
			"ingre_unit": ""
		},
		{
			"ingre_name": "오이",
			"ingre_count": "",
			"ingre_unit": ""
		},
		{
			"ingre_name": "계란",
			"ingre_count": "",
			"ingre_unit": ""
		}
	],
	"sauce_list": [
		{
			"ingre_name": "고추장",
			"ingre_count": "2",
			"ingre_unit": "T"
		},
		{
			"ingre_name": "고추가루",
			"ingre_count": "1",
			"ingre_unit": "T"
		},
		{
			"ingre_name": "식초",
			"ingre_count": "2",
			"ingre_unit": "T"
		},
		{
			"ingre_name": "간장",
			"ingre_count": "1/2",
			"ingre_unit": "T"
		},
		{
			"ingre_name": "물엿",
			"ingre_count": "1",
			"ingre_unit": "T"
		},
		{
			"ingre_name": "설탕",
			"ingre_count": "1",
			"ingre_unit": "작은술"
		},
		{
			"ingre_name": "사이다",
			"ingre_count": "2",
			"ingre_unit": "T"
		},
		{
			"ingre_name": "다진마늘",
			"ingre_count": "1",
			"ingre_unit": "T"
		},
		{
			"ingre_name": "다진파",
			"ingre_count": "1/2",
			"ingre_unit": "T"
		},
		{
			"ingre_name": "참기름",
			"ingre_count": "1/2",
			"ingre_unit": "T"
		},
		{
			"ingre_name": "통깨",
			"ingre_count": "",
			"ingre_unit": ""
		}
	],
	"recipe": [
		"1. 분량대로 양념장을 만들어 숙성시켜 놓습니다.",
		"2. 야채를 잘 썰어 준비해주세요. 계란을 삶아서 준비하시고 콩나물은 살짝 데쳐서 물기를 짜서 준비해주세요.",
		"3. 팔팔 끓는물에 쫄면을 가닥가닥 잘 떨어뜨려 삶아 줍니다. 부글부글 끓어오름 불에서 내리시면 됩니다.",
		"4. 재빨리 찬물에 헹궈주세요.",
		"5. 물기 뺀 쫄면을 담고 각종야채를 담고 양념장을 올려 쓱쓱 비벼주세요."
	],
	"recipe_img": [
		"https://recipe1.ezmember.co.kr/cache/recipe/2015/06/29/af4d966fd8b6f559238929562e4f31cf1.jpg",
		"https://recipe1.ezmember.co.kr/cache/recipe/2015/06/29/eff298ec8c11b73ef94bd3dca6b8ba171.jpg",
		"https://recipe1.ezmember.co.kr/cache/recipe/2015/06/29/7ea20a23eb5870489d58d3c44f8d8c431.jpg",
		"https://recipe1.ezmember.co.kr/cache/recipe/2015/06/29/a9c3a38f33b8f339e2af36f3f0978b0c1.jpg",
		"https://recipe1.ezmember.co.kr/cache/recipe/2015/06/29/346bc3e484f378e146cca07f9329a06b1.jpg"
	],
	"tag": [
		"가공식품류, 면+만두, 비빔, 쫄면"
	]
}