{
	"id": "4197548",
	"name": "달걀 치즈 샌드위치 만들기",
	"thumbnail": "https://recipe1.ezmember.co.kr/cache/recipe/2015/06/22/0f15775de0e58068a0c4049048b18943.jpg",
	"url": "https://www.10000recipe.com/recipe/4197548",
	"ingredient_ids": [
		7883,
		9456,
		8710,
		8676,
		28988,
		9294
	],
	"time": "15",
	"ingre_list": [
		{
			"ingre_name": "식빵",
			"ingre_count": "6",
			"ingre_unit": "장"
		},
		{
			"ingre_name": "달걀",
			"ingre_count": "3",
			"ingre_unit": "개"
		},
		{
			"ingre_name": "오이",
			"ingre_count": "1/4",
			"ingre_unit": "개"
		},
		{
			"ingre_name": "양파",
			"ingre_count": "1/2",
			"ingre_unit": "개"
		},
		{
			"ingre_name": "슬라이스치즈",
			"ingre_count": "3",
			"ingre_unit": "장"
		},
		{
			"ingre_name": "슬라이스햄",
			"ingre_count": "3",
			"ingre_unit": "장"
		}
	],
	"sauce_list": [
		{
			"ingre_name": "마요네즈",
			"ingre_count": "4",
			"ingre_unit": "T"
		},
		{
			"ingre_name": "소금",
			"ingre_count": "",
			"ingre_unit": "약간"
		},
		{
			"ingre_name": "후춧가루",
			"ingre_count": "",
			"ingre_unit": "약간"
		},
		{
			"ingre_name": "설탕",
			"ingre_count": "",
			"ingre_unit": "약간"
		},
		{
			"ingre_name": "버터",
			"ingre_count": "",
			"ingre_unit": "약간"
		}
	],
	"recipe": [
		"1. 오이와 양파는 적당한 크기로 잘라 소금을 넣고 살짝 절여 주세요. 오이와 양파에서 수분이 나오면 샌드위치가 맛이 없어지니 이 과정 꼭 해주세요.",
		"2. 삶은 달걀은 곱게 으깨 준비해 주세요.",
		"3. 절인 오이와 양파는 물기를 꼭 짜 주세요. 달걀, 오이, 양파, 마요네즈, 설탕 약간, 후춧가루 약간을 넣고 잘 섞어 주세요.",
		"4. 샌드위치 만들 때 노하우! 빵에 버터나 마요네즈 등을 발라서 채소의 수분이 빵에 스며드는 것을 막아 주세요. 버터를 바른 빵 양쪽에 슬라이스 치즈와 햄을 올려 주세요.",
		"5. 가운데 에그 스프레드를 올린 후 덮으면 끝입니다. 참고로 샌드위치의 색을 예쁘게 하려면 아무래도 노란 치즈가 좋습니다."
	],
	"recipe_img": [
		"https://recipe1.ezmember.co.kr/cache/recipe/2015/06/22/1392d8b2e668d3be6d6da2b500fc5ac91.jpg",
		"https://recipe1.ezmember.co.kr/cache/recipe/2015/06/22/32fcd5720bc31afb3aa63fc1781ce2a01.jpg",
		"https://recipe1.ezmember.co.kr/cache/recipe/2015/06/22/2033fcec38f178728e17eb34a42390171.jpg",
		"https://recipe1.ezmember.co.kr/cache/recipe/2015/06/22/2fba522d3345eff842018e8067e438b11.jpg",
		"https://recipe1.ezmember.co.kr/cache/recipe/2015/06/22/03e6e3c7b0bd5fe3671e68286fde56cb1.jpg"
	],
	"tag": [
		"계란, 달걀+유제품, 달걀, 삶기, 샌드위치, 에그"
	]
}