{
	"id": "4206356",
	"name": "오독오독 씹히는 소리까지 맛있는 고구마스틱",
	"thumbnail": "https://recipe1.ezmember.co.kr/cache/recipe/2015/06/08/009ce276ecb878e5583624e65830a4c9.jpg",
	"url": "https://www.10000recipe.com/recipe/4206356",
	"ingredient_ids": [
		8020,
		51684
	],
	"time": "60",
	"ingre_list": [
		{
			"ingre_name": "고구마",
			"ingre_count": "",
			"ingre_unit": ""
		},
		{
			"ingre_name": "식용유",
			"ingre_count": "",
			"ingre_unit": ""
		}
	],
	"sauce_list": [],
	"recipe": [
		"1. 고구마는 깨끗이 씻은뒤에 채썰어 주세요.",
		"2. 찬물에 10분정도 담궈 전분기를 빼주세요.",
		"3. 물기가 있으면 튀길때 기름이 튈 위험이 있으니 키친타올로 튀기기 직전에 다시한번 닦아내 주세요.",
		"4. 기름을 달군뒤에 고구마를 넣고 중불에서 튀겨주시면 됩니다. 이때!! 절대로 젓가락으로 휘젓지 마세요. 고구마가 익으며 흐물흐물 해졌다가 바삭해 지는데, 젓가락으로 젓다가 고구마가 다 부숴질수도 있거든요.",
		"5. 생각보다 오래~ 대략 4-5분 정도 중불에서 튀기다보면 고구마가 단단하게 튀겨지고 있음이 느껴지면, 색이 완전히 진해지기 전에 꺼내어 주세요, 완전히 색을 냄후 꺼내면, 나중에 식은뒤에 색이 너무 진해져서 탄것 같거든요."
	],
	"recipe_img": [
		"https://recipe1.ezmember.co.kr/cache/recipe/2015/06/26/54b5de38a68f014a9c24991645763d141.jpg",
		"https://recipe1.ezmember.co.kr/cache/recipe/2015/06/26/50a202b39b6d2269095e09bc9dd7e7111.jpg",
		"https://recipe1.ezmember.co.kr/cache/recipe/2015/06/26/1b9c415ddf83b7f8203dd51d2c7160981.jpg",
		"https://recipe1.ezmember.co.kr/cache/recipe/2015/06/26/c134c669bd120994e1691b45df8fc2171.jpg",
		"https://recipe1.ezmember.co.kr/cache/recipe/2015/06/26/1a56299890ebbf7f1c0d53bf19453acb1.jpg"
	],
	"tag": [
		"고구마, 고구마스틱, 디저트, 스틱"
	]
}