{
	"id": "4214680",
	"name": "무수비 김밥 만들기",
	"thumbnail": "https://recipe1.ezmember.co.kr/cache/recipe/2015/06/17/d76b41d766f53f89b355257774c07476.jpg",
	"url": "https://www.10000recipe.com/recipe/4214680",
	"ingredient_ids": [
		15272,
		9457,
		51700,
		10152,
		10286,
		51685
	],
	"time": "30",
	"ingre_list": [
		{
			"ingre_name": "햄",
			"ingre_count": "",
			"ingre_unit": ""
		},
		{
			"ingre_name": "계란",
			"ingre_count": "",
			"ingre_unit": ""
		},
		{
			"ingre_name": "깻잎",
			"ingre_count": "",
			"ingre_unit": ""
		},
		{
			"ingre_name": "김",
			"ingre_count": "",
			"ingre_unit": ""
		},
		{
			"ingre_name": "포도씨유",
			"ingre_count": "",
			"ingre_unit": ""
		},
		{
			"ingre_name": "밥",
			"ingre_count": "",
			"ingre_unit": ""
		}
	],
	"sauce_list": [],
	"recipe": [
		"1. 햄은 모양대로 잘라 팬에 굽고 계란지단도 도톰하게 만들어 둡니다. 깻잎도 햄과 모양을 맞춰 잘라주세요.",
		"2. 김밥용 감은 반으로 잘라 준비합니다.",
		"3. 밥을 준비합니다. 기호에 따라 단촛물을 넣어 섞으셔도 되요.",
		"4. 햄통에 랩을 깔아줍니다.",
		"5. 밥을 꼭꼭 눌러답아줍니다.",
		"6. 깻잎을 올려주세요.",
		"7. 구운햄을 올려줍니다.",
		"8. 다시 밥을 올려줍니다.",
		"9. 계란지단을 올려주세요.",
		"10. 다시 밥을 넣어 눌러 모양을 잡고 랩을 들어올려 꺼내면 됩니다.",
		"11. 반으로 잘라놓은 김위에 올려 말아주면 완성.",
		"12. 먹기좋은 크기로 썰어드심 됩니다."
	],
	"recipe_img": [
		"https://recipe1.ezmember.co.kr/cache/recipe/2015/06/18/195c3a3c569e59090843f004da7e958f1.jpg",
		"https://recipe1.ezmember.co.kr/cache/recipe/2015/06/18/70f558c58ef94793426fb2bc71d938bd1.jpg",
		"https://recipe1.ezmember.co.kr/cache/recipe/2015/06/18/bb93eb07c5b1d24822fa590d3d04b80d1.jpg",
		"https://recipe1.ezmember.co.kr/cache/recipe/2015/06/18/7482ff143b42da1954b185c97e1da0bc1.jpg",
		"https://recipe1.ezmember.co.kr/cache/recipe/2015/06/18/a503b623dbb178c91af380cd528a3f331.jpg",
		"https://recipe1.ezmember.co.kr/cache/recipe/2015/06/18/c4c2a77ef6643ab28855ea7a3ce241141.jpg",
		"https://recipe1.ezmember.co.kr/cache/recipe/2015/06/18/cb665618c31136421c7285588a9079d01.jpg",
		"https://recipe1.ezmember.co.kr/cache/recipe/2015/06/18/138b580cceff87223630ae7a3375c5181.jpg",
		"https://recipe1.ezmember.co.kr/cache/recipe/2015/06/18/88e73c5d222d720f1c81c670639cb2fb1.jpg",
		"https://recipe1.ezmember.co.kr/cache/recipe/2015/06/18/f9af2deba140879797b1cdfe7442a99b1.jpg",
		"https://recipe1.ezmember.co.kr/cache/recipe/2015/06/18/5cdaf101c49ce25c83b594377ede39281.jpg",
		"https://recipe1.ezmember.co.kr/cache/recipe/2015/06/18/2fe05f5bad815faa8bdd441fb574a3c81.jpg"
	],
	"tag": [
		"김밥, 밥+죽+떡, 밥, 일상"
	]
}