{
	"id": "4218904",
	"name": "부드러운 마른오징어 구이 만드는법",
	"thumbnail": "https://recipe1.ezmember.co.kr/cache/recipe/2015/06/08/d65284a4cb79559ab15250629f109915.jpg",
	"url": "https://www.10000recipe.com/recipe/4218904",
	"ingredient_ids": [
		10107
	],
	"time": "2이상",
	"ingre_list": [
		{
			"ingre_name": "오징어",
			"ingre_count": "2",
			"ingre_unit": "마리"
		}
	],
	"sauce_list": [],
	"recipe": [
		"1. 마른 오징어를 재워둘 절임장을 만들어 주세요. 일본에서는 물. 설탕 대신 맛술을 사용한다고 하는데 개인적으로는 제입맛에 닝닝한 맛이 느껴지는것 같아서 물과 설탕으로 대체 하였어요. 맛술을 사용하실 경우는 간장과 동량으로 사용하시면 됩니다.",
		"2. 절임장에 오징어를 최소 한시간 이상 담궈주세요. 중간에 뒤집어 주시고요.",
		"3. 오징어를 절임장에 재워둔 사이 중간에 잠시 나갔다 들어왔더니 어느새 절여둔지 2시간이 지났네요. 마른오징어가 불은것이 보이시죠? 간장절임장이 쏘옥~ 베인것 같아요.",
		"4. 절임장에 절여두었던 마른오징어는 꺼내어 접시에 담아 최소 10분 이상 지나 구워 드시면 되요. 마른오징어 표면의 양념이 쏘옥~ 흡수가 되어 더욱 맛있어져요. 미리준비하여 이상태로 냉장보관 하시다가 구워드셔도 되요.",
		"5. 직화로 구워먹으면 금상첨화 겠지요? 아쉬운대로 저는 후라이팬에 중불을 유지하며 구웠어요,",
		"6. 구운뒤에 찢어먹기 편하게 가장자리에 가위로 칼집을 넣어주세요."
	],
	"recipe_img": [
		"https://recipe1.ezmember.co.kr/cache/recipe/2015/06/26/ba81000984a4a5605d8ccf643eea84681.jpg",
		"https://recipe1.ezmember.co.kr/cache/recipe/2015/06/26/689d62cdfe4dc2d15aa68a55fbae3b351.jpg",
		"https://recipe1.ezmember.co.kr/cache/recipe/2015/06/26/c6109e809731bbe6d4ff8bd1354ec8b41.jpg",
		"https://recipe1.ezmember.co.kr/cache/recipe/2015/06/26/0364068a21b8111c3c9d2ce8458d500e1.jpg",
		"https://recipe1.ezmember.co.kr/cache/recipe/2015/06/26/28b9b4f95d02c587824e9eeba100cffa1.jpg",
		"https://recipe1.ezmember.co.kr/cache/recipe/2015/06/26/5407dec6a17d40e3a0c5d4ac81c2f7621.jpg"
	],
	"tag": [
		"건어물류, 구이, 술안주, 오징어"
	]
}