{
	"id": "4230674",
	"name": "멸치볶음",
	"thumbnail": "https://recipe1.ezmember.co.kr/cache/recipe/2015/06/22/3621f5c913c5919a7ada6db747bfad06.jpg",
	"url": "https://www.10000recipe.com/recipe/4230674",
	"ingredient_ids": [
		51805
	],
	"time": "15",
	"ingre_list": [
		{
			"ingre_name": "잔멸치",
			"ingre_count": "1",
			"ingre_unit": "컵"
		}
	],
	"sauce_list": [
		{
			"ingre_name": "물",
			"ingre_count": "4",
			"ingre_unit": "T"
		},
		{
			"ingre_name": "간장",
			"ingre_count": "1",
			"ingre_unit": "T"
		},
		{
			"ingre_name": "청주",
			"ingre_count": "1",
			"ingre_unit": "T"
		},
		{
			"ingre_name": "물엿혹은올리고당",
			"ingre_count": "2",
			"ingre_unit": "T"
		},
		{
			"ingre_name": "설탕",
			"ingre_count": "1",
			"ingre_unit": "작은술"
		},
		{
			"ingre_name": "깨",
			"ingre_count": "",
			"ingre_unit": "약간"
		},
		{
			"ingre_name": "참기름",
			"ingre_count": "",
			"ingre_unit": "약간"
		}
	],
	"recipe": [
		"1. 잔멸치를 볶기전에 멸치를 물에 살짝 헹군뒤 물기를 털어주시고, 마른 후라이팬에서 중불을 유지한채 잔멸치를 눅눅함 없이 바삭하게 볶아줍니다.",
		"2. 멸치를 볶는 중간 견과류도 같이 넣어 볶아주세요.",
		"3. 바삭하게 볶은 잔멸치와 견과류는 잠시 접시에 옮겨담아 주세요.",
		"4. 후라이팬에 (잔멸치 1컵 분량) 조림장을 끓입니다.(조림장- 물 4큰술. 간장 1큰술. 청주 1큰술. 물엿 혹은 올리고당 2큰술. 설탕 1작은술)",
		"5. 조림장이 부글부글 끓으면... 약불로 줄이고 볶아둔 잔멸치와 견과류를 넣고 재빨리 볶아냅니다.",
		"6. 깨와 참기름을 조금씩 넣고 다시 한번 볶아주시면 완성입니다."
	],
	"recipe_img": [
		"https://recipe1.ezmember.co.kr/cache/recipe/2015/06/22/2d41c45d098d0d3ed273709b4de7313c1.jpg",
		"https://recipe1.ezmember.co.kr/cache/recipe/2015/06/22/a6f371b48044c5b98e78eabf541a0f591.jpg",
		"https://recipe1.ezmember.co.kr/cache/recipe/2015/06/22/25d61894c7ae3453d27b2abf07320bb01.jpg",
		"https://recipe1.ezmember.co.kr/cache/recipe/2015/06/22/dd1b1fe509d57046b49996b20c64c9271.jpg",
		"https://recipe1.ezmember.co.kr/cache/recipe/2015/06/22/fe9290672b3614d622e1b82276de63f31.jpg",
		"https://recipe1.ezmember.co.kr/cache/recipe/2015/06/22/f0caa9b89be2b0f05bd339c6ce288fe11.jpg"
	],
	"tag": [
		"건어물류, 멸치볶음"
	]
}