{
	"id": "4243352",
	"name": "두부 계란탕 만들기",
	"thumbnail": "https://recipe1.ezmember.co.kr/cache/recipe/2015/06/29/6716425779578fe816c03a04571e23cc.jpg",
	"url": "https://www.10000recipe.com/recipe/4243352",
	"ingredient_ids": [
		10282,
		8922,
		8824,
		51764,
		8548,
		9457,
		10438,
		8158,
		51703
	],
	"time": "30",
	"ingre_list": [
		{
			"ingre_name": "참기름",
			"ingre_count": "1",
			"ingre_unit": "작은술"
		},
		{
			"ingre_name": "표고버섯",
			"ingre_count": "",
			"ingre_unit": ""
		},
		{
			"ingre_name": "대파",
			"ingre_count": "1/4",
			"ingre_unit": "대"
		},
		{
			"ingre_name": "멸치육수",
			"ingre_count": "",
			"ingre_unit": ""
		},
		{
			"ingre_name": "브로콜리",
			"ingre_count": "",
			"ingre_unit": ""
		},
		{
			"ingre_name": "계란",
			"ingre_count": "1",
			"ingre_unit": "개"
		},
		{
			"ingre_name": "소금",
			"ingre_count": "",
			"ingre_unit": "조금"
		},
		{
			"ingre_name": "두부",
			"ingre_count": "",
			"ingre_unit": ""
		},
		{
			"ingre_name": "깨",
			"ingre_count": "",
			"ingre_unit": "조금"
		}
	],
	"sauce_list": [],
	"recipe": [
		"1. 계란1개에 소금 조금과 대파 1/4대를 송송썰어 골고루 섞어주세요.",
		"2. 미리 준비해둔 멸치육수 2컵을 끓이다가 보글보글 끓으면 두부 2/3모를 스푼으로 큼직하게 떠서 넣어주세요.",
		"3. 두부를 넣고 부려둔 표고버섯도 넣어서 끓여주세요.",
		"4. 부글부글 끓으면. 계란물을 부은후 살짝 저어주세요.",
		"5. 부글부글 끓어오르면 살짝 간을 보시고, 기호에 맞게 소금으로 간하여 주신후 불을 끄고 데쳐둔 브로콜리를 넣고 참기름 1작은술과 깨를 솔솔 뿌려주면 완성 입니다."
	],
	"recipe_img": [
		"https://recipe1.ezmember.co.kr/cache/recipe/2015/06/29/ce6ebbad16b5cc176359580018b35e7f1.jpg",
		"https://recipe1.ezmember.co.kr/cache/recipe/2015/06/29/c96be806b81bc51462e7ddd3e23bb7951.jpg",
		"https://recipe1.ezmember.co.kr/cache/recipe/2015/06/29/c0bf498483310495ff51606a45170e4d1.jpg",
		"https://recipe1.ezmember.co.kr/cache/recipe/2015/06/29/931c1344f0b7adff49fc33fc2337b2b31.jpg",
		"https://recipe1.ezmember.co.kr/cache/recipe/2015/06/29/62a2cf58a9cc86088022cd29f9b3b8c51.jpg"
	],
	"tag": [
		"계란, 계란탕, 국+탕, 끓이기, 달걀+유제품, 달걀, 두부, 에그, 일상, 탕"
	]
}