{
	"id": "4246827",
	"name": "두부김치",
	"thumbnail": "https://recipe1.ezmember.co.kr/cache/recipe/2015/06/22/de50864d6b3c2901c56dd024c70eb71e.jpg",
	"url": "https://www.10000recipe.com/recipe/4246827",
	"ingredient_ids": [
		9240,
		8158,
		8349
	],
	"time": "30",
	"ingre_list": [
		{
			"ingre_name": "삼겹살",
			"ingre_count": "200",
			"ingre_unit": "g"
		},
		{
			"ingre_name": "두부",
			"ingre_count": "",
			"ingre_unit": ""
		},
		{
			"ingre_name": "김치",
			"ingre_count": "1/2",
			"ingre_unit": "포기"
		}
	],
	"sauce_list": [
		{
			"ingre_name": "물",
			"ingre_count": "1/2",
			"ingre_unit": "컵"
		},
		{
			"ingre_name": "고춧가루",
			"ingre_count": "3-4큰술",
			"ingre_unit": "T"
		},
		{
			"ingre_name": "생강즙",
			"ingre_count": "1",
			"ingre_unit": "작은술"
		},
		{
			"ingre_name": "설탕",
			"ingre_count": "1",
			"ingre_unit": "T"
		},
		{
			"ingre_name": "고추장",
			"ingre_count": "1",
			"ingre_unit": "T"
		},
		{
			"ingre_name": "들기름",
			"ingre_count": "",
			"ingre_unit": ""
		},
		{
			"ingre_name": "포도씨유",
			"ingre_count": "",
			"ingre_unit": ""
		},
		{
			"ingre_name": "설탕",
			"ingre_count": "",
			"ingre_unit": ""
		}
	],
	"recipe": [
		"1. 김치 1/2포기를 준비해서 큼직하게 썰어주세요.",
		"2. 삼겹살 200g에 다진 마늘 1작은술, 청주 4큰술, 후추 조금, 소금 1작은술을 넣고 조물조물 버무려서 밑간을 해두세요.",
		"3. 볼에 물 1/2컵, 고춧가루 3-4큰술, 생강즙 1작은술, 설탕 1큰술, 고추장 1큰술을 분량대로 넣고 골고루 섞어주세요.",
		"4. 재료 준비가 끝나면 열이 오른 후라이팬에 포도씨유와 들기름을 1:1 비율로 두른뒤에 김치를 볶아줍니다. 이때, 설탕을 1작은술~ 1큰술 정도 넣어 볶아주시면, 김치도 빨리 무르게 볶아지고 신맛이 다소 줄어들면서 김치볶음의 맛이 더욱 좋아집니다.",
		"5. 김치를 살짝 볶아낸후 밑간해둔 고기와 양념을 붓고 센불에서 볶아줍니다.",
		"6. 냄비에 물을 끓여 두부를 따뜻하게 데쳐줍니다."
	],
	"recipe_img": [
		"https://recipe1.ezmember.co.kr/cache/recipe/2015/06/23/8d9aa93b20c02404f9ea7fd5c50f5e431.jpg",
		"https://recipe1.ezmember.co.kr/cache/recipe/2015/06/23/7f36b2c55acdb7b54a291912c5893ae81.jpg",
		"https://recipe1.ezmember.co.kr/cache/recipe/2015/06/23/64cb4fbefa8cda5abe443e79a07db8fc1.jpg",
		"https://recipe1.ezmember.co.kr/cache/recipe/2015/06/23/e4d3217b90125e7885806da376f024f71.jpg",
		"https://recipe1.ezmember.co.kr/cache/recipe/2015/06/23/7c4e6b8cb5e94555cc803bf159f910131.jpg",
		"https://recipe1.ezmember.co.kr/cache/recipe/2015/06/23/1e2c2207789b8362d72cc090b342d5ea1.jpg"
	],
	"tag": [
		"김치, 두부, 두부김치, 술안주, 콩+견과류"
	]
}