{
	"id": "4251762",
	"name": "표고버섯강정 ",
	"thumbnail": "https://recipe1.ezmember.co.kr/cache/recipe/2015/05/27/1fed765a0c9fb6af57d391d5af17ffb91.jpg",
	"url": "https://www.10000recipe.com/recipe/4251762",
	"ingredient_ids": [
		8922,
		31588,
		51821,
		51712,
		51684
	],
	"time": "30",
	"ingre_list": [
		{
			"ingre_name": "표고버섯",
			"ingre_count": "280",
			"ingre_unit": "g"
		},
		{
			"ingre_name": "찹쌀가루",
			"ingre_count": "2",
			"ingre_unit": "T"
		},
		{
			"ingre_name": "녹말가루",
			"ingre_count": "2",
			"ingre_unit": "T"
		},
		{
			"ingre_name": "아몬드가루",
			"ingre_count": "",
			"ingre_unit": "약간"
		},
		{
			"ingre_name": "식용유",
			"ingre_count": "",
			"ingre_unit": "적당량"
		}
	],
	"sauce_list": [
		{
			"ingre_name": "고추장2+1/2큰술",
			"ingre_count": "2+1/2",
			"ingre_unit": "T"
		},
		{
			"ingre_name": "진간장",
			"ingre_count": "1",
			"ingre_unit": "T"
		},
		{
			"ingre_name": "매실액",
			"ingre_count": "3",
			"ingre_unit": "T"
		},
		{
			"ingre_name": "올리고당",
			"ingre_count": "3",
			"ingre_unit": "T"
		},
		{
			"ingre_name": "맛술1+1/2큰술",
			"ingre_count": "1+1/2",
			"ingre_unit": "T"
		},
		{
			"ingre_name": "다진마늘",
			"ingre_count": "",
			"ingre_unit": "약간"
		}
	],
	"recipe": [
		"1. 표고버섯은 끓는 물에 살짝 데친 후 찬물에 헹구어 기둥과 물기를 제거하고 먹기 좋은 크기로 썰어줍니다.",
		"2. 1회용 비닐봉지에 썰어 놓은 표고버섯을 담고 찹쌀가루와 녹말가루를 넣어 튀김옷을 입혀줍니다.",
		"3. 달군 프라이팬에 식용유를 적당량 붓고 170도씨 온도에서 튀김옷을 입힌 표고버섯을 넣고 노릇노릇하게 튀겨줍니다.",
		"4. 달군 프라이팬에 분량의 양념 재료 고추장, 진간장, 매실액, 올리고당, 맛술, 다진 마늘을 넣고 보글보글 끓여줍니다.",
		"5. 튀겨낸 표고버섯을 넣고 버무리듯 양념을 고루 묻혀주고 불에서 내려요.",
		"6. 표고버섯강정을 접시에 담고 고명으로 아몬드가루를 살짝 뿌려냅니다."
	],
	"recipe_img": [
		"https://recipe1.ezmember.co.kr/cache/recipe/2015/05/27/cf1f4d7980e9385459507bd9a19b40a01.jpg",
		"https://recipe1.ezmember.co.kr/cache/recipe/2015/05/27/05770732ada7c768cb838a5f6efdb42c1.jpg",
		"https://recipe1.ezmember.co.kr/cache/recipe/2015/05/27/901fe248b529aae5548ecef0b0f8cd231.jpg",
		"https://recipe1.ezmember.co.kr/cache/recipe/2015/05/27/d210a2f72a9c94033c52faaec0948a041.jpg",
		"https://recipe1.ezmember.co.kr/cache/recipe/2015/05/27/739c831b81cd0d38c70f557a3200805a1.jpg",
		"https://recipe1.ezmember.co.kr/cache/recipe/2015/05/27/8281436cb6b8a3cd66167afb5da93b061.jpg"
	],
	"tag": [
		"강정, 버섯, 버섯류, 표고버섯"
	]
}