{
	"id": "4254634",
	"name": "순두부계란찜 만들기",
	"thumbnail": "https://recipe1.ezmember.co.kr/cache/recipe/2015/06/23/bb9bb672c5c097bcc7cff8f8e8ea7b69.jpg",
	"url": "https://www.10000recipe.com/recipe/4254634",
	"ingredient_ids": [
		9457,
		17601,
		8676,
		8386,
		8823,
		8316,
		10722
	],
	"time": "15",
	"ingre_list": [
		{
			"ingre_name": "계란",
			"ingre_count": "5",
			"ingre_unit": "개"
		},
		{
			"ingre_name": "순두부",
			"ingre_count": "1/2",
			"ingre_unit": "봉"
		},
		{
			"ingre_name": "양파",
			"ingre_count": "26",
			"ingre_unit": "g"
		},
		{
			"ingre_name": "당근",
			"ingre_count": "26",
			"ingre_unit": "g"
		},
		{
			"ingre_name": "쪽파",
			"ingre_count": "2",
			"ingre_unit": "대"
		},
		{
			"ingre_name": "청양고추",
			"ingre_count": "1",
			"ingre_unit": "개"
		},
		{
			"ingre_name": "마늘",
			"ingre_count": "1",
			"ingre_unit": "톨"
		}
	],
	"sauce_list": [
		{
			"ingre_name": "새우젓1+1/2숟갈",
			"ingre_count": "1+1/2",
			"ingre_unit": "T"
		},
		{
			"ingre_name": "물1+1/2컵",
			"ingre_count": "1+1/2",
			"ingre_unit": "컵"
		}
	],
	"recipe": [
		"1. 계란을 잘 풀어줍니다.",
		"2. 쪽파를 쫑쫑 썰어 계란물에 섞어줍니다.",
		"3. 양파, 당근, 청양고추, 마늘은 잘게잘게 다져 준비해둡니다.",
		"4. 뚝배기를 준비한후 분량의 물을 담은후 새우젓을 넣어줍니다.",
		"5. 뚝배기를 불에 올려 물이 팔팔 끓으면 순두부를 입구부분을 가위로 잘라내어 쭈욱 눌러 짜넣어줍니다.",
		"6. 순두부를 넣은 물이 끓기 시작하면 다진 채소를 모두 넣고 섞어주세요.",
		"7. 끓어오르면 풀어놓은 달걀물을 넣어줍니다.",
		"8. 중약불에서 숟가락으로 뚝배기 가장자리와 바닥을 살살 저어주세요.",
		"9. 끓기시작하면 뚜껑을 덮고 약불에서 3분정도 끓여준후 불을 끄고 뚜껑을 덮은채 2분정도 뜸을 들여주세요."
	],
	"recipe_img": [
		"https://recipe1.ezmember.co.kr/cache/recipe/2015/06/23/cfe11c25546ed1f1f09a0ccec9f731291.jpg",
		"https://recipe1.ezmember.co.kr/cache/recipe/2015/06/23/6c6b6e02d9b0d463231d6a64d38546a61.jpg",
		"https://recipe1.ezmember.co.kr/cache/recipe/2015/06/23/54bafde9d64905105488d91ffd2831871.jpg",
		"https://recipe1.ezmember.co.kr/cache/recipe/2015/06/23/a5192b87e557f2b659891a928b4dc1071.jpg",
		"https://recipe1.ezmember.co.kr/cache/recipe/2015/06/23/bf2da470e91b81f53811c2610bcb5d311.jpg",
		"https://recipe1.ezmember.co.kr/cache/recipe/2015/06/23/44cee6d477b97626557dbf8fd81e42b21.jpg",
		"https://recipe1.ezmember.co.kr/cache/recipe/2015/06/23/275e4ababc4494e451bf22c613765f131.jpg",
		"https://recipe1.ezmember.co.kr/cache/recipe/2015/06/23/ad58aca6338cb799e4148c6f10c020af1.jpg",
		"https://recipe1.ezmember.co.kr/cache/recipe/2015/06/23/501e2dc5d076090c039f2479b7f5ff801.jpg"
	],
	"tag": [
		"계란, 계란찜, 달걀+유제품, 달걀, 두부, 순두부, 에그, 찜"
	]
}