{
	"id": "4259171",
	"name": "참치볼 만들기",
	"thumbnail": "https://recipe1.ezmember.co.kr/cache/recipe/2015/06/29/91e95dcbc13e3ddfb5524e2cb80a774d.jpg",
	"url": "https://www.10000recipe.com/recipe/4259171",
	"ingredient_ids": [
		18025,
		8676,
		15179,
		51821,
		9457,
		8386,
		8855,
		8824
	],
	"time": "60",
	"ingre_list": [
		{
			"ingre_name": "참치",
			"ingre_count": "1",
			"ingre_unit": "캔"
		},
		{
			"ingre_name": "양파",
			"ingre_count": "1/4",
			"ingre_unit": "개"
		},
		{
			"ingre_name": "빵가루",
			"ingre_count": "3~7큰술",
			"ingre_unit": "T"
		},
		{
			"ingre_name": "녹말가루",
			"ingre_count": "7",
			"ingre_unit": "T"
		},
		{
			"ingre_name": "계란",
			"ingre_count": "1",
			"ingre_unit": "개"
		},
		{
			"ingre_name": "당근",
			"ingre_count": "",
			"ingre_unit": "조금"
		},
		{
			"ingre_name": "애호박",
			"ingre_count": "",
			"ingre_unit": "조금"
		},
		{
			"ingre_name": "대파",
			"ingre_count": "",
			"ingre_unit": "조금"
		}
	],
	"sauce_list": [
		{
			"ingre_name": "소금",
			"ingre_count": "1",
			"ingre_unit": "작은술"
		},
		{
			"ingre_name": "후추",
			"ingre_count": "",
			"ingre_unit": "조금"
		},
		{
			"ingre_name": "다진마늘",
			"ingre_count": "1",
			"ingre_unit": "작은술"
		},
		{
			"ingre_name": "케첩",
			"ingre_count": "3",
			"ingre_unit": "T"
		},
		{
			"ingre_name": "고추장",
			"ingre_count": "2/3",
			"ingre_unit": "T"
		},
		{
			"ingre_name": "올리고당",
			"ingre_count": "2",
			"ingre_unit": "T"
		},
		{
			"ingre_name": "다진마늘",
			"ingre_count": "1",
			"ingre_unit": "작은술"
		},
		{
			"ingre_name": "참기름",
			"ingre_count": "1",
			"ingre_unit": "작은술"
		},
		{
			"ingre_name": "물",
			"ingre_count": "1/2",
			"ingre_unit": "컵"
		}
	],
	"recipe": [
		"1. 양파는 잘게 썰은뒤에 마른 후라이팬에서 살짝 볶아 수분을 날려주세요. 썰은뒤 그냥 사용하시면, 참치반죽이 점점 질어지거든요.",
		"2. 볼에 기름기를 뺀 참치. 다진 야채. 계란. 소금. 후추. 다진마늘 등을 넣고 골고루 섞어주세요. 반죽의 되기는 손에 묻어나지 않는 정도로 맞춰주세요. 되기는 빵가루로 맞추시면 되요.",
		"3. 반죽은 많이 치댈수록 찰기가 생겨 모양이 이쁘게 부숴지지않고 잘 잡혀요.",
		"4. 모양을 잡은뒤에 녹말가루에 살짝 굴려주세요. 녹말가루를 묻힌뒤에 수분을 머금도록 3~5분 정도 그냥 두세요.",
		"5. 기름을 넉넉히 두르고 중불에서 노릇노릇 굴려가며 익혀주세요. 노릇노릇 익혀지면, 소스에 조리지 않고 케첩이나 머스터드를 찍어먹어도 맛있어요.",
		"6. 후라이팬에 케첩 3큰술. 고추장 2/3큰술. 올리고당 2큰술. 다진 마늘 1작은술. 참기름 1작은술. 물 1/2컵을 넣고 바글바글 끓여주세요.",
		"7. 소스가 끓으면, 노릇노릇 구워낸 참치볼을 넣고 소스에 조려주시면 됩니다."
	],
	"recipe_img": [
		"https://recipe1.ezmember.co.kr/cache/recipe/2015/06/29/8f31d021acd0890439f323bc6089ca3e1.jpg",
		"https://recipe1.ezmember.co.kr/cache/recipe/2015/06/29/5435ff771473ea890a011afeacf337f31.jpg",
		"https://recipe1.ezmember.co.kr/cache/recipe/2015/06/29/874e2c02be95a802fd63faa27ef150221.jpg",
		"https://recipe1.ezmember.co.kr/cache/recipe/2015/06/29/0d2d4fdd7838789849c1dbbab344e66a1.jpg",
		"https://recipe1.ezmember.co.kr/cache/recipe/2015/06/29/1b039fdee05b527da7e239a9af7b55ea1.jpg",
		"https://recipe1.ezmember.co.kr/cache/recipe/2015/06/29/72e05bcab3323032601dec8cbb44f2391.jpg",
		"https://recipe1.ezmember.co.kr/cache/recipe/2015/06/29/5013f99c298165c60af8a6ba7cc9dbb91.jpg"
	],
	"tag": [
		"가공식품류, 메인반찬, 볼, 일상"
	]
}