{
	"id": "4268488",
	"name": "깍두기볶음밥 야간매점 메뉴",
	"thumbnail": "https://recipe1.ezmember.co.kr/cache/recipe/2015/06/08/6f9f7ad4d58bd60213edc25ff0ab28c5.jpg",
	"url": "https://www.10000recipe.com/recipe/4268488",
	"ingredient_ids": [
		7025,
		8345
	],
	"time": "30",
	"ingre_list": [
		{
			"ingre_name": "현미밥",
			"ingre_count": "1",
			"ingre_unit": "공기"
		},
		{
			"ingre_name": "깍두기",
			"ingre_count": "130",
			"ingre_unit": "g"
		}
	],
	"sauce_list": [
		{
			"ingre_name": "깍두기국물",
			"ingre_count": "1/4",
			"ingre_unit": "컵"
		},
		{
			"ingre_name": "버터",
			"ingre_count": "2",
			"ingre_unit": "T"
		},
		{
			"ingre_name": "고추장",
			"ingre_count": "1/2",
			"ingre_unit": "T"
		},
		{
			"ingre_name": "고추가루",
			"ingre_count": "1/3",
			"ingre_unit": "T"
		},
		{
			"ingre_name": "올리고당",
			"ingre_count": "1/2",
			"ingre_unit": "T"
		},
		{
			"ingre_name": "후추",
			"ingre_count": "",
			"ingre_unit": ""
		},
		{
			"ingre_name": "김가루",
			"ingre_count": "",
			"ingre_unit": ""
		},
		{
			"ingre_name": "계란후라이",
			"ingre_count": "",
			"ingre_unit": ""
		}
	],
	"recipe": [
		"1. 깍두기를 굵게 다져준비해주세요.",
		"2. 달군팬에 버터를 넣고 녹입니다.",
		"3. 굵게다진 깍두기를 넣고 달달 볶아줍니다.",
		"4. 깍두기가 볶아졌으면 깍두기 국물을 넣고 살짝 더 볶아주세요.",
		"5. 밥을 넣고 잘 어우러지도록 볶아줍니다.",
		"6. 고추장, 고추가루, 올리고당을 넣어 좀더 매콤하고 칼칼하게 간을 해줍니다.",
		"7. 후추가루를 조금 넉넉하게 넣고 볶아줍니다.",
		"8. 볶음밥위에 김가루 솔솔 뿌리고 계란후라이 한개 얹으면 세븐스타라이스. 깍두기볶음밥 완성입니다."
	],
	"recipe_img": [
		"https://recipe1.ezmember.co.kr/cache/recipe/2015/06/30/a327fd5649050d9673734f65713e768a1.jpg",
		"https://recipe1.ezmember.co.kr/cache/recipe/2015/06/30/087b60ad9a5baf131153351affdae36a1.jpg",
		"https://recipe1.ezmember.co.kr/cache/recipe/2015/06/30/d6fac59c12b6e0ebb5d53d7fcad2ed7a1.jpg",
		"https://recipe1.ezmember.co.kr/cache/recipe/2015/06/30/de981c66c75f5daf87bd482121cbd6771.jpg",
		"https://recipe1.ezmember.co.kr/cache/recipe/2015/06/30/be8bd003b6be255cb255d921d5bdae491.jpg",
		"https://recipe1.ezmember.co.kr/cache/recipe/2015/06/30/765017bb711a86824508ef994affabdc1.jpg",
		"https://recipe1.ezmember.co.kr/cache/recipe/2015/06/30/bcc2d1c80730ec8f9ba900809f4d5f0d1.jpg",
		"https://recipe1.ezmember.co.kr/cache/recipe/2015/06/30/6955dc5b27f779e4ef6ed5d56e411abc1.jpg"
	],
	"tag": [
		"깍두기, 밥+죽+떡, 밥, 볶음밥"
	]
}