{
	"id": "4274928",
	"name": "미역줄기 볶음 만들기",
	"thumbnail": "https://recipe1.ezmember.co.kr/cache/recipe/2015/06/08/2c0b161e30dc9daa868f6e758dd6e4cc.jpg",
	"url": "https://www.10000recipe.com/recipe/4274928",
	"ingredient_ids": [
		10175,
		8676,
		8386,
		51684
	],
	"time": "90",
	"ingre_list": [
		{
			"ingre_name": "미역줄기",
			"ingre_count": "340",
			"ingre_unit": "g"
		},
		{
			"ingre_name": "양파",
			"ingre_count": "1",
			"ingre_unit": "개"
		},
		{
			"ingre_name": "당근",
			"ingre_count": "1/2",
			"ingre_unit": "개"
		},
		{
			"ingre_name": "식용유",
			"ingre_count": "",
			"ingre_unit": "적당량"
		}
	],
	"sauce_list": [
		{
			"ingre_name": "다진마늘",
			"ingre_count": "2",
			"ingre_unit": "T"
		},
		{
			"ingre_name": "청주",
			"ingre_count": "2",
			"ingre_unit": "T"
		},
		{
			"ingre_name": "매실청",
			"ingre_count": "1",
			"ingre_unit": "T"
		},
		{
			"ingre_name": "참기름",
			"ingre_count": "1",
			"ingre_unit": "T"
		},
		{
			"ingre_name": "깨소금",
			"ingre_count": "2",
			"ingre_unit": "T"
		}
	],
	"recipe": [
		"1. 염장 미역줄기는 찬물에 바락바락 주물러 물을 여러번 갈아가면서 소금기를 씻어준다.",
		"2. 씻어논 미역줄기는 소금 간이 빠지도록 찬물에 담가두는데 적당한 간이 될때까지만(대략 1시간 정도) 담급니다.",
		"3. 미역줄기는 먹기좋을 정도의 길이로 잘라주고 당근 ,양파는 채를 썬다.",
		"4. 식용유 두른 팬에 다진마늘 향이 날때까지만 볶아줍니다.",
		"5. 당근 ,양파,미역줄기 순으로 볶으면서 청주로 비릿함을 날려주고 매실청으로 감칠맛을 낸다 .",
		"6. 참기름으로 마무리 하고 불을 끄고 깨소금을 고루 뿌려준다.",
		"7. 오독오독 미역줄기볶음 완성입니다."
	],
	"recipe_img": [
		"https://recipe1.ezmember.co.kr/cache/recipe/2015/06/22/8d36705480701d8343966273d2e045371.jpg",
		"https://recipe1.ezmember.co.kr/cache/recipe/2015/06/22/4094f2aa46d39c6b40e5ed251eefa5161.jpg",
		"https://recipe1.ezmember.co.kr/cache/recipe/2015/06/22/1484a447e93cf3bf1dd259e5c58b8af81.jpg",
		"https://recipe1.ezmember.co.kr/cache/recipe/2015/06/22/a930ec4da29c59e7e26b26c1d54b88d81.jpg",
		"https://recipe1.ezmember.co.kr/cache/recipe/2015/06/22/f4c9c6b9a0f3f63fd4da9bebf26c77ae1.jpg",
		"https://recipe1.ezmember.co.kr/cache/recipe/2015/06/22/3aa2c8a948af4fdd6f7fcd17cd522bfc1.jpg",
		"https://recipe1.ezmember.co.kr/cache/recipe/2015/06/22/8773fbfe03ae1c7305bc9c1711a530f01.jpg"
	],
	"tag": [
		"미역줄기볶음, 해물류"
	]
}