{
	"id": "4281569",
	"name": "오징어고추장찌개",
	"thumbnail": "https://recipe1.ezmember.co.kr/cache/recipe/2015/08/05/12f6815d293fc12bc7be5a9547ff44e31.jpg",
	"url": "https://www.10000recipe.com/recipe/4281569",
	"ingredient_ids": [
		10107,
		8158,
		8850,
		8452,
		8824,
		8676,
		51689,
		51691
	],
	"time": "30",
	"ingre_list": [
		{
			"ingre_name": "오징어",
			"ingre_count": "1",
			"ingre_unit": "마리"
		},
		{
			"ingre_name": "두부",
			"ingre_count": "1/2",
			"ingre_unit": "모"
		},
		{
			"ingre_name": "호박",
			"ingre_count": "1/3",
			"ingre_unit": ""
		},
		{
			"ingre_name": "무",
			"ingre_count": "",
			"ingre_unit": "약간"
		},
		{
			"ingre_name": "대파",
			"ingre_count": "",
			"ingre_unit": ""
		},
		{
			"ingre_name": "양파",
			"ingre_count": "",
			"ingre_unit": ""
		},
		{
			"ingre_name": "홍고추",
			"ingre_count": "",
			"ingre_unit": ""
		},
		{
			"ingre_name": "청고추",
			"ingre_count": "",
			"ingre_unit": ""
		}
	],
	"sauce_list": [
		{
			"ingre_name": "고추장",
			"ingre_count": "2",
			"ingre_unit": "T"
		},
		{
			"ingre_name": "소금",
			"ingre_count": "",
			"ingre_unit": "약간"
		},
		{
			"ingre_name": "마늘",
			"ingre_count": "1",
			"ingre_unit": ""
		},
		{
			"ingre_name": "생강즙",
			"ingre_count": "1",
			"ingre_unit": ""
		},
		{
			"ingre_name": "청주",
			"ingre_count": "1",
			"ingre_unit": ""
		},
		{
			"ingre_name": "후추(생략가능)",
			"ingre_count": "",
			"ingre_unit": "약간"
		}
	],
	"recipe": [
		"1. 오징어 고추장 찌개 끓이기 첫번째 할일는 끓는물에 무우를 넣어주고 무우가 조금 익었다 싶을때 고추장 2큰술을 넣어주세욤~",
		"2. 준비된 야채중 대파와 두부를 제외한 모든 재료를 넣어주세요~",
		"3. 재료들이 어느정도 익었다 싶을때 청고추 홍고추를 넣어주시고요~ 두부도 넣어주세욤~",
		"4. 모든 재료가 잘 어우러지도록 보글보글 끓여주세요~",
		"5. 마지막으로 대파를 넣어주심 끝~"
	],
	"recipe_img": [
		"https://recipe1.ezmember.co.kr/cache/recipe/2015/03/30/5bf6b890375fb3c8286905649f9e59b51.jpg",
		"https://recipe1.ezmember.co.kr/cache/recipe/2015/03/30/0c513acdb56c45d6cba464ba82bbdbe91.jpg",
		"https://recipe1.ezmember.co.kr/cache/recipe/2015/03/30/b89bf88bd14ac6c366b33a9a67da9f291.jpg",
		"https://recipe1.ezmember.co.kr/cache/recipe/2015/03/30/a40838fa5dcf7fba4e1950ce7eeb38131.jpg",
		"https://recipe1.ezmember.co.kr/cache/recipe/2015/03/30/1558c186e8bc9c6a50f5cf355734dbbf1.jpg"
	],
	"tag": [
		"고추장, 고추장찌개, 끓이기, 오징어, 오징어찌개, 찌개, 해물류"
	]
}