{
	"id": "4289196",
	"name": "우유와 함께라면 더 좋은 카스테라",
	"thumbnail": "https://recipe1.ezmember.co.kr/cache/recipe/2015/06/24/5ca4d5ee6aae66aa187c5b2b7234d509.jpg",
	"url": "https://www.10000recipe.com/recipe/4289196",
	"ingredient_ids": [
		9456,
		10230,
		51742
	],
	"time": "90",
	"ingre_list": [
		{
			"ingre_name": "달걀",
			"ingre_count": "5",
			"ingre_unit": "개"
		},
		{
			"ingre_name": "우유",
			"ingre_count": "30",
			"ingre_unit": "cc"
		},
		{
			"ingre_name": "강력분",
			"ingre_count": "140",
			"ingre_unit": "g"
		}
	],
	"sauce_list": [
		{
			"ingre_name": "황설탕",
			"ingre_count": "120",
			"ingre_unit": "g"
		},
		{
			"ingre_name": "꿀",
			"ingre_count": "50",
			"ingre_unit": "g"
		},
		{
			"ingre_name": "바닐라빈",
			"ingre_count": "5",
			"ingre_unit": "cm"
		}
	],
	"recipe": [
		"1. 볼에 달걀을 넣어서 멍울없이 풀어주세요.",
		"2. 설탕을 넣어서 휘핑해주어 거품이 올라오기 시작하면, 뜨거운 물을 담은 그릇위에 달걀볼을 얹어서 중탕으로 계속 휘핑을 해줍니다. 이때 바로바로 저어주지 않으면 높은 온도의 물때문에 달걀이 뭉칠수도 있으니 참고하셔요. 한참 휘핑을 하다가 달걀물의 온도가 체온 정도로 올라가면 중탕볼에서 내려 마저 휘핑해줍니다.",
		"3. 체온정도였던 반죽이 약간 식고, 풍성한 거품이 날때까지 섞어주시면 되어요. 반죽을 들어올려서 떨어뜨렸을때 리본모양을 그리며 흐르고, 그 모양이 2~3초 정도 유지될때까지 휘핑해주면 적당해요.",
		"4. 다른 그릇에 우유와 꿀, 바닐라빈 씨를 섞어서 전자레인지에 넣어 살짝 미지근하게 데워주고, 반죽에 넣어서 고루 섞어주세요. 마지막으로 체에 내린 가루를 넣어서 고무주걱으로 아래에서 위로 퍼올리듯이 섞어줍니다. 거품을 꺼뜨리지 않고 최대한 빠르고 가볍게 섞어주는게 포인트이지요.전자레인지",
		"5. 유산지를 깔아둔 틀에 반죽을 부어주고, 가볍에 두어번 아래로 떨어뜨려서 기포를 제거해줍니다. 180℃로 미리 예열해둔 오븐에 넣어서 10분 구워주고, 온도를 160℃로 낮추어서 25분정도 더 구워주세요.오븐",
		"6. 구워지는 동안 카스테라를 엎어서 식힐 종이를 준비해두면 좋은데요, 유산지에 포도씨유를 얇게 발라서 준비해요.",
		"7. 구워낸 카스테라는 기름을 발라둔 유산지에 그대로 엎어줍니다. 이대로 식혀주시면 되어요. 조금 있다가 카스테라의 유산지는 떼어주시면 되구요."
	],
	"recipe_img": [
		"https://recipe1.ezmember.co.kr/cache/recipe/2015/06/24/19a82065d23957e760d77e5d1f28b8e51.jpg",
		"https://recipe1.ezmember.co.kr/cache/recipe/2015/06/24/47ffffc891c2168f569871ac4813c2231.jpg",
		"https://recipe1.ezmember.co.kr/cache/recipe/2015/06/24/9786de2930b655d08962c4446247a62e1.jpg",
		"https://recipe1.ezmember.co.kr/cache/recipe/2015/06/24/b4e2787ac927721ce221dfd3106cb4761.jpg",
		"https://recipe1.ezmember.co.kr/cache/recipe/2015/06/24/feb35ec14780accafd4d07441ca47b2a1.jpg",
		"https://recipe1.ezmember.co.kr/cache/recipe/2015/06/24/9e32f829787916bf1284dc3357842c2d1.jpg",
		"https://recipe1.ezmember.co.kr/cache/recipe/2015/06/24/3acf0ddfe1fe13c9947550561208ae3f1.jpg"
	],
	"tag": [
		"라면, 밀가루, 우유, 카스테라"
	]
}