{
	"id": "4291836",
	"name": "표고버섯 밥전",
	"thumbnail": "https://recipe1.ezmember.co.kr/cache/recipe/2015/05/26/4b9669515ebbe969ca91a204c809d8551.jpg",
	"url": "https://www.10000recipe.com/recipe/4291836",
	"ingredient_ids": [
		51685,
		8922,
		8823,
		9456,
		51684
	],
	"time": "30",
	"ingre_list": [
		{
			"ingre_name": "밥",
			"ingre_count": "1",
			"ingre_unit": "공기"
		},
		{
			"ingre_name": "표고버섯",
			"ingre_count": "4",
			"ingre_unit": "개"
		},
		{
			"ingre_name": "쪽파",
			"ingre_count": "2",
			"ingre_unit": "뿌리"
		},
		{
			"ingre_name": "달걀",
			"ingre_count": "2",
			"ingre_unit": "개"
		},
		{
			"ingre_name": "식용유",
			"ingre_count": "",
			"ingre_unit": "적당량"
		}
	],
	"sauce_list": [
		{
			"ingre_name": "맛술",
			"ingre_count": "1",
			"ingre_unit": "T"
		},
		{
			"ingre_name": "통깨",
			"ingre_count": "1",
			"ingre_unit": "T"
		},
		{
			"ingre_name": "소금",
			"ingre_count": "",
			"ingre_unit": "적당량"
		}
	],
	"recipe": [
		"1. 표고버섯은 끓는 물에 살짝 데친 후 찬물에 헹구어 기둥을 제거하고 잘게 썰어 주고 쪽파는 다듬어서 씻은 후 송송 썰어줍니다.",
		"2. 달군 프라이팬에 식용유를 두르고 표고버섯을 넣고 볶다가 쪽파를 넣어서 볶고 맛술을 넣어 다시 한 번 볶은 후 소금으로 간을 맞춰줍니다.",
		"3. 밥과 통깨를 넣어서 고루 섞은 후 한입 크기로 동글납작한 모양으로 만들어 줍니다.",
		"4. 달걀은 소금을 넣어서 풀어 주고 밥은 달걀옷을 입혀줍니다.",
		"5. 달군 프라이팬에 식용유를 두르고 달걀옷을 입힌 밥을 넣어 앞뒤로 노릇노릇하게 부쳐줍니다."
	],
	"recipe_img": [
		"https://recipe1.ezmember.co.kr/cache/recipe/2015/06/12/b3a9775b8e6edab1ec001155fa5c37191.jpg",
		"https://recipe1.ezmember.co.kr/cache/recipe/2015/06/12/21ae974b50441c8342d1688aac2f0e3a1.jpg",
		"https://recipe1.ezmember.co.kr/cache/recipe/2015/06/12/57d67900b62051f8af85a86f253f47451.jpg",
		"https://recipe1.ezmember.co.kr/cache/recipe/2015/06/12/33a3cd83a65c6e0ecb954de18de0acb51.jpg",
		"https://recipe1.ezmember.co.kr/cache/recipe/2015/06/12/d3bbf7f60cd70b26783e02d8f1d566241.jpg"
	],
	"tag": [
		"밥+죽+떡, 밥, 밥전, 버섯, 버섯류, 버섯전, 부침, 일상, 표고버섯, 표고버섯밥"
	]
}