{
	"id": "4300053",
	"name": "수제비",
	"thumbnail": "https://recipe1.ezmember.co.kr/cache/recipe/2015/06/26/7a69541510e60485262b6b41ab877a08.jpg",
	"url": "https://www.10000recipe.com/recipe/4300053",
	"ingredient_ids": [],
	"time": "60",
	"ingre_list": [],
	"sauce_list": [],
	"recipe": [
		"1. 밀가루3컵에 물 200 ml를 조금씩 넣어가면서 알맞게 반죽을 해줍니다.",
		"2. 완성한 반죽은 위생비닐에 넣어 냉장고에 30분정도 두었다가 사용합니다.",
		"3. 물 2300 ml 에 다시멸치10마리정도를 넣고 10~15분가량 끓여줍니다.",
		"4. 육수가 끓는동안 분량의 야채들은 채썰어서 준비합니다.",
		"5. 육수가 끓고나면 멸치는 건져내고.",
		"6. 준비해논 야채들을 넣은 후",
		"7. 반죽을 얇게 펴서 뚝뚝 떼어 넣고 한소끔 끓여냅니다."
	],
	"recipe_img": [
		"https://recipe1.ezmember.co.kr/cache/recipe/2015/06/26/55e797875ee0ff7263927fc0f0fb89171.jpg",
		"https://recipe1.ezmember.co.kr/cache/recipe/2015/06/26/3509e2bdc50cb45a5820e664d96ef9c51.jpg",
		"https://recipe1.ezmember.co.kr/cache/recipe/2015/06/26/bfb1f320cca30f566ca0d252f55e0d481.jpg",
		"https://recipe1.ezmember.co.kr/cache/recipe/2015/06/26/d0b270dfa964d0f6f0c1d986667b38221.jpg",
		"https://recipe1.ezmember.co.kr/cache/recipe/2015/06/26/ca5c51df079e1d8d636bf3fefd78467d1.jpg",
		"https://recipe1.ezmember.co.kr/cache/recipe/2015/06/26/b870e14fdf6facbdd592d3a618355df61.jpg",
		"https://recipe1.ezmember.co.kr/cache/recipe/2015/06/26/bfe20b08f98d3b7817729e1becf74deb1.jpg"
	],
	"tag": [
		"끓이기, 면+만두, 밀가루, 수제비"
	]
}