{
	"id": "4304705",
	"name": "멸치 마늘 볶음",
	"thumbnail": "https://recipe1.ezmember.co.kr/cache/recipe/2015/06/18/d23688a330f6be251aa603551d4e595d.jpg",
	"url": "https://www.10000recipe.com/recipe/4304705",
	"ingredient_ids": [
		11266,
		10722
	],
	"time": "30",
	"ingre_list": [
		{
			"ingre_name": "멸치",
			"ingre_count": "80",
			"ingre_unit": "g"
		},
		{
			"ingre_name": "마늘",
			"ingre_count": "6",
			"ingre_unit": "톨"
		}
	],
	"sauce_list": [
		{
			"ingre_name": "청주",
			"ingre_count": "1",
			"ingre_unit": "T"
		},
		{
			"ingre_name": "생강",
			"ingre_count": "1",
			"ingre_unit": "T"
		},
		{
			"ingre_name": "고추장",
			"ingre_count": "1",
			"ingre_unit": "T"
		},
		{
			"ingre_name": "물엿",
			"ingre_count": "2",
			"ingre_unit": "T"
		},
		{
			"ingre_name": "포도씨유",
			"ingre_count": "",
			"ingre_unit": "약간"
		}
	],
	"recipe": [
		"1. 달구어진팬에 포도씨유 두르시고 마늘을 먼저 볶아 기름에 마늘향이 베이도록 해주세요.",
		"2. 마늘이 볶아지면 멸치를 넣어주시구요.",
		"3. 청주와 생강 을 넣어줍니다.",
		"4. 고추장 1큰술을 넣어줍니다. 고추장양은 가감하세요.",
		"5. 물엿을 넣어서 단맛을 조절하시면 되는데 설탕을 사용하실분들은 설탕사용하셔되 됩니다.",
		"6. 촉촉하면서 약간은 매콤함이 있는 멸치마늘볶음 완성이예요."
	],
	"recipe_img": [
		"https://recipe1.ezmember.co.kr/cache/recipe/2015/06/19/09a0b88f91be5af43c0ab227353ae0261.jpg",
		"https://recipe1.ezmember.co.kr/cache/recipe/2015/06/19/7fd6ad3f3e12c8ad98b9e7491add4c9d1.jpg",
		"https://recipe1.ezmember.co.kr/cache/recipe/2015/06/19/213c2bc2a7b055083b263677d9c400bb1.jpg",
		"https://recipe1.ezmember.co.kr/cache/recipe/2015/06/19/a735b1f83130951688d5cf53e5e124511.jpg",
		"https://recipe1.ezmember.co.kr/cache/recipe/2015/06/19/2031c86edb983ea3a4de4600e32df1971.jpg",
		"https://recipe1.ezmember.co.kr/cache/recipe/2015/06/19/4768f4ded53ff8a12f0a975126d2c2831.jpg"
	],
	"tag": [
		"건어물류, 멸치볶음"
	]
}