{
	"id": "4305928",
	"name": "카레두부강정",
	"thumbnail": "https://recipe1.ezmember.co.kr/cache/recipe/2015/06/23/9d97f967979346e6c2ceef44e7d5957b.jpg",
	"url": "https://www.10000recipe.com/recipe/4305928",
	"ingredient_ids": [
		8158,
		51821,
		10481
	],
	"time": "30",
	"ingre_list": [
		{
			"ingre_name": "두부",
			"ingre_count": "1",
			"ingre_unit": "모"
		},
		{
			"ingre_name": "녹말가루",
			"ingre_count": "3",
			"ingre_unit": "T"
		},
		{
			"ingre_name": "카레가루",
			"ingre_count": "1",
			"ingre_unit": "T"
		}
	],
	"sauce_list": [
		{
			"ingre_name": "고추장",
			"ingre_count": "1",
			"ingre_unit": "T"
		},
		{
			"ingre_name": "케챱",
			"ingre_count": "1",
			"ingre_unit": "T"
		},
		{
			"ingre_name": "간장",
			"ingre_count": "1",
			"ingre_unit": "T"
		},
		{
			"ingre_name": "고춧가루",
			"ingre_count": "1/2",
			"ingre_unit": "T"
		},
		{
			"ingre_name": "다진마늘",
			"ingre_count": "1/3",
			"ingre_unit": "T"
		},
		{
			"ingre_name": "생강술",
			"ingre_count": "1",
			"ingre_unit": "T"
		},
		{
			"ingre_name": "설탕",
			"ingre_count": "1/4",
			"ingre_unit": "T"
		},
		{
			"ingre_name": "올리고당",
			"ingre_count": "2",
			"ingre_unit": "T"
		},
		{
			"ingre_name": "매실엑기스",
			"ingre_count": "1",
			"ingre_unit": "T"
		},
		{
			"ingre_name": "물",
			"ingre_count": "1/4",
			"ingre_unit": "컵"
		}
	],
	"recipe": [
		"1. 두부를 깨끗한 면보에 올려 눌러서 물기를 제거해줍니다.",
		"2. 두부는 먹기좋은 크기로 깍뚝썰어 준비해줍니다.",
		"3. 깍뚝썬 두부를 넣고 봉지를 흔들어 가루를 입혀주세요.",
		"4. 달군팬에 오일을 두른후 두부를 올려 앞뒤 사방으로 골고루 잘 구워줍니다.",
		"5. 팬에 소스 재료를 모두 담아 센불에서 끓기시작하면 중약불로 줄입니다.",
		"6. 지져낸 두부를 넣어줍니다.",
		"7. 주걱으로 잘 저어서 소스를 두부에 입혀가며 조려내면 완성이에요."
	],
	"recipe_img": [
		"https://recipe1.ezmember.co.kr/cache/recipe/2015/06/23/3f9d87557439875f4ae7d9e90d32d4af1.jpg",
		"https://recipe1.ezmember.co.kr/cache/recipe/2015/06/23/6a417d183c30eafc246ebba58846be0a1.jpg",
		"https://recipe1.ezmember.co.kr/cache/recipe/2015/06/23/26d3d16e474b7175669f7cf716d79b781.jpg",
		"https://recipe1.ezmember.co.kr/cache/recipe/2015/06/23/bcc77a7c3d4ff7183b901dee537e2cd01.jpg",
		"https://recipe1.ezmember.co.kr/cache/recipe/2015/06/23/639a73ea5cf421413197a30b8ef8cadb1.jpg",
		"https://recipe1.ezmember.co.kr/cache/recipe/2015/06/23/2e3738508d027df9213391c918d68a4d1.jpg",
		"https://recipe1.ezmember.co.kr/cache/recipe/2015/06/23/5c9e5dc6abb70a9c6b206dd8031c0ef11.jpg"
	],
	"tag": [
		"강정, 두부, 두부강정, 밑반찬, 카레, 커리, 콩+견과류"
	]
}