{
	"id": "4309001",
	"name": "애호박갈치조림",
	"thumbnail": "https://recipe1.ezmember.co.kr/cache/recipe/2015/06/23/9697ad638e1b93bd0d8ea57cbc92505e.jpg",
	"url": "https://www.10000recipe.com/recipe/4309001",
	"ingredient_ids": [
		10853,
		8855,
		51691,
		51689,
		8824
	],
	"time": "30",
	"ingre_list": [
		{
			"ingre_name": "갈치",
			"ingre_count": "2",
			"ingre_unit": "마리"
		},
		{
			"ingre_name": "애호박",
			"ingre_count": "1",
			"ingre_unit": "개"
		},
		{
			"ingre_name": "청고추",
			"ingre_count": "",
			"ingre_unit": ""
		},
		{
			"ingre_name": "홍고추",
			"ingre_count": "",
			"ingre_unit": ""
		},
		{
			"ingre_name": "대파",
			"ingre_count": "",
			"ingre_unit": ""
		}
	],
	"sauce_list": [
		{
			"ingre_name": "간장",
			"ingre_count": "2",
			"ingre_unit": "T"
		},
		{
			"ingre_name": "물엿",
			"ingre_count": "1",
			"ingre_unit": "T"
		},
		{
			"ingre_name": "고춧가루",
			"ingre_count": "2",
			"ingre_unit": "T"
		},
		{
			"ingre_name": "고추장",
			"ingre_count": "1",
			"ingre_unit": "T"
		},
		{
			"ingre_name": "생강즙",
			"ingre_count": "1",
			"ingre_unit": "T"
		},
		{
			"ingre_name": "청주",
			"ingre_count": "1",
			"ingre_unit": "T"
		},
		{
			"ingre_name": "마늘",
			"ingre_count": "1",
			"ingre_unit": "T"
		}
	],
	"recipe": [
		"1. 갈치는 은색비늘을 잘 벗겨내고 먹기좋은 크기로 잘라줍니다.",
		"2. 애호박과 냉장고 속 야채를 자유롭게 준비해주세요.",
		"3. 간장 2, 물엿 1, 고춧가루 2, 고추장 1, 생강즙 1, 청주 1, 마늘 1을 섞어 조림양념장을 만듭니다.",
		"4. 조림할 냄비에 호박을 깔고 양파를 넣어줍니다.",
		"5. 손질된 갈치를 올려주시구요.",
		"6. 준비된 야채들도 올려주세요.",
		"7. 미리준비해둔 생선조림 양념장도 부어주시구요.",
		"8. 양념그릇에 묻은 양념에 물을 조금붓고 씻듯이 흔들어 넣어주세요.",
		"9. 보글보글 끓이시면서 국물을 위로 떠부어주시면 생선 윗부분까지 양념이 잘베어 더 맛있어 진답니다."
	],
	"recipe_img": [
		"https://recipe1.ezmember.co.kr/cache/recipe/2015/06/23/206af593fc589588bbcbc5bc756745e01.jpg",
		"https://recipe1.ezmember.co.kr/cache/recipe/2015/06/23/277c811fe118c810a59c2f180b8ccf651.jpg",
		"https://recipe1.ezmember.co.kr/cache/recipe/2015/06/23/07242a1e6755b024f4eae7c5a43ff0661.jpg",
		"https://recipe1.ezmember.co.kr/cache/recipe/2015/06/23/9bd5f1434f8f0c15f66369de904c73591.jpg",
		"https://recipe1.ezmember.co.kr/cache/recipe/2015/06/23/3842d2f9e1d460d9d6208dcdd35778751.jpg",
		"https://recipe1.ezmember.co.kr/cache/recipe/2015/06/23/ebb14993635ccd7294525b7363a86d7f1.jpg",
		"https://recipe1.ezmember.co.kr/cache/recipe/2015/06/23/0bf8c1e37d715c1dd1c3afd3d1ca890c1.jpg",
		"https://recipe1.ezmember.co.kr/cache/recipe/2015/06/23/9c08705f79e7ffce55b837c1ff1574cb1.jpg",
		"https://recipe1.ezmember.co.kr/cache/recipe/2015/06/23/469f9c1586c8faf4eeea2ea493f53c9f1.jpg"
	],
	"tag": [
		"갈치조림, 조림, 해물류"
	]
}