{
	"id": "4316634",
	"name": "초간단 소세지야채볶음",
	"thumbnail": "https://recipe1.ezmember.co.kr/cache/recipe/2015/06/19/a3ff6a42318c3521e3afc3f457d497de.jpg",
	"url": "https://www.10000recipe.com/recipe/4316634",
	"ingredient_ids": [
		15263,
		51822,
		51823,
		8676,
		13693
	],
	"time": "15",
	"ingre_list": [
		{
			"ingre_name": "소시지",
			"ingre_count": "",
			"ingre_unit": ""
		},
		{
			"ingre_name": "청피망",
			"ingre_count": "",
			"ingre_unit": ""
		},
		{
			"ingre_name": "홍피망",
			"ingre_count": "",
			"ingre_unit": ""
		},
		{
			"ingre_name": "양파",
			"ingre_count": "",
			"ingre_unit": ""
		},
		{
			"ingre_name": "카놀라유",
			"ingre_count": "",
			"ingre_unit": ""
		}
	],
	"sauce_list": [
		{
			"ingre_name": "케챂",
			"ingre_count": "",
			"ingre_unit": ""
		},
		{
			"ingre_name": "소금",
			"ingre_count": "",
			"ingre_unit": "조금"
		},
		{
			"ingre_name": "후추가루",
			"ingre_count": "",
			"ingre_unit": ""
		}
	],
	"recipe": [
		"1. 팬에 기름을 두르고 마늘을 볶아줍니다. 그리고 야채를 넣고 볶아주고요.",
		"2. 야채를 넣고 볶다가 소세지를 넣고 계속 볶아주세요.",
		"3. 소금과 후추가루, 케챂도 넣고 볶아 주면 완성입니다."
	],
	"recipe_img": [
		"https://recipe1.ezmember.co.kr/cache/recipe/2015/06/22/521122437eeb3a97c7976f003170237f1.jpg",
		"https://recipe1.ezmember.co.kr/cache/recipe/2015/06/22/92cf0c7fef64373f48e8d969e28dbf6e1.jpg",
		"https://recipe1.ezmember.co.kr/cache/recipe/2015/06/22/9a306f43cf01abfdc8e5ed0f386dcf9a1.jpg"
	],
	"tag": [
		"소세지야채볶음"
	]
}