{
	"id": "4320507",
	"name": "구운애호박 무침",
	"thumbnail": "https://recipe1.ezmember.co.kr/cache/recipe/2015/08/03/2d7aa33f7b2bd720069fe8506808f9811.jpg",
	"url": "https://www.10000recipe.com/recipe/4320507",
	"ingredient_ids": [
		8855
	],
	"time": "30",
	"ingre_list": [
		{
			"ingre_name": "애호박",
			"ingre_count": "",
			"ingre_unit": ""
		}
	],
	"sauce_list": [
		{
			"ingre_name": "고춧가루",
			"ingre_count": "1",
			"ingre_unit": "작은술"
		},
		{
			"ingre_name": "양조간장",
			"ingre_count": "2/3",
			"ingre_unit": "T"
		},
		{
			"ingre_name": "참기름",
			"ingre_count": "1",
			"ingre_unit": "작은술"
		},
		{
			"ingre_name": "다진마늘",
			"ingre_count": "1",
			"ingre_unit": "작은술"
		},
		{
			"ingre_name": "참깨",
			"ingre_count": "",
			"ingre_unit": ""
		},
		{
			"ingre_name": "다진파",
			"ingre_count": "",
			"ingre_unit": ""
		},
		{
			"ingre_name": "다진홍고추",
			"ingre_count": "",
			"ingre_unit": ""
		}
	],
	"recipe": [
		"1. 애호박은 0.5cm크기로 송송 썰어 주세요. 그 후 키친타올로 수분을 살짝 제거해주었답니다",
		"2. 달궈진 팬에 기름을 두른 후 수분을 제거한 애호박을 둘러 올린 후 앞뒤로 노릇하게 구워주세요. 중불에서 익히는 게 좋더라구요.",
		"3. 양념장 재료를 넣어 양념장을 만들어 줍니다.",
		"4. 준비된 양념장을 구운 애호박과 함께 조물조물 무쳐주세요."
	],
	"recipe_img": [
		"https://recipe1.ezmember.co.kr/cache/recipe/2015/06/29/506cebfcc71119a2cd6e56705fc497b41.jpg",
		"https://recipe1.ezmember.co.kr/cache/recipe/2015/06/29/29a8b5ba3bcad852f53db62880bc1e2e1.jpg",
		"https://recipe1.ezmember.co.kr/cache/recipe/2015/06/29/0c1e5ed69b3b4b7f86f85bcfd7b5425d1.jpg",
		"https://recipe1.ezmember.co.kr/cache/recipe/2015/06/29/1a7bb414c1611cecbf22a4cab9cb41be1.jpg"
	],
	"tag": [
		"무침, 밑반찬, 일상, 채소류"
	]
}