{
	"id": "4331271",
	"name": "얼큰한 김치수제비",
	"thumbnail": "https://recipe1.ezmember.co.kr/cache/recipe/2015/07/01/bb4c5d1331cf628810224ca490083f33.jpg",
	"url": "https://www.10000recipe.com/recipe/4331271",
	"ingredient_ids": [
		8050,
		9457,
		8855,
		8824,
		8316,
		51703,
		8676,
		51786,
		11101
	],
	"time": "30",
	"ingre_list": [
		{
			"ingre_name": "밀가루",
			"ingre_count": "500",
			"ingre_unit": "g"
		},
		{
			"ingre_name": "계란",
			"ingre_count": "1",
			"ingre_unit": "개"
		},
		{
			"ingre_name": "애호박",
			"ingre_count": "",
			"ingre_unit": ""
		},
		{
			"ingre_name": "대파",
			"ingre_count": "",
			"ingre_unit": ""
		},
		{
			"ingre_name": "청양고추",
			"ingre_count": "",
			"ingre_unit": ""
		},
		{
			"ingre_name": "깨",
			"ingre_count": "",
			"ingre_unit": ""
		},
		{
			"ingre_name": "양파",
			"ingre_count": "",
			"ingre_unit": ""
		},
		{
			"ingre_name": "건새우",
			"ingre_count": "",
			"ingre_unit": ""
		},
		{
			"ingre_name": "다시마",
			"ingre_count": "",
			"ingre_unit": ""
		}
	],
	"sauce_list": [
		{
			"ingre_name": "고추장",
			"ingre_count": "1/2",
			"ingre_unit": "T"
		},
		{
			"ingre_name": "참기름",
			"ingre_count": "",
			"ingre_unit": ""
		}
	],
	"recipe": [
		"1. 밀가루 500g에 계란 1개와 소금 약간량을 넣은 후 물 260ml를 부어 반죽을 했어요. 반죽은 냉장실에 잠시 넣어 더욱 찰질 수 있도록 했어요.",
		"2. 다시마와 건새우를 끓여 육수를 만듭니다.",
		"3. 팬에 참기름 살짝 두른 후 잘 익은 묵은지 송송 썰어넣고 양파 채썰어 달달 볶아주었어요.",
		"4. 김치가 어느정도 볶아지면 건새우와 다시마 끓인 물을 부어줍니다.",
		"5. 고추장 1/2큰술을 풀어주었어요.",
		"6. 그리고 반죽을 조금씩 얇게 떼어 팔팔 끓여줍니다.",
		"7. 애호박을 넣어줍니다.",
		"8. 한소끔 끓인 후 청양고추와 대파를 넣어 더욱 얼큰하고 시원하게 끓여주세요.",
		"9. 마지막으로 깨와 참기름을 살짝 더해 고소함을 더해주세요.",
		"10. 얼큰한 김치수제비 완성."
	],
	"recipe_img": [
		"https://recipe1.ezmember.co.kr/cache/recipe/2015/07/01/d7e012c3b8f4e5e4306bedde93b13e8f1.jpg",
		"https://recipe1.ezmember.co.kr/cache/recipe/2015/07/01/ab58c364f51d9331f1187009cf9eb4ed1.jpg",
		"https://recipe1.ezmember.co.kr/cache/recipe/2015/07/01/fb64117e560a71c7082cd0118325a6911.jpg",
		"https://recipe1.ezmember.co.kr/cache/recipe/2015/07/01/01536c1c62a8796627d95ceb573cd17c1.jpg",
		"https://recipe1.ezmember.co.kr/cache/recipe/2015/07/01/1f4fbed467bc1525780b3f97aac4e9f91.jpg",
		"https://recipe1.ezmember.co.kr/cache/recipe/2015/07/01/97f180783f9cd4a56832856da7faa14d1.jpg",
		"https://recipe1.ezmember.co.kr/cache/recipe/2015/07/01/2da3793f2778c676711643f6f139a2081.jpg",
		"https://recipe1.ezmember.co.kr/cache/recipe/2015/07/01/5d1da675b0bff46be1c8fd9186a0d0171.jpg",
		"https://recipe1.ezmember.co.kr/cache/recipe/2015/07/01/a8c3f5ce7f6ab5776b36063f95a653351.jpg",
		"https://recipe1.ezmember.co.kr/cache/recipe/2015/07/01/09883f580d439ec50b91001c99f110701.jpg"
	],
	"tag": [
		"김치, 면+만두, 수제비"
	]
}