{
	"id": "4338105",
	"name": "집어먹는 맛이 간편한 꼬막알맹이 무침",
	"thumbnail": "https://recipe1.ezmember.co.kr/cache/recipe/2015/04/23/f25a214919dd5fe594610bd85b5efd981.jpg",
	"url": "https://www.10000recipe.com/recipe/4338105",
	"ingredient_ids": [
		10996,
		51689,
		8824
	],
	"time": "90",
	"ingre_list": [
		{
			"ingre_name": "꼬막",
			"ingre_count": "1",
			"ingre_unit": "kg"
		},
		{
			"ingre_name": "홍고추",
			"ingre_count": "1",
			"ingre_unit": "개"
		},
		{
			"ingre_name": "대파",
			"ingre_count": "1/2",
			"ingre_unit": "개"
		}
	],
	"sauce_list": [
		{
			"ingre_name": "간장",
			"ingre_count": "2",
			"ingre_unit": "T"
		},
		{
			"ingre_name": "설탕",
			"ingre_count": "1",
			"ingre_unit": "T"
		},
		{
			"ingre_name": "다진마늘",
			"ingre_count": "1/2",
			"ingre_unit": "T"
		},
		{
			"ingre_name": "꼬막국물",
			"ingre_count": "2",
			"ingre_unit": "T"
		}
	],
	"recipe": [
		"1. 꼬막은 소금물에 1시간정도 해감을 한 뒤, 찬물에 3번정도 박박 문질러서 삶아줍니다. 물 2L에 소금 1큰술을 넣고 끓여주다가 씻어놓은 꼬막을 넣어줍니다. 물이 끓으면서 꼬막이 입을 벌리기 시작할텐데, 그때 골고루 익도록 꼬막을 휘저어 주고 전체꼬막의 반 정도가 입을 벌리면 불을 꺼 꼬막을 건져줍니다. 익은 꼬막은 체에 받쳐주고, 국물은 따로 받아 찌꺼기를 가라앉혀줍니다.",
		"2. 꼬막은 살만 발라내고, 꼬막데친물의 윗물만 떠내, 살을 발라낸 꼬막을 헹궈줍니다. 이렇게 하면 꼬막알맹이의 뻘등이 마져 씻겨져 먹을때 돌이나 뻘등을 씹을일이 없답니다.",
		"3. 씨를 뺀 홍고추와 대파는 곱게 채썰어주고",
		"4. 양념을 미리 만들어 준 뒤",
		"5. 발라놓은 살을 무쳐주세요.",
		"6. 꼬막알맹이 무침 완성!"
	],
	"recipe_img": [
		"https://recipe1.ezmember.co.kr/cache/recipe/2015/10/30/69546928f11a40588e1ec302d5c9dabf1.jpg",
		"https://recipe1.ezmember.co.kr/cache/recipe/2015/10/30/a46055c3eef851e8f77640480122c1e11.jpg",
		"https://recipe1.ezmember.co.kr/cache/recipe/2015/10/30/d55d181c35fd8434227bf518e039ba9c1.jpg",
		"https://recipe1.ezmember.co.kr/cache/recipe/2015/10/30/e7fe5013b13fef5d7d5e1bfbdc3e914d1.jpg",
		"https://recipe1.ezmember.co.kr/cache/recipe/2015/10/30/53f80e362fb083424e29bca2f8db10281.jpg",
		"https://recipe1.ezmember.co.kr/cache/recipe/2015/10/30/7e6a1c5887cd1082fcf041ca7703a0bd1.jpg"
	],
	"tag": [
		"꼬막, 꼬막무침, 무침, 해물류"
	]
}