{
	"id": "4342351",
	"name": "고등어강정",
	"thumbnail": "https://recipe1.ezmember.co.kr/cache/recipe/2015/04/21/84b0cb48ff01201d398c50a66a0d30571.jpg",
	"url": "https://www.10000recipe.com/recipe/4342351",
	"ingredient_ids": [
		9508,
		31588,
		51821,
		51684
	],
	"time": "30",
	"ingre_list": [
		{
			"ingre_name": "자반고등어",
			"ingre_count": "1",
			"ingre_unit": "마리"
		},
		{
			"ingre_name": "찹쌀가루",
			"ingre_count": "1",
			"ingre_unit": "T"
		},
		{
			"ingre_name": "녹말가루",
			"ingre_count": "1",
			"ingre_unit": "T"
		},
		{
			"ingre_name": "식용유",
			"ingre_count": "",
			"ingre_unit": "적당량"
		}
	],
	"sauce_list": [
		{
			"ingre_name": "고추장",
			"ingre_count": "2",
			"ingre_unit": "T"
		},
		{
			"ingre_name": "진간장",
			"ingre_count": "1",
			"ingre_unit": "작은술"
		},
		{
			"ingre_name": "케찹",
			"ingre_count": "2",
			"ingre_unit": "T"
		},
		{
			"ingre_name": "매실액",
			"ingre_count": "3",
			"ingre_unit": "T"
		},
		{
			"ingre_name": "올리고당",
			"ingre_count": "2",
			"ingre_unit": "T"
		},
		{
			"ingre_name": "맛술",
			"ingre_count": "2",
			"ingre_unit": "T"
		},
		{
			"ingre_name": "다진마늘",
			"ingre_count": "1",
			"ingre_unit": "작은술"
		}
	],
	"recipe": [
		"1. 자반고등어는 흐르는 물에 씻은 후 물기를 제거하고 뼈가 없는 부분을 골라 먹기 좋은 크기로 썰어서 후춧가루를 뿌려줍니다.",
		"2. 1회용 비닐봉지에 후춧가루를 뿌려 둔 자반고등어를 담고 찹쌀가루와 녹말가루를 넣어 흔들어서 튀김옷을 입혀줍니다. 1회용 비닐봉지를 이용하면 가루가 손에 묻지 않고 시간을 절약할 수가 있답니다.",
		"3. 달군 프라이팬에 식용유를 적당량 붓고 170도씨 온도에서 튀김옷을 입힌 자반고등어를 넣어 노릇노릇하게 튀긴 후 접시에 키친타월을 깔고 건져냅니다.",
		"4. 분량의 양념 재료 고추장, 진간장, 케찹, 매실액, 올리고당, 맛술, 다진 마늘을 넣고 보글보글 끓여줍니다.",
		"5. 튀겨 낸 자반고등어를 넣어 버무리듯 양념을 고루 묻혀 주고 불에서 내려요.",
		"6. 고등어강정을 접시에 담아냅니다."
	],
	"recipe_img": [
		"https://recipe1.ezmember.co.kr/cache/recipe/2015/04/21/467a37f4bbc71715618333719a0b12481.jpg",
		"https://recipe1.ezmember.co.kr/cache/recipe/2015/04/21/f7a9fc74d1f49bbab123eb4997192f8b1.jpg",
		"https://recipe1.ezmember.co.kr/cache/recipe/2015/04/21/1606f49c0d799f5a8e43771be9c45c121.jpg",
		"https://recipe1.ezmember.co.kr/cache/recipe/2015/04/21/eab0897be89dc82d7a85fa5144ba41a21.jpg",
		"https://recipe1.ezmember.co.kr/cache/recipe/2015/04/21/449bee086cdd7b91e14bd6662ae2a6ac1.jpg",
		"https://recipe1.ezmember.co.kr/cache/recipe/2015/04/21/e1142891939d8148c389ef17b848f3c01.jpg"
	],
	"tag": [
		"강정, 밑반찬, 해물류"
	]
}