{
	"id": "4343042",
	"name": "얼큰하고 촉촉한 돈까스김치나베만들기",
	"thumbnail": "https://recipe1.ezmember.co.kr/cache/recipe/2015/06/28/ab4cfa4bbbe2e13e763c475dd175a359.jpg",
	"url": "https://www.10000recipe.com/recipe/4343042",
	"ingredient_ids": [
		17722,
		8676,
		8823,
		51787,
		9457
	],
	"time": "30",
	"ingre_list": [
		{
			"ingre_name": "돈까스",
			"ingre_count": "",
			"ingre_unit": ""
		},
		{
			"ingre_name": "양파",
			"ingre_count": "",
			"ingre_unit": ""
		},
		{
			"ingre_name": "쪽파",
			"ingre_count": "",
			"ingre_unit": ""
		},
		{
			"ingre_name": "묵은지",
			"ingre_count": "",
			"ingre_unit": ""
		},
		{
			"ingre_name": "계란",
			"ingre_count": "1",
			"ingre_unit": "개"
		}
	],
	"sauce_list": [
		{
			"ingre_name": "참기름1+1/2",
			"ingre_count": "1+1/2",
			"ingre_unit": ""
		},
		{
			"ingre_name": "고춧가루",
			"ingre_count": "1",
			"ingre_unit": "작은술"
		},
		{
			"ingre_name": "참치맛장",
			"ingre_count": "1",
			"ingre_unit": "T"
		}
	],
	"recipe": [
		"1. 잘 익은 묵은지는 송송~ 먹기 좋게 썰어주시구요. 양파는 가늘게 채썰어 준비, 쪽파는 송송 잘게 썰어줍니다.",
		"2. 달궈진 팬에 묵은지와 양파를 넣고 참기름 1과 1/2큰술을 두른 후 달달 볶아줍니다.",
		"3. 여기에 고춧가루도 1작은술 넣어주었어요.",
		"4. 김치가 투명해질때까지 볶아낸 후 물 2컵을 넣어 바글바글 자작하게 끓여주었답니다.",
		"5. 여기에 참치맛장을 1큰술 넣어 주었어요. 요건 액젓 1작은술로 대체하셔도 좋아요.",
		"6. 바삭바삭 노릇하게 튀겨낸 돈까스도 준비해두시구요.",
		"7. 송송 썰어낸 돈까스를 얹어 바글바글 끓여줍니다. 중불로 조절한 후에 끓여주세요.",
		"8. 그리고 마지막으로 계란 1개를 풀어 빙 둘른 후 익혀내면 완성"
	],
	"recipe_img": [
		"https://recipe1.ezmember.co.kr/cache/recipe/2015/06/29/4fc3f828a916be6a54f24cbb2d87f94f1.jpg",
		"https://recipe1.ezmember.co.kr/cache/recipe/2015/06/29/10902ef840efd778ac1bdf30b9bee9781.jpg",
		"https://recipe1.ezmember.co.kr/cache/recipe/2015/06/29/c62a1bae86788671be7d5ce93dcbe35a1.jpg",
		"https://recipe1.ezmember.co.kr/cache/recipe/2015/06/29/13faa9d805e736e1b621e707b3427cc71.jpg",
		"https://recipe1.ezmember.co.kr/cache/recipe/2015/06/29/e2f302667dc5b359b356d0146f2bbfe41.jpg",
		"https://recipe1.ezmember.co.kr/cache/recipe/2015/06/29/61e5b6f428b040f914b80b8988e312041.jpg",
		"https://recipe1.ezmember.co.kr/cache/recipe/2015/06/29/43e9282f13e3fd128e13520bd160942c1.jpg",
		"https://recipe1.ezmember.co.kr/cache/recipe/2015/06/29/609820c8f9082c89bc5091d9ec6d9c611.jpg"
	],
	"tag": [
		"국+탕, 김치, 끓이기, 돈까스, 돼지고기"
	]
}