{
	"id": "4348874",
	"name": "꽈리고추찜 ",
	"thumbnail": "https://recipe1.ezmember.co.kr/cache/recipe/2015/06/21/987ba4145775e5e94505aa139575ec06.jpg",
	"url": "https://www.10000recipe.com/recipe/4348874",
	"ingredient_ids": [
		51820
	],
	"time": "15",
	"ingre_list": [
		{
			"ingre_name": "꽈리고추",
			"ingre_count": "40~50개",
			"ingre_unit": "개"
		}
	],
	"sauce_list": [
		{
			"ingre_name": "참깨",
			"ingre_count": "1",
			"ingre_unit": "T"
		},
		{
			"ingre_name": "피시소스",
			"ingre_count": "1",
			"ingre_unit": "T"
		},
		{
			"ingre_name": "참기름1+2/3큰술",
			"ingre_count": "1+2/3",
			"ingre_unit": "T"
		},
		{
			"ingre_name": "맛간장",
			"ingre_count": "2",
			"ingre_unit": "T"
		},
		{
			"ingre_name": "다진마늘",
			"ingre_count": "1",
			"ingre_unit": "T"
		},
		{
			"ingre_name": "고춧가루",
			"ingre_count": "1",
			"ingre_unit": "T"
		}
	],
	"recipe": [
		"1. 꽈리고추는 싱싱한 걸로 준비하시고, 꼭지를 뗀 후 깨끗히 씻어 물기를 빼둡니다. 어느정도 물기가 빠진 꽈리고추는 일회용 봉지에 담고 밀가루를 적당량 넣은 후",
		"2. 마구 마구 흔들어 섞어 주세요. 덧가루가 충분히 묻을 수 있도록 말이죠.",
		"3. 밀가루 옷을 입힌 꽈리고추는 뜨거운 김이 오르는 찜기에 면보나 종이호일을 깔고 그 위에 올려 4~5분간 쪄줍니다.",
		"4. 꽈리고추가 찜기에서 익을 동안.. 참깨 1큰술, 피시소스 1큰술(또는 멸치액젓), 참기름 1과 2/3큰술, 맛간장 2큰술(혹은 국간장), 다진마늘 1큰술, 고춧가루 1큰술을 섞어 양념장을 준비해주세요.",
		"5. 알맞게 잘 쪄진 꽈리고추를...",
		"6. 양념에 넣고 조물조물 버무려주면 완성이에요."
	],
	"recipe_img": [
		"https://recipe1.ezmember.co.kr/cache/recipe/2015/06/22/9ddaa3ebc9ae1dbab9105fb52524f4691.jpg",
		"https://recipe1.ezmember.co.kr/cache/recipe/2015/06/22/9ad52c82d89ba777da86b877b1579b061.jpg",
		"https://recipe1.ezmember.co.kr/cache/recipe/2015/06/22/177a395d5d2e43063cd071c55eb2507f1.jpg",
		"https://recipe1.ezmember.co.kr/cache/recipe/2015/06/22/baea091922d81c25a657ad94a92636a41.jpg",
		"https://recipe1.ezmember.co.kr/cache/recipe/2015/06/22/cbb59d1a68b0868b49ebc3e804e90e281.jpg",
		"https://recipe1.ezmember.co.kr/cache/recipe/2015/06/22/c10ef1bb13105a8c49b32e6d4890012e1.jpg"
	],
	"tag": [
		"꽈리고추찜, 찜"
	]
}