{
	"id": "4354791",
	"name": "참치 두부전 만들기",
	"thumbnail": "https://recipe1.ezmember.co.kr/cache/recipe/2015/06/08/37de7f4e0445dee317d9caadfaf0331f.jpg",
	"url": "https://www.10000recipe.com/recipe/4354791",
	"ingredient_ids": [
		18025,
		8158,
		51725,
		8386,
		8676,
		7997,
		51692,
		9457
	],
	"time": "60",
	"ingre_list": [
		{
			"ingre_name": "참치",
			"ingre_count": "1",
			"ingre_unit": "캔"
		},
		{
			"ingre_name": "두부",
			"ingre_count": "1/4",
			"ingre_unit": "모"
		},
		{
			"ingre_name": "버섯",
			"ingre_count": "",
			"ingre_unit": ""
		},
		{
			"ingre_name": "당근",
			"ingre_count": "",
			"ingre_unit": ""
		},
		{
			"ingre_name": "양파",
			"ingre_count": "",
			"ingre_unit": ""
		},
		{
			"ingre_name": "감자",
			"ingre_count": "",
			"ingre_unit": ""
		},
		{
			"ingre_name": "청량고추",
			"ingre_count": "",
			"ingre_unit": ""
		},
		{
			"ingre_name": "계란",
			"ingre_count": "",
			"ingre_unit": ""
		}
	],
	"sauce_list": [
		{
			"ingre_name": "소금",
			"ingre_count": "",
			"ingre_unit": ""
		},
		{
			"ingre_name": "후추",
			"ingre_count": "",
			"ingre_unit": "약간"
		},
		{
			"ingre_name": "전분가루",
			"ingre_count": "3",
			"ingre_unit": "숟가락"
		}
	],
	"recipe": [
		"1. 준비된 재료중 야채는 잘게 다져준비해주세요 참치는 기름을 쪽~빼주시고 두부는 으깨서 물기를 제거해주세요.",
		"2. 분량의 재료를 볼에 넣고 약간의 소금과 후추를 넣어주세요.",
		"3. 버무리면서 야채에서 물이 나와 부서지기 쉬우므로 전분가루와 계란을 넣어 점성을 만들어주세요.",
		"4. 조물조물 잘 치대주시고 너무 물기가 많으면 전분가루를 더 넣어주세요.",
		"5. 기름을 두른 달구어진 펜에 동글동글 반죽을 올려주세요.",
		"6. 감자,당근과 같이 딱딱한 야채를 넣으셨으면 은근한 불에서 조금더 익혀 주세요. 앞뒤로 노릇노릇 익혀주세요."
	],
	"recipe_img": [
		"https://recipe1.ezmember.co.kr/cache/recipe/2015/06/19/e74e0b0a1cf1b4cf2e35bedd06831fa51.jpg",
		"https://recipe1.ezmember.co.kr/cache/recipe/2015/06/19/935ba82b2f8f69e8fe67b407eaeee7471.jpg",
		"https://recipe1.ezmember.co.kr/cache/recipe/2015/06/19/fca2eadf7d4f3aeae6a2f3fa6a96845e1.jpg",
		"https://recipe1.ezmember.co.kr/cache/recipe/2015/06/19/46d3aa59f19ba4e446330e315b3aaa571.jpg",
		"https://recipe1.ezmember.co.kr/cache/recipe/2015/06/19/06fcbdda25c492f9d7fea9716ddd6d8c1.jpg",
		"https://recipe1.ezmember.co.kr/cache/recipe/2015/06/19/524bf34251c1cba7327cc103195aba341.jpg"
	],
	"tag": [
		"간식, 두부, 두부전, 디저트, 부침, 전, 참치전, 콩+견과류"
	]
}