{
	"id": "4356508",
	"name": "베이컨 김치볶음밥 그라탕 ",
	"thumbnail": "https://recipe1.ezmember.co.kr/cache/recipe/2015/06/17/660350938ae0f46b6b1dd858fc10f699.jpg",
	"url": "https://www.10000recipe.com/recipe/4356508",
	"ingredient_ids": [
		51685,
		9298,
		8349,
		8676,
		23217,
		51770
	],
	"time": "30",
	"ingre_list": [
		{
			"ingre_name": "밥",
			"ingre_count": "2",
			"ingre_unit": "공기"
		},
		{
			"ingre_name": "베이컨",
			"ingre_count": "4",
			"ingre_unit": "줄"
		},
		{
			"ingre_name": "김치",
			"ingre_count": "1",
			"ingre_unit": "컵"
		},
		{
			"ingre_name": "양파",
			"ingre_count": "1/4",
			"ingre_unit": "개"
		},
		{
			"ingre_name": "피자치즈",
			"ingre_count": "100",
			"ingre_unit": "g"
		},
		{
			"ingre_name": "미나리",
			"ingre_count": "2",
			"ingre_unit": "줄"
		}
	],
	"sauce_list": [
		{
			"ingre_name": "고추장",
			"ingre_count": "1/2",
			"ingre_unit": "T"
		},
		{
			"ingre_name": "설탕",
			"ingre_count": "1/3",
			"ingre_unit": "작은술"
		},
		{
			"ingre_name": "참기름",
			"ingre_count": "1",
			"ingre_unit": "T"
		}
	],
	"recipe": [
		"1. 김치는 송송 썰어 주시고 양파는 굵게 다져 주세요. 베이컨은 적당한 크기로 잘라 주세요. 찬밥과 피자치즈도 준비해 주세요.",
		"2. 달군 팬에 베이컨과 양파를 넣고 볶아 주세요.",
		"3. 김치를 넣고 충분히 볶아 주세요. 김치가 너무 익어서 신맛이 강하면 설탕을 조금 넣어 주세요. 그러면 신맛도 줄어들고 감칠맛도 납니다.",
		"4. 밥과 고추장을 넣고 잘 섞어 주세요. 후춧가루와 참기름을 넣어 마무리 해 주세요.",
		"5. 오븐에서 사용이 가능한 용기에 베이컨 김치볶음밥을 담은 후 피자치즈를 올려 주세요. 집에 초록색 채소로 미나리가 있어서 송송 썰어 올려 주었습니다. 200℃ 예열된 오븐에서 7분 정도 구워 주세요.오븐"
	],
	"recipe_img": [
		"https://recipe1.ezmember.co.kr/cache/recipe/2015/06/17/17d5988f401acab9319945a699189a401.jpg",
		"https://recipe1.ezmember.co.kr/cache/recipe/2015/06/17/b9028f1f8cc1d14112e416308e22c2a51.jpg",
		"https://recipe1.ezmember.co.kr/cache/recipe/2015/06/17/3193ca36726646f97a46afca1b98572f1.jpg",
		"https://recipe1.ezmember.co.kr/cache/recipe/2015/06/17/1de7ecfda67f45c7b5f3b6997d9ae63c1.jpg",
		"https://recipe1.ezmember.co.kr/cache/recipe/2015/06/17/b8de85b6daf663752c033d0a68ad81371.jpg"
	],
	"tag": [
		"가공식품류, 그라탕, 김치, 김치볶음밥, 밥, 볶음밥, 양식"
	]
}