{
	"id": "4370822",
	"name": "마약김밥- 겨자소스를 찍어먹는 꼬마김밥",
	"thumbnail": "https://recipe1.ezmember.co.kr/cache/recipe/2015/06/24/b68a40e99fd5c0fd7f7c9b6bc8d48f68.jpg",
	"url": "https://www.10000recipe.com/recipe/4370822",
	"ingredient_ids": [
		8459,
		8386,
		8627,
		51685,
		10152,
		10438,
		10493,
		10282,
		51703
	],
	"time": "60",
	"ingre_list": [
		{
			"ingre_name": "단무지",
			"ingre_count": "",
			"ingre_unit": ""
		},
		{
			"ingre_name": "당근",
			"ingre_count": "",
			"ingre_unit": ""
		},
		{
			"ingre_name": "시금치",
			"ingre_count": "",
			"ingre_unit": ""
		},
		{
			"ingre_name": "밥",
			"ingre_count": "",
			"ingre_unit": ""
		},
		{
			"ingre_name": "김",
			"ingre_count": "",
			"ingre_unit": ""
		},
		{
			"ingre_name": "소금",
			"ingre_count": "",
			"ingre_unit": ""
		},
		{
			"ingre_name": "후추",
			"ingre_count": "",
			"ingre_unit": ""
		},
		{
			"ingre_name": "참기름",
			"ingre_count": "",
			"ingre_unit": ""
		},
		{
			"ingre_name": "깨",
			"ingre_count": "",
			"ingre_unit": ""
		}
	],
	"sauce_list": [
		{
			"ingre_name": "연겨자",
			"ingre_count": "1",
			"ingre_unit": "T"
		},
		{
			"ingre_name": "간장",
			"ingre_count": "1",
			"ingre_unit": "T"
		},
		{
			"ingre_name": "설탕",
			"ingre_count": "1",
			"ingre_unit": "T"
		},
		{
			"ingre_name": "참기름",
			"ingre_count": "1",
			"ingre_unit": "작은술"
		},
		{
			"ingre_name": "식초",
			"ingre_count": "1",
			"ingre_unit": "T"
		},
		{
			"ingre_name": "꿀",
			"ingre_count": "1",
			"ingre_unit": "작은술"
		},
		{
			"ingre_name": "생수",
			"ingre_count": "1",
			"ingre_unit": "T"
		},
		{
			"ingre_name": "깨",
			"ingre_count": "",
			"ingre_unit": "조금"
		}
	],
	"recipe": [
		"1. 분량의 재료를 넣고 겨자소스를 만들어 주세요.",
		"2. 김밥 속재료는 크게 구애받지 마시고. 가장 기본인 단무지. 당근. 시금치만 넣어도 맛있어요. 각각의 재료는 가늘게 채를 썬후에 소금간을 하여 기름에 살짝 볶아줍니다.",
		"3. 김밥용 김은 그냥 크기 그대로 김밥을 돌돌 말아서 썰어 드셔도 되지만 꼬마김밥은 썰어 먹기보다 살짝 길어도 입으로 잘라먹는 재미가 쏠쏠 하잖아요. 꼬마김밥은 김밥김을 1/4등분 해주시면 되요.",
		"4. 갓 지은 따끈한 밥에 간을 해주세요. 김밥은 밥은 밥대로, 속은 속대로 간을 따로 해주어야 더욱 맛있잖아요. 밥에 맛소금. 깨. 참기름을 넣어 기호에 맞게 간을 맞춰 주세요.",
		"5. 밑준비가 끝나면, 김위에 밥을 깔고 준비한 재료를 올리고 돌돌~ 말아주면 꼬마김밥 완성!"
	],
	"recipe_img": [
		"https://recipe1.ezmember.co.kr/cache/recipe/2015/06/24/651ef4e9c49854fc90bec338fead7ced1.jpg",
		"https://recipe1.ezmember.co.kr/cache/recipe/2015/06/24/58f4e961aa89ec73ec313b5ce40e95851.jpg",
		"https://recipe1.ezmember.co.kr/cache/recipe/2015/06/24/4fd761b3b1e5cd75b2ad9f4bcca5f0621.jpg",
		"https://recipe1.ezmember.co.kr/cache/recipe/2015/06/24/d5f5e061848b2828b71f22c159a3a3891.jpg",
		"https://recipe1.ezmember.co.kr/cache/recipe/2015/06/24/676ebc1f7654c25991ba065d468001591.jpg"
	],
	"tag": [
		"김밥, 꼬마김밥, 마약김밥, 밥+죽+떡, 밥, 소스"
	]
}