{
	"id": "4380935",
	"name": "버섯육개장 ",
	"thumbnail": "https://recipe1.ezmember.co.kr/cache/recipe/2015/06/22/d31cf5e9412fcd1ce7021566f86a4da0.jpg",
	"url": "https://www.10000recipe.com/recipe/4380935",
	"ingredient_ids": [
		51801,
		8873,
		8855,
		8676,
		51691,
		51689,
		8824
	],
	"time": "30",
	"ingre_list": [
		{
			"ingre_name": "소고기국거리",
			"ingre_count": "300",
			"ingre_unit": "g"
		},
		{
			"ingre_name": "느타리버섯",
			"ingre_count": "",
			"ingre_unit": "적당량"
		},
		{
			"ingre_name": "애호박",
			"ingre_count": "1/2",
			"ingre_unit": "개"
		},
		{
			"ingre_name": "양파",
			"ingre_count": "1/2",
			"ingre_unit": "개"
		},
		{
			"ingre_name": "청고추",
			"ingre_count": "",
			"ingre_unit": ""
		},
		{
			"ingre_name": "홍고추",
			"ingre_count": "",
			"ingre_unit": ""
		},
		{
			"ingre_name": "대파",
			"ingre_count": "",
			"ingre_unit": ""
		}
	],
	"sauce_list": [
		{
			"ingre_name": "고춧가루",
			"ingre_count": "1",
			"ingre_unit": "T"
		},
		{
			"ingre_name": "다진마늘",
			"ingre_count": "1",
			"ingre_unit": "T"
		},
		{
			"ingre_name": "생강즙",
			"ingre_count": "1",
			"ingre_unit": "T"
		},
		{
			"ingre_name": "생수",
			"ingre_count": "2",
			"ingre_unit": "컵"
		},
		{
			"ingre_name": "소금",
			"ingre_count": "1",
			"ingre_unit": "작은술"
		},
		{
			"ingre_name": "참기름",
			"ingre_count": "",
			"ingre_unit": ""
		}
	],
	"recipe": [
		"1. 재료를 준비해 느타리 버섯은 길게 찢고, 대파와 고추는 어슷썰기 해주시고, 소고기는 키친타월에 핏기를 빼주세요.",
		"2. 달구어진 팬에 참기름을 두르고 고추가루, 다진마늘, 생강즙을 넣고 볶다가 소고기를 넣어 겉면이 갈색이 될때까지 볶아주세요.",
		"3. 생수 2컵을 넣고 끓여주세요.",
		"4. 보글보글 끓이다가 애호박을 넣어주시구요..",
		"5. 대파를 제외한 나머지 야채들도 넣어주세요. 보글보글 끓이다가 대파를 넣어주고... 소금으로 간을 해주면 완성입니다."
	],
	"recipe_img": [
		"https://recipe1.ezmember.co.kr/cache/recipe/2015/06/22/0d1074e90fda1d5a5d3703a4898a31ef1.jpg",
		"https://recipe1.ezmember.co.kr/cache/recipe/2015/06/22/445a88f73746de984666ad68db8e6e1a1.jpg",
		"https://recipe1.ezmember.co.kr/cache/recipe/2015/06/22/be2d725c284e8c8618b88a61d34743161.jpg",
		"https://recipe1.ezmember.co.kr/cache/recipe/2015/06/22/494e423c68ff758ac24c79f1014266281.jpg",
		"https://recipe1.ezmember.co.kr/cache/recipe/2015/06/22/95cfeb4e01af8c7685aaedda0ea24bae1.jpg"
	],
	"tag": [
		"국+탕, 끓이기, 버섯, 소고기, 육개장"
	]
}