{
	"id": "4389392",
	"name": "아삭한 양파고추장아찌 만들기",
	"thumbnail": "https://recipe1.ezmember.co.kr/cache/recipe/2015/06/29/3ca8d2a62642c24601d14d97d754ed27.jpg",
	"url": "https://www.10000recipe.com/recipe/4389392",
	"ingredient_ids": [
		8676
	],
	"time": "30",
	"ingre_list": [
		{
			"ingre_name": "양파",
			"ingre_count": "",
			"ingre_unit": ""
		}
	],
	"sauce_list": [
		{
			"ingre_name": "간장1+2/3컵",
			"ingre_count": "1+2/3",
			"ingre_unit": "컵"
		},
		{
			"ingre_name": "물",
			"ingre_count": "2",
			"ingre_unit": "컵"
		},
		{
			"ingre_name": "설탕1+2/3컵",
			"ingre_count": "1+2/3",
			"ingre_unit": "컵"
		},
		{
			"ingre_name": "식초1+2/3컵",
			"ingre_count": "1+2/3",
			"ingre_unit": "컵"
		}
	],
	"recipe": [
		"1. 양파는 깨끗하게 껍질을 깝니다. 그리고 깨끗히 씻은 후 체반에 올려 물기를 제거해주어야지요.",
		"2. 양파에 칼집을 내주었어요.",
		"3. 간장 1과 2/3컵, 물 2컵, 설탕 1과 2/3컵, 식초 1과 2/3컵을 넣어 끓입니다. 센불에서 팔팔 끓여주세요. 냄비는 넉넉한 사이즈를 준비해서 끓여줍니다. 끓이는 도중에 간장이 넘칠 수가 있거든요.",
		"4. 물기를 털어낸 양파는 유리용기에 담고 여기에 팔팔 끓인 간장물을 부어줍니다.",
		"5. 취향에 따라 청양고추도 첨가해주세요.",
		"6. 바로 냉장고 속에 넣지 않고 한 김 식힌 후 넣어주세요. 양파고추장아찌 완성."
	],
	"recipe_img": [
		"https://recipe1.ezmember.co.kr/cache/recipe/2015/06/29/35ea3272b0a4301131f2ce29900c6cae1.jpg",
		"https://recipe1.ezmember.co.kr/cache/recipe/2015/06/29/371b82142c7496c942388a0639662dda1.jpg",
		"https://recipe1.ezmember.co.kr/cache/recipe/2015/06/29/1ab62b559dfd3f822de6bf390343d0d11.jpg",
		"https://recipe1.ezmember.co.kr/cache/recipe/2015/06/29/885e4e67cda7a3e6449d7b3ba57e5e151.jpg",
		"https://recipe1.ezmember.co.kr/cache/recipe/2015/06/29/df8220e72026c897d639a0d9ed1a2e511.jpg",
		"https://recipe1.ezmember.co.kr/cache/recipe/2015/06/29/f50e8ef1745ff9f6a6a1a3b468f0c8191.jpg"
	],
	"tag": [
		"고추장, 고추장아찌, 양파장아찌, 장아찌"
	]
}