{
	"id": "4395119",
	"name": "김치파스타 만들기",
	"thumbnail": "https://recipe1.ezmember.co.kr/cache/recipe/2015/04/23/559c338c421be42532a0d4fbc11294541.jpg",
	"url": "https://www.10000recipe.com/recipe/4395119",
	"ingredient_ids": [
		51812,
		51771,
		8316,
		8427
	],
	"time": "30",
	"ingre_list": [
		{
			"ingre_name": "파스타면",
			"ingre_count": "80",
			"ingre_unit": "g"
		},
		{
			"ingre_name": "신김치",
			"ingre_count": "",
			"ingre_unit": ""
		},
		{
			"ingre_name": "청양고추",
			"ingre_count": "4",
			"ingre_unit": "개"
		},
		{
			"ingre_name": "통마늘",
			"ingre_count": "8",
			"ingre_unit": "개"
		}
	],
	"sauce_list": [
		{
			"ingre_name": "올리브오일",
			"ingre_count": "",
			"ingre_unit": ""
		},
		{
			"ingre_name": "굴소스",
			"ingre_count": "1",
			"ingre_unit": "T"
		},
		{
			"ingre_name": "소금",
			"ingre_count": "",
			"ingre_unit": ""
		},
		{
			"ingre_name": "후춧가루",
			"ingre_count": "",
			"ingre_unit": "약간"
		}
	],
	"recipe": [
		"1. 신김치는 4~5장 정도 준비해요. 청양고추 4개와 통마늘 8개를 준비하고 고추는 채썰고 마늘은 편썰어주세요.",
		"2. 약간의 소금을 넣고 끓인 물에 파스타면 80g을 넣고 2/3정도 삶아내 주세요. 나머지 1/3은 다른 재료들과 볶아낼 때 충분히 익힐 수 있어요.",
		"3. 팬에 올리브오일을 4큰술 두른 후 편썬 마늘을 넣고 바삭하도록 볶아주세요.",
		"4. 신김치를 넣고 충분히 익혀줍니다. 김치가 투명해지도록~ 송송 썰어낸 청양고추도 아낌없이 넣어줍니다.                   ",
		"5. 올리브오일 1큰술과 함께 삶아낸 파스타를 넣고 김치와 파스타면이 골고루 잘 섞이도록 해주세요.",
		"6. 김치와 올리브오일, 그리고 청양고추만으로 간을 맞추는거라 약간 부족할 듯 한 간은 굴소스 1큰술을 넣어 채워주세요.",
		"7. 마지막으로 후춧가루 약간 뿌려 마무리해주세요."
	],
	"recipe_img": [
		"https://recipe1.ezmember.co.kr/cache/recipe/2015/04/23/784b42b0261c5111e618bee3daec5c401.jpg",
		"https://recipe1.ezmember.co.kr/cache/recipe/2015/04/23/8667e6b64317c0cfa229edd6554d815d1.jpg",
		"https://recipe1.ezmember.co.kr/cache/recipe/2015/04/23/6594c109d8435b813ec00c915560ee7e1.jpg",
		"https://recipe1.ezmember.co.kr/cache/recipe/2015/04/23/856dae465f8fe2ff6b385612622d47fb1.jpg",
		"https://recipe1.ezmember.co.kr/cache/recipe/2015/04/23/e128376474911c6fd2b101dbd2ec7fa41.jpg",
		"https://recipe1.ezmember.co.kr/cache/recipe/2015/04/23/82977c408e5ce0c5c709c55e4aadab4c1.jpg",
		"https://recipe1.ezmember.co.kr/cache/recipe/2015/04/23/09327633253614f987c51f9921c1249f1.jpg"
	],
	"tag": [
		"김치, 면+만두, 밀가루, 파스타"
	]
}