{
	"id": "4399814",
	"name": "국물떡볶이 만드는법 ",
	"thumbnail": "https://recipe1.ezmember.co.kr/cache/recipe/2015/06/18/9e0e411aaadb5ec56eba995e03c7151a.jpg",
	"url": "https://www.10000recipe.com/recipe/4399814",
	"ingredient_ids": [
		51708,
		51727,
		8676,
		8824
	],
	"time": "30",
	"ingre_list": [
		{
			"ingre_name": "떡볶이떡",
			"ingre_count": "1",
			"ingre_unit": "봉지"
		},
		{
			"ingre_name": "사각어묵",
			"ingre_count": "3",
			"ingre_unit": "장"
		},
		{
			"ingre_name": "양파",
			"ingre_count": "1/2",
			"ingre_unit": "개"
		},
		{
			"ingre_name": "대파",
			"ingre_count": "1/2",
			"ingre_unit": "개"
		}
	],
	"sauce_list": [
		{
			"ingre_name": "고추장",
			"ingre_count": "3",
			"ingre_unit": "T"
		},
		{
			"ingre_name": "고추가루",
			"ingre_count": "2",
			"ingre_unit": "T"
		},
		{
			"ingre_name": "간장2+1/2큰술",
			"ingre_count": "2+1/2",
			"ingre_unit": "T"
		},
		{
			"ingre_name": "올리고당",
			"ingre_count": "4",
			"ingre_unit": "T"
		},
		{
			"ingre_name": "다진마늘",
			"ingre_count": "1/2",
			"ingre_unit": "T"
		},
		{
			"ingre_name": "후추",
			"ingre_count": "",
			"ingre_unit": "약간"
		},
		{
			"ingre_name": "육수",
			"ingre_count": "3",
			"ingre_unit": "컵"
		}
	],
	"recipe": [
		"1. 사각어묵은 먹기좋게 썰고 양파, 대파도 썰어둡니다.",
		"2. 떡볶이떡은 냉동실에서 보관한 딱딱한 떡이면, 살짝 뜨거운물에 데쳐내고 해동된거면 그냥 합니다. 사각어묵도 뜨거운물에 데쳐서 불순물을 제거합니다.",
		"3. 물 3컵반에 멸치, 다시마를 넣고 멸치육수를 끓입니다.",
		"4. 멸치육수 3컵을 붓고 고추장 3큰술, 고추가루 2큰술, 간장 2큰술반, 올리고당 4큰술, 다진마늘 1/2큰술, 후추 약간을 넣고 떡을 넣어서 끓입니다.",
		"5. 끓으면 사각어묵, 양파, 대파를 넣고 끓여주세요.",
		"6. 불조절하면서 잘 저어가며 끓여주면 완성이에요. 전 많이 안달게 했는데요. 단맛은 조절해서 하시면 됩니다."
	],
	"recipe_img": [
		"https://recipe1.ezmember.co.kr/cache/recipe/2015/06/19/0bffb0bbd2d1cd347b99d052074edeec1.jpg",
		"https://recipe1.ezmember.co.kr/cache/recipe/2015/06/19/b6e819c35808f79c8c8f30740c3929961.jpg",
		"https://recipe1.ezmember.co.kr/cache/recipe/2015/06/19/8170bcfee9a41eeb9f8f1d6bcd17d7031.jpg",
		"https://recipe1.ezmember.co.kr/cache/recipe/2015/06/19/6ba38f8bf3f67993b4ddc60197fddeac1.jpg",
		"https://recipe1.ezmember.co.kr/cache/recipe/2015/06/19/3870faa43930e24d4d4fcb9fd53727571.jpg",
		"https://recipe1.ezmember.co.kr/cache/recipe/2015/06/19/91920b8b6b2384b062162588459ed4ae1.jpg"
	],
	"tag": [
		"국물떡볶이, 떡, 떡볶이, 쌀"
	]
}