{
	"id": "4442833",
	"name": "초간단 파티메뉴 훈제오리 무쌈말이",
	"thumbnail": "https://recipe1.ezmember.co.kr/cache/recipe/2015/06/19/67ef724bfb7f09973a47d3e4a9d8e94c.jpg",
	"url": "https://www.10000recipe.com/recipe/4442833",
	"ingredient_ids": [
		18,
		8464,
		8827,
		51700,
		8454
	],
	"time": "30",
	"ingre_list": [
		{
			"ingre_name": "훈제오리",
			"ingre_count": "200",
			"ingre_unit": "g"
		},
		{
			"ingre_name": "쌈무",
			"ingre_count": "",
			"ingre_unit": ""
		},
		{
			"ingre_name": "파프리카",
			"ingre_count": "",
			"ingre_unit": ""
		},
		{
			"ingre_name": "깻잎",
			"ingre_count": "",
			"ingre_unit": ""
		},
		{
			"ingre_name": "무순",
			"ingre_count": "",
			"ingre_unit": ""
		}
	],
	"sauce_list": [
		{
			"ingre_name": "머스터드소스",
			"ingre_count": "",
			"ingre_unit": ""
		}
	],
	"recipe": [
		"1. 파프리카는 씨를 발래내고 일정한 크기로 잘라주시고 무순과 깻잎은 깨끗이 씻어 주세요. 쌈무는 물을 빼고 찬물에 한번 씻어 준비해 줍니다.",
		"2. 훈제오리는 전자렌지 전용접시에 담아 전자렌지에 5분정도 돌려줍니다.전자레인지",
		"3. 쌈무 위에 손질된 깻잎을 올려줍니다. 파프리카 무순을 올려주세요.",
		"4. 그 위에 오리를 올려줍니다. 깻잎을 먼저 접어주시고 그다음에 쌈무를 말아주시면 쌈무의 수분기때문에 떨어지지 않고 잘 붙어 모양이 유지 됩니다.",
		"5. 접시에 동그랗게 말아놓은 무쌈을 올려주세요 머스터드 소스도 함께 준비해 주시면 완성입니다."
	],
	"recipe_img": [
		"https://recipe1.ezmember.co.kr/cache/recipe/2015/06/19/bd7155cdc9283269a900cf1cd66eb2dd1.jpg",
		"https://recipe1.ezmember.co.kr/cache/recipe/2015/06/19/3a741ba96bc6434850d3a2bb7f9f19c11.jpg",
		"https://recipe1.ezmember.co.kr/cache/recipe/2015/06/19/5ab4048a80e17b01d41d12717225859d1.jpg",
		"https://recipe1.ezmember.co.kr/cache/recipe/2015/06/19/673556f38f9b82e08b82343d71d42dc81.jpg",
		"https://recipe1.ezmember.co.kr/cache/recipe/2015/06/19/b02a981fbba44fd531d62305b77cb77c1.jpg"
	],
	"tag": [
		"말이, 무쌈말이, 손님접대, 오리, 육류"
	]
}