{
	"id": "4442911",
	"name": "아이간식으로 추천 마늘 바게뜨",
	"thumbnail": "https://recipe1.ezmember.co.kr/cache/recipe/2015/06/18/68dba7f55a3413f866cba88f291dbdd0.jpg",
	"url": "https://www.10000recipe.com/recipe/4442911",
	"ingredient_ids": [
		47581
	],
	"time": "15",
	"ingre_list": [
		{
			"ingre_name": "바게뜨",
			"ingre_count": "",
			"ingre_unit": ""
		}
	],
	"sauce_list": [
		{
			"ingre_name": "가염버터",
			"ingre_count": "150",
			"ingre_unit": "g"
		},
		{
			"ingre_name": "다진마늘",
			"ingre_count": "2",
			"ingre_unit": "T"
		},
		{
			"ingre_name": "파슬리가루",
			"ingre_count": "1",
			"ingre_unit": "T"
		},
		{
			"ingre_name": "설탕",
			"ingre_count": "2",
			"ingre_unit": "T"
		}
	],
	"recipe": [
		"1. 일단 바게뜨는 0.8 ~ 1cm 두께로 빵칼을 이용해 썰어주세요.",
		"2. 가염 버터 150g, 다진 마늘 2큰술, 파슬리 가루 1큰술, 설탕 2큰술을 섞어 마늘버터를 만듭니다.",
		"3. 바게뜨에 마늘버터를 살짝 발라주세요. 파슬리 대신 허브가루를 살짝 뿌려주면 은은한 허브향이 감돌아 풍미가 끝내줘요.",
		"4. 180˚로 예열해둔 오븐에 넣고 12 ~ 14분간 노릇노릇하게 구워낸후 식힘망에 올려 완전히 식힌후 드시면 되요.오븐"
	],
	"recipe_img": [
		"https://recipe1.ezmember.co.kr/cache/recipe/2015/06/19/e264db6343eabd35920fc82564b83aa81.jpg",
		"https://recipe1.ezmember.co.kr/cache/recipe/2015/06/19/635f55ad0a8a2f762b22d176761de0981.jpg",
		"https://recipe1.ezmember.co.kr/cache/recipe/2015/06/19/8d8b5fe932cad15e6b9163d5831d7b7d1.jpg",
		"https://recipe1.ezmember.co.kr/cache/recipe/2015/06/19/0c06158a0e7ed17929dc120ef1635d291.jpg"
	],
	"tag": [
		"밀가루"
	]
}