{
	"id": "4459463",
	"name": "고추장어묵볶음 맛있게만드는 법",
	"thumbnail": "https://recipe1.ezmember.co.kr/cache/recipe/2015/06/19/6c74ea9bd272de15bbc622a7213d0c7e.jpg",
	"url": "https://www.10000recipe.com/recipe/4459463",
	"ingredient_ids": [
		51727
	],
	"time": "15",
	"ingre_list": [
		{
			"ingre_name": "사각어묵",
			"ingre_count": "9",
			"ingre_unit": "장"
		}
	],
	"sauce_list": [
		{
			"ingre_name": "고추장",
			"ingre_count": "1.",
			"ingre_unit": "T"
		},
		{
			"ingre_name": "간장",
			"ingre_count": "2",
			"ingre_unit": "T"
		},
		{
			"ingre_name": "미림",
			"ingre_count": "2",
			"ingre_unit": "T"
		},
		{
			"ingre_name": "올리고당",
			"ingre_count": "2",
			"ingre_unit": "T"
		},
		{
			"ingre_name": "참기름",
			"ingre_count": "1/2",
			"ingre_unit": "T"
		},
		{
			"ingre_name": "식용유",
			"ingre_count": "2",
			"ingre_unit": "T"
		},
		{
			"ingre_name": "다진마늘",
			"ingre_count": "1/2",
			"ingre_unit": "T"
		},
		{
			"ingre_name": "깨",
			"ingre_count": "",
			"ingre_unit": "약간"
		},
		{
			"ingre_name": "후추",
			"ingre_count": "",
			"ingre_unit": "약간"
		}
	],
	"recipe": [
		"1. 어묵은 뜨거운물에 살짝 데쳐주고 길게 썰어주었어요.",
		"2. 양념이 바글바글 끓으면 어묵을 넣고 중약불로 해서 볶아주세요.",
		"3. 골고루 볶다가 마지막으로 깨를 뿌려줍니다."
	],
	"recipe_img": [
		"https://recipe1.ezmember.co.kr/cache/recipe/2015/06/19/89c3e9acafc22fe0cf4c1200d9c99ab71.jpg",
		"https://recipe1.ezmember.co.kr/cache/recipe/2015/06/19/c9dce3d210124f8a6065903a95d4e72f1.jpg",
		"https://recipe1.ezmember.co.kr/cache/recipe/2015/06/19/69c62ec04bf46c41f387a168fbba953b1.jpg"
	],
	"tag": [
		"가공식품류, 고추장, 어묵볶음"
	]
}