{
	"id": "4469016",
	"name": "간편하게 즐기는 치킨 퀘사디아",
	"thumbnail": "https://recipe1.ezmember.co.kr/cache/recipe/2015/06/08/0e501f5729dac7e4f85cbccd67aeddf8.jpg",
	"url": "https://www.10000recipe.com/recipe/4469016",
	"ingredient_ids": [
		12478,
		9181,
		8905,
		8676,
		8827,
		23166
	],
	"time": "30",
	"ingre_list": [
		{
			"ingre_name": "또띠아",
			"ingre_count": "1",
			"ingre_unit": "장"
		},
		{
			"ingre_name": "닭가슴살",
			"ingre_count": "",
			"ingre_unit": ""
		},
		{
			"ingre_name": "양송이버섯",
			"ingre_count": "",
			"ingre_unit": ""
		},
		{
			"ingre_name": "양파",
			"ingre_count": "",
			"ingre_unit": ""
		},
		{
			"ingre_name": "파프리카",
			"ingre_count": "",
			"ingre_unit": ""
		},
		{
			"ingre_name": "모짜렐라치즈",
			"ingre_count": "",
			"ingre_unit": ""
		}
	],
	"sauce_list": [
		{
			"ingre_name": "토마토소스",
			"ingre_count": "",
			"ingre_unit": ""
		}
	],
	"recipe": [
		"1. 닭가슴살은 작게 깍둑썰어서 후추, 소금, 미림을 살짝만 넣어 재워주세요.",
		"2. 달군 후라이팬에 또띠아를 앞뒤로 살짝만 구워줍니다.",
		"3. 재워둔 닭가슴살은 달궈진 후라이팬에 올리브오일을 두르고 익혀주세요.",
		"4. 닭가슴살이 어느정도 익으면 양파를 넣어주세요. 양파의 향이 올라오며 갈색으로 변하면 토마토소스를 넣어줍니다.",
		"5. 마지막으로 양송이버섯과 파프리카를 넣어 재빨리 한번볶아 마무리 지어주세요.",
		"6. 약한불에 또띠아를 다시 올리고 모짜렐라치즈를 살짝 뿌려주세요. 만들어 놓은 속재로를 반절만 넣어줍니다.",
		"7. 그 위에 모짜렐라치즈를 넉넉히 뿌려주세요. 반으로 접어 뚜껑을 닫고 약한불에서 치즈가 녹도록 앞뒤로 익혀주세요."
	],
	"recipe_img": [
		"https://recipe1.ezmember.co.kr/cache/recipe/2015/06/19/c2cbabfc79ea134e08182e31225e392b1.jpg",
		"https://recipe1.ezmember.co.kr/cache/recipe/2015/06/19/269bed5bb3c4cea6e1d74ac986b48f541.jpg",
		"https://recipe1.ezmember.co.kr/cache/recipe/2015/06/19/ecef44e82c6d19f8bdec192ec1dcaa1c1.jpg",
		"https://recipe1.ezmember.co.kr/cache/recipe/2015/06/19/cdfc3ae5328ceb98c736cfeac3d0c0d41.jpg",
		"https://recipe1.ezmember.co.kr/cache/recipe/2015/06/19/f24245bb1cfd0ad13fec38e52847c5091.jpg",
		"https://recipe1.ezmember.co.kr/cache/recipe/2015/06/19/eda8f34d8a0d450c89206427b3c14e621.jpg",
		"https://recipe1.ezmember.co.kr/cache/recipe/2015/06/19/b2d8b506c8c472b5674c5f93e8fcca9e1.jpg"
	],
	"tag": [
		"굽기, 닭고기, 초스피드, 치킨, 퀘사디아"
	]
}