{
	"id": "4484207",
	"name": "이색 기름떡볶이 만들기 ",
	"thumbnail": "https://recipe1.ezmember.co.kr/cache/recipe/2015/06/27/77279dd3c5a80c8ac9cca017b95d1a4c.jpg",
	"url": "https://www.10000recipe.com/recipe/4484207",
	"ingredient_ids": [
		51708
	],
	"time": "30",
	"ingre_list": [
		{
			"ingre_name": "떡볶이떡",
			"ingre_count": "",
			"ingre_unit": "적당량"
		}
	],
	"sauce_list": [
		{
			"ingre_name": "다진마늘",
			"ingre_count": "1",
			"ingre_unit": "작은술"
		},
		{
			"ingre_name": "참기름",
			"ingre_count": "1",
			"ingre_unit": "작은술"
		},
		{
			"ingre_name": "간장",
			"ingre_count": "1",
			"ingre_unit": "T"
		},
		{
			"ingre_name": "올리고당",
			"ingre_count": "1",
			"ingre_unit": "T"
		},
		{
			"ingre_name": "고추장",
			"ingre_count": "1",
			"ingre_unit": "T"
		},
		{
			"ingre_name": "고춧가루",
			"ingre_count": "1/2",
			"ingre_unit": "T"
		},
		{
			"ingre_name": "식용유",
			"ingre_count": "3",
			"ingre_unit": "T"
		}
	],
	"recipe": [
		"1. 분량의 양념을 섞어 양념장을 만듭니다. 준비한 고추장양념을 떡과 함께 볼이 넓은 그릇에 넣어주세요.",
		"2. 떡과 양념이 골고루 잘 섞이도록 조물조물 버무려준 후 15분정도 재워둡니다.",
		"3. 달궈진 팬에 기름 3큰술을 두른 후 양념에 재워둔 떡볶이떡을 넣고 달달 볶아줍니다.",
		"4. 떡과 양념이 잘 어우러질때까지 볶아주시는 데요. 중불에서 볶아주세요. 중불에서 5분~ 7분정도 볶아주시면 된답니다.",
		"5. 매콤한 기름떡볶이 완성입니다."
	],
	"recipe_img": [
		"https://recipe1.ezmember.co.kr/cache/recipe/2015/06/29/84179dc23863c3d99d7e7884ad79e19a1.jpg",
		"https://recipe1.ezmember.co.kr/cache/recipe/2015/06/29/3fbc440bb78b49fa324b022075c289c31.jpg",
		"https://recipe1.ezmember.co.kr/cache/recipe/2015/06/29/2dc2d64edfbf8c3e695b4b5a539a10c91.jpg",
		"https://recipe1.ezmember.co.kr/cache/recipe/2015/06/29/190a0aecd7e3d6cb876416e2f4c6c15d1.jpg",
		"https://recipe1.ezmember.co.kr/cache/recipe/2015/06/29/9a33e8b1448a35003851dbf8e975ae301.jpg"
	],
	"tag": [
		"기름떡볶이, 떡, 떡볶이, 밥+죽+떡, 쌀"
	]
}