{
	"id": "4493900",
	"name": "꼬막찜 ",
	"thumbnail": "https://recipe1.ezmember.co.kr/cache/recipe/2015/06/26/e0645e6ad40ce270e1c8df21e3e7dcd2.jpg",
	"url": "https://www.10000recipe.com/recipe/4493900",
	"ingredient_ids": [
		10996
	],
	"time": "30",
	"ingre_list": [
		{
			"ingre_name": "꼬막",
			"ingre_count": "1",
			"ingre_unit": "kg"
		}
	],
	"sauce_list": [
		{
			"ingre_name": "간장",
			"ingre_count": "3",
			"ingre_unit": "T"
		},
		{
			"ingre_name": "고춧가루",
			"ingre_count": "1/2",
			"ingre_unit": "T"
		},
		{
			"ingre_name": "맛술",
			"ingre_count": "1",
			"ingre_unit": "T"
		},
		{
			"ingre_name": "생수",
			"ingre_count": "1",
			"ingre_unit": "T"
		},
		{
			"ingre_name": "설탕",
			"ingre_count": "1/2",
			"ingre_unit": "작은술"
		},
		{
			"ingre_name": "참기름",
			"ingre_count": "1",
			"ingre_unit": "T"
		},
		{
			"ingre_name": "다진파",
			"ingre_count": "1",
			"ingre_unit": "T"
		},
		{
			"ingre_name": "다진고추",
			"ingre_count": "1",
			"ingre_unit": "T"
		},
		{
			"ingre_name": "다진양파1+1/2큰술",
			"ingre_count": "1+1/2",
			"ingre_unit": "T"
		}
	],
	"recipe": [
		"1. 꼬막은 흐르는물에서 겉면에 붙은 지저분한것들을 좀 닦아 줍니다.",
		"2. 굵은소금을 약간 넣고 꼬막 삶을 물을 팔팔 끓여줍니다.",
		"3. 소금물이 팔팔 끓으면 꼬막을 몽땅 넣고 한쪽 방향으로 휘휘 저어가면서 삶아 줍니다.",
		"4. 꼬막 2/3정도가 벌리면 건져내 줍니다. 체에 받혀서 물기 빼면서 식혀줍니다.",
		"5. 꼬막이 좀 식는동안 양념장을 만들어 둡니다.",
		"6. 꼬막을 담을 용기에 꼬막 껍질 반쪽떼어내고 담아줍니다.",
		"7. 양념장을 올려줍니다."
	],
	"recipe_img": [
		"https://recipe1.ezmember.co.kr/cache/recipe/2015/06/26/be1ad2103504a46b159e42961f0df2921.jpg",
		"https://recipe1.ezmember.co.kr/cache/recipe/2015/06/26/d9076705277b4310a8d8efe0d08a49071.jpg",
		"https://recipe1.ezmember.co.kr/cache/recipe/2015/06/26/2870eb3f921a90f5bd54a2339f5cbb0e1.jpg",
		"https://recipe1.ezmember.co.kr/cache/recipe/2015/06/26/3e724c7d31b464c1c2e6b0f702088d021.jpg",
		"https://recipe1.ezmember.co.kr/cache/recipe/2015/06/26/1edf97ab59520f1c8198245dbe7ea6b81.jpg",
		"https://recipe1.ezmember.co.kr/cache/recipe/2015/06/26/5eea29f6f2f9590c6c4b9cc031e445e51.jpg",
		"https://recipe1.ezmember.co.kr/cache/recipe/2015/06/26/90f29a86347271e6538370419cc834971.jpg"
	],
	"tag": [
		"꼬막, 밑반찬, 찜, 해물류"
	]
}