{
	"id": "4500189",
	"name": "바삭바삭 고소하고 달콤한 이색과자 파스타과자만들기",
	"thumbnail": "https://recipe1.ezmember.co.kr/cache/recipe/2015/06/22/1decd03ccbf2b66bd5ec71389f066f10.jpg",
	"url": "https://www.10000recipe.com/recipe/4500189",
	"ingredient_ids": [
		51812,
		10278,
		51684
	],
	"time": "30",
	"ingre_list": [
		{
			"ingre_name": "파스타면",
			"ingre_count": "",
			"ingre_unit": ""
		},
		{
			"ingre_name": "올리브유",
			"ingre_count": "",
			"ingre_unit": ""
		},
		{
			"ingre_name": "식용유",
			"ingre_count": "",
			"ingre_unit": ""
		}
	],
	"sauce_list": [
		{
			"ingre_name": "설탕",
			"ingre_count": "3",
			"ingre_unit": "T"
		},
		{
			"ingre_name": "계피가루",
			"ingre_count": "1/2",
			"ingre_unit": "T"
		}
	],
	"recipe": [
		"1. 먼저 집에 준비되어 있는 다양한 모양들의 파스타면을 준비해주세요.",
		"2. 단단하기만 했던 파스타면을 끓는 물에 소금 약간량을 두른 후 파스타면을 넣고 충분히 익혀줍니다. 삶아낸 파스타는 찬물에 헹궈내지 마시구요. 바로 건져낸 후 서로 엉겨붙지 않도록 올리브오일 3~4방울을 두른 후 살짝 섞어주세요.",
		"3. 170도 이상의 온도의 기름에 삶아낸 파스타면을 넣고 바삭바삭하게 튀겨내 줍니다. 참고로 물기를 완전히 뺀 후 튀겨주시는데요. 그렇지 않으면 바닥면에 살짝씩 눌러붙기도 하더라구요. 고로 물기를 완전히 빼고 튀겨내어야 하되, 혹은 물기가 살짝 남아있다면 집게로 휘휘~ 저어가며 튀겨내주세요.",
		"4. 그리고 이건 설탕 3 : 계피가루 1/2 를 섞어 만들어 두었는데요. 기름에 바삭바삭하게 튀겨낸 파스타면을 거져내고 바로 가루를 무쳐내야 잘 엉겨붙어요.",
		"5. 기름을 완전히 털어내지 않고 가루가 골고루 묻도록 그릇에 넣은 후 뚜껑을 덮고 마구 흔들어줍니다."
	],
	"recipe_img": [
		"https://recipe1.ezmember.co.kr/cache/recipe/2015/06/22/a465b67de76caf1c1137fb350a4ebb5d1.jpg",
		"https://recipe1.ezmember.co.kr/cache/recipe/2015/06/22/dfad0a7ed8c5c821a18965e407d805eb1.jpg",
		"https://recipe1.ezmember.co.kr/cache/recipe/2015/06/22/4d545482f7f3ebe83b9d590562de54d11.jpg",
		"https://recipe1.ezmember.co.kr/cache/recipe/2015/06/22/bb906578b7f8c94a624456e534442a1f1.jpg",
		"https://recipe1.ezmember.co.kr/cache/recipe/2015/06/22/4ed79758a59a92608ceda62666cd28d01.jpg"
	],
	"tag": [
		"과자, 밀가루, 파스타"
	]
}