{
	"id": "4505161",
	"name": "레몬치즈케이크",
	"thumbnail": "https://recipe1.ezmember.co.kr/cache/recipe/2015/04/21/47879336ce43b4cbeae19d610b1efe801.jpg",
	"url": "https://www.10000recipe.com/recipe/4505161",
	"ingredient_ids": [
		10240,
		51707,
		51100,
		9457,
		8977,
		51721,
		51687,
		8084
	],
	"time": "90",
	"ingre_list": [
		{
			"ingre_name": "크림치즈",
			"ingre_count": "200",
			"ingre_unit": "g"
		},
		{
			"ingre_name": "생크림",
			"ingre_count": "1/2",
			"ingre_unit": "컵"
		},
		{
			"ingre_name": "플레인요구르트",
			"ingre_count": "1",
			"ingre_unit": "개"
		},
		{
			"ingre_name": "계란",
			"ingre_count": "3",
			"ingre_unit": "개"
		},
		{
			"ingre_name": "레몬",
			"ingre_count": "1",
			"ingre_unit": "개"
		},
		{
			"ingre_name": "레몬즙",
			"ingre_count": "3",
			"ingre_unit": "T"
		},
		{
			"ingre_name": "박력분",
			"ingre_count": "30",
			"ingre_unit": "g"
		},
		{
			"ingre_name": "설탕",
			"ingre_count": "70",
			"ingre_unit": "g"
		}
	],
	"sauce_list": [],
	"recipe": [
		"1. 레몬은 주방세제를 이용하여 1차적으로 한번 씻은후 팔팔 끓는물에 2분정도 담구어 2차적으로 소독..                   ",
		"2. 굵은 소금을 뿌려 문질러 3차세척.. 베이킹소다를 뿌려 4차세척을 해주었습니다~^^;;                   ",
		"3. 감자깍는 칼을 이용하여 레몬 껍질을 얇게 깍아낸후..",
		"4. 잘게잘게 다져 레몬제스트를 만들어 주었습니다~ 레몬제스트는 빵이나 쿠키, 케이크등 만들때 활용하면 향긋한 레몬맛의 빵을 드실수가 있답니다~~",
		"5. 믹서기에 재료를 모두 한꺼번에 넣어줄거에요~  먼저.. 액체류부터 넣어줄건데요.. 달걀, 생크림, 레몬즙, 크림치즈를 순서데로 넣어주세요~~",
		"6. 그리고.. 가루류인 설탕과 박력분.. 다진 레몬 제스트를 넣어줍니다~",
		"7. 믹서기에 담아 한꺼번에 드르륵~~~ 갈아주세욧~~~!!  10초만에 후다닥 치즈케이크 반죽이 완성되었습니당~~^^",
		"8. 치즈케이크를 구울 팬이나 용기에 유산지를 둘러 준비해주세요~  저는 20cm 원형틀을 준비했어요~",
		"9. 유산지 두른 틀에 반죽을 부어줍니다~",
		"10. 반죽을 모두 부었으면.. 틀을 바닥에 탁탁 두드려서 반죽안의 기포를 제거해줍니다~",
		"11. 치즈케이크는 중탕으로 구워줘야 더 촉촉하고 제대로인거 아시죠??  예열한 170도 오븐에서.. 중탕으로 45분정도 사정없이 싸우나 시켜주세욧~ㅋ오븐",
		"12. 완성된 레몬치즈케이크입니다~^^"
	],
	"recipe_img": [
		"https://recipe1.ezmember.co.kr/cache/recipe/2015/04/21/63e80cacd0bacc18ca2bb1efbaab8b981.jpg",
		"https://recipe1.ezmember.co.kr/cache/recipe/2015/04/21/154f0125972a214e89b80b3cf8e340f01.jpg",
		"https://recipe1.ezmember.co.kr/cache/recipe/2015/04/21/c9add0086f5d9ba80f9fad0b233673461.jpg",
		"https://recipe1.ezmember.co.kr/cache/recipe/2015/04/21/5f4a28ac3bdb032828dd5042dfc1c2261.jpg",
		"https://recipe1.ezmember.co.kr/cache/recipe/2015/04/21/63d3cce17975de6da4ab4befff7242e71.jpg",
		"https://recipe1.ezmember.co.kr/cache/recipe/2015/04/21/292dffd981d81dbd34b0e5e502f6f4011.jpg",
		"https://recipe1.ezmember.co.kr/cache/recipe/2015/04/21/b8cc362ad18820957aa265c1061bc06c1.jpg",
		"https://recipe1.ezmember.co.kr/cache/recipe/2015/04/21/e826ffa976715e4aac232a9f75e361381.jpg",
		"https://recipe1.ezmember.co.kr/cache/recipe/2015/04/21/40a957621214414deab147e4fc5ce1e01.jpg",
		"https://recipe1.ezmember.co.kr/cache/recipe/2015/04/21/94e342940f18987ecce927fd1a1cfaa11.jpg",
		"https://recipe1.ezmember.co.kr/cache/recipe/2015/04/21/51d775dea85d48ef05a27779eda3b12f1.jpg",
		"https://recipe1.ezmember.co.kr/cache/recipe/2015/04/21/36a486b6ddc08c3e288d34af5b315a611.jpg"
	],
	"tag": [
		"간식, 밀가루, 치즈케이크, 케이크"
	]
}