{
	"id": "4510631",
	"name": "매콤한 라면떡볶이 만드는 방법 ",
	"thumbnail": "https://recipe1.ezmember.co.kr/cache/recipe/2015/06/22/deb8bf13462e06865665ca1b6f691f5a.jpg",
	"url": "https://www.10000recipe.com/recipe/4510631",
	"ingredient_ids": [
		11101,
		51786,
		11266,
		13108,
		9457,
		51765,
		10136,
		8823,
		8035
	],
	"time": "60",
	"ingre_list": [
		{
			"ingre_name": "다시마",
			"ingre_count": "",
			"ingre_unit": ""
		},
		{
			"ingre_name": "건새우",
			"ingre_count": "",
			"ingre_unit": ""
		},
		{
			"ingre_name": "멸치",
			"ingre_count": "",
			"ingre_unit": ""
		},
		{
			"ingre_name": "라면사리",
			"ingre_count": "",
			"ingre_unit": ""
		},
		{
			"ingre_name": "계란",
			"ingre_count": "",
			"ingre_unit": ""
		},
		{
			"ingre_name": "떡",
			"ingre_count": "",
			"ingre_unit": ""
		},
		{
			"ingre_name": "어묵",
			"ingre_count": "",
			"ingre_unit": ""
		},
		{
			"ingre_name": "쪽파",
			"ingre_count": "",
			"ingre_unit": ""
		},
		{
			"ingre_name": "당면",
			"ingre_count": "",
			"ingre_unit": ""
		}
	],
	"sauce_list": [
		{
			"ingre_name": "간장1+1/2큰술",
			"ingre_count": "1+1/2",
			"ingre_unit": "T"
		},
		{
			"ingre_name": "올리고당",
			"ingre_count": "2",
			"ingre_unit": "T"
		},
		{
			"ingre_name": "고추장2+1/2큰술",
			"ingre_count": "2+1/2",
			"ingre_unit": "T"
		},
		{
			"ingre_name": "고춧가루",
			"ingre_count": "1",
			"ingre_unit": "T"
		}
	],
	"recipe": [
		"1. 재료를 준비하기 전에 우선 육수를 우려냈어요. 다시마 + 건새우 + 멸치를 넣어 충분히 국물을 우려냈어요. 육수가 우려내질 동안 당면은 찬물에 충분히 담구어 불려주시고 한쪽에서는 라면사리를 삶아낼 준비를 했다지요.",
		"2. 육수가 팔팔 끓고나면 육수재료들을 건져낸 후 분량대로 재료를 넣어 고추장양념을 끓여줍니다.",
		"3. 그리고 말랑말랑 거리는 쫀득한 떡볶이 떡, 카네시로 어묵과 쪽파를 송송 썰어 준비해줍니다.",
		"4. 고추장양념이 끓고나면 삶은 계란과 떡, 어묵을 넣어 한소끔 충분히 끓여줍니다. 이 때 센불에서 끓이다가 팔팔 끓고나면 중불로 조절하고 약 10~15분간 떡에 간이 배이도록 끓여주었어요.",
		"5. 그리고 라면사리와 당면사리를 넣고 약 1분 30초정도만 끓여주시면 되요.",
		"6. 마지막으로 쪽파를 올려주었네요."
	],
	"recipe_img": [
		"https://recipe1.ezmember.co.kr/cache/recipe/2015/06/22/b1ae9859aa48289239d80989fa9fac861.jpg",
		"https://recipe1.ezmember.co.kr/cache/recipe/2015/06/22/cfdaa4426130d989a289a857b7116fad1.jpg",
		"https://recipe1.ezmember.co.kr/cache/recipe/2015/06/22/fae02304485aaa9d8b2dbd55a4ad49f01.jpg",
		"https://recipe1.ezmember.co.kr/cache/recipe/2015/06/22/cde723c92d1134fb9caff6676204bfbd1.jpg",
		"https://recipe1.ezmember.co.kr/cache/recipe/2015/06/22/872cf2e5c5dff613bca9a49b0b42c5971.jpg",
		"https://recipe1.ezmember.co.kr/cache/recipe/2015/06/22/1da0510b33981bd55de4a131f3925fb71.jpg"
	],
	"tag": [
		"간식, 떡, 떡볶이, 라면, 밥+죽+떡, 볶음, 쌀"
	]
}