{
	"id": "4514405",
	"name": "두부두루치기 만들기",
	"thumbnail": "https://recipe1.ezmember.co.kr/cache/recipe/2015/06/08/19d2d4ab5771e8c9ecdc5fc98dadea07.jpg",
	"url": "https://www.10000recipe.com/recipe/4514405",
	"ingredient_ids": [
		8158,
		8824,
		8922,
		8913,
		8676,
		8827
	],
	"time": "30",
	"ingre_list": [
		{
			"ingre_name": "두부",
			"ingre_count": "1/2",
			"ingre_unit": "모"
		},
		{
			"ingre_name": "대파",
			"ingre_count": "",
			"ingre_unit": ""
		},
		{
			"ingre_name": "표고버섯",
			"ingre_count": "",
			"ingre_unit": ""
		},
		{
			"ingre_name": "새송이버섯",
			"ingre_count": "",
			"ingre_unit": ""
		},
		{
			"ingre_name": "양파",
			"ingre_count": "",
			"ingre_unit": ""
		},
		{
			"ingre_name": "파프리카",
			"ingre_count": "",
			"ingre_unit": ""
		}
	],
	"sauce_list": [
		{
			"ingre_name": "고추장",
			"ingre_count": "2",
			"ingre_unit": "TS"
		},
		{
			"ingre_name": "고춧가루",
			"ingre_count": "1",
			"ingre_unit": "TS"
		},
		{
			"ingre_name": "물",
			"ingre_count": "2",
			"ingre_unit": "TS"
		},
		{
			"ingre_name": "매실원액",
			"ingre_count": "1",
			"ingre_unit": "TS"
		},
		{
			"ingre_name": "다진마늘",
			"ingre_count": "1",
			"ingre_unit": "TS"
		},
		{
			"ingre_name": "깨",
			"ingre_count": "",
			"ingre_unit": "약간"
		},
		{
			"ingre_name": "참기름",
			"ingre_count": "",
			"ingre_unit": "약간"
		},
		{
			"ingre_name": "후춧가루",
			"ingre_count": "",
			"ingre_unit": "약간"
		}
	],
	"recipe": [
		"1. 두부는 먹기좋은 크기로 잘라 달군 후라이팬에 올려 앞뒤로 노릇노릇하게 구워줍니다.",
		"2. 노릇하게 익은 두부는 기름을 빼기 위해 잠시 다른 접시에 담아두었어요.",
		"3. 달군 후라이팬에 양파를 넣고 볶다 표고버섯을 넣어주세요.",
		"4. 새송이버섯과 파프리카를 넣어주세요.",
		"5. 분량의 재료를 섞어두었다 넣어주세요.",
		"6. 두부를 넣어 주세요. 두부는 부드러워 으깨질수 있으니 살살 섞어주셔야 해요.",
		"7. 마지막으로 대파를 넣고 한번 휘리릭 볶아 마무리 해주세요."
	],
	"recipe_img": [
		"https://recipe1.ezmember.co.kr/cache/recipe/2015/06/18/9beae72fd242d1b67da32d58747dfb3a1.jpg",
		"https://recipe1.ezmember.co.kr/cache/recipe/2015/06/18/7b12a8664483566d46cbc2f0f439d9251.jpg",
		"https://recipe1.ezmember.co.kr/cache/recipe/2015/06/18/39eae3a2632b004c4bedb35f9419bd771.jpg",
		"https://recipe1.ezmember.co.kr/cache/recipe/2015/06/18/d0b6a037b5947be28c7e5f7e86989c8f1.jpg",
		"https://recipe1.ezmember.co.kr/cache/recipe/2015/06/18/3fa3bf258d130d2614095a9c0c3e365e1.jpg",
		"https://recipe1.ezmember.co.kr/cache/recipe/2015/06/18/a3fc78a3eb4fcdb05abf243af14461911.jpg",
		"https://recipe1.ezmember.co.kr/cache/recipe/2015/06/18/8c29d28737dea7b028488577328742de1.jpg"
	],
	"tag": [
		"두부, 두부두루치기, 부침, 콩+견과류"
	]
}