{
	"id": "4514397",
	"name": "계란 초밥 ",
	"thumbnail": "https://recipe1.ezmember.co.kr/cache/recipe/2015/06/08/372c66cf2efa7ab621f5969022bfd33a.jpg",
	"url": "https://www.10000recipe.com/recipe/4514397",
	"ingredient_ids": [
		8386,
		8710,
		51685,
		9457,
		51685
	],
	"time": "30",
	"ingre_list": [
		{
			"ingre_name": "당근",
			"ingre_count": "",
			"ingre_unit": ""
		},
		{
			"ingre_name": "오이",
			"ingre_count": "",
			"ingre_unit": ""
		},
		{
			"ingre_name": "밥",
			"ingre_count": "1",
			"ingre_unit": "공기"
		},
		{
			"ingre_name": "계란",
			"ingre_count": "",
			"ingre_unit": ""
		},
		{
			"ingre_name": "밥",
			"ingre_count": "",
			"ingre_unit": ""
		}
	],
	"sauce_list": [
		{
			"ingre_name": "식용유",
			"ingre_count": "",
			"ingre_unit": "적당량"
		},
		{
			"ingre_name": "소금",
			"ingre_count": "",
			"ingre_unit": "약간"
		},
		{
			"ingre_name": "식초",
			"ingre_count": "",
			"ingre_unit": "약간"
		}
	],
	"recipe": [
		"1. 당근과 오이는 잘게 다져 준비해주세요.",
		"2. 밥에 소금, 식초를 넣어 한번 섞어준 뒤 당근과 오이를 넣어주세요.",
		"3. 초밥과 당근,오이가 잘 섞일수 있도록 비벼주세요.",
		"4. 계란을 곱게 풀어 달군 후라이팬에 부어줍니다.",
		"5. 윗부분이 살짝 익으면 준비한 밥을 길게 올려주세요.",
		"6. 계란말이 할때처럼 돌돌 말아주세요.",
		"7. 끝까지 말지 마시고, 마지막을 조금 남겨 끝으로 옮기신 후에 계란물을 부어 다시부어 돌돌... 이 과정을 3번정도 반복해 주세요.",
		"8. 이렇게 완성된 계란초밥은 김발로 돌돌말아 모양을 잡아주시고 예쁘게 썰어 완성접시에 담아주세요."
	],
	"recipe_img": [
		"https://recipe1.ezmember.co.kr/cache/recipe/2015/06/19/f705e1bce804676a4ba12f805f694a8d1.jpg",
		"https://recipe1.ezmember.co.kr/cache/recipe/2015/06/19/3c4817692d653b6d2f0c4e3e8039242a1.jpg",
		"https://recipe1.ezmember.co.kr/cache/recipe/2015/06/19/e4400e968b22fe7405587ba36ce4f0a71.jpg",
		"https://recipe1.ezmember.co.kr/cache/recipe/2015/06/19/9d58c1c33dcbd2d4c5f99bfef1ded1fc1.jpg",
		"https://recipe1.ezmember.co.kr/cache/recipe/2015/06/19/6c6c3aa6b43e9f8304093ab59951150d1.jpg",
		"https://recipe1.ezmember.co.kr/cache/recipe/2015/06/19/c5596b643465b1dc9a53d40d77ab316c1.jpg",
		"https://recipe1.ezmember.co.kr/cache/recipe/2015/06/19/7ff8dbd3d4830af65913c49b01cb80371.jpg",
		"https://recipe1.ezmember.co.kr/cache/recipe/2015/06/19/3cb08c7bb9ea14fce9b1487bf0a7646d1.jpg"
	],
	"tag": [
		"계란, 계란초밥, 달걀+유제품, 달걀, 밥, 스시, 에그, 초밥"
	]
}