{
	"id": "4518137",
	"name": "오징어볶음 만들기",
	"thumbnail": "https://recipe1.ezmember.co.kr/cache/recipe/2015/06/08/200798e75c5a425a4828f4a1c25ce72c.jpg",
	"url": "https://www.10000recipe.com/recipe/4518137",
	"ingredient_ids": [
		10107,
		42888,
		8676,
		8855,
		8824,
		51689
	],
	"time": "30",
	"ingre_list": [
		{
			"ingre_name": "오징어",
			"ingre_count": "1",
			"ingre_unit": "마리"
		},
		{
			"ingre_name": "양배추",
			"ingre_count": "",
			"ingre_unit": ""
		},
		{
			"ingre_name": "양파",
			"ingre_count": "",
			"ingre_unit": ""
		},
		{
			"ingre_name": "애호박",
			"ingre_count": "",
			"ingre_unit": ""
		},
		{
			"ingre_name": "대파",
			"ingre_count": "",
			"ingre_unit": ""
		},
		{
			"ingre_name": "홍고추",
			"ingre_count": "",
			"ingre_unit": ""
		}
	],
	"sauce_list": [
		{
			"ingre_name": "맛술",
			"ingre_count": "1",
			"ingre_unit": "T"
		},
		{
			"ingre_name": "간장",
			"ingre_count": "2/3",
			"ingre_unit": "T"
		},
		{
			"ingre_name": "올리고당1+1/2큰술",
			"ingre_count": "1+1/2",
			"ingre_unit": "T"
		},
		{
			"ingre_name": "참기름",
			"ingre_count": "1",
			"ingre_unit": "작은술"
		},
		{
			"ingre_name": "다진마늘",
			"ingre_count": "1",
			"ingre_unit": "작은술"
		},
		{
			"ingre_name": "고추장",
			"ingre_count": "1",
			"ingre_unit": "T"
		},
		{
			"ingre_name": "고춧가루1+1/2큰술",
			"ingre_count": "1+1/2",
			"ingre_unit": "T"
		},
		{
			"ingre_name": "후춧가루",
			"ingre_count": "",
			"ingre_unit": "약간"
		}
	],
	"recipe": [
		"1. 오징어는 깨끗히 씻어낸 후 껍질을 벗겨내고 빨판을 제거한 후 칼집을 넣어 적당한 크기로 썰어냈어요.",
		"2. 맛술 1큰술, 간장 2/3큰술, 올리고당 1과 1/2큰술, 참기름 1작은술, 다진마늘 1작은술, 고추장 1큰술, 고춧가루 1과 1/2큰술, 후춧가루 약간를 넣어 양념장을 만듭니다.",
		"3. 볼이 넓은 그릇에 갖은 채소들과 오징어를 넣고 그 위에 양념장을 부어주세요.",
		"4. 고추장양념과 재료들은 잘 섞이도록 버무려줍니다.",
		"5. 달궈진 팬에 기름을 살짝 두른 후 센불에서 재료를 모두 넣고 달달 볶아주세요. 센불에서 볶아내는 시간은 4~5분정도만 충분하답니다.",
		"6. 완성된 매콤한 오징어볶음은 그릇에 담아낸 후 참깨를 솔솔 뿌려주세요."
	],
	"recipe_img": [
		"https://recipe1.ezmember.co.kr/cache/recipe/2015/06/19/bf765325fb95b94a7c903311528084b81.jpg",
		"https://recipe1.ezmember.co.kr/cache/recipe/2015/06/19/666ba1d0cf4efdb59a8b6359c4f30c041.jpg",
		"https://recipe1.ezmember.co.kr/cache/recipe/2015/06/19/294c19ffe4565c38db8e49c5af3fc8251.jpg",
		"https://recipe1.ezmember.co.kr/cache/recipe/2015/06/19/09575c001304442b2edd82e06523dc6a1.jpg",
		"https://recipe1.ezmember.co.kr/cache/recipe/2015/06/19/bad50ee952306616984243fbafe897af1.jpg",
		"https://recipe1.ezmember.co.kr/cache/recipe/2015/06/19/da53800edd2d0f32aeb15695d127c7af1.jpg"
	],
	"tag": [
		"메인반찬, 볶음, 술안주, 오징어, 오징어볶음, 해물류"
	]
}