{
	"id": "4527744",
	"name": "매콤달콤 떡꼬치 만드는법",
	"thumbnail": "https://recipe1.ezmember.co.kr/cache/recipe/2015/06/08/0e39d4779333459fddf885cc82e8f9f5.jpg",
	"url": "https://www.10000recipe.com/recipe/4527744",
	"ingredient_ids": [
		51708
	],
	"time": "30",
	"ingre_list": [
		{
			"ingre_name": "떡볶이떡",
			"ingre_count": "20",
			"ingre_unit": "개정도"
		}
	],
	"sauce_list": [
		{
			"ingre_name": "고추장",
			"ingre_count": "3",
			"ingre_unit": "TS"
		},
		{
			"ingre_name": "요리당",
			"ingre_count": "1",
			"ingre_unit": "TS"
		},
		{
			"ingre_name": "꿀",
			"ingre_count": "1",
			"ingre_unit": "TS"
		},
		{
			"ingre_name": "마늘",
			"ingre_count": "0.",
			"ingre_unit": "TS"
		},
		{
			"ingre_name": "후추",
			"ingre_count": "",
			"ingre_unit": "조금"
		},
		{
			"ingre_name": "잣",
			"ingre_count": "",
			"ingre_unit": "조금"
		}
	],
	"recipe": [
		"1. 딱딱한 떡볶이떡은 뜨거운 물에 담궈 말랑하게 해줍니다. 말랑한떡은 그냥 사용하면 됩니다.",
		"2. 떡은 4~5개씩 꼬치에 끼워 기름을 넉넉히 두른 팬에 바삭하게 구워줍니다.",
		"3. 분량의 양념을 섞어 팬에 끓여줍니다.",
		"4. 구운 떡에 양념을 바르면 완성. 위에 다진 견과류등을 뿌려 내면 좋아요."
	],
	"recipe_img": [
		"https://recipe1.ezmember.co.kr/cache/recipe/2015/06/19/23728321ae5c9f4497c7b8dda3b875fd1.jpg",
		"https://recipe1.ezmember.co.kr/cache/recipe/2015/06/19/4d7fab76c322b2995287b46a2ecc9aef1.jpg",
		"https://recipe1.ezmember.co.kr/cache/recipe/2015/06/19/2dc3a1c0cc6f97d8e8ace7e137b536561.jpg",
		"https://recipe1.ezmember.co.kr/cache/recipe/2015/06/19/007ce3652011fb9a0d54ee3e1bec6e9b1.jpg"
	],
	"tag": [
		"꼬치, 떡, 떡꼬치, 밥+죽+떡, 쌀"
	]
}