{
	"id": "4530245",
	"name": "추위를 녹여주는 한그릇 요리 오징어짬뽕",
	"thumbnail": "https://recipe1.ezmember.co.kr/cache/recipe/2015/06/26/f276854c81e0307e21d79ccc1b327a21.jpg",
	"url": "https://www.10000recipe.com/recipe/4530245",
	"ingredient_ids": [
		10107,
		8824,
		51689,
		8316,
		8676,
		8855,
		11101,
		11266,
		51786
	],
	"time": "60",
	"ingre_list": [
		{
			"ingre_name": "오징어",
			"ingre_count": "1",
			"ingre_unit": "마리"
		},
		{
			"ingre_name": "대파",
			"ingre_count": "1",
			"ingre_unit": "개"
		},
		{
			"ingre_name": "홍고추",
			"ingre_count": "1",
			"ingre_unit": "개"
		},
		{
			"ingre_name": "청양고추",
			"ingre_count": "1",
			"ingre_unit": "개"
		},
		{
			"ingre_name": "양파",
			"ingre_count": "1/2",
			"ingre_unit": "개"
		},
		{
			"ingre_name": "애호박",
			"ingre_count": "",
			"ingre_unit": "약간"
		},
		{
			"ingre_name": "다시마",
			"ingre_count": "",
			"ingre_unit": ""
		},
		{
			"ingre_name": "멸치",
			"ingre_count": "",
			"ingre_unit": ""
		},
		{
			"ingre_name": "건새우",
			"ingre_count": "",
			"ingre_unit": ""
		}
	],
	"sauce_list": [
		{
			"ingre_name": "소금",
			"ingre_count": "",
			"ingre_unit": ""
		},
		{
			"ingre_name": "후춧가루",
			"ingre_count": "",
			"ingre_unit": ""
		},
		{
			"ingre_name": "국간장",
			"ingre_count": "1",
			"ingre_unit": "T"
		},
		{
			"ingre_name": "맛술",
			"ingre_count": "1",
			"ingre_unit": "작은술"
		},
		{
			"ingre_name": "고춧가루",
			"ingre_count": "2",
			"ingre_unit": "T"
		},
		{
			"ingre_name": "다진마늘",
			"ingre_count": "1",
			"ingre_unit": "작은술"
		},
		{
			"ingre_name": "식용유(혹은고추기름)",
			"ingre_count": "2",
			"ingre_unit": "T"
		}
	],
	"recipe": [
		"1. 먼저 멸치와 다시마, 건새우를 넣고 육수를 내주었답니다.",
		"2. 재료들은 보기처럼 다듬어 썰어주세요.",
		"3. 오징어는 내장을 떼어내고 껍질을 벗겨 손질한 후 먹기 좋은 크기로 썰어 준비합니다.",
		"4. 냄비에 식용유를 두른 후 다진마늘과 고춧가루를 넣어 주세요. 중불에서 양념을 볶아주시는데요. 타지않도록 볶음주걱으로 자주 볶아주세요.",
		"5. 그리고 손질한 애호박과 양파, 오징어를 넣고 함께 볶아주세요. 오징어가 살짝 익을때까지~ (중불에서 2~3분가량 볶아내면 되더라구요)",
		"6. 여기에 대파와 국간장, 맛술을 넣고 20초간만 볶아줍니다.",
		"7. 그리고 만들어 두었던 육수를 붓고 (약 6컵정도) 바글바글 끓여줍니다.",
		"8. 여기에 후춧가루 약간과 소금 1작은술을 넣고 2분정도 끓여주시는데요. 살짝 간을 보신 후 입맛에 맞게끔 소금을 첨가하시면 되요.",
		"9. 따끈한 밥위에 오징어 짬뽕을 부어 밥 말아 먹었어요."
	],
	"recipe_img": [
		"https://recipe1.ezmember.co.kr/cache/recipe/2015/06/26/05e1c4e74b39a8a284d323e4c7ed38991.jpg",
		"https://recipe1.ezmember.co.kr/cache/recipe/2015/06/26/1d4bbfb937702e5e9a425aa98a34aaa71.jpg",
		"https://recipe1.ezmember.co.kr/cache/recipe/2015/06/26/64eb7958004064d36bed61e7f504d0491.jpg",
		"https://recipe1.ezmember.co.kr/cache/recipe/2015/06/26/d304686b95c1c977d457b854f3f2be401.jpg",
		"https://recipe1.ezmember.co.kr/cache/recipe/2015/06/26/ee44f275411ea9d1243c66773bd1eaad1.jpg",
		"https://recipe1.ezmember.co.kr/cache/recipe/2015/06/26/ec39c2d09de1e53e6d511ce35114336f1.jpg",
		"https://recipe1.ezmember.co.kr/cache/recipe/2015/06/26/fa38d10a654a4cd61f1e976eebc59b301.jpg",
		"https://recipe1.ezmember.co.kr/cache/recipe/2015/06/26/59cefaa2394ea55fa44da4a498a68d991.jpg",
		"https://recipe1.ezmember.co.kr/cache/recipe/2015/06/26/341c6945fa88ab27140da6ded6e299331.jpg"
	],
	"tag": [
		"끓이기, 면+만두, 오징어, 일상, 짬뽕, 해물류"
	]
}