{
	"id": "4534350",
	"name": "식빵허니브레드..",
	"thumbnail": "https://recipe1.ezmember.co.kr/cache/recipe/2015/04/21/727f33d3e6302c7dd4bce90bf6bc38b21.jpg",
	"url": "https://www.10000recipe.com/recipe/4534350",
	"ingredient_ids": [
		7883,
		8068,
		10267,
		51710,
		10216
	],
	"time": "15",
	"ingre_list": [
		{
			"ingre_name": "식빵",
			"ingre_count": "4",
			"ingre_unit": "장"
		},
		{
			"ingre_name": "꿀",
			"ingre_count": "2",
			"ingre_unit": "T"
		},
		{
			"ingre_name": "버터",
			"ingre_count": "",
			"ingre_unit": ""
		},
		{
			"ingre_name": "슈가파우더",
			"ingre_count": "",
			"ingre_unit": ""
		},
		{
			"ingre_name": "아이스크림",
			"ingre_count": "",
			"ingre_unit": ""
		}
	],
	"sauce_list": [],
	"recipe": [
		"1. 집에서 허니브레드를 만들땐.. 통식빵이나 일반 식빵 사용하시면 된답니다~",
		"2. 저는 식빵 4장으로 약간 높이감이 있게 만들건데요.. 식빵4장중 3장을 먹기좋게 썰어줍니다~                   ",
		"3. 그런다음.. 썰지않은 나머지 식빵 한장을 바닥면에 깔고 그위에 썬 식빵을 올려주세요~                   ",
		"4. 식빵은 오븐팬에 올려준후..",
		"5. 예열한 180도 오븐에서 5분정도 구워주세요~ 시간에 여의치마시고..  식빵이 바삭하게 구워지면 끄집어 내세요~^^오븐",
		"6. 식빵 윗면이 노릇하고 바삭하게 구워지면...",
		"7. 먼저.. 꿀을 식빵 윗면과 사이사이에 흘러넣어줍니다~",
		"8. 버터도 작게 조각내어 윗면과 사이사이에 올려주세요~",
		"9. 다시.. 오븐에 넣어.. 버터가 녹을때까지 열을 가해주세요~",
		"10. 달콤하게 구워져 나온 식빵이에요~~",
		"11. 식빵위에 내맘데로 과일이나 생크림, 아이스크림등... 장식해주면 되는데요~~ 장식하기전에 충분히 식혀준후 해주셔야해요~",
		"12. 저는.. 슈가파우더 솔솔 뿌리고.. 아이스크림을 소복히 올려주었어요~~ㅎㅎㅎ"
	],
	"recipe_img": [
		"https://recipe1.ezmember.co.kr/cache/recipe/2015/04/21/46d02c0736123f9950a064e0ed0a59791.jpg",
		"https://recipe1.ezmember.co.kr/cache/recipe/2015/04/21/c067b729aeb28f74867902869edc31881.jpg",
		"https://recipe1.ezmember.co.kr/cache/recipe/2015/04/21/df61acb457ecf88fdcb7e93af77f71741.jpg",
		"https://recipe1.ezmember.co.kr/cache/recipe/2015/04/21/1adc39ca4fce3d67abe188c945a6c2ac1.jpg",
		"https://recipe1.ezmember.co.kr/cache/recipe/2015/04/21/317688101d672d7d7688b12586044c1c1.jpg",
		"https://recipe1.ezmember.co.kr/cache/recipe/2015/04/21/4e0f76fa1382420c816733184c94c6871.jpg",
		"https://recipe1.ezmember.co.kr/cache/recipe/2015/04/21/7b1917bbf85353464da04bb37e7beae81.jpg",
		"https://recipe1.ezmember.co.kr/cache/recipe/2015/04/21/661493ec443beb0ba5f9f37966e422541.jpg",
		"https://recipe1.ezmember.co.kr/cache/recipe/2015/04/21/2aa265ed9447472eec171c6f45eab37c1.jpg",
		"https://recipe1.ezmember.co.kr/cache/recipe/2015/04/21/7b917d078af2c1a462e418d2db4b53351.jpg",
		"https://recipe1.ezmember.co.kr/cache/recipe/2015/04/21/95e205933e42c703cc56127e5861b8cc1.jpg",
		"https://recipe1.ezmember.co.kr/cache/recipe/2015/04/21/a1abdd3708dd9438c37a2aa55e7a7d031.jpg"
	],
	"tag": [
		"밀가루, 브레드, 빵, 식빵"
	]
}