{
	"id": "4547189",
	"name": "돼지고기 등심으로 만든 폭찹",
	"thumbnail": "https://recipe1.ezmember.co.kr/cache/recipe/2015/06/08/45f3d88bf606cebf447701c770e71052.jpg",
	"url": "https://www.10000recipe.com/recipe/4547189",
	"ingredient_ids": [
		13939,
		18926,
		51683,
		10406,
		13646,
		8990,
		10493
	],
	"time": "60",
	"ingre_list": [
		{
			"ingre_name": "스테이크소스",
			"ingre_count": "2",
			"ingre_unit": "T"
		},
		{
			"ingre_name": "케찹",
			"ingre_count": "3",
			"ingre_unit": "T"
		},
		{
			"ingre_name": "물",
			"ingre_count": "1/2",
			"ingre_unit": "컵"
		},
		{
			"ingre_name": "굴소스",
			"ingre_count": "1",
			"ingre_unit": "작은술"
		},
		{
			"ingre_name": "올리고당",
			"ingre_count": "2",
			"ingre_unit": "T"
		},
		{
			"ingre_name": "매실청",
			"ingre_count": "1",
			"ingre_unit": "T"
		},
		{
			"ingre_name": "후추",
			"ingre_count": "",
			"ingre_unit": "조금"
		}
	],
	"sauce_list": [],
	"recipe": [
		"1. 소스재료는 미리 분량대로 준비해 두었다가 고기를 익혀낸후 따로 소스를 끓여서 고기에 조려주시면 되요. 아이가 야채를 싫어한다면 저처럼 야채를 잘게 다져 사용하면 좋아요. 야채는 냉장고의 야채 아무거나 사용하셔도 되요. 저는 당근. 쥬키니 호박. 양파. 대파 처럼 기본적인 것만 넣었는데 추가적으로 버섯. 파프리카. 감자 등을 넣어도 좋아요.",
		"2. 밑간해둔 고기는 밀가루를 앞뒤로 살짝 묻혀 주세요.",
		"3. 달군 후라이팬에 기름을 넉넉히 두르고 튀기듯 구워주세요.",
		"4. 밑간이 베어 이상태로 소스에 찍어먹어도 맛있어요. 구워낸 고기는 잠시 접시에 담아두고 후라이팬을 닦아낸후 소스. 야채를 모두 넣고 끓여주세요.",
		"5. 바글바글 끓으면 익힌 고기를 넣고 조려주시면 되요.",
		"6. 금새 조려지기 때문에 고기를 넣고 잠시뒤 바로 고기를 뒤집어 앞.뒷면 골고루 양념이 베이도록 해주세요.",
		"7. 달콤한 냄새가 난다며 아이가 부억으로 달려오기에 한입 맛보여주니 너무 맛있다고 합니다."
	],
	"recipe_img": [
		"https://recipe1.ezmember.co.kr/cache/recipe/2015/06/24/2d7fd68b5047bb0f287d4a9eac6d77c41.jpg",
		"https://recipe1.ezmember.co.kr/cache/recipe/2015/06/24/36f85bb5bb2ffd2cf74e315b9caab9901.jpg",
		"https://recipe1.ezmember.co.kr/cache/recipe/2015/06/24/851bc44125d4be0524973477bf7099e61.jpg",
		"https://recipe1.ezmember.co.kr/cache/recipe/2015/06/24/2b312ae3b2d893b79131f5890a9eaf7e1.jpg",
		"https://recipe1.ezmember.co.kr/cache/recipe/2015/06/24/80a178e16722899e69804afffaf9e4d01.jpg",
		"https://recipe1.ezmember.co.kr/cache/recipe/2015/06/24/4737079a75986da1cd5730040c6b15f81.jpg",
		"https://recipe1.ezmember.co.kr/cache/recipe/2015/06/24/df4fa85245337ae1588a1acc974347981.jpg"
	],
	"tag": [
		"돼지고기, 메인반찬"
	]
}