{
	"id": "4549271",
	"name": "고구마 찹쌀 케이크",
	"thumbnail": "https://recipe1.ezmember.co.kr/cache/recipe/2015/06/08/090659abafdcc7e75ca2104198ed78f6.jpg",
	"url": "https://www.10000recipe.com/recipe/4549271",
	"ingredient_ids": [
		9456,
		8084,
		10230,
		31588,
		51699,
		6796,
		51772
	],
	"time": "60",
	"ingre_list": [
		{
			"ingre_name": "달걀",
			"ingre_count": "1",
			"ingre_unit": "개"
		},
		{
			"ingre_name": "설탕",
			"ingre_count": "30",
			"ingre_unit": "g"
		},
		{
			"ingre_name": "우유",
			"ingre_count": "80",
			"ingre_unit": "ml"
		},
		{
			"ingre_name": "찹쌀가루",
			"ingre_count": "150",
			"ingre_unit": "g"
		},
		{
			"ingre_name": "베이킹파우더",
			"ingre_count": "1/4",
			"ingre_unit": "작은술"
		},
		{
			"ingre_name": "찐고구마",
			"ingre_count": "150",
			"ingre_unit": "g"
		},
		{
			"ingre_name": "검은깨",
			"ingre_count": "10",
			"ingre_unit": "g"
		}
	],
	"sauce_list": [],
	"recipe": [
		"1. 달걀, 설탕, 우유를 골고루 섞어 주세요. 체에 내린 가루류를 넣고 섞어 주세요.",
		"2. 쪄서 으깬 고구마와 검은깨를 넣고 반죽을 완성해 주세요.",
		"3. 완성된 반죽은 원하는 틀에 담고 180도로 예열한 오븐에서 30~40분 가량 구워 주세요. 가 사용한 머핀지는 완성품이 잘 떨어지는 제품이구요. 일반 머핀지에 구우시면 찹쌀케이크가 잘 안 떨어져요. 머핀틀이나 파이틀에 오일을 살짝 바른 후 반죽을 넣고 구워 주시는게 안전합니다.오븐",
		"4. 쫀득 담백 고소한 고구마찹쌀케이크"
	],
	"recipe_img": [
		"https://recipe1.ezmember.co.kr/cache/recipe/2015/06/24/d937b0cc6df1da9c9cec0fd7e0bfb0c91.jpg",
		"https://recipe1.ezmember.co.kr/cache/recipe/2015/06/24/2cc1fe9cc0755c9a46d3beecb6bd9aa81.jpg",
		"https://recipe1.ezmember.co.kr/cache/recipe/2015/06/24/794d777e79792778265159b5e379967b1.jpg",
		"https://recipe1.ezmember.co.kr/cache/recipe/2015/06/24/a0d531e64309a2ac8531f92b0c15c1171.jpg"
	],
	"tag": [
		"간식, 고구마, 곡류, 굽기, 케이크"
	]
}