{
	"id": "4551333",
	"name": "식탁위의 스테디셀러 어묵볶음",
	"thumbnail": "https://recipe1.ezmember.co.kr/cache/recipe/2015/06/08/91837c930dd1775db5a23675f2dc5eb2.jpg",
	"url": "https://www.10000recipe.com/recipe/4551333",
	"ingredient_ids": [
		51727,
		51684,
		51706
	],
	"time": "15",
	"ingre_list": [
		{
			"ingre_name": "사각어묵",
			"ingre_count": "6",
			"ingre_unit": "장"
		},
		{
			"ingre_name": "식용유",
			"ingre_count": "1",
			"ingre_unit": "T"
		},
		{
			"ingre_name": "다진대파",
			"ingre_count": "1",
			"ingre_unit": "T"
		}
	],
	"sauce_list": [
		{
			"ingre_name": "간장",
			"ingre_count": "3",
			"ingre_unit": "T"
		},
		{
			"ingre_name": "올리고당(or물엿)",
			"ingre_count": "2",
			"ingre_unit": "T"
		},
		{
			"ingre_name": "설탕",
			"ingre_count": "1/2",
			"ingre_unit": "T"
		},
		{
			"ingre_name": "고춧가루",
			"ingre_count": "1/2",
			"ingre_unit": "T"
		},
		{
			"ingre_name": "후춧가루",
			"ingre_count": "",
			"ingre_unit": "약간"
		}
	],
	"recipe": [
		"1. 어묵은 먹기좋은 크기로 썰어줍니다.",
		"2. 물 2컵을 끓여줍니다.",
		"3. 양념장 재료를 섞어 양념장을 만들어 둡니다.",
		"4. 물이 끓으면 어묵을 넣어 바로 데쳐 물기를 빼줍니다.",
		"5. 식용유에 데친 어묵을 넣은 뒤, 달달 볶아줍니다. 데친어묵에 물기없도록 달달 볶아준 뒤, 채썰은 양파를 넣고 볶아줍니다.",
		"6. 양파와 함께 달달 볶은 어묵에 양념장을 넣고 볶아줍니다.",
		"7. 어묵이 충분히 볶아지면, 다진대파를 넣어줍니다.",
		"8. 30초정도만 더 볶아주면 완성이랍니다."
	],
	"recipe_img": [
		"https://recipe1.ezmember.co.kr/cache/recipe/2015/06/19/a0ec8e26451cd9b21e96b7766b68a3751.jpg",
		"https://recipe1.ezmember.co.kr/cache/recipe/2015/06/19/f390a17b6a29fd84bbbf25cd669fad811.jpg",
		"https://recipe1.ezmember.co.kr/cache/recipe/2015/06/19/e087076530225a1a1431733573b854ce1.jpg",
		"https://recipe1.ezmember.co.kr/cache/recipe/2015/06/19/8b57f9b9010f8ceeba0b31c9c810c85a1.jpg",
		"https://recipe1.ezmember.co.kr/cache/recipe/2015/06/19/92e8f1e7bc1a7281174bc8a05be0d92f1.jpg",
		"https://recipe1.ezmember.co.kr/cache/recipe/2015/06/19/177e4959b10009d7992eb77de4b3c11c1.jpg",
		"https://recipe1.ezmember.co.kr/cache/recipe/2015/06/19/32179f14ca71a965874ecaf53e38f1241.jpg",
		"https://recipe1.ezmember.co.kr/cache/recipe/2015/06/19/ca0346e5ca0e6273ed54b170e1c6b25c1.jpg"
	],
	"tag": [
		"어묵볶음"
	]
}