{
	"id": "4557197",
	"name": "고소한 뚝배기치즈떡볶이",
	"thumbnail": "https://recipe1.ezmember.co.kr/cache/recipe/2015/06/19/d5fd6403368b42b61ab6258d37899b11.jpg",
	"url": "https://www.10000recipe.com/recipe/4557197",
	"ingredient_ids": [
		51708,
		51727,
		8676,
		8386,
		23217
	],
	"time": "30",
	"ingre_list": [
		{
			"ingre_name": "떡볶이떡",
			"ingre_count": "200",
			"ingre_unit": "g"
		},
		{
			"ingre_name": "사각어묵",
			"ingre_count": "1",
			"ingre_unit": "장"
		},
		{
			"ingre_name": "양파",
			"ingre_count": "1/4",
			"ingre_unit": "개"
		},
		{
			"ingre_name": "당근",
			"ingre_count": "",
			"ingre_unit": "약간"
		},
		{
			"ingre_name": "피자치즈",
			"ingre_count": "70",
			"ingre_unit": "g"
		}
	],
	"sauce_list": [
		{
			"ingre_name": "고추장",
			"ingre_count": "1",
			"ingre_unit": "T"
		},
		{
			"ingre_name": "간장",
			"ingre_count": "1/4",
			"ingre_unit": "T"
		},
		{
			"ingre_name": "고추가루",
			"ingre_count": "1/4",
			"ingre_unit": "T"
		},
		{
			"ingre_name": "설탕",
			"ingre_count": "1/2",
			"ingre_unit": "T"
		},
		{
			"ingre_name": "올리고당",
			"ingre_count": "1/2",
			"ingre_unit": "T"
		},
		{
			"ingre_name": "다진마늘",
			"ingre_count": "",
			"ingre_unit": "약간"
		},
		{
			"ingre_name": "후추",
			"ingre_count": "",
			"ingre_unit": ""
		}
	],
	"recipe": [
		"1. 뚝배기에 물 2컵을 담은후 다시멸치와 마른다시마 한조각을 넣고 10분정도 끓여 멸치육수를 만들어줍니다.",
		"2. 멸치와 다시마 건더기는 건져내고, 양념재료를 모두 넣어주세요.",
		"3. 국물이 끓기 시작하면, 떡볶이 떡부터 넣어줍니다. 떡이 말랑하게 익어가면 어묵도 한입 크기로 썰어 넣어주세요.",
		"4. 국물의 양이 적당하다 싶을때, 준비한 채소들을 넣어줍니다. 마지막으로 윗면에 피자치즈를 넉넉히 뿌려주고 불을 최대한 약불로 줄여준 후 뚝배기 뚜껑을 덮어 치즈를 녹여줍니다."
	],
	"recipe_img": [
		"https://recipe1.ezmember.co.kr/cache/recipe/2015/06/19/61b82308de59dbab711c817f7eca1d4f1.jpg",
		"https://recipe1.ezmember.co.kr/cache/recipe/2015/06/19/de8250850bdf65e0a28dcb35edecb7041.jpg",
		"https://recipe1.ezmember.co.kr/cache/recipe/2015/06/19/bdd3d177e3e478cfe4b541234605f26a1.jpg",
		"https://recipe1.ezmember.co.kr/cache/recipe/2015/06/19/b1d710c6fbdb8800acb9eecb1ae96aea1.jpg"
	],
	"tag": [
		"떡, 떡볶이, 쌀"
	]
}