{
	"id": "4588059",
	"name": "고소한 두부조림",
	"thumbnail": "https://recipe1.ezmember.co.kr/cache/recipe/2015/08/05/4cce84e6f70767fb22e8ea35b772dd781.jpg",
	"url": "https://www.10000recipe.com/recipe/4588059",
	"ingredient_ids": [
		8158,
		51684
	],
	"time": "30",
	"ingre_list": [
		{
			"ingre_name": "두부",
			"ingre_count": "1",
			"ingre_unit": "모"
		},
		{
			"ingre_name": "식용유",
			"ingre_count": "",
			"ingre_unit": "약간"
		}
	],
	"sauce_list": [
		{
			"ingre_name": "진간장",
			"ingre_count": "5",
			"ingre_unit": "T"
		},
		{
			"ingre_name": "설탕",
			"ingre_count": "1/2",
			"ingre_unit": "T"
		},
		{
			"ingre_name": "고춧가루",
			"ingre_count": "1",
			"ingre_unit": "T"
		},
		{
			"ingre_name": "통깨",
			"ingre_count": "1/2",
			"ingre_unit": "T"
		},
		{
			"ingre_name": "송송썬파",
			"ingre_count": "2",
			"ingre_unit": "T"
		},
		{
			"ingre_name": "다진마늘",
			"ingre_count": "1/2",
			"ingre_unit": "T"
		}
	],
	"recipe": [
		"1. 두부는 도톰한 두께로 넙적하게 썰어줍니다.",
		"2. 식용유 약간을 두른팬에 노릇하게 부쳐냅니다.",
		"3. 파는 송송썰어서 2스푼정도 준비하고, 다진마늘은 1/2스푼 준비합니다.",
		"4. 분량의 진간장, 설탕, 고춧가루, 통깨, 파, 다진마늘을 넣고 섞어 양념장을 만듭니다.",
		"5. 노릇하게 부쳐낸 두부를 한켜깔고 양념장을 올려 줍니다.",
		"6. 그 위에 다시 두부깔고 양념장을 올려줍니다.",
		"7. 양념장 그릇에 물100ml정도를 넣어 양념을 헹군물을 냄비에 부어줍니다.",
		"8. 중간불에서 5분정도 끓이며 중간중간 국물을 끼얹어 주며 조려주면 완성."
	],
	"recipe_img": [
		"https://recipe1.ezmember.co.kr/cache/recipe/2015/06/04/f36ea6803889f435dfb0228d8a8eb38d1.jpg",
		"https://recipe1.ezmember.co.kr/cache/recipe/2015/06/04/6a236ccd6f96444c9a6a6738b209cb071.jpg",
		"https://recipe1.ezmember.co.kr/cache/recipe/2015/06/04/ab482304a88b0a63e9be99fa63751cf21.jpg",
		"https://recipe1.ezmember.co.kr/cache/recipe/2015/06/04/9c987b6b289a56dd4984755ac9e34dda1.jpg",
		"https://recipe1.ezmember.co.kr/cache/recipe/2015/06/04/3e24df833e72cb8170665842cec070dd1.jpg",
		"https://recipe1.ezmember.co.kr/cache/recipe/2015/06/04/b6aa2724228406476e88fd579a4ac5b51.jpg",
		"https://recipe1.ezmember.co.kr/cache/recipe/2015/06/04/cb796b82dbe13bdff3ed045e4d734cb51.jpg",
		"https://recipe1.ezmember.co.kr/cache/recipe/2015/06/04/f4faa40ff5324862c36ce5c4b9ef2dca1.jpg"
	],
	"tag": [
		"두부, 두부조림, 조림, 콩+견과류"
	]
}