{
	"id": "4590378",
	"name": "두부참치찌개 만드는 법",
	"thumbnail": "https://recipe1.ezmember.co.kr/cache/recipe/2015/06/18/91cdd51109994479093d14e4cb876285.jpg",
	"url": "https://www.10000recipe.com/recipe/4590378",
	"ingredient_ids": [
		8158,
		51720,
		51771,
		8824,
		8676,
		51684,
		51683
	],
	"time": "30",
	"ingre_list": [
		{
			"ingre_name": "두부",
			"ingre_count": "1",
			"ingre_unit": "모"
		},
		{
			"ingre_name": "참치캔",
			"ingre_count": "1",
			"ingre_unit": "통"
		},
		{
			"ingre_name": "신김치",
			"ingre_count": "1/2",
			"ingre_unit": "컵"
		},
		{
			"ingre_name": "대파",
			"ingre_count": "1/2",
			"ingre_unit": "대"
		},
		{
			"ingre_name": "양파",
			"ingre_count": "1/4",
			"ingre_unit": "개"
		},
		{
			"ingre_name": "식용유",
			"ingre_count": "",
			"ingre_unit": "약간"
		},
		{
			"ingre_name": "물",
			"ingre_count": "180",
			"ingre_unit": "ml"
		}
	],
	"sauce_list": [
		{
			"ingre_name": "고추가루",
			"ingre_count": "2",
			"ingre_unit": "T"
		},
		{
			"ingre_name": "미림",
			"ingre_count": "1",
			"ingre_unit": "T"
		},
		{
			"ingre_name": "간장",
			"ingre_count": "2",
			"ingre_unit": "T"
		},
		{
			"ingre_name": "고추장",
			"ingre_count": "1",
			"ingre_unit": "T"
		},
		{
			"ingre_name": "다진마늘",
			"ingre_count": "1",
			"ingre_unit": "T"
		},
		{
			"ingre_name": "참기름",
			"ingre_count": "",
			"ingre_unit": "약간"
		},
		{
			"ingre_name": "후추",
			"ingre_count": "",
			"ingre_unit": ""
		}
	],
	"recipe": [
		"1. 양념장은 모두 섞어 만들어둡니다.",
		"2. 달군팬에 식용유를 약간 두르고 신김치를 볶아주세요.",
		"3. 김치를 살짝 볶아 위에 두부를 올리고 양념을 뿌려주세요.",
		"4. 참치캔을 따서 붓고 물을 부어 끓여줍니다. 참치캔의 국물을 같이 넣으셔도 됩니다.",
		"5. 끓으면 중약불로 줄여 대파와 양파를 넣고 조금 더 졸여주세요. 국물없는 조림을 원하시면 물양을 조금 적게 붓고 졸여주시면 됩니다."
	],
	"recipe_img": [
		"https://recipe1.ezmember.co.kr/cache/recipe/2015/06/18/724ddc4d78b20f079a089ba62f6fc0c11.jpg",
		"https://recipe1.ezmember.co.kr/cache/recipe/2015/06/18/87e2117d18e3b2491d38169b3bdb448f1.jpg",
		"https://recipe1.ezmember.co.kr/cache/recipe/2015/06/18/aa7a8185516a2f4e44284a2a64b450171.jpg",
		"https://recipe1.ezmember.co.kr/cache/recipe/2015/06/18/512ee6abef7207540bbc52cdfc546a521.jpg",
		"https://recipe1.ezmember.co.kr/cache/recipe/2015/06/18/6fd78312b35d4fb7e20e0ab272368b451.jpg"
	],
	"tag": [
		"두부, 두부찌개, 찌개, 콩+견과류"
	]
}