{
	"id": "4591399",
	"name": "얼큰한 만두전골 끓이기",
	"thumbnail": "https://recipe1.ezmember.co.kr/cache/recipe/2015/06/24/5088e96d1866d670aada0a8096c45104.jpg",
	"url": "https://www.10000recipe.com/recipe/4591399",
	"ingredient_ids": [
		6951,
		51762,
		51725,
		8824,
		8676,
		8855,
		8544,
		51763,
		51690,
		10382,
		22928,
		51682,
		10493
	],
	"time": "60",
	"ingre_list": [
		{
			"ingre_name": "만두",
			"ingre_count": "6",
			"ingre_unit": "개"
		},
		{
			"ingre_name": "떡국떡",
			"ingre_count": "1/2",
			"ingre_unit": "줌"
		},
		{
			"ingre_name": "버섯",
			"ingre_count": "1",
			"ingre_unit": "줌"
		},
		{
			"ingre_name": "대파",
			"ingre_count": "1",
			"ingre_unit": "대"
		},
		{
			"ingre_name": "양파",
			"ingre_count": "1/4",
			"ingre_unit": "개"
		},
		{
			"ingre_name": "애호박",
			"ingre_count": "1/4",
			"ingre_unit": "개"
		},
		{
			"ingre_name": "부추",
			"ingre_count": "",
			"ingre_unit": "약간"
		},
		{
			"ingre_name": "멸치다시마육수",
			"ingre_count": "5",
			"ingre_unit": "컵"
		},
		{
			"ingre_name": "고추가루",
			"ingre_count": "2",
			"ingre_unit": "T"
		},
		{
			"ingre_name": "청주",
			"ingre_count": "1",
			"ingre_unit": "T"
		},
		{
			"ingre_name": "국간장",
			"ingre_count": "1",
			"ingre_unit": "T"
		},
		{
			"ingre_name": "다진마늘",
			"ingre_count": "1/2",
			"ingre_unit": "T"
		},
		{
			"ingre_name": "후추",
			"ingre_count": "",
			"ingre_unit": "약간"
		}
	],
	"sauce_list": [],
	"recipe": [
		"1. 집에있는 버섯을 이용했답니다. 표고버섯은 넣으시면 국물이 더 감칠맛나고 시원하네요. 애호박이랑 양파는 달큰함을 더해주니 넣어주시구요. 대파도 국물을 시원하게 해준답니다.",
		"2. 만두를 준비해 주시고 떡국떡은 미리 물에 살짝 담궈 두었답니다.",
		"3. 분량대로 다대기를 미리 만들어 둡니다.",
		"4. 전골냄비에 모든 재료들 이뿌게 소복히 담아줍니다.",
		"5. 미리 만들어 놓은 멸치다시마 육수를 5컵 부어줍니다.",
		"6. 국물이 팔팔 끓어오르면 미리 만들어 둔 다대기를 넣고 풀어줍니다.",
		"7. 부추가 있어서 넣어줬답니다. 마지막에 살짝 넣고 한소끔 끓여내시면 됩니다."
	],
	"recipe_img": [
		"https://recipe1.ezmember.co.kr/cache/recipe/2015/06/24/5d6f23410be26ec647c325190f928a861.jpg",
		"https://recipe1.ezmember.co.kr/cache/recipe/2015/06/24/c43b1534d56dc1c3e9bd1e2fe7e7204c1.jpg",
		"https://recipe1.ezmember.co.kr/cache/recipe/2015/06/24/9ba38408fb8b13939d1440c2a1a7f8471.jpg",
		"https://recipe1.ezmember.co.kr/cache/recipe/2015/06/24/a564145fff66332ece8f7418ca490a501.jpg",
		"https://recipe1.ezmember.co.kr/cache/recipe/2015/06/24/4c6042439bb013dce8b52168eef3c7321.jpg",
		"https://recipe1.ezmember.co.kr/cache/recipe/2015/06/24/821faf1639239160b10fb1b891f4133c1.jpg",
		"https://recipe1.ezmember.co.kr/cache/recipe/2015/06/24/bead620394e63d58638aaa24b3318d7c1.jpg"
	],
	"tag": [
		"국+탕, 만두, 만두전골"
	]
}