{
	"id": "4602403",
	"name": "두부조림 만들기",
	"thumbnail": "https://recipe1.ezmember.co.kr/cache/recipe/2015/06/03/a99e761cdb0ecb7a4b1933c8ce40a47d1.jpg",
	"url": "https://www.10000recipe.com/recipe/4602403",
	"ingredient_ids": [
		8158
	],
	"time": "30",
	"ingre_list": [
		{
			"ingre_name": "두부",
			"ingre_count": "1",
			"ingre_unit": "모"
		}
	],
	"sauce_list": [
		{
			"ingre_name": "고추가루",
			"ingre_count": "2",
			"ingre_unit": "TS"
		},
		{
			"ingre_name": "대파",
			"ingre_count": "",
			"ingre_unit": "조금"
		},
		{
			"ingre_name": "청양고추2개정도",
			"ingre_count": "2",
			"ingre_unit": "개 정도"
		},
		{
			"ingre_name": "간장",
			"ingre_count": "6",
			"ingre_unit": "TS"
		},
		{
			"ingre_name": "요리당",
			"ingre_count": "2",
			"ingre_unit": "TS"
		},
		{
			"ingre_name": "참기름",
			"ingre_count": "",
			"ingre_unit": "조금"
		},
		{
			"ingre_name": "마늘",
			"ingre_count": "0.",
			"ingre_unit": "TS"
		},
		{
			"ingre_name": "통깨",
			"ingre_count": "",
			"ingre_unit": "조금"
		},
		{
			"ingre_name": "물",
			"ingre_count": "",
			"ingre_unit": "조금"
		}
	],
	"recipe": [
		"1. 양념장은 분량대로 섞어줍니다.",
		"2. 두부는 먹기좋은 크기로 썰어줍니다. 키친타월에 올려 물기를 제거해주세요.",
		"3. 오일을 두른팬에 두부를 올려 .노릇하게 구워주세요.",
		"4. 두부가 노릇해지면 양념장을 올려 양념이 베이도록 잘 조려줍니다."
	],
	"recipe_img": [
		"https://recipe1.ezmember.co.kr/cache/recipe/2015/06/04/f515df8bcd81fbbce1c3851e970cadf11.jpg",
		"https://recipe1.ezmember.co.kr/cache/recipe/2015/06/04/77b2d13f12067e65bdedae1e10071ebf1.jpg",
		"https://recipe1.ezmember.co.kr/cache/recipe/2015/06/04/7591501dd3f156eed558723950b154581.jpg",
		"https://recipe1.ezmember.co.kr/cache/recipe/2015/06/04/0b9a6bce7bb588c891ff3d9bff6742ad1.jpg"
	],
	"tag": [
		"두부, 두부조림, 조림, 콩+견과류"
	]
}