{
	"id": "4603892",
	"name": "상큼한 도라지오이무침 ",
	"thumbnail": "https://recipe1.ezmember.co.kr/cache/recipe/2015/06/15/5cb3696f26adca92c4a965bbbf662363.jpg",
	"url": "https://www.10000recipe.com/recipe/4603892",
	"ingredient_ids": [
		8392,
		8710,
		51730,
		8824,
		51682
	],
	"time": "15",
	"ingre_list": [
		{
			"ingre_name": "도라지",
			"ingre_count": "1",
			"ingre_unit": "봉"
		},
		{
			"ingre_name": "오이",
			"ingre_count": "1",
			"ingre_unit": "개"
		},
		{
			"ingre_name": "굵은소금",
			"ingre_count": "",
			"ingre_unit": "약간"
		},
		{
			"ingre_name": "대파",
			"ingre_count": "1",
			"ingre_unit": "뿌리"
		},
		{
			"ingre_name": "다진마늘",
			"ingre_count": "1",
			"ingre_unit": "작은술"
		}
	],
	"sauce_list": [
		{
			"ingre_name": "고추가루",
			"ingre_count": "2",
			"ingre_unit": "T"
		},
		{
			"ingre_name": "깨소금",
			"ingre_count": "",
			"ingre_unit": "약간"
		},
		{
			"ingre_name": "식초",
			"ingre_count": "1",
			"ingre_unit": "T"
		},
		{
			"ingre_name": "설탕",
			"ingre_count": "1",
			"ingre_unit": "T"
		}
	],
	"recipe": [
		"1. 도라지에 굵은소금을 뿌려 줍니다.",
		"2. 소금을 뿌린 도라지를 바락바락 주물러 쓴맛을 제거합니다.",
		"3. 오이는 먹기좋게 썰어 소금에 절여둡니다.",
		"4. 볼에 오이, 도라지, 대파, 다진 마늘을 넣고 분량의 양념과 함께 버무리면 완성입니다."
	],
	"recipe_img": [
		"https://recipe1.ezmember.co.kr/cache/recipe/2015/06/16/1416fba28126aa377c1085bd2e73c7d11.jpg",
		"https://recipe1.ezmember.co.kr/cache/recipe/2015/06/16/58389a3d82c466b8a04161af497852bd1.jpg",
		"https://recipe1.ezmember.co.kr/cache/recipe/2015/06/16/0432cf092ae9e99b0fc9c86adc1be8f71.jpg",
		"https://recipe1.ezmember.co.kr/cache/recipe/2015/06/16/b1da319778e6a1e6cb42c9814f98c8a81.jpg"
	],
	"tag": [
		"무침, 오이무침"
	]
}