{
	"id": "4620196",
	"name": "우유향 솔솔 담백한 연유머핀",
	"thumbnail": "https://recipe1.ezmember.co.kr/cache/recipe/2015/06/19/5cf1176be9fb723823b690e41c1d072e.jpg",
	"url": "https://www.10000recipe.com/recipe/4620196",
	"ingredient_ids": [
		51757,
		10218,
		9456,
		51687,
		51699,
		10230
	],
	"time": "60",
	"ingre_list": [
		{
			"ingre_name": "오일",
			"ingre_count": "30",
			"ingre_unit": "g"
		},
		{
			"ingre_name": "연유",
			"ingre_count": "70",
			"ingre_unit": "g"
		},
		{
			"ingre_name": "달걀",
			"ingre_count": "1",
			"ingre_unit": "개"
		},
		{
			"ingre_name": "박력분",
			"ingre_count": "120",
			"ingre_unit": "g"
		},
		{
			"ingre_name": "베이킹파우더",
			"ingre_count": "1/2",
			"ingre_unit": "작은술"
		},
		{
			"ingre_name": "우유",
			"ingre_count": "30~40ml",
			"ingre_unit": "ml"
		}
	],
	"sauce_list": [],
	"recipe": [
		"1. 오일, 연유, 달걀을 골고루 섞어 주세요. 체에 내린 가루류를 넣고 가볍게 섞어 주세요.",
		"2. 가루가 안 보일 때쯤 우유를 넣고 가볍게 섞어 주세요. (치대시면 빵이 아닌 떡이 나와요. 가루가 안 보일 정도로만 가볍게 섞어 주세요.)",
		"3. 완성된 반죽을 머핀틀에 담고 180도로 예열한 오븐에서 22~25분 가량 구워 주세요.오븐",
		"4. 노릇노릇 연유머핀 완성~"
	],
	"recipe_img": [
		"https://recipe1.ezmember.co.kr/cache/recipe/2015/06/19/e52aac51257d0ae614968baff68617061.jpg",
		"https://recipe1.ezmember.co.kr/cache/recipe/2015/06/19/b51f2669edf8bfdabcb6da74b9d188251.jpg",
		"https://recipe1.ezmember.co.kr/cache/recipe/2015/06/19/a28fce10cb322d352d24ddedaf73baaa1.jpg",
		"https://recipe1.ezmember.co.kr/cache/recipe/2015/06/19/a16a537f24a7d88a472f90d41023800b.jpg"
	],
	"tag": [
		"간식, 곡류, 굽기, 머핀, 우유"
	]
}