{
	"id": "4645165",
	"name": "새우달걀볶음 간단한달걀요리 ",
	"thumbnail": "https://recipe1.ezmember.co.kr/cache/recipe/2015/06/18/a16e14bcfe1875a41f91f3d0e006a4dd.jpg",
	"url": "https://www.10000recipe.com/recipe/4645165",
	"ingredient_ids": [
		9456,
		51758,
		8823
	],
	"time": "10",
	"ingre_list": [
		{
			"ingre_name": "달걀",
			"ingre_count": "3",
			"ingre_unit": "개"
		},
		{
			"ingre_name": "칵테일새우",
			"ingre_count": "100",
			"ingre_unit": "g"
		},
		{
			"ingre_name": "쪽파",
			"ingre_count": "1",
			"ingre_unit": "줄기"
		}
	],
	"sauce_list": [
		{
			"ingre_name": "소금",
			"ingre_count": "",
			"ingre_unit": ""
		},
		{
			"ingre_name": "후추",
			"ingre_count": "",
			"ingre_unit": ""
		},
		{
			"ingre_name": "버터",
			"ingre_count": "1",
			"ingre_unit": "T"
		}
	],
	"recipe": [
		"1. 재료를 준비합니다. 전 칵테일새우는 냉동실에 늘 준비해두는 거라 칵테일새우로 했어요. 일반새우로 하셔도 됩니다. 파는 쪽파가 없으면 대파 작은걸로 준비해주세요.",
		"2. 달걀은 풀어서 소금약간,후추를 뿌려둡니다.",
		"3. 달군 팬에 버터1큰술을 넣고",
		"4. 중불에서 새우를 넣고 살짝 볶다가",
		"5. 달걀을 넣고 볶아주세요.",
		"6. 달걀이 반숙상태가 될 때 파를 넣고 소금한꼬집,후추를 넣고 볶아주어요.",
		"7. 마지막으로 간장 2작은술을 둘러 볶아 마무리합니다."
	],
	"recipe_img": [
		"https://recipe1.ezmember.co.kr/cache/recipe/2015/06/18/43f54429d6ceb828208c6ecce2cff5621.jpg",
		"https://recipe1.ezmember.co.kr/cache/recipe/2015/06/18/a84c0a2a4d672a55eeb082b1017a9d631.jpg",
		"https://recipe1.ezmember.co.kr/cache/recipe/2015/06/18/036f4527196214e13ec0138e1074d8ce1.jpg",
		"https://recipe1.ezmember.co.kr/cache/recipe/2015/06/18/3e795825e04cb1f8f8aa520e358790f11.jpg",
		"https://recipe1.ezmember.co.kr/cache/recipe/2015/06/18/a88d9c0e48a29df371e1ec925d0fb4a01.jpg",
		"https://recipe1.ezmember.co.kr/cache/recipe/2015/06/18/01972b03d41688b9729c6f76c7b883401.jpg",
		"https://recipe1.ezmember.co.kr/cache/recipe/2015/06/18/e2aa5cd9c5ab9cf2f3affe6dfa6f525e1.jpg"
	],
	"tag": [
		"계란, 달걀+유제품, 달걀, 새우볶음, 에그"
	]
}