{
	"id": "4648239",
	"name": "매콤한 어묵조림 ",
	"thumbnail": "https://recipe1.ezmember.co.kr/cache/recipe/2015/06/03/a68818a474541b122c2564d6dbaa712f1.jpg",
	"url": "https://www.10000recipe.com/recipe/4648239",
	"ingredient_ids": [
		10136,
		8676,
		8824
	],
	"time": "15",
	"ingre_list": [
		{
			"ingre_name": "어묵",
			"ingre_count": "6",
			"ingre_unit": "장"
		},
		{
			"ingre_name": "양파",
			"ingre_count": "1",
			"ingre_unit": "개"
		},
		{
			"ingre_name": "대파",
			"ingre_count": "1",
			"ingre_unit": "개"
		}
	],
	"sauce_list": [
		{
			"ingre_name": "다진마늘",
			"ingre_count": "1/2",
			"ingre_unit": "T"
		},
		{
			"ingre_name": "간장",
			"ingre_count": "3",
			"ingre_unit": "T"
		},
		{
			"ingre_name": "물",
			"ingre_count": "2",
			"ingre_unit": "T"
		},
		{
			"ingre_name": "깨소금",
			"ingre_count": "",
			"ingre_unit": "약간"
		},
		{
			"ingre_name": "식용유",
			"ingre_count": "",
			"ingre_unit": "약간"
		},
		{
			"ingre_name": "고추가루",
			"ingre_count": "1",
			"ingre_unit": "T"
		},
		{
			"ingre_name": "요리당",
			"ingre_count": "2",
			"ingre_unit": "T"
		}
	],
	"recipe": [
		"1. 어묵은 먹기좋게 썰어줍니다.",
		"2. 양파도 먹기좋은 크기로 잘라주세요.",
		"3. 어묵볶음에 간장 3큰술을 넣어 주세요.",
		"4. 요리당 2큰술을 넣어 주세요.",
		"5. 고추가루1큰술을 넣어 주세요.",
		"6. 식용유 약간과 다진마늘 1/2큰술을 넣어줍니다.",
		"7. 다진대파를 넣고 타지않게 물 2큰술을 넣고 볶아줍니다.",
		"8. 양념이 잘 베이면 통깨뿌리고 마무리해줍니다."
	],
	"recipe_img": [
		"https://recipe1.ezmember.co.kr/cache/recipe/2015/06/03/57953a4573c1ce865ed066213d1f7a361.jpg",
		"https://recipe1.ezmember.co.kr/cache/recipe/2015/06/03/540ea5d7323b3c5e93cd9099e2fe0de31.jpg",
		"https://recipe1.ezmember.co.kr/cache/recipe/2015/06/03/cafe46579688e62185a5745195b4d9241.jpg",
		"https://recipe1.ezmember.co.kr/cache/recipe/2015/06/03/2e5145d21623d633d19bd9e939f867cc1.jpg",
		"https://recipe1.ezmember.co.kr/cache/recipe/2015/06/03/2b7df30a4dc233b0fde7d4705daead421.jpg",
		"https://recipe1.ezmember.co.kr/cache/recipe/2015/06/03/1891693d3d257d6c774c9a32261a39b41.jpg",
		"https://recipe1.ezmember.co.kr/cache/recipe/2015/06/03/c27a840a64b663245adfa2f997443f781.jpg",
		"https://recipe1.ezmember.co.kr/cache/recipe/2015/06/03/ae0904b85c731fe792f29f037989f44c1.jpg"
	],
	"tag": [
		"가공식품류, 어묵조림, 조림"
	]
}