{
	"id": "4666779",
	"name": "향긋한 깻잎나물",
	"thumbnail": "https://recipe1.ezmember.co.kr/cache/recipe/2015/06/08/ea554432df5e6ba120ea683c66ee35c7.jpg",
	"url": "https://www.10000recipe.com/recipe/4666779",
	"ingredient_ids": [
		51700,
		8824,
		51730
	],
	"time": "15",
	"ingre_list": [
		{
			"ingre_name": "깻잎",
			"ingre_count": "1",
			"ingre_unit": "봉지"
		},
		{
			"ingre_name": "대파",
			"ingre_count": "1",
			"ingre_unit": "뿌리"
		},
		{
			"ingre_name": "굵은소금",
			"ingre_count": "",
			"ingre_unit": "약간"
		}
	],
	"sauce_list": [
		{
			"ingre_name": "다진마늘",
			"ingre_count": "1",
			"ingre_unit": "T"
		},
		{
			"ingre_name": "간장",
			"ingre_count": "2",
			"ingre_unit": "T"
		},
		{
			"ingre_name": "고추가루",
			"ingre_count": "1",
			"ingre_unit": "T"
		},
		{
			"ingre_name": "참기름",
			"ingre_count": "1",
			"ingre_unit": "T"
		},
		{
			"ingre_name": "깨소금",
			"ingre_count": "",
			"ingre_unit": "약간"
		}
	],
	"recipe": [
		"1. 냄비에 물을 넣고 끊이다가 굵은소금 1큰술을 넣고 깻잎을 살짝 데쳐주세요.",
		"2. 데친 깻잎을 차가운 물에 헹군후 후라이팬에 담아 주세요.",
		"3. 다진마늘 1큰술, 대파를 썰어 넣어 주세요.",
		"4. 간장2큰술을 넣어 주세요.",
		"5. 중불에서 볶으면서 고추가루 1큰술을 넣어 주세요.",
		"6. 깨소금과 참기름 1큰술을 넣어 볶으면 완성입니다."
	],
	"recipe_img": [
		"https://recipe1.ezmember.co.kr/cache/recipe/2015/06/16/8094347e9a22f38fb9cc9f334e0067281.jpg",
		"https://recipe1.ezmember.co.kr/cache/recipe/2015/06/16/bf98d331cf390a3a43015207d0bdfe6c1.jpg",
		"https://recipe1.ezmember.co.kr/cache/recipe/2015/06/16/92f1278d0545e5d9729ad9bd131971b61.jpg",
		"https://recipe1.ezmember.co.kr/cache/recipe/2015/06/16/7f73eac62a97a6cee570e5646c4158b01.jpg",
		"https://recipe1.ezmember.co.kr/cache/recipe/2015/06/16/f4fe930edaf262f66cced32b9b604f891.jpg",
		"https://recipe1.ezmember.co.kr/cache/recipe/2015/06/16/148b26dbb9e8357efeebb2ac88d8cfcf1.jpg"
	],
	"tag": [
		"나물"
	]
}