{
	"id": "4667061",
	"name": " 애호박 볶음",
	"thumbnail": "https://recipe1.ezmember.co.kr/cache/recipe/2015/06/19/e9113809ee3ff242543ac31eae597f9c.jpg",
	"url": "https://www.10000recipe.com/recipe/4667061",
	"ingredient_ids": [
		8855,
		8676
	],
	"time": "15",
	"ingre_list": [
		{
			"ingre_name": "애호박",
			"ingre_count": "1",
			"ingre_unit": "개"
		},
		{
			"ingre_name": "양파",
			"ingre_count": "1",
			"ingre_unit": "개"
		}
	],
	"sauce_list": [
		{
			"ingre_name": "식용유",
			"ingre_count": "",
			"ingre_unit": ""
		},
		{
			"ingre_name": "새우젓",
			"ingre_count": "1",
			"ingre_unit": "TS"
		},
		{
			"ingre_name": "다진마늘",
			"ingre_count": "",
			"ingre_unit": "조금"
		},
		{
			"ingre_name": "고추가루",
			"ingre_count": "0.",
			"ingre_unit": "TS"
		},
		{
			"ingre_name": "통깨",
			"ingre_count": "",
			"ingre_unit": "약간"
		}
	],
	"recipe": [
		"1. 양파와 호박은 먹기좋은 크기로 썰어주시고...호박은 소금에 살짝 절여두세요.",
		"2. 냄비에 양파, 호박을 모두 넣고 골고루 잘 볶아주다가...",
		"3. 새우젓을 넣고 간을 맞춰주세요.",
		"4. 그리고 마지막에 고추가루를 넣어서 살짝 볶은 뒤에 통깨를 뿌려 마무리를 해주세요. (저는 살짝 매콤하게 먹을려고 고추가루를 넣어주었는데, 이건 취향껏 넣어주세요)"
	],
	"recipe_img": [
		"https://recipe1.ezmember.co.kr/cache/recipe/2015/06/19/3becb0fcbbbc7516588528f5b0d7fae31.jpg",
		"https://recipe1.ezmember.co.kr/cache/recipe/2015/06/19/23e0f2d091f0425ab0d431d506ba39411.jpg",
		"https://recipe1.ezmember.co.kr/cache/recipe/2015/06/19/57d459e7ae25dfaba7a9759ba96b6e871.jpg",
		"https://recipe1.ezmember.co.kr/cache/recipe/2015/06/19/0eff298ea636ccb540b7807884e360c81.jpg"
	],
	"tag": [
		"애호박볶음"
	]
}