{
	"id": "4670957",
	"name": "조기조림",
	"thumbnail": "https://recipe1.ezmember.co.kr/cache/recipe/2015/06/08/e3671e702936106142d32430063b76ac.jpg",
	"url": "https://www.10000recipe.com/recipe/4670957",
	"ingredient_ids": [
		9859,
		7997,
		8676,
		8824,
		8304
	],
	"time": "30",
	"ingre_list": [
		{
			"ingre_name": "조기",
			"ingre_count": "7",
			"ingre_unit": "마리"
		},
		{
			"ingre_name": "감자",
			"ingre_count": "3~4개",
			"ingre_unit": "개"
		},
		{
			"ingre_name": "양파",
			"ingre_count": "1",
			"ingre_unit": "개"
		},
		{
			"ingre_name": "대파",
			"ingre_count": "",
			"ingre_unit": ""
		},
		{
			"ingre_name": "풋고추",
			"ingre_count": "",
			"ingre_unit": ""
		}
	],
	"sauce_list": [
		{
			"ingre_name": "고춧가루",
			"ingre_count": "2",
			"ingre_unit": "T"
		},
		{
			"ingre_name": "고추장",
			"ingre_count": "1/2",
			"ingre_unit": "T"
		},
		{
			"ingre_name": "마늘",
			"ingre_count": "1",
			"ingre_unit": "T"
		},
		{
			"ingre_name": "간장",
			"ingre_count": "1",
			"ingre_unit": "T"
		},
		{
			"ingre_name": "멸치액젓",
			"ingre_count": "1",
			"ingre_unit": "T"
		},
		{
			"ingre_name": "멸치다시물",
			"ingre_count": "1",
			"ingre_unit": "그릇"
		},
		{
			"ingre_name": "올리고당",
			"ingre_count": "1",
			"ingre_unit": "T"
		},
		{
			"ingre_name": "맛술(소주)",
			"ingre_count": "2",
			"ingre_unit": "T"
		},
		{
			"ingre_name": "참기름",
			"ingre_count": "3",
			"ingre_unit": "T"
		}
	],
	"recipe": [
		"1. 감자 중간크기 3~4개를 준비하여 큼직하여 썰어 조기조림을 하기 위해 냄비 바닥에 깔아놓아요.",
		"2. 손질한 조기를 감자 위에 나란히 올려주세요.",
		"3. 양파를 깨끗히 씻은후 얇게 썰어서 조기 위에 올립니다.",
		"4. 분량의 양념장을 만들어요.",
		"5. 조기조림 양념장을 준비해 둔 냄비에 고루 부어주세요.",
		"6. 약불에서 약 15~17분간 끓입니다. 조기조림을 끓이는 동안 중간중간 숟가락으로 국물을 조기 위에 끼얹어주세요.",
		"7. 뚜껑을 열어 대파와 풋고추를 송송 썰어 넣어줍니다. 3~4분간 조려주면 완성."
	],
	"recipe_img": [
		"https://recipe1.ezmember.co.kr/cache/recipe/2015/06/16/28e78e26ab507113ed22956d3bfe5b841.jpg",
		"https://recipe1.ezmember.co.kr/cache/recipe/2015/06/16/8b831e8e69cd8fec41cf6975e85eec1e1.jpg",
		"https://recipe1.ezmember.co.kr/cache/recipe/2015/06/16/b11b64590653d05c0697c62963eb69ea1.jpg",
		"https://recipe1.ezmember.co.kr/cache/recipe/2015/06/16/834704a744d170d4207e71df1d52349f1.jpg",
		"https://recipe1.ezmember.co.kr/cache/recipe/2015/06/16/32abafc9354796980df6809c6c9f43aa1.jpg",
		"https://recipe1.ezmember.co.kr/cache/recipe/2015/06/16/26a550e931ee2ed2ccc84c404dcbdce41.jpg",
		"https://recipe1.ezmember.co.kr/cache/recipe/2015/06/16/e977fc2cc35ff37cd30cc8b91518ae371.jpg"
	],
	"tag": [
		"조림, 해물류"
	]
}