{
	"id": "4683467",
	"name": "달콤 촉촉 카스테라",
	"thumbnail": "https://recipe1.ezmember.co.kr/cache/recipe/2015/06/19/52ee951bbc1786e517235974261b1dfd.jpg",
	"url": "https://www.10000recipe.com/recipe/4683467",
	"ingredient_ids": [
		9456,
		51778,
		10230,
		51757,
		51687
	],
	"time": "60",
	"ingre_list": [
		{
			"ingre_name": "달걀",
			"ingre_count": "3",
			"ingre_unit": "개"
		},
		{
			"ingre_name": "노른자",
			"ingre_count": "1",
			"ingre_unit": "개"
		},
		{
			"ingre_name": "우유",
			"ingre_count": "30",
			"ingre_unit": "ml"
		},
		{
			"ingre_name": "오일",
			"ingre_count": "15",
			"ingre_unit": "g"
		},
		{
			"ingre_name": "박력분",
			"ingre_count": "100",
			"ingre_unit": "g"
		}
	],
	"sauce_list": [
		{
			"ingre_name": "설탕",
			"ingre_count": "100",
			"ingre_unit": "g"
		}
	],
	"recipe": [
		"1. 달걀을 곱게 풀어 주세요. 풀어진 달걀에 설탕을 조금씩 섞으며 거품을 내주세요. (미지근한 물 위에 볼을 올린 상태에서 거품을 내주시면 좀 더 수월해요.)",
		"2. 달걀이 미색이 되고 거품이 충분히 올라오면 미지근하게 데운 우유와 오일을 조금씩 흘려 넣으며 섞어 주세요. 체에 내린 박력분을 넣고 재빨리 섞어 주세요.",
		"3. 완성된 반죽을 틀에 담고 180도로 예열한 오븐에서 10분간 굽다가 160도로 온도를 내린 후 15~20분 가량 구워 주세요. 오븐의 화력에 따라 굽는 시간이 달라집니다.오븐"
	],
	"recipe_img": [
		"https://recipe1.ezmember.co.kr/cache/recipe/2015/06/19/3aa9c8350a0046bb131672f18444231e1.jpg",
		"https://recipe1.ezmember.co.kr/cache/recipe/2015/06/19/44c29962753310034bf5ca78dff954bc1.jpg",
		"https://recipe1.ezmember.co.kr/cache/recipe/2015/06/19/b02cff1f80d65523051ee403197bea001.jpg"
	],
	"tag": [
		"밀가루, 카스테라"
	]
}