{
	"id": "4693758",
	"name": "두부김치",
	"thumbnail": "https://recipe1.ezmember.co.kr/cache/recipe/2015/06/18/7a7a46528095539d1e39281f5ffd2c8e.jpg",
	"url": "https://www.10000recipe.com/recipe/4693758",
	"ingredient_ids": [
		51787,
		8158,
		51684
	],
	"time": "60",
	"ingre_list": [
		{
			"ingre_name": "묵은지",
			"ingre_count": "",
			"ingre_unit": ""
		},
		{
			"ingre_name": "두부",
			"ingre_count": "",
			"ingre_unit": ""
		},
		{
			"ingre_name": "식용유",
			"ingre_count": "",
			"ingre_unit": ""
		}
	],
	"sauce_list": [
		{
			"ingre_name": "맛술",
			"ingre_count": "",
			"ingre_unit": ""
		},
		{
			"ingre_name": "올리고당",
			"ingre_count": "",
			"ingre_unit": ""
		},
		{
			"ingre_name": "참기름",
			"ingre_count": "",
			"ingre_unit": ""
		}
	],
	"recipe": [
		"1. 자~ 두부김치를 만들 김치를 볶아주어야지요. 김치 송송 썰어 팬에 담고 그 위에 식용류 2큰술, 맛술 1큰술을 둘러주세요.",
		"2. 올리고당 2와 1/2큰술과 참기름 1큰술을 더 둘러 센불에서 달달 볶아주세요.",
		"3. 센불에서 한 번 볶아준 후에는 중불로 조절한 뒤 물 5큰술을 두르고 끓이듯이 볶아줍니다.",
		"4. 이렇게 중불 혹은 중약불에서 15분가량 볶아주시면 되요.",
		"5. 중약불에서 김치가 잘~ 볶아질 동안 끓는 물에 두부를 살짝 데워주었어요.",
		"6. 두부김치 완성!"
	],
	"recipe_img": [
		"https://recipe1.ezmember.co.kr/cache/recipe/2015/06/18/e1f725a9716689e23c1fbc54efc9c1aa1.jpg",
		"https://recipe1.ezmember.co.kr/cache/recipe/2015/06/18/2ecf57d5fdf60f12accfa2d826950e191.jpg",
		"https://recipe1.ezmember.co.kr/cache/recipe/2015/06/18/9f7e0f0e2ccd3153d5808e1fff74f1231.jpg",
		"https://recipe1.ezmember.co.kr/cache/recipe/2015/06/18/6d929761aa5d22f397a6c17c97fdb4681.jpg",
		"https://recipe1.ezmember.co.kr/cache/recipe/2015/06/18/5ceb4abc8b4576c034ecdac34922c17d1.jpg",
		"https://recipe1.ezmember.co.kr/cache/recipe/2015/06/18/c980e37503a54256f5040a5c04c6c9111.jpg"
	],
	"tag": [
		"김치, 두부, 두부김치, 술안주"
	]
}