{
	"id": "4712953",
	"name": "쌈무 ",
	"thumbnail": "https://recipe1.ezmember.co.kr/cache/recipe/2015/06/08/1d52537cd506f0cc43707d13834af523.jpg",
	"url": "https://www.10000recipe.com/recipe/4712953",
	"ingredient_ids": [
		8452
	],
	"time": "15",
	"ingre_list": [
		{
			"ingre_name": "무",
			"ingre_count": "1/2",
			"ingre_unit": "개"
		}
	],
	"sauce_list": [
		{
			"ingre_name": "식초",
			"ingre_count": "100",
			"ingre_unit": "ml"
		},
		{
			"ingre_name": "설탕",
			"ingre_count": "100",
			"ingre_unit": "ml"
		},
		{
			"ingre_name": "소금",
			"ingre_count": "1/2",
			"ingre_unit": "T"
		},
		{
			"ingre_name": "물",
			"ingre_count": "100",
			"ingre_unit": "ml"
		}
	],
	"recipe": [
		"1. 채칼에 무를 슬라이스 해줍니다.",
		"2. 물 식초 설탕 100ml 를 잘 섞은후 소금 1/2t 스푼을 첨가해주세요.",
		"3. 슬라이스한 무를 용기 안에 담은 후 반나절정도 실온에 두세요."
	],
	"recipe_img": [
		"https://recipe1.ezmember.co.kr/cache/recipe/2015/06/19/35afa3fc4d1d7dc3d8587ae9208829d11.jpg",
		"https://recipe1.ezmember.co.kr/cache/recipe/2015/06/19/3c8b0a5c10b225b21f3e1289586ebade1.jpg",
		"https://recipe1.ezmember.co.kr/cache/recipe/2015/06/19/c305e1f6d8544ef4e0ff7b87a91800bd1.jpg"
	],
	"tag": [
		"쌈"
	]
}