{
	"id": "4727820",
	"name": "부추사과무침을 곁들인 차돌박이구이",
	"thumbnail": "https://recipe1.ezmember.co.kr/cache/recipe/2015/05/28/59f2e0e5c2296cfd75a2c1445b0a86e81.jpg",
	"url": "https://www.10000recipe.com/recipe/4727820",
	"ingredient_ids": [
		21116,
		8544,
		9374
	],
	"time": "30",
	"ingre_list": [
		{
			"ingre_name": "사과",
			"ingre_count": "1/2",
			"ingre_unit": "개"
		},
		{
			"ingre_name": "부추",
			"ingre_count": "100",
			"ingre_unit": "g"
		},
		{
			"ingre_name": "차돌박이",
			"ingre_count": "200",
			"ingre_unit": "g"
		}
	],
	"sauce_list": [
		{
			"ingre_name": "멸치액젓",
			"ingre_count": "1",
			"ingre_unit": "작은술"
		},
		{
			"ingre_name": "매실액",
			"ingre_count": "2",
			"ingre_unit": "T"
		},
		{
			"ingre_name": "고춧가루",
			"ingre_count": "1",
			"ingre_unit": "T"
		},
		{
			"ingre_name": "다진파",
			"ingre_count": "1",
			"ingre_unit": "작은술"
		},
		{
			"ingre_name": "다진마늘",
			"ingre_count": "1",
			"ingre_unit": "작은술"
		},
		{
			"ingre_name": "통깨",
			"ingre_count": "1",
			"ingre_unit": "작은술"
		}
	],
	"recipe": [
		"1. 차돌박이는 핏물을 제거하고 달군 프라이팬에 구워서 키친타월이나 기름종이로 기름기를 제거해줍니다.",
		"2. 분량의 양념 재료 멸치액젓, 매실액, 고춧가루, 다진 파, 다진 마늘, 통깨를 넣어 고루 섞어줍니다.",
		"3. 사과는 흐르는 물에 씻은 후 씨를 제거하고 채 썰어줍니다.",
		"4. 부추는 다듬어서 흐르는 물에 씻은 후 물기를 빼서 3~4Cm길이 정도로 썰어줍니다.",
		"5. 부추와 사과를 볼에 담고 양념을 넣어 간이 고루 배도록 살살 버무리듯 무쳐줍니다.",
		"6. 차돌박이구이를 접시에 돌려 담고 가운데 부추사과무침을 곁들여냅니다."
	],
	"recipe_img": [
		"https://recipe1.ezmember.co.kr/cache/recipe/2015/06/06/5b629dd114faa54921c6d6fc47ee08521.jpg",
		"https://recipe1.ezmember.co.kr/cache/recipe/2015/06/06/873d2413e461a38c9f02f2e3469bd5ab1.jpg",
		"https://recipe1.ezmember.co.kr/cache/recipe/2015/06/06/d8e3431b30130a8bfb611bc00764774e1.jpg",
		"https://recipe1.ezmember.co.kr/cache/recipe/2015/06/06/f57ab0dca88ca0d0bfc6330adb963f451.jpg",
		"https://recipe1.ezmember.co.kr/cache/recipe/2015/06/06/9db37f2b3c7217ae9788834f6ea98e3b1.jpg",
		"https://recipe1.ezmember.co.kr/cache/recipe/2015/06/06/9edb65803ff520e39e6b98203fec8b081.jpg"
	],
	"tag": [
		"구이, 무침, 부추무침, 사과, 소고기"
	]
}