{
	"id": "4733958",
	"name": "쫄깃향긋한 달래꼬막무침",
	"thumbnail": "https://recipe1.ezmember.co.kr/cache/recipe/2015/06/17/94e0d20ab49302c05f3bb73579ac8f7e.jpg",
	"url": "https://www.10000recipe.com/recipe/4733958",
	"ingredient_ids": [
		10996,
		8382
	],
	"time": "30",
	"ingre_list": [
		{
			"ingre_name": "꼬막",
			"ingre_count": "500",
			"ingre_unit": "g"
		},
		{
			"ingre_name": "달래",
			"ingre_count": "50",
			"ingre_unit": "g"
		}
	],
	"sauce_list": [
		{
			"ingre_name": "간장1+1/2숟갈",
			"ingre_count": "1+1/2",
			"ingre_unit": "T"
		},
		{
			"ingre_name": "식초",
			"ingre_count": "1",
			"ingre_unit": "T"
		},
		{
			"ingre_name": "올리고당",
			"ingre_count": "1",
			"ingre_unit": "T"
		},
		{
			"ingre_name": "고추가루",
			"ingre_count": "1/2",
			"ingre_unit": "T"
		},
		{
			"ingre_name": "고추장",
			"ingre_count": "1/2",
			"ingre_unit": "T"
		},
		{
			"ingre_name": "깨소금",
			"ingre_count": "",
			"ingre_unit": "약간"
		}
	],
	"recipe": [
		"1. 꼬막은 솔로 문지르거나 비벼 여러번 씻은 후 소금물에 3시간정도 푹 담궈둬 더러운 흙등을 빼내어줍니다.",
		"2. 냄비에 물을 넉넉하게 담은후 물이 팔팔 끓기 시작하면 찬물을 한컵 부어준후 꼬막을 넣어주세요.",
		"3. 중간중간 숟가락으로 저어가며 끓여 꼬막속에 남아있는 이물질도 빼주도록 하고 3분이상 끓이지 않아요.",
		"4. 삶은 꼬막은 건져냅니다.",
		"5. 한김식혀 꼬막살만 발라냅니다.",
		"6. 깨끗하게 다듬은 달래는 물에 여러번 흔들어 씻은후 탈탈 털어 물기를 쏙 빼줍니다.",
		"7. 달래는 3cm길이로 썰어줍니다.",
		"8. 볼에 양념장을 만들어 둡니다.",
		"9. 양념장에 달래랑 삶은 꼬막살을 넣고 재빨리 버무려주세요."
	],
	"recipe_img": [
		"https://recipe1.ezmember.co.kr/cache/recipe/2015/06/18/6dbc0d61555e0828c7db8e2ad91433271.jpg",
		"https://recipe1.ezmember.co.kr/cache/recipe/2015/06/18/e4295c713ebea98df54a27249473e61e1.jpg",
		"https://recipe1.ezmember.co.kr/cache/recipe/2015/06/18/98578b1849b217b74117a33adba03f771.jpg",
		"https://recipe1.ezmember.co.kr/cache/recipe/2015/06/18/81a0dac8248a55bd57d300c0e486581a1.jpg",
		"https://recipe1.ezmember.co.kr/cache/recipe/2015/06/18/855d0edfdcdde835a883e262a2e9b4a01.jpg",
		"https://recipe1.ezmember.co.kr/cache/recipe/2015/06/18/a55c5254742565356ff52b245a3817b11.jpg",
		"https://recipe1.ezmember.co.kr/cache/recipe/2015/06/18/999fe194e63b6fccc18e53ad1240ab331.jpg",
		"https://recipe1.ezmember.co.kr/cache/recipe/2015/06/18/8e3ed09cef2e3c3cb45ca3762b3081dc1.jpg",
		"https://recipe1.ezmember.co.kr/cache/recipe/2015/06/18/6916c8846d23ee2347df2c8ee051a7381.jpg"
	],
	"tag": [
		"꼬막, 꼬막무침, 무침"
	]
}