{
	"id": "4745346",
	"name": "손쉽게 쫄깃한 잡채만들기",
	"thumbnail": "https://recipe1.ezmember.co.kr/cache/recipe/2015/06/22/b4e83b0d5f5bb5c8fe9afb1f3739f26c.jpg",
	"url": "https://www.10000recipe.com/recipe/4745346",
	"ingredient_ids": [
		8035,
		9457,
		8627,
		8386,
		8676,
		10438,
		51684
	],
	"time": "60",
	"ingre_list": [
		{
			"ingre_name": "당면",
			"ingre_count": "100",
			"ingre_unit": "g"
		},
		{
			"ingre_name": "계란",
			"ingre_count": "2",
			"ingre_unit": "개"
		},
		{
			"ingre_name": "시금치",
			"ingre_count": "2",
			"ingre_unit": "줌"
		},
		{
			"ingre_name": "당근",
			"ingre_count": "",
			"ingre_unit": "약간"
		},
		{
			"ingre_name": "양파",
			"ingre_count": "1/2",
			"ingre_unit": "개"
		},
		{
			"ingre_name": "소금",
			"ingre_count": "",
			"ingre_unit": "약간"
		},
		{
			"ingre_name": "식용유",
			"ingre_count": "",
			"ingre_unit": "적당량"
		}
	],
	"sauce_list": [
		{
			"ingre_name": "다진마늘",
			"ingre_count": "1/3",
			"ingre_unit": "작은술"
		},
		{
			"ingre_name": "소금",
			"ingre_count": "",
			"ingre_unit": "약간"
		},
		{
			"ingre_name": "참기름",
			"ingre_count": "1/2",
			"ingre_unit": "T"
		},
		{
			"ingre_name": "간장",
			"ingre_count": "3",
			"ingre_unit": "T"
		},
		{
			"ingre_name": "참기름1+1/2큰술",
			"ingre_count": "1+1/2",
			"ingre_unit": "T"
		},
		{
			"ingre_name": "굴소스",
			"ingre_count": "1",
			"ingre_unit": "T"
		},
		{
			"ingre_name": "설탕",
			"ingre_count": "1/2",
			"ingre_unit": "T"
		},
		{
			"ingre_name": "참깨",
			"ingre_count": "",
			"ingre_unit": "약간"
		}
	],
	"recipe": [
		"1. 잡채에 사용될 당면은 찬물에 충분히 담궈 불려줍니다. 만들기 전 끓는 물에 1분 가량만 데쳐주면 되거든요.",
		"2. 달궈진 팬에 기름을 두른 후 양파와 당근을 차례대로 볶아주세요. 이때 간은 전혀 하지 않았어요.",
		"3. 잘 다듬어진 시금치는 끓는 물에 소금 약간과 함께 살짝 20초만 데쳐내 줍니다. 그리고 물기를 제거해 양념을 섞어 조물조물 무쳐내주세요.",
		"4. 불려둔 당면은 끓는 물에 살짝만 데쳐내 후 물기를 없애고 큰 볼에 넣어주었답니다. 그리고 계란지단을 제외한 나머지 채소를 넣고 분량의 잡채양념과 함께 조물조물 버무려줍니다.",
		"5. 이대로 두었다가 나중에 먹기 직전에 볶아드시면 된답니다."
	],
	"recipe_img": [
		"https://recipe1.ezmember.co.kr/cache/recipe/2015/06/22/3fb122960c3b8ba2c2a390d2de8a6aec1.jpg",
		"https://recipe1.ezmember.co.kr/cache/recipe/2015/06/22/2e5d139618b32e3a48fb91a736c83e961.jpg",
		"https://recipe1.ezmember.co.kr/cache/recipe/2015/06/22/95ce3b5ba49bd6069c03d63a6bb472341.jpg",
		"https://recipe1.ezmember.co.kr/cache/recipe/2015/06/22/29864130faa43c19493710ebe5525dd91.jpg",
		"https://recipe1.ezmember.co.kr/cache/recipe/2015/06/22/5e1fc0be9f6b690299157b8e37b4b58f1.jpg"
	],
	"tag": [
		"잡채"
	]
}