{
	"id": "4746544",
	"name": "사과도토리묵무침",
	"thumbnail": "https://recipe1.ezmember.co.kr/cache/recipe/2015/05/26/959a84b4a58e2d094ef82d5057217f0c1.jpg",
	"url": "https://www.10000recipe.com/recipe/4746544",
	"ingredient_ids": [
		21116,
		10720,
		8710,
		8592,
		10438
	],
	"time": "30",
	"ingre_list": [
		{
			"ingre_name": "사과",
			"ingre_count": "1/2",
			"ingre_unit": "개"
		},
		{
			"ingre_name": "도토리묵",
			"ingre_count": "320",
			"ingre_unit": "g"
		},
		{
			"ingre_name": "오이",
			"ingre_count": "1/2",
			"ingre_unit": "개"
		},
		{
			"ingre_name": "상추",
			"ingre_count": "3",
			"ingre_unit": "장"
		},
		{
			"ingre_name": "소금",
			"ingre_count": "",
			"ingre_unit": "약간"
		}
	],
	"sauce_list": [
		{
			"ingre_name": "양조간장1+1/2큰술",
			"ingre_count": "1+1/2",
			"ingre_unit": "T"
		},
		{
			"ingre_name": "고춧가루",
			"ingre_count": "1",
			"ingre_unit": "T"
		},
		{
			"ingre_name": "설탕",
			"ingre_count": "1",
			"ingre_unit": "작은술"
		},
		{
			"ingre_name": "다진파",
			"ingre_count": "1",
			"ingre_unit": "T"
		},
		{
			"ingre_name": "다진마늘",
			"ingre_count": "1",
			"ingre_unit": "작은술"
		},
		{
			"ingre_name": "통깨",
			"ingre_count": "1/2",
			"ingre_unit": "T"
		},
		{
			"ingre_name": "참기름",
			"ingre_count": "1",
			"ingre_unit": "T"
		}
	],
	"recipe": [
		"1. 사과는 흐르는 물에 씻은 후 씨를 제거하고 채 썰어줍니다.",
		"2. 오이는 돌기를 제거하고 소금으로 문질러서 씻은 후 반으로 썬 다음 어슷 썰고 상추는 흐르는 물에 씻은 후 물기를 제거하고 적당한 크기로 썰어줍니다.",
		"3. 도토리묵은 찬물에 헹군 다음 먹기 좋은 크기로 썰어줍니다.",
		"4. 분량의 양념장 재료 양조간장, 고춧가루, 설탕, 다진 파, 다진 마늘, 통깨, 참기름을 넣어 고루 섞어줍니다.",
		"5. 오이, 상추, 도토리묵, 사과를 볼에 담아줍니다.",
		"6. 양념장을 끼얹어서 간이 고루 배도록 살살 버무리듯 무쳐줍니다."
	],
	"recipe_img": [
		"https://recipe1.ezmember.co.kr/cache/recipe/2015/05/27/936173aebb20ff617980ab4ce4721e531.jpg",
		"https://recipe1.ezmember.co.kr/cache/recipe/2015/05/27/8fe410ab48f81650a31e21bcfe1390ef1.jpg",
		"https://recipe1.ezmember.co.kr/cache/recipe/2015/05/27/82fb668865866b64d247d1d1471d83ed1.jpg",
		"https://recipe1.ezmember.co.kr/cache/recipe/2015/05/27/6526829bb1e1ca2038c14ecb230fa8071.jpg",
		"https://recipe1.ezmember.co.kr/cache/recipe/2015/05/27/25691c9db506210932d0648a93172ad31.jpg",
		"https://recipe1.ezmember.co.kr/cache/recipe/2015/05/27/956c5de55733a568634c33efe3d8ea2d1.jpg"
	],
	"tag": [
		"도토리묵무침, 무침, 사과"
	]
}