{
	"id": "4782725",
	"name": "진미채 고추장 볶음",
	"thumbnail": "https://recipe1.ezmember.co.kr/cache/recipe/2015/06/08/c12870969b131313803180dcb0647408.jpg",
	"url": "https://www.10000recipe.com/recipe/4782725",
	"ingredient_ids": [
		51769
	],
	"time": "30",
	"ingre_list": [
		{
			"ingre_name": "진미채",
			"ingre_count": "300",
			"ingre_unit": "g"
		}
	],
	"sauce_list": [
		{
			"ingre_name": "고추장",
			"ingre_count": "4",
			"ingre_unit": "TS"
		},
		{
			"ingre_name": "간장",
			"ingre_count": "1",
			"ingre_unit": "TS"
		},
		{
			"ingre_name": "요리당",
			"ingre_count": "2",
			"ingre_unit": "TS"
		},
		{
			"ingre_name": "마요네즈",
			"ingre_count": "2",
			"ingre_unit": "TS"
		},
		{
			"ingre_name": "마늘",
			"ingre_count": "1",
			"ingre_unit": "TS"
		},
		{
			"ingre_name": "후추",
			"ingre_count": "",
			"ingre_unit": "약간"
		},
		{
			"ingre_name": "고추가루",
			"ingre_count": "1",
			"ingre_unit": "TS"
		},
		{
			"ingre_name": "통깨",
			"ingre_count": "",
			"ingre_unit": "조금"
		}
	],
	"recipe": [
		"1. 볶음팬에 고추장 4TS, 간장 1TS, 요리당 2TS, 마늘 1TS, 후추 약간, 고추가루1TS를 넣어 골고루 섞어준 뒤에 팬 끝에서 끓어오르기 시작하면",
		"2. 먹기좋은 크기로 자른 진미채를 넣고 가볍게 볶아줍니다.",
		"3. 양념이 골고루 베이면 가스불을 끄고 잔열에 마요네즈를 넣고 섞어준 뒤에 통깨를 뿌려 마무리를 해줍니다."
	],
	"recipe_img": [
		"https://recipe1.ezmember.co.kr/cache/recipe/2015/06/13/d8361daf4275c5d8e50752202da3102c1.jpg",
		"https://recipe1.ezmember.co.kr/cache/recipe/2015/06/13/ef8b3f6dd517cfa5bc92b3dbe163d85c1.jpg",
		"https://recipe1.ezmember.co.kr/cache/recipe/2015/06/13/58897480dcf541de7c9869924a410e2d1.jpg"
	],
	"tag": [
		"건어물류, 고추장, 진미채, 진미채볶음"
	]
}