{
	"id": "4791209",
	"name": "주꾸미볶음 & 소면",
	"thumbnail": "https://recipe1.ezmember.co.kr/cache/recipe/2015/06/16/46894820543702db8b45d533419e6f1e.jpg",
	"url": "https://www.10000recipe.com/recipe/4791209",
	"ingredient_ids": [
		11822,
		13309,
		8316,
		51772,
		10282,
		10382
	],
	"time": "60",
	"ingre_list": [
		{
			"ingre_name": "주꾸미",
			"ingre_count": "4",
			"ingre_unit": "마리"
		},
		{
			"ingre_name": "소면",
			"ingre_count": "1",
			"ingre_unit": "줌"
		},
		{
			"ingre_name": "청양고추",
			"ingre_count": "1",
			"ingre_unit": "개"
		},
		{
			"ingre_name": "검은깨",
			"ingre_count": "",
			"ingre_unit": "조금"
		},
		{
			"ingre_name": "참기름",
			"ingre_count": "",
			"ingre_unit": "조금"
		},
		{
			"ingre_name": "청주",
			"ingre_count": "",
			"ingre_unit": "조금"
		}
	],
	"sauce_list": [
		{
			"ingre_name": "고춧가루",
			"ingre_count": "2",
			"ingre_unit": "T"
		},
		{
			"ingre_name": "고추장",
			"ingre_count": "1.",
			"ingre_unit": "T"
		},
		{
			"ingre_name": "간장",
			"ingre_count": "1",
			"ingre_unit": "작은술"
		},
		{
			"ingre_name": "다진마늘",
			"ingre_count": "2",
			"ingre_unit": "작은술"
		},
		{
			"ingre_name": "생강",
			"ingre_count": "",
			"ingre_unit": "조금"
		},
		{
			"ingre_name": "설탕",
			"ingre_count": "1",
			"ingre_unit": "T"
		},
		{
			"ingre_name": "물엿",
			"ingre_count": "1",
			"ingre_unit": "T"
		},
		{
			"ingre_name": "참기름",
			"ingre_count": "1",
			"ingre_unit": "작은술"
		}
	],
	"recipe": [
		"1. 주꾸미는 머리를 뒤집어 먹물 주머니와 내장을 제거해 주고, 소금을 넣고 바락바락 주물러 깨끗한 물에 여러번 헹구어 물기를 빼줍니다. 그리고 청주를 넣고 데쳐 물기를 빼주세요.",
		"2. 저는 오븐 스팀으로 데쳤어요.",
		"3. 고춧가루 2큰술, 고추장 1큰술 반, 간장 1작은술, 다진마늘 2작은술, 생강 조금, 설탕 1큰술, 물엿 1큰술, 참기름 1작은술을 섞은 양념을",
		"4. 주꾸미에 잘 버무려줍니다.",
		"5. 오븐으로 조리 하거나오븐",
		"6. 팬에 볶아도 맛잇어요.",
		"7. 주꾸미가 요리되는 사이... 소면은 미리 삶아 찬물에 헹궈 물기를 빼주세요."
	],
	"recipe_img": [
		"https://recipe1.ezmember.co.kr/cache/recipe/2015/06/16/ce720ee176779d0960ebdc0500b9cfa21.jpg",
		"https://recipe1.ezmember.co.kr/cache/recipe/2015/06/16/f8e21f99db0dcf56aa55f337bc3cdc761.jpg",
		"https://recipe1.ezmember.co.kr/cache/recipe/2015/06/16/02d864fdf27c3eb23a427b3e1ee59a331.jpg",
		"https://recipe1.ezmember.co.kr/cache/recipe/2015/06/16/512f982ae5b535ed0149cc08c7c1ff5a1.jpg",
		"https://recipe1.ezmember.co.kr/cache/recipe/2015/06/16/95ddac8d2d3a87f81dc2a3b1d8fb42081.jpg",
		"https://recipe1.ezmember.co.kr/cache/recipe/2015/06/16/5d2087545a3ead9bce3c7204b276bf6c1.JPG",
		"https://recipe1.ezmember.co.kr/cache/recipe/2015/06/16/95f8f12d56cda052a638a24b37ca5a2b1.jpg"
	],
	"tag": [
		"주꾸미, 주꾸미볶음, 해물류"
	]
}