{
	"id": "4794702",
	"name": "돌돌말이 고추장어묵볶음",
	"thumbnail": "https://recipe1.ezmember.co.kr/cache/recipe/2015/06/08/7f829ebba79ed756dac4c7aa8b24aebe.jpg",
	"url": "https://www.10000recipe.com/recipe/4794702",
	"ingredient_ids": [
		51727,
		51684
	],
	"time": "30",
	"ingre_list": [
		{
			"ingre_name": "사각어묵",
			"ingre_count": "5",
			"ingre_unit": "장"
		},
		{
			"ingre_name": "식용유",
			"ingre_count": "",
			"ingre_unit": "약간"
		}
	],
	"sauce_list": [
		{
			"ingre_name": "고추장",
			"ingre_count": "1",
			"ingre_unit": "T"
		},
		{
			"ingre_name": "고추가루",
			"ingre_count": "1",
			"ingre_unit": "T"
		},
		{
			"ingre_name": "간장",
			"ingre_count": "2",
			"ingre_unit": "T"
		},
		{
			"ingre_name": "올리고당",
			"ingre_count": "1",
			"ingre_unit": "T"
		},
		{
			"ingre_name": "미림",
			"ingre_count": "1",
			"ingre_unit": "T"
		},
		{
			"ingre_name": "참기름",
			"ingre_count": "1/2",
			"ingre_unit": "T"
		}
	],
	"recipe": [
		"1. 사각어묵은 뜨거운물에 데쳐서 사각길이로 썰어주세요. 김밥용으로 볶을거라서 길게 썰어줍니다.",
		"2. 팬에 식용유를 두르고 어묵을 넣고 양념을 넣어 중약불로 볶아주세요. 타지않게 잘 볶아주세요.",
		"3. 마지막에 참기름을 두르고 살짝 더 볶아준뒤 불을 끕니다. 어묵을 하나씩 돌돌말아서 접시에 담아줍니다.",
		"4. 돌돌말이 고추장어묵이 완성되었어요 이름은 그냥 제가 돌돌말았다해서 붙였어요"
	],
	"recipe_img": [
		"https://recipe1.ezmember.co.kr/cache/recipe/2015/06/19/d76e0f211c78a62574c8f122980b19cc1.jpg",
		"https://recipe1.ezmember.co.kr/cache/recipe/2015/06/19/151b2ab4a0c2a6060f2f4af7df3026771.jpg",
		"https://recipe1.ezmember.co.kr/cache/recipe/2015/06/19/a8f0e60e31228206cd7e7aa8ddc8520d1.jpg",
		"https://recipe1.ezmember.co.kr/cache/recipe/2015/06/19/ad85ab80fe34b370f53ce2cf6b7002731.jpg"
	],
	"tag": [
		"고추장, 말이, 어묵볶음"
	]
}