{
	"id": "4802700",
	"name": "양배추말이 달래간장 양배추쌈",
	"thumbnail": "https://recipe1.ezmember.co.kr/cache/recipe/2015/03/26/f7e3631f31ef8554c6a342ea75d39c7c1.jpg",
	"url": "https://www.10000recipe.com/recipe/4802700",
	"ingredient_ids": [
		51685,
		42888,
		51730
	],
	"time": "30",
	"ingre_list": [
		{
			"ingre_name": "밥",
			"ingre_count": "1",
			"ingre_unit": "공기"
		},
		{
			"ingre_name": "양배추",
			"ingre_count": "1/4",
			"ingre_unit": "개"
		},
		{
			"ingre_name": "굵은소금",
			"ingre_count": "1",
			"ingre_unit": "작은술"
		}
	],
	"sauce_list": [],
	"recipe": [
		"1. 냄비에 물을 붓고~~ 끊인다~ 팔팔!!",
		"2. 굵은소금을 넣어 주세요~ 양배추를 넣고 살짝 삶아준다~~ 양배추에는 배추와 채소중 칼륨. 칼슘,비타민c 함유량이 가장 높아요.",
		"3. 달래간장 만들어 볼까요. 달래를 씻어 주세욧~~ 깨끗하게 썰어 주세요. 쏭쏭송...",
		"4. 다진마늘 ,청양고추를 넣어 주세요~~",
		"5. 고추가루. 간장을 넣어 주세요~~ 매꼼하게 드시기 위해서 청양고추를 넣어 주시면 더욱 맛있어요.",
		"6. 깨소금을 넣어 주세요~~ 달래간장 완성~",
		"7. 찬물에 헹구워 주세요~~~ 삶은 양배추~ 찬물에 입수~~",
		"8. 양배추를 적당한 크기로 잘라 주세여~~",
		"9. 밥을 오물조물 초밥처럼 만들어 주세요~~",
		"10. 삶은 양배추 위에 밥을 올리세요~ 양배추말이 거의 완성~~",
		"11. 달래간장을 넣어 돌돌 말아주세요."
	],
	"recipe_img": [
		"https://recipe1.ezmember.co.kr/cache/recipe/2015/04/20/820f188d7c43f2101f56b8b8e695143f1.jpg",
		"https://recipe1.ezmember.co.kr/cache/recipe/2015/04/20/b9abd4cec0c525882bc4473387e13ebe1.jpg",
		"https://recipe1.ezmember.co.kr/cache/recipe/2015/04/20/dc10845ca601161f778d67fb10092e801.jpg",
		"https://recipe1.ezmember.co.kr/cache/recipe/2015/04/20/7f7b384df7db372ab00f095e9d46a5e81.jpg",
		"https://recipe1.ezmember.co.kr/cache/recipe/2015/04/20/4f5ce445b1280d445b9ed241c28d14091.jpg",
		"https://recipe1.ezmember.co.kr/cache/recipe/2015/04/20/e53120fb8fb093a04620be3b24c156d31.jpg",
		"https://recipe1.ezmember.co.kr/cache/recipe/2015/04/20/edb04670bc61f3ab2992140f92f61f5f1.jpg",
		"https://recipe1.ezmember.co.kr/cache/recipe/2015/04/20/9d74138e7051a03200327560be9bc3d41.jpg",
		"https://recipe1.ezmember.co.kr/cache/recipe/2015/04/20/1722ce129a49cb3602d6358c3b341b741.jpg",
		"https://recipe1.ezmember.co.kr/cache/recipe/2015/04/20/ecdf8a2fd2ab2c81763391dddc7405a41.jpg",
		"https://recipe1.ezmember.co.kr/cache/recipe/2015/04/20/241b30145458d2cb68448ae3490e08111.jpg"
	],
	"tag": [
		"끓이기, 다이어트, 말이, 쌈, 양배추쌈"
	]
}