{
	"id": "4803252",
	"name": "버섯 들깨소스 무침",
	"thumbnail": "https://recipe1.ezmember.co.kr/cache/recipe/2015/09/03/f639c6a827d1d31b5cbfdad0884766d91.jpg",
	"url": "https://www.10000recipe.com/recipe/4803252",
	"ingredient_ids": [
		8873,
		8922,
		8823
	],
	"time": "30",
	"ingre_list": [
		{
			"ingre_name": "느타리버섯",
			"ingre_count": "200",
			"ingre_unit": "g"
		},
		{
			"ingre_name": "표고버섯",
			"ingre_count": "4",
			"ingre_unit": "개"
		},
		{
			"ingre_name": "쪽파",
			"ingre_count": "2",
			"ingre_unit": "대"
		}
	],
	"sauce_list": [
		{
			"ingre_name": "들깨가루",
			"ingre_count": "2",
			"ingre_unit": "Ts"
		},
		{
			"ingre_name": "멸치액젓",
			"ingre_count": "1",
			"ingre_unit": "Ts"
		},
		{
			"ingre_name": "비정제황설탕",
			"ingre_count": "1/2",
			"ingre_unit": "Ts"
		},
		{
			"ingre_name": "들기름",
			"ingre_count": "2",
			"ingre_unit": "Ts"
		}
	],
	"recipe": [
		"1. 느타리버섯은 적당한 두께로 찢어서 준비하고,",
		"2. 표고버섯은 두툼하게 슬라이스해서 준비해요.",
		"3. 끓는 물에 소금을 약간만 넣어서 느타리버섯을 데쳐내고, 표고버섯도 넣어서 살짝 데쳐내 물기를 빼주세요.",
		"4. 체에 밭쳐 물기를 뺀 다음, 양념하기 전에 손으로 한번 더 물기를 짜주면 좋아요.",
		"5. 멸치액젓 1Ts, 비정제 황설탕 1/2ts, 들기름 2ts을 잘 섞어서 준비하고",
		"6. 물기를 뺀 버섯에 양념을 넣어서 고루 섞어줍니다.",
		"7. 액젓과 양념들이 고루 배이면 들깻가루를 넣어서 섞어주고,",
		"8. 송송 썬 쪽파를 넣어서 섞어주고 마무리 해주세요."
	],
	"recipe_img": [
		"https://recipe1.ezmember.co.kr/cache/recipe/2015/06/16/985602c424c20d638438ecb3d33e26051.jpg",
		"https://recipe1.ezmember.co.kr/cache/recipe/2015/06/16/9ef8f0d0bd81a22271e53423d5f91a831.jpg",
		"https://recipe1.ezmember.co.kr/cache/recipe/2015/06/16/57c724e257a9945cdbd93ad4079574351.jpg",
		"https://recipe1.ezmember.co.kr/cache/recipe/2015/06/16/1484023c51a55cc8a72541a4398d48331.jpg",
		"https://recipe1.ezmember.co.kr/cache/recipe/2015/06/16/d8cf79acf7460e7c53c56072017c173a1.jpg",
		"https://recipe1.ezmember.co.kr/cache/recipe/2015/06/16/e4b9b39f1cfbbc0d59c03fb066db0bc91.jpg",
		"https://recipe1.ezmember.co.kr/cache/recipe/2015/06/16/646cb4adeba8fa20bbcad18c3e28e1cd1.jpg",
		"https://recipe1.ezmember.co.kr/cache/recipe/2015/06/16/cff159df81feb642945caed3ad1dbbd91.jpg"
	],
	"tag": [
		"무침, 밑반찬, 버섯, 버섯류, 버섯무침, 소스, 일상, 표고버섯"
	]
}