{
	"id": "4803720",
	"name": " 오이 부추 무침 ",
	"thumbnail": "https://recipe1.ezmember.co.kr/cache/recipe/2015/06/08/1e11cd1098810f4b29cf227557c7206a.jpg",
	"url": "https://www.10000recipe.com/recipe/4803720",
	"ingredient_ids": [
		8544,
		8710
	],
	"time": "30",
	"ingre_list": [
		{
			"ingre_name": "부추",
			"ingre_count": "1",
			"ingre_unit": "줌"
		},
		{
			"ingre_name": "오이",
			"ingre_count": "1/2",
			"ingre_unit": "개"
		}
	],
	"sauce_list": [
		{
			"ingre_name": "다진마늘",
			"ingre_count": "1/4",
			"ingre_unit": "T"
		},
		{
			"ingre_name": "고춧가루",
			"ingre_count": "1/2",
			"ingre_unit": "T"
		},
		{
			"ingre_name": "설탕",
			"ingre_count": "1/2",
			"ingre_unit": "T"
		},
		{
			"ingre_name": "식초",
			"ingre_count": "1/2",
			"ingre_unit": "T"
		},
		{
			"ingre_name": "통깨",
			"ingre_count": "",
			"ingre_unit": "약간"
		},
		{
			"ingre_name": "소금",
			"ingre_count": "1/4",
			"ingre_unit": "T"
		}
	],
	"recipe": [
		"1. 부추는 한줌 정도, 오이는 1/2개정도를 준비하고...",
		"2. 오이는 반을 갈라서 반달 모양으로 썰어주고, 오이 길이만큼 부추도 썰어줍니다...",
		"3. 썰어놓은 오이와 부추에 다진마늘 1/4스푼을 넣고 고춧가루1/2스푼과 설탕1/2스푼, 통깨 약간과 식초 1/2스푼, 소금 1/4스푼을 넣고 조물조물 살살 버무려줍니다.",
		"4. 마지막에 참기름 몇방울을 넣어주시고 접시에 담으면 완성입니다."
	],
	"recipe_img": [
		"https://recipe1.ezmember.co.kr/cache/recipe/2015/06/13/a3532a9adefad280e34bd36aa50f9de81.jpg",
		"https://recipe1.ezmember.co.kr/cache/recipe/2015/06/13/d67899ee3b8314d49be52909344a356b1.jpg",
		"https://recipe1.ezmember.co.kr/cache/recipe/2015/06/13/256afbd6e6c79d461759baa9b99266a81.jpg",
		"https://recipe1.ezmember.co.kr/cache/recipe/2015/06/13/9cb5c463e3ed1f7dd530bc6872af891d1.jpg"
	],
	"tag": [
		"무침, 부추무침, 오이무침"
	]
}