{
	"id": "4804653",
	"name": "동태찌개 ",
	"thumbnail": "https://recipe1.ezmember.co.kr/cache/recipe/2015/06/08/4125129fadca9d4ef1e498105c42bd79.jpg",
	"url": "https://www.10000recipe.com/recipe/4804653",
	"ingredient_ids": [
		9644,
		8452,
		8676,
		8824,
		8646
	],
	"time": "30",
	"ingre_list": [
		{
			"ingre_name": "동태",
			"ingre_count": "500",
			"ingre_unit": "g"
		},
		{
			"ingre_name": "무",
			"ingre_count": "",
			"ingre_unit": "조금"
		},
		{
			"ingre_name": "양파",
			"ingre_count": "1/2",
			"ingre_unit": "개"
		},
		{
			"ingre_name": "대파",
			"ingre_count": "",
			"ingre_unit": "약간"
		},
		{
			"ingre_name": "쑥갓",
			"ingre_count": "",
			"ingre_unit": "약간"
		}
	],
	"sauce_list": [
		{
			"ingre_name": "고추장",
			"ingre_count": "2",
			"ingre_unit": "TS"
		},
		{
			"ingre_name": "고추가루",
			"ingre_count": "1.",
			"ingre_unit": "TS"
		},
		{
			"ingre_name": "설탕",
			"ingre_count": "0.",
			"ingre_unit": "TS"
		},
		{
			"ingre_name": "마늘",
			"ingre_count": "0.",
			"ingre_unit": "TS"
		},
		{
			"ingre_name": "청주",
			"ingre_count": "2",
			"ingre_unit": "TS"
		},
		{
			"ingre_name": "간장",
			"ingre_count": "1",
			"ingre_unit": "TS"
		},
		{
			"ingre_name": "멸치다시마육수",
			"ingre_count": "",
			"ingre_unit": ""
		}
	],
	"recipe": [
		"1. 야채는 먹기좋은 크기로 썰어주시고,",
		"2. 뚝배기에 멸치와 다시마를 넣어서 육수를 만들어줍니다. 전..다시마가 똑...떨어져서 멸치만 넣고 육수를 만들어주었네요.",
		"3. 고추장 2TS, 고추가루 1.5TS, 설탕 0.5TS, 마늘 0.7TS, 청주 2TS, 간장 1TS을 섞어 양념장을 미리 만들어 주세요.",
		"4. 육수가 만들어지면 무와 깨끗하게 씻어놓은 동태와 양념장을 넣고 끓여주세요.",
		"5. 동태와 무가 적당히 익으면 대파와 쑥갓을 넣고 마무리를 해줍니다."
	],
	"recipe_img": [
		"https://recipe1.ezmember.co.kr/cache/recipe/2015/06/13/7a5c3ada81d7ae29458aa4136a6026571.jpg",
		"https://recipe1.ezmember.co.kr/cache/recipe/2015/06/13/074348f400b5789e3e25fa34c35c5f5d1.jpg",
		"https://recipe1.ezmember.co.kr/cache/recipe/2015/06/13/93961709282cfcb8ee36f1eb846fa16e1.jpg",
		"https://recipe1.ezmember.co.kr/cache/recipe/2015/06/13/db6f7021b3f066f5cd65dc3ae3633bf31.jpg",
		"https://recipe1.ezmember.co.kr/cache/recipe/2015/06/13/af5b3ed4c14383df3dda90dfd1ce3e141.jpg"
	],
	"tag": [
		"동태찌개, 찌개, 탕, 해물류"
	]
}