{
	"id": "4819636",
	"name": "마늘종무침",
	"thumbnail": "https://recipe1.ezmember.co.kr/cache/recipe/2015/05/26/9fbbf0682cfab657910fcbd82413b07d1.jpg",
	"url": "https://www.10000recipe.com/recipe/4819636",
	"ingredient_ids": [
		8437,
		10438,
		51683
	],
	"time": "30",
	"ingre_list": [
		{
			"ingre_name": "마늘종",
			"ingre_count": "200",
			"ingre_unit": "g"
		},
		{
			"ingre_name": "소금",
			"ingre_count": "",
			"ingre_unit": "약간"
		},
		{
			"ingre_name": "물",
			"ingre_count": "",
			"ingre_unit": ""
		}
	],
	"sauce_list": [
		{
			"ingre_name": "고추장1+1/2큰술",
			"ingre_count": "1+1/2",
			"ingre_unit": "T"
		},
		{
			"ingre_name": "매실액1+1/2큰술",
			"ingre_count": "1+1/2",
			"ingre_unit": "T"
		},
		{
			"ingre_name": "설탕",
			"ingre_count": "1",
			"ingre_unit": "작은술"
		},
		{
			"ingre_name": "식초",
			"ingre_count": "1",
			"ingre_unit": "작은술"
		},
		{
			"ingre_name": "통깨",
			"ingre_count": "1",
			"ingre_unit": "작은술"
		}
	],
	"recipe": [
		"1. 마늘종은 흐르는 물에 씻은 후 끝부분을 조금 잘라 내고 3Cm길이 정도로 썰어줍니다.",
		"2. 끓는 물에 소금을 조금 넣고 마늘종을 살짝 데쳐서 찬물에 헹구어 물기를 제거해줍니다.",
		"3. 분량의 양념장 재료 고추장, 매실액, 식초, 설탕, 통깨를 넣어 고루 섞어줍니다.",
		"4. 양념장에 마늘종을 넣고 간이 고루 배도록 조물조물 무쳐줍니다. 마늘종무침 만드는 거 간단하지요."
	],
	"recipe_img": [
		"https://recipe1.ezmember.co.kr/cache/recipe/2015/05/26/dc9de4c7a7cc7007f53f283d1b65fa3b1.jpg",
		"https://recipe1.ezmember.co.kr/cache/recipe/2015/05/26/a447454596ab01ba0111d9cd3e77f5371.jpg",
		"https://recipe1.ezmember.co.kr/cache/recipe/2015/05/26/7f1c699a915d9878a5cbfbfbd3b52d441.jpg",
		"https://recipe1.ezmember.co.kr/cache/recipe/2015/05/26/1fffc741445c9ea4965370f0aba67ac51.jpg"
	],
	"tag": [
		"무침"
	]
}