{
	"id": "4823556",
	"name": "일본가정식 닭고기계란덮밥 오야꼬동",
	"thumbnail": "https://recipe1.ezmember.co.kr/cache/recipe/2015/06/16/de9e7b20f98782697d980c8a0b72fe45.jpg",
	"url": "https://www.10000recipe.com/recipe/4823556",
	"ingredient_ids": [
		51768,
		9456,
		8676,
		8316,
		8824
	],
	"time": "30",
	"ingre_list": [
		{
			"ingre_name": "닭다리살",
			"ingre_count": "200",
			"ingre_unit": "g"
		},
		{
			"ingre_name": "달걀",
			"ingre_count": "2~3개",
			"ingre_unit": "개"
		},
		{
			"ingre_name": "양파",
			"ingre_count": "1/2",
			"ingre_unit": "개"
		},
		{
			"ingre_name": "청양고추",
			"ingre_count": "1",
			"ingre_unit": "개"
		},
		{
			"ingre_name": "대파",
			"ingre_count": "",
			"ingre_unit": "적당량"
		}
	],
	"sauce_list": [
		{
			"ingre_name": "간장",
			"ingre_count": "",
			"ingre_unit": ""
		},
		{
			"ingre_name": "설탕",
			"ingre_count": "",
			"ingre_unit": ""
		},
		{
			"ingre_name": "미림",
			"ingre_count": "",
			"ingre_unit": ""
		},
		{
			"ingre_name": "후추",
			"ingre_count": "",
			"ingre_unit": ""
		},
		{
			"ingre_name": "다진마늘",
			"ingre_count": "",
			"ingre_unit": ""
		},
		{
			"ingre_name": "가츠오부시",
			"ingre_count": "",
			"ingre_unit": ""
		},
		{
			"ingre_name": "다시마",
			"ingre_count": "",
			"ingre_unit": ""
		}
	],
	"recipe": [
		"1. 닭다리살은 기름기를 제거하면서 먹기좋은 사이즈로 잘라주세요.",
		"2. 미림 1TS, 다진마늘 1/2TS, 후추 조금을 넣어 밑간합니다.",
		"3. 찬물 500cc정도에 다시마를 넣고 끓이세요. 물이 끓기 시작하면 다시마는 꺼내주세요.",
		"4. 다시마물에 가츠오부시를 1/2줌 정도 넣어주세요. 1분후 가츠오부시를 걸러내주면 다시물 완성입니다.",
		"5. 대파와 양파, 청양고추는 먹기 좋게 썰어주세요.",
		"6. 돈부리에 들어갈 양념소스로 간장 2TS, 다시물 6TS, 미림 1TS, 후추 조금, 설탕 1ts를 잘 섞어주세요.",
		"7. 계란은 풀어서 준비해주세요.",
		"8. 후라이팬에 닭고기를 넣고 잘 익을때까지 볶아주세요.",
		"9. 닭고기가 어느정도 익으면 양파를 넣어줍니다.",
		"10. 잘 볶다가 양파가 투명해지면 준비한 양념소스를 넣어주세요.",
		"11. 끓어오르기 시작하면 파와 청양고추를 넣어주세요.",
		"12. 끓어오르면 풀은 계란을 넣고 계란이 살짝 덜 익은 상태에서 불을 꺼주세요.",
		"13. 준비한 밥 위에 부어주시면 완성이에요."
	],
	"recipe_img": [
		"https://recipe1.ezmember.co.kr/cache/recipe/2015/06/17/d228f5d7c33a750e5a6643a90ca81c2c1.jpg",
		"https://recipe1.ezmember.co.kr/cache/recipe/2015/06/17/fd87025b5d4cbc3bc3267136a652d4371.jpg",
		"https://recipe1.ezmember.co.kr/cache/recipe/2015/06/17/e38cdcef380837572a6abbc64f2c65ae1.jpg",
		"https://recipe1.ezmember.co.kr/cache/recipe/2015/06/17/d6c2bcca2642e03a53c71a76ed0c2e5d1.jpg",
		"https://recipe1.ezmember.co.kr/cache/recipe/2015/06/17/5e36c46964044bda01c18d51d44583801.jpg",
		"https://recipe1.ezmember.co.kr/cache/recipe/2015/06/17/5419a5b89e438042d181067d6b76ae511.jpg",
		"https://recipe1.ezmember.co.kr/cache/recipe/2015/06/17/a5cc633317192c8da3e416beaf3e14371.jpg",
		"https://recipe1.ezmember.co.kr/cache/recipe/2015/06/17/5ac98077ec38e247fe7d54ecc6bd89901.jpg",
		"https://recipe1.ezmember.co.kr/cache/recipe/2015/06/17/eee747765d27d2cefadc4f58f796e7861.jpg",
		"https://recipe1.ezmember.co.kr/cache/recipe/2015/06/17/da7ee20a3dfa6afe337ce75343cbce6f1.jpg",
		"https://recipe1.ezmember.co.kr/cache/recipe/2015/06/17/a1ff714865206d12bbf4ebff2d8bc0321.jpg",
		"https://recipe1.ezmember.co.kr/cache/recipe/2015/06/17/f5e2eceb0ab972aa39ab1e0a26c5f0ab1.jpg",
		"https://recipe1.ezmember.co.kr/cache/recipe/2015/06/17/e8faa79c381b5971895895fabc396ece1.jpg"
	],
	"tag": [
		"계란, 끓이기, 달걀, 닭고기, 덮밥, 에그"
	]
}