{
	"id": "4826850",
	"name": "베이컨 떡말이",
	"thumbnail": "https://recipe1.ezmember.co.kr/cache/recipe/2015/06/08/23072d43c72473ebdba6bfb802053021.jpg",
	"url": "https://www.10000recipe.com/recipe/4826850",
	"ingredient_ids": [
		51708,
		9298
	],
	"time": "30",
	"ingre_list": [
		{
			"ingre_name": "떡볶이떡",
			"ingre_count": "",
			"ingre_unit": ""
		},
		{
			"ingre_name": "베이컨",
			"ingre_count": "",
			"ingre_unit": ""
		}
	],
	"sauce_list": [
		{
			"ingre_name": "머스터드소스",
			"ingre_count": "",
			"ingre_unit": ""
		}
	],
	"recipe": [
		"1. 베이컨을 반으로 잘라 그 위에 떡을 올려주세요. (Tip. 냉동실에 있어 딱딱해진 떡은 끓는물에 살짝 데쳐주세요. 냉장떡은 그냥 쓰셔도 되고 전자렌지에 1분정도만 돌려주세요.)전자레인지",
		"2. 베이컨을 이용해 떡을 돌돌 말아주세요.",
		"3. 베이컨이 풀리지 않도록 아래로 향하게 놓아주세요.",
		"4. 달군 후라이팬에 베이컨 끝부분이 아래로 오도록 놓아주세요. (Tip. 끝부분이 먼저 익어야 베이컨이 풀리지 않고 잘 구워져요.)",
		"5. 골고루 익도록 돌려가며 노릇노릇 익혀주세요."
	],
	"recipe_img": [
		"https://recipe1.ezmember.co.kr/cache/recipe/2015/06/13/cd7471d66695cad72ad73a4a53fe33fd1.jpg",
		"https://recipe1.ezmember.co.kr/cache/recipe/2015/06/13/b6573ff61b3d490f9e9638e419d0829f1.jpg",
		"https://recipe1.ezmember.co.kr/cache/recipe/2015/06/13/d03875f6f1933a0dd6c16dd1d253dc131.jpg",
		"https://recipe1.ezmember.co.kr/cache/recipe/2015/06/13/533a73299c6c2ad476907bace552d1f01.jpg",
		"https://recipe1.ezmember.co.kr/cache/recipe/2015/06/13/b16f58e39b99d5516fd3b72fad12f04c1.jpg"
	],
	"tag": [
		"떡, 말이, 베이컨말이"
	]
}