{
	"id": "4858441",
	"name": "간장두부조림",
	"thumbnail": "https://recipe1.ezmember.co.kr/cache/recipe/2015/04/20/984f081ecbcde9795363a7dce1d310b11.jpg",
	"url": "https://www.10000recipe.com/recipe/4858441",
	"ingredient_ids": [
		8158,
		51684,
		51731
	],
	"time": "30",
	"ingre_list": [
		{
			"ingre_name": "두부",
			"ingre_count": "1",
			"ingre_unit": "모"
		},
		{
			"ingre_name": "식용유",
			"ingre_count": "",
			"ingre_unit": ""
		},
		{
			"ingre_name": "맛소금",
			"ingre_count": "",
			"ingre_unit": "약간"
		}
	],
	"sauce_list": [
		{
			"ingre_name": "파",
			"ingre_count": "2",
			"ingre_unit": "뿌리"
		},
		{
			"ingre_name": "다진마늘",
			"ingre_count": "1",
			"ingre_unit": "T"
		},
		{
			"ingre_name": "고추가루1+1/2큰술",
			"ingre_count": "1+1/2",
			"ingre_unit": "T"
		},
		{
			"ingre_name": "청양고추",
			"ingre_count": "1",
			"ingre_unit": "개"
		},
		{
			"ingre_name": "간장",
			"ingre_count": "3",
			"ingre_unit": "T"
		},
		{
			"ingre_name": "물",
			"ingre_count": "30",
			"ingre_unit": "ml"
		},
		{
			"ingre_name": "깨소금",
			"ingre_count": "2",
			"ingre_unit": "T"
		}
	],
	"recipe": [
		"1. 두부를 5등분 한다.",
		"2. 팬에 식용유를 두른다~~",
		"3. 맛소금을 팬에 솔솔 뿌려 준다.. 두부에 소금간을 하지 않고. 후라이팬에 뿌려 주세요~~ 후라이팬에 소금을 뿌려 주시면 골고루 두부에 간이 할 수 있어요. 두부가 으깨지는걸 막아준다.",
		"4. 썰어 놓은 두부를 후라이팬에 올린다~",
		"5. 처음에는 가스레인지 불세기를 강하게 하다가~ 약한불로 줄여서 두부를 노릇하게 구워주세요.",
		"6. 딱 두번만 뒤집으세요~~~ 너무 많이 뒤집으면 두부가 으깨져요~~",
		"7. 약한불에서 두부를 구워 주는 동안 간장두부조림 양념장을 만들어 볼까요. 대파를 썰어 그릇에 담아 주세요.",
		"8. 다진마늘 1큰술. 고추가루1큰술 반을 넣어 주세요.",
		"9. 매콤한 간장두부조림을 먹고 싶다면 청양고추 1개를 썰어 넣어 주세요.",
		"10. 간장3큰술과 깨소금을 뿌린다~~ 이렇게 하면 간장두부조림 양념장이 완성입니다.",
		"11. 간장두부조림 타지 않도록 만들기 위해서는 양념장에 물을 조금 넣어 주세요~",
		"12. 팬에 한번 구운 두부를 올린후. 그 위에 간장두부조림 양념장을 뿌린다~~ 골고루                   ",
		"13. 그리고 약한불에서 국물이 자작거릴 때까지 졸린다~~"
	],
	"recipe_img": [
		"https://recipe1.ezmember.co.kr/cache/recipe/2015/04/20/375eee9213aa3e0df3899950ccb8015b1.jpg",
		"https://recipe1.ezmember.co.kr/cache/recipe/2015/04/20/ce93e4bb9e2f74df0077c2cfa6f2f3a01.jpg",
		"https://recipe1.ezmember.co.kr/cache/recipe/2015/04/20/649bc2dd4b0f93c668898b60a93db20b1.jpg",
		"https://recipe1.ezmember.co.kr/cache/recipe/2015/04/20/540d7ed19a4257d58aae9684df633ebe1.jpg",
		"https://recipe1.ezmember.co.kr/cache/recipe/2015/04/20/dcd083a2a819c9e841ace744623e1c301.jpg",
		"https://recipe1.ezmember.co.kr/cache/recipe/2015/04/20/050416575a8b3f5f3cdc93e36ed298331.jpg",
		"https://recipe1.ezmember.co.kr/cache/recipe/2015/04/20/67bc5cb2ead1d901d3320f0ae529ce901.jpg",
		"https://recipe1.ezmember.co.kr/cache/recipe/2015/04/20/9863eec12283c1c04a041855c11fa6e11.jpg",
		"https://recipe1.ezmember.co.kr/cache/recipe/2015/04/20/2d0df87075e2ff2c1c6f43321089f4941.jpg",
		"https://recipe1.ezmember.co.kr/cache/recipe/2015/04/20/beaa5203ec77b4a5e51d8875b05b0cd51.jpg",
		"https://recipe1.ezmember.co.kr/cache/recipe/2015/04/20/2460c0c73dcd6cd383360672aee4049f1.jpg",
		"https://recipe1.ezmember.co.kr/cache/recipe/2015/04/20/a54b1f0263ef6d90939331ba6db8ea8f1.jpg",
		"https://recipe1.ezmember.co.kr/cache/recipe/2015/04/20/a7b42deb8540a42a494d29732c42e51e1.jpg"
	],
	"tag": [
		"간장두부조림, 두부, 두부조림, 조림, 콩+견과류"
	]
}