{
	"id": "4881877",
	"name": "아삭아삭 오이 무침",
	"thumbnail": "https://recipe1.ezmember.co.kr/cache/recipe/2015/06/06/1e44e3868eec5777050acd7f5706deb51.jpg",
	"url": "https://www.10000recipe.com/recipe/4881877",
	"ingredient_ids": [
		8710,
		51700,
		8386,
		8676
	],
	"time": "15",
	"ingre_list": [
		{
			"ingre_name": "오이",
			"ingre_count": "",
			"ingre_unit": ""
		},
		{
			"ingre_name": "깻잎",
			"ingre_count": "",
			"ingre_unit": ""
		},
		{
			"ingre_name": "당근",
			"ingre_count": "",
			"ingre_unit": ""
		},
		{
			"ingre_name": "양파",
			"ingre_count": "",
			"ingre_unit": ""
		}
	],
	"sauce_list": [
		{
			"ingre_name": "다진마늘",
			"ingre_count": "1/2",
			"ingre_unit": "작은술"
		},
		{
			"ingre_name": "간장",
			"ingre_count": "1",
			"ingre_unit": "T"
		},
		{
			"ingre_name": "올리고당",
			"ingre_count": "1",
			"ingre_unit": "T"
		},
		{
			"ingre_name": "참기름",
			"ingre_count": "1",
			"ingre_unit": "T"
		},
		{
			"ingre_name": "고춧가루1+1/2큰술",
			"ingre_count": "1+1/2",
			"ingre_unit": "T"
		},
		{
			"ingre_name": "참깨",
			"ingre_count": "",
			"ingre_unit": "약간"
		}
	],
	"recipe": [
		"1. 양파는 채썰어 준비하고 깻잎과 당근은 적당한 크기로 썰어주시되 당근은 얇게 썰어주세요.",
		"2. 오이는 껍질의 까칠한 부분만 제거한 후 깨끗히 씻어내고 어슷썰어 준비합니다.",
		"3. 큰 볼에 분량의 양념을 잘 섞어주세요",
		"4. 분량대로 섞어준 무침양념에 오이와 깻잎, 양파와 당근을 넣은 후 조물조물 버무려줍니다."
	],
	"recipe_img": [
		"https://recipe1.ezmember.co.kr/cache/recipe/2015/06/08/73797e5383ca1543c2cde258275afe791.jpg",
		"https://recipe1.ezmember.co.kr/cache/recipe/2015/06/08/5b6471019ae5acbf6570e0640db3360d1.jpg",
		"https://recipe1.ezmember.co.kr/cache/recipe/2015/06/08/85aad66f9105ffed676484f84e574b211.jpg",
		"https://recipe1.ezmember.co.kr/cache/recipe/2015/06/08/41a7f9ffdee0ffbd832754235aa7dcc11.jpg"
	],
	"tag": [
		"무침, 오이무침"
	]
}