{
	"id": "4896325",
	"name": "베이컨말이 주먹밥 만들기",
	"thumbnail": "https://recipe1.ezmember.co.kr/cache/recipe/2015/06/18/6fe678b1fff43f58f23a619e1d75cc5f.jpg",
	"url": "https://www.10000recipe.com/recipe/4896325",
	"ingredient_ids": [
		9298,
		8850,
		8386,
		51685
	],
	"time": "30",
	"ingre_list": [
		{
			"ingre_name": "베이컨",
			"ingre_count": "",
			"ingre_unit": ""
		},
		{
			"ingre_name": "호박",
			"ingre_count": "",
			"ingre_unit": ""
		},
		{
			"ingre_name": "당근",
			"ingre_count": "",
			"ingre_unit": ""
		},
		{
			"ingre_name": "밥",
			"ingre_count": "",
			"ingre_unit": ""
		}
	],
	"sauce_list": [
		{
			"ingre_name": "굴소스",
			"ingre_count": "1",
			"ingre_unit": "TS"
		}
	],
	"recipe": [
		"1. 호박과 당근은 잘게 다져주세요.",
		"2. 달군 후라이팬에 식용유를 두르고 다진당근을 볶아주세요.",
		"3. 당근이 익으면 밥을 넣어주세요.",
		"4. 호박을 넣고 잘 섞어주세요.",
		"5. 굴소스 1TS를 넣어 심심하게 간을 맞춰주세요 베이컨으로 감아줄테니 너무 짜지 않도록 간맞춰주세요.",
		"6. 볶음밥은 접시에 덜어주세요.",
		"7. 한입크기의 주먹밥으로 만들어주세요.",
		"8. 베이컨은 반으로 잘라주세요. 밥의 간에 따라 베이컨한줄을 다 사용하셔도 됩니다.",
		"9. 베이컨위에 주먹밥을 올려주세요.",
		"10. 돌돌말아 끝부분을 붙여주세요.",
		"11. 주먹밥을 베이컨으로 말아 준비해 주세요.",
		"12. 달군 후라이팬에 베이컨이 말린부분부터 구워 골고루 노릇하게 익혀주세요."
	],
	"recipe_img": [
		"https://recipe1.ezmember.co.kr/cache/recipe/2015/06/18/75f19127b2f3efb8a3ab60cd88da30661.jpg",
		"https://recipe1.ezmember.co.kr/cache/recipe/2015/06/18/b328ecef8ad3e53cf403b0ae291e997c1.jpg",
		"https://recipe1.ezmember.co.kr/cache/recipe/2015/06/18/8c77dc8698a0c38e6e9a7364c37c490c1.jpg",
		"https://recipe1.ezmember.co.kr/cache/recipe/2015/06/18/ce050955bc2612f7fece21218da89b7b1.jpg",
		"https://recipe1.ezmember.co.kr/cache/recipe/2015/06/18/4c042d29902349be78a67d4ff1f96d311.jpg",
		"https://recipe1.ezmember.co.kr/cache/recipe/2015/06/18/c25591d7d73efaa8a67dcd263557ad051.jpg",
		"https://recipe1.ezmember.co.kr/cache/recipe/2015/06/18/d120736ea08e7583fef6fc081e26217d1.jpg",
		"https://recipe1.ezmember.co.kr/cache/recipe/2015/06/18/f041b674548688b52fe4e5d4fab8cb0c1.jpg",
		"https://recipe1.ezmember.co.kr/cache/recipe/2015/06/18/485129e85ed6ff4119fcf6ee40c3f0161.jpg",
		"https://recipe1.ezmember.co.kr/cache/recipe/2015/06/18/b6c40cdd0ca950bc332184a2498d54a11.jpg",
		"https://recipe1.ezmember.co.kr/cache/recipe/2015/06/18/60abab2166ed1e6f530b18a890314b1b1.jpg",
		"https://recipe1.ezmember.co.kr/cache/recipe/2015/06/18/39efa93c6548f828a6f592a4622dcc811.jpg"
	],
	"tag": [
		"말이, 베이컨말이, 삼각김밥, 주먹밥"
	]
}