{
	"id": "4948145",
	"name": "향이 좋은 유자머핀",
	"thumbnail": "https://recipe1.ezmember.co.kr/cache/recipe/2015/06/08/e350acc88eaf1de6811c245a75d6e111.jpg",
	"url": "https://www.10000recipe.com/recipe/4948145",
	"ingredient_ids": [
		10267,
		8084,
		9456,
		51687,
		51699,
		24583,
		10230
	],
	"time": "30",
	"ingre_list": [
		{
			"ingre_name": "버터",
			"ingre_count": "70",
			"ingre_unit": "g"
		},
		{
			"ingre_name": "설탕",
			"ingre_count": "50",
			"ingre_unit": "g"
		},
		{
			"ingre_name": "달걀",
			"ingre_count": "1",
			"ingre_unit": "개"
		},
		{
			"ingre_name": "박력분",
			"ingre_count": "100",
			"ingre_unit": "g"
		},
		{
			"ingre_name": "베이킹파우더",
			"ingre_count": "3",
			"ingre_unit": "g"
		},
		{
			"ingre_name": "유자청",
			"ingre_count": "50",
			"ingre_unit": "g"
		},
		{
			"ingre_name": "우유",
			"ingre_count": "20",
			"ingre_unit": "g"
		}
	],
	"sauce_list": [],
	"recipe": [
		"1. 실온의 버터를 부드럽게 풀어주고 설탕을 조금씩 섞어 주세요. 2. 실온의 달걀을 조금씩 섞어 주세요.",
		"2. 체에 내린 가루류를 넣고 섞다가 가루가 안 보일 때쯤 유자청을 넣고 섞어 주세요. 우유를 넣고 반죽을 완성해 주세요.",
		"3. 완성된 반죽을 머핀틀에 담고 180도로 예열한 오븐에서 15~18분 가량 구워 주세요. (오븐의 화력, 틀의 크기에 따라 굽는 시간이 달라집니다.)오븐",
		"4. 올망졸망 노릇노릇 유자청머핀~"
	],
	"recipe_img": [
		"https://recipe1.ezmember.co.kr/cache/recipe/2015/06/18/a8b9aa960d5d91c318262ff641e715531.jpg",
		"https://recipe1.ezmember.co.kr/cache/recipe/2015/06/18/ffe340d979145c727cb5a029ba4a19c01.jpg",
		"https://recipe1.ezmember.co.kr/cache/recipe/2015/06/18/b40d1e839633e772bb0389ee0df846e91.jpg",
		"https://recipe1.ezmember.co.kr/cache/recipe/2015/06/18/16fd24d537d661168b70bcd45fb051671.jpg"
	],
	"tag": [
		"간식, 곡류, 굽기, 머핀"
	]
}