{
	"id": "4949433",
	"name": "애호박 건새우볶음",
	"thumbnail": "https://recipe1.ezmember.co.kr/cache/recipe/2015/08/12/5c6425915d6547ad7a310a1ca1050c231.jpg",
	"url": "https://www.10000recipe.com/recipe/4949433",
	"ingredient_ids": [
		8855,
		8676,
		51786,
		51691,
		51689
	],
	"time": "15",
	"ingre_list": [
		{
			"ingre_name": "애호박",
			"ingre_count": "1",
			"ingre_unit": "개"
		},
		{
			"ingre_name": "양파",
			"ingre_count": "1/2",
			"ingre_unit": "개"
		},
		{
			"ingre_name": "건새우",
			"ingre_count": "",
			"ingre_unit": "적당량"
		},
		{
			"ingre_name": "청고추",
			"ingre_count": "",
			"ingre_unit": ""
		},
		{
			"ingre_name": "홍고추",
			"ingre_count": "",
			"ingre_unit": ""
		}
	],
	"sauce_list": [
		{
			"ingre_name": "굴소스",
			"ingre_count": "1",
			"ingre_unit": "T"
		},
		{
			"ingre_name": "소금",
			"ingre_count": "",
			"ingre_unit": ""
		},
		{
			"ingre_name": "녹차유",
			"ingre_count": "",
			"ingre_unit": ""
		},
		{
			"ingre_name": "참기름",
			"ingre_count": "",
			"ingre_unit": ""
		}
	],
	"recipe": [
		"1. 애호박은 먹기 좋은 크기로 잘라 소금 1작은술을 뿌려 잠시 간을 해둡니다.",
		"2. 건새우도 부스러기 제거하고 준비해줍니다.",
		"3. 청홍고추도 어슷썰어 준비합니다.",
		"4. 5분정도 절여준 애호박은 키친타올에 올려 톡톡 치듯이 수분을 제거해주세요.",
		"5. 달구어 진팬에 녹차유(포도씨유나 식용유도 괜찮아요) 두르고 센불에서 절여진 애호박을 볶아줍니다.",
		"6. 애호박이 익을때쯤 건새우 넣어줍니다.",
		"7. 간은 굴소스로 해줍니다 .청고추, 홍고추를 넣고 참기름으로 마무리합니다."
	],
	"recipe_img": [
		"https://recipe1.ezmember.co.kr/cache/recipe/2015/06/17/3514d6fab3a3dc5438d7901f159d61c11.jpg",
		"https://recipe1.ezmember.co.kr/cache/recipe/2015/06/17/03ec06b37c548e0a635f8f7e43cbbd481.jpg",
		"https://recipe1.ezmember.co.kr/cache/recipe/2015/06/17/e001825cb8904b10321124ab9a1db07e1.jpg",
		"https://recipe1.ezmember.co.kr/cache/recipe/2015/06/17/fe051ef9b2af9d3d5233a793096013021.jpg",
		"https://recipe1.ezmember.co.kr/cache/recipe/2015/06/17/4f9af4b082558c8b58191c23b30c64191.jpg",
		"https://recipe1.ezmember.co.kr/cache/recipe/2015/06/17/462214c5723f6692fc5453b351e31c371.jpg",
		"https://recipe1.ezmember.co.kr/cache/recipe/2015/06/17/4c4a9df2c3309579915b40fd59502f0e1.jpg"
	],
	"tag": [
		"건새우볶음, 새우볶음, 애호박볶음"
	]
}