{
	"id": "4952769",
	"name": "[해피투게더] 페이의 깐풍만두 만들기",
	"thumbnail": "https://recipe1.ezmember.co.kr/cache/recipe/2015/06/08/0dcd1bfa9a8368ca3fac3b5573f50711.jpg",
	"url": "https://www.10000recipe.com/recipe/4952769",
	"ingredient_ids": [
		10536,
		8827,
		51822,
		8676,
		10257
	],
	"time": "15",
	"ingre_list": [
		{
			"ingre_name": "군만두",
			"ingre_count": "",
			"ingre_unit": ""
		},
		{
			"ingre_name": "파프리카",
			"ingre_count": "",
			"ingre_unit": ""
		},
		{
			"ingre_name": "청피망",
			"ingre_count": "",
			"ingre_unit": ""
		},
		{
			"ingre_name": "양파",
			"ingre_count": "",
			"ingre_unit": ""
		},
		{
			"ingre_name": "고추기름",
			"ingre_count": "",
			"ingre_unit": "약간"
		}
	],
	"sauce_list": [
		{
			"ingre_name": "간장",
			"ingre_count": "2",
			"ingre_unit": "TS"
		},
		{
			"ingre_name": "식초",
			"ingre_count": "2",
			"ingre_unit": "TS"
		},
		{
			"ingre_name": "굴소스",
			"ingre_count": "1",
			"ingre_unit": "TS"
		},
		{
			"ingre_name": "맛술",
			"ingre_count": "1",
			"ingre_unit": "TS"
		},
		{
			"ingre_name": "올리고당",
			"ingre_count": "1",
			"ingre_unit": "TS"
		},
		{
			"ingre_name": "참기름",
			"ingre_count": "1",
			"ingre_unit": "TS"
		}
	],
	"recipe": [
		"1. 빨 노 파프리카와 청피망 양파는 잘게 다져 준비해 주세요",
		"2. 깐풍소스 (간장 2TS, 식초 2TS, 굴소스 1TS, 맛술 1TS, 올리고당 1TS, 참기름 1TS)﻿를 넣고 섞어 미리 양념장을 만들어주세요",
		"3. 달군 후라이팬에 식용유를 두른 후 군만두를 구워주세요",
		"4. 앞뒤로 노릇노릇 바삭하게 구워주세요",
		"5. 구워진 만두는 키치타올에 올려 기름을 제거해 주세요",
		"6. 다른 후라이팬에 식용유를 두른 후 양파를 볶아주세요",
		"7. 양파가 투명해지면 파프리카와 청피망을 넣어주세요",
		"8. 바로 깐풍소스를 넣어주세요",
		"9. 미리 구워놓은 만두를 넣어주세요",
		"10. 만두와 소스가 잘 버무려지도록 섞은 후 고추기름을 둘러 마무리해 주세요",
		"11. 완성입니다"
	],
	"recipe_img": [
		"https://recipe1.ezmember.co.kr/cache/recipe/2015/06/17/e74fa0ba80440286d52f1c094477d7c71.jpg",
		"https://recipe1.ezmember.co.kr/cache/recipe/2015/06/17/1203c23db68e13f4d704aaa8eae19fa81.jpg",
		"https://recipe1.ezmember.co.kr/cache/recipe/2015/06/17/c11f97fb372cda9d5e7ad78fadb01f721.jpg",
		"https://recipe1.ezmember.co.kr/cache/recipe/2015/06/17/5d56f351e6e02eafaad3d541c18ed5c11.jpg",
		"https://recipe1.ezmember.co.kr/cache/recipe/2015/06/17/a404a89177f161163fa99251da7fa9511.jpg",
		"https://recipe1.ezmember.co.kr/cache/recipe/2015/06/17/d7c931b3483c30e830a87265e2c66fb11.jpg",
		"https://recipe1.ezmember.co.kr/cache/recipe/2015/06/17/1d2efdaed38d3e271808b0e85e4cc8281.jpg",
		"https://recipe1.ezmember.co.kr/cache/recipe/2015/06/17/d14cdb6c734c4df7bb07064c154a36981.jpg",
		"https://recipe1.ezmember.co.kr/cache/recipe/2015/06/17/9b72683ce69f943e8cc48a6eb5f134921.jpg",
		"https://recipe1.ezmember.co.kr/cache/recipe/2015/06/17/40b8569bde5d9df1c62169d3259f92bd1.jpg",
		"https://recipe1.ezmember.co.kr/cache/recipe/2015/06/17/bcc849dc2174f94f95f83ba025d9aec51.jpg"
	],
	"tag": [
		"가공식품류, 깐풍만두, 만두, 면+만두, 야식"
	]
}