{
	"id": "4966440",
	"name": "꽈리고추찜",
	"thumbnail": "https://recipe1.ezmember.co.kr/cache/recipe/2015/05/25/de9a6ed54ba0481bc41b6cd738ea60241.jpg",
	"url": "https://www.10000recipe.com/recipe/4966440",
	"ingredient_ids": [
		51820,
		31588
	],
	"time": "60",
	"ingre_list": [
		{
			"ingre_name": "꽈리고추",
			"ingre_count": "200",
			"ingre_unit": "g"
		},
		{
			"ingre_name": "찹쌀가루",
			"ingre_count": "2",
			"ingre_unit": "T"
		}
	],
	"sauce_list": [
		{
			"ingre_name": "양조간장",
			"ingre_count": "1",
			"ingre_unit": "T"
		},
		{
			"ingre_name": "조선간장",
			"ingre_count": "1/2",
			"ingre_unit": "작은술"
		},
		{
			"ingre_name": "고춧가루",
			"ingre_count": "1",
			"ingre_unit": "T"
		},
		{
			"ingre_name": "다진마늘",
			"ingre_count": "1",
			"ingre_unit": "T"
		},
		{
			"ingre_name": "부추",
			"ingre_count": "1",
			"ingre_unit": "T"
		},
		{
			"ingre_name": "통깨",
			"ingre_count": "1",
			"ingre_unit": "작은술"
		},
		{
			"ingre_name": "참기름",
			"ingre_count": "1/2",
			"ingre_unit": "T"
		}
	],
	"recipe": [
		"1. 꽈리고추는 꼭지를 제거해줍니다. 꽈리고추가 신선해서 꼭지를 쉽게 제거할 수 있었습니다.",
		"2. 꽈리고추는 흐르는 물에 씻은 후 체에 밭쳐 물기를 빼줍니다.",
		"3. 꽈리고추에 찹쌀가루 옷을 입혀줍니다. 보통 밀가루를 사용하는데요. 밀가루 대신에 찰기가 있는 찹쌀가루를 사용했습니다.",
		"4. 김이 오른 찜통에 찹쌀가루 옷을 입힌 꽈리고추를 올려 쪄줍니다.",
		"5. 분량의 양념장 재료 양조간장, 조선간장, 고춧가루, 다진 마늘, 부추, 통깨, 참기름을 넣어 고루 섞어줍니다.",
		"6. 찜통에서 쪄낸 꽈리고추에 양념장을 넣어 간이 고루 배도록 살살 버무려줍니다."
	],
	"recipe_img": [
		"https://recipe1.ezmember.co.kr/cache/recipe/2015/05/26/85cffb1180154fcdb74821fb68a745931.jpg",
		"https://recipe1.ezmember.co.kr/cache/recipe/2015/05/26/4fdffa081333c8bdd94d189b636131271.jpg",
		"https://recipe1.ezmember.co.kr/cache/recipe/2015/05/26/2b4bc44117d70533255097a3237b0f561.jpg",
		"https://recipe1.ezmember.co.kr/cache/recipe/2015/05/26/b4c503c8962bd1536e7bec09c4028c991.jpg",
		"https://recipe1.ezmember.co.kr/cache/recipe/2015/05/26/b02f6f05a228dc86df073ebe4e34e8f01.jpg",
		"https://recipe1.ezmember.co.kr/cache/recipe/2015/05/26/0c19f45e501d5a0dc52f9e605de909e31.jpg"
	],
	"tag": [
		"꽈리고추찜, 찜"
	]
}