{
	"id": "4982736",
	"name": "얼큰 꽃게찌개 만들기",
	"thumbnail": "https://recipe1.ezmember.co.kr/cache/recipe/2015/06/15/112136495d61c6cc3483042c20a63426.jpg",
	"url": "https://www.10000recipe.com/recipe/4982736",
	"ingredient_ids": [
		11017,
		11385,
		51689,
		8316,
		8452,
		8855,
		51683,
		10438,
		8646
	],
	"time": "60",
	"ingre_list": [
		{
			"ingre_name": "꽃게",
			"ingre_count": "3",
			"ingre_unit": "마리"
		},
		{
			"ingre_name": "바지락",
			"ingre_count": "10~15개",
			"ingre_unit": "개"
		},
		{
			"ingre_name": "홍고추",
			"ingre_count": "1",
			"ingre_unit": "개"
		},
		{
			"ingre_name": "청양고추",
			"ingre_count": "1",
			"ingre_unit": "개"
		},
		{
			"ingre_name": "무",
			"ingre_count": "1/4",
			"ingre_unit": "개"
		},
		{
			"ingre_name": "애호박",
			"ingre_count": "1/2",
			"ingre_unit": "개"
		},
		{
			"ingre_name": "물",
			"ingre_count": "10",
			"ingre_unit": "컵"
		},
		{
			"ingre_name": "소금",
			"ingre_count": "",
			"ingre_unit": "조금"
		},
		{
			"ingre_name": "쑥갓",
			"ingre_count": "",
			"ingre_unit": "조금"
		}
	],
	"sauce_list": [
		{
			"ingre_name": "고춧가루",
			"ingre_count": "1",
			"ingre_unit": "T"
		},
		{
			"ingre_name": "된장",
			"ingre_count": "1",
			"ingre_unit": "T"
		},
		{
			"ingre_name": "고추장",
			"ingre_count": "1",
			"ingre_unit": "작은술"
		},
		{
			"ingre_name": "바지락육수",
			"ingre_count": "1/2",
			"ingre_unit": "컵"
		},
		{
			"ingre_name": "다진마늘",
			"ingre_count": "1",
			"ingre_unit": "T"
		},
		{
			"ingre_name": "다진생강",
			"ingre_count": "1",
			"ingre_unit": "작은술"
		},
		{
			"ingre_name": "소금",
			"ingre_count": "",
			"ingre_unit": "조금"
		},
		{
			"ingre_name": "후춧가루",
			"ingre_count": "",
			"ingre_unit": "조금"
		}
	],
	"recipe": [
		"1. 물을 팔팔 끓여 바지락을 넣고 끓여 주는데 입이 벌어지면 건져 놓고 육수는 계속 끓여요.",
		"2. 끓이는 사이 꽃게손질을 하는데 솔로 구석구석 닦아내고, 가운데 배딱지와 등딱지를 떼어내고 꽃게양쪽에 붙어있는 털도 제거해 줍니다.",
		"3. 물로 깨끗이 헹군 뒤, 꽃게를 2 등분으로 자르고, 집게발쪽은 칼등으로 두드려 줍니다.",
		"4. 양념장 재료를 모두 섞어주고, 야채를 썰어 준비 하고요.",
		"5. 푹 끓인 육수에 양념장을 넣고 끓여 줍니다.",
		"6. 양념장이 한소끔 끓어 오르면 무우를 넣고 끓여 주고요.",
		"7. 무우가 투명하게 익어가기 시작하면 꽃게와 건져놓은 바지락, 야채를 모두 넣고 끓여 줍니다.",
		"8. 해물찌개를 끓일때 된장을 조금 풀어 끓이면 해물비린내가 안나고 시원하니 맛다답니다."
	],
	"recipe_img": [
		"https://recipe1.ezmember.co.kr/cache/recipe/2015/06/17/e39b2a278909a0f0c6ecf6dbb94338ba1.jpg",
		"https://recipe1.ezmember.co.kr/cache/recipe/2015/06/17/1173a83e37b37a49861f6f58a6a9fe2b1.jpg",
		"https://recipe1.ezmember.co.kr/cache/recipe/2015/06/17/11b45eeb45de65f9cce8794829fa6a201.jpg",
		"https://recipe1.ezmember.co.kr/cache/recipe/2015/06/17/cb513a2101ca931a06c4a148ec0566e61.jpg",
		"https://recipe1.ezmember.co.kr/cache/recipe/2015/06/17/d39ca21886a1f5dceeceb28b58869c841.jpg",
		"https://recipe1.ezmember.co.kr/cache/recipe/2015/06/17/f354db2ea7c0f4fce7090648ae4ad3731.jpg",
		"https://recipe1.ezmember.co.kr/cache/recipe/2015/06/17/fc523e12242f2ee4e17139fba93639781.jpg",
		"https://recipe1.ezmember.co.kr/cache/recipe/2015/06/17/feaf70f165c2c949632f0befd6e182a91.jpg"
	],
	"tag": [
		"찌개, 탕, 해물류"
	]
}