{
	"id": "4986019",
	"name": "어묵볶음",
	"thumbnail": "https://recipe1.ezmember.co.kr/cache/recipe/2015/05/26/42f33a1df280cd37e6b2116e864434d51.jpg",
	"url": "https://www.10000recipe.com/recipe/4986019",
	"ingredient_ids": [
		10136,
		8676,
		8437
	],
	"time": "30",
	"ingre_list": [
		{
			"ingre_name": "어묵",
			"ingre_count": "190",
			"ingre_unit": "g"
		},
		{
			"ingre_name": "양파",
			"ingre_count": "1/2",
			"ingre_unit": "개"
		},
		{
			"ingre_name": "마늘종",
			"ingre_count": "2",
			"ingre_unit": "대"
		}
	],
	"sauce_list": [
		{
			"ingre_name": "다진마늘",
			"ingre_count": "1",
			"ingre_unit": "작은술"
		},
		{
			"ingre_name": "양조간장",
			"ingre_count": "1",
			"ingre_unit": "T"
		},
		{
			"ingre_name": "올리고당",
			"ingre_count": "1/2",
			"ingre_unit": "T"
		},
		{
			"ingre_name": "맛술",
			"ingre_count": "1",
			"ingre_unit": "T"
		},
		{
			"ingre_name": "통깨",
			"ingre_count": "",
			"ingre_unit": "약간"
		},
		{
			"ingre_name": "후춧가루",
			"ingre_count": "",
			"ingre_unit": "약간"
		},
		{
			"ingre_name": "식용유",
			"ingre_count": "1",
			"ingre_unit": "T"
		}
	],
	"recipe": [
		"1. 양파는 껍질을 벗겨 씻은 후 채 썰고 마늘은 껍질을 벗겨 씻은 후 다져줍니다. 마늘종은 흐르는 물에 씻은 후 2Cm정도 크기로 썰어줍니다.",
		"2. 어묵은 끓는 물에 한번 튀겨서 찬물에 헹구어 물기를 빼 줍니다.",
		"3. 달군 프라이팬에 식용유를 두르고 다진 마늘과 마늘종을 넣고 볶아줍니다. 채 썬 양파를 넣고 함께 볶아줍니다.",
		"4. 어묵을 넣고 볶아줍니다. 양조간장을 넣어 볶은 후 맛술과 올리고당을 넣어 볶아주고 후춧가루를 뿌려 골고루 섞은 후 불에서 내려요."
	],
	"recipe_img": [
		"https://recipe1.ezmember.co.kr/cache/recipe/2015/05/26/82cb193928e971a1ea4da16a5c5f14271.jpg",
		"https://recipe1.ezmember.co.kr/cache/recipe/2015/05/26/0e2b9c86f9a3333f6f1e4d40fc36b7841.jpg",
		"https://recipe1.ezmember.co.kr/cache/recipe/2015/05/26/c6bcb695435ad1f16c8282c8ce0a7f7d1.jpg",
		"https://recipe1.ezmember.co.kr/cache/recipe/2015/05/26/8eab5cdb31388ec23a67c1bb86ebe1281.jpg"
	],
	"tag": [
		"어묵볶음"
	]
}