{
	"id": "4987642",
	"name": "오이쑥갓무침 무치기",
	"thumbnail": "https://recipe1.ezmember.co.kr/cache/recipe/2015/06/16/03204b3ff3068910af2675fbb8de6ffc.jpg",
	"url": "https://www.10000recipe.com/recipe/4987642",
	"ingredient_ids": [
		8710,
		8676,
		8646
	],
	"time": "15",
	"ingre_list": [
		{
			"ingre_name": "오이",
			"ingre_count": "1",
			"ingre_unit": "개"
		},
		{
			"ingre_name": "양파",
			"ingre_count": "1/4",
			"ingre_unit": "개"
		},
		{
			"ingre_name": "쑥갓",
			"ingre_count": "10",
			"ingre_unit": "줄기"
		}
	],
	"sauce_list": [
		{
			"ingre_name": "고추장",
			"ingre_count": "1",
			"ingre_unit": "T"
		},
		{
			"ingre_name": "간장",
			"ingre_count": "2/3",
			"ingre_unit": "T"
		},
		{
			"ingre_name": "고추가루",
			"ingre_count": "1/3",
			"ingre_unit": "T"
		},
		{
			"ingre_name": "다진마늘",
			"ingre_count": "1/3",
			"ingre_unit": "T"
		},
		{
			"ingre_name": "다진파",
			"ingre_count": "2/3",
			"ingre_unit": "T"
		},
		{
			"ingre_name": "깨소금",
			"ingre_count": "2/3",
			"ingre_unit": "T"
		},
		{
			"ingre_name": "설탕",
			"ingre_count": "1/2",
			"ingre_unit": "T"
		},
		{
			"ingre_name": "참기름",
			"ingre_count": "1/3",
			"ingre_unit": "T"
		},
		{
			"ingre_name": "식초",
			"ingre_count": "1/2",
			"ingre_unit": "T"
		}
	],
	"recipe": [
		"1. 볼에 양념재료를 모두 넣고 새콤달콤한 양념을 미리 만들어 두세요.",
		"2. 오이는 굵은 소금을 뿌려 손으로 문질러 씻어줍니다.",
		"3. 길쭉하게 반으로 갈라 어슷하게 슬라이스해줍니다.",
		"4. 쑥갓과 양파도 잘라서 준비합니다.",
		"5. 양졈장을 만든 볼에 오이, 쑥갓, 양파채를 모두 넣어 살살 버무리면 완성입니다."
	],
	"recipe_img": [
		"https://recipe1.ezmember.co.kr/cache/recipe/2015/06/16/29723d16f6bb96418daaa0b8f3e5daf01.jpg",
		"https://recipe1.ezmember.co.kr/cache/recipe/2015/06/16/722ff0683cbb243e7d54da94ef5192fa1.jpg",
		"https://recipe1.ezmember.co.kr/cache/recipe/2015/06/16/4e81f240f881d4d93d397a76574cce4d1.jpg",
		"https://recipe1.ezmember.co.kr/cache/recipe/2015/06/16/e7a054177a5c24e6eb367cdfdad2176c1.jpg",
		"https://recipe1.ezmember.co.kr/cache/recipe/2015/06/16/423b38987e0d2913e5ea1e170a515f671.jpg"
	],
	"tag": [
		"무침, 오이무침"
	]
}