{
	"id": "5007818",
	"name": "쇠고기 미역죽 ",
	"thumbnail": "https://recipe1.ezmember.co.kr/cache/recipe/2015/06/08/8f32d703c0cef8242d8e80dec4909ea1.jpg",
	"url": "https://www.10000recipe.com/recipe/5007818",
	"ingredient_ids": [
		51794,
		51799,
		10170
	],
	"time": "60",
	"ingre_list": [
		{
			"ingre_name": "쌀",
			"ingre_count": "100",
			"ingre_unit": "g"
		},
		{
			"ingre_name": "다진소고기",
			"ingre_count": "80",
			"ingre_unit": "g"
		},
		{
			"ingre_name": "미역",
			"ingre_count": "3",
			"ingre_unit": "g"
		}
	],
	"sauce_list": [
		{
			"ingre_name": "소금",
			"ingre_count": "",
			"ingre_unit": ""
		},
		{
			"ingre_name": "후추",
			"ingre_count": "",
			"ingre_unit": ""
		},
		{
			"ingre_name": "간장",
			"ingre_count": "",
			"ingre_unit": ""
		},
		{
			"ingre_name": "참기름",
			"ingre_count": "",
			"ingre_unit": ""
		},
		{
			"ingre_name": "다진마늘",
			"ingre_count": "",
			"ingre_unit": ""
		}
	],
	"recipe": [
		"1. 재료를 준비합니다.",
		"2. 쌀은 깨끗하게 씻은 후 물에 1시간가량 불려주세요.",
		"3. 다진 소고기에 다진마늘 1ts, 간장 1TS, 소금, 후추를 넣고 밑간해주세요",
		"4. 미역은 물에 불려 잘게 잘라주세요.",
		"5. 달군 후라이팬에 참기름을 두르고 밑간해 둔 소고기를 볶아주세요.",
		"6. 소고기가 어느정도 익으면 미역과 불린쌀을 넣고 쌀이 투명해질때까지 볶아주세요.",
		"7. 쌀이 투명해지면서 잘볶아지면,",
		"8. 물을 넣어주세요 물의 양은 쌀의 6배정도가 좋아요.",
		"9. 보글보글 끓어오르면 중불로 줄여 잘 저어가면서 쌀이 퍼지도록 잘 익혀주세요 모자란 간은 소금으로 맞춰주세요",
		"10. 완성된 쇠고기미역죽에 깨소금과 김가루를 올려 더욱 고소하게 만들어주세요."
	],
	"recipe_img": [
		"https://recipe1.ezmember.co.kr/cache/recipe/2015/06/13/36ff82bd09da587c16f6b3259e25f7ca1.jpg",
		"https://recipe1.ezmember.co.kr/cache/recipe/2015/06/13/3ea58c3747a2ee20cb6e2570658fb7581.jpg",
		"https://recipe1.ezmember.co.kr/cache/recipe/2015/06/13/ae133854091165631a3a475977613b201.jpg",
		"https://recipe1.ezmember.co.kr/cache/recipe/2015/06/13/f19bc10cb34fbce7b592a69cc69a91f11.jpg",
		"https://recipe1.ezmember.co.kr/cache/recipe/2015/06/13/880225b3a81e7b3c188f45d6881604461.jpg",
		"https://recipe1.ezmember.co.kr/cache/recipe/2015/06/13/aa77a8da96bf880d51778e0268f250fb1.jpg",
		"https://recipe1.ezmember.co.kr/cache/recipe/2015/06/13/a7ef5fe34dbb208db2308bcee9ac08041.jpg",
		"https://recipe1.ezmember.co.kr/cache/recipe/2015/06/13/4f7f4cd478023c88ee60fcc1b043be1b1.jpg",
		"https://recipe1.ezmember.co.kr/cache/recipe/2015/06/13/2928af4233008a214778e3a7dc3679141.jpg",
		"https://recipe1.ezmember.co.kr/cache/recipe/2015/06/13/b8c4aa91383b3d88e97d04a79bea68b91.jpg"
	],
	"tag": [
		"소고기, 영양식, 죽"
	]
}