{
	"id": "5016314",
	"name": "쫄면 맛있게 만드는법 ",
	"thumbnail": "https://recipe1.ezmember.co.kr/cache/recipe/2015/06/08/5bd955fe5beccc24f7f9300291510327.jpg",
	"url": "https://www.10000recipe.com/recipe/5016314",
	"ingredient_ids": [
		7863,
		9457,
		42888,
		8710
	],
	"time": "30",
	"ingre_list": [
		{
			"ingre_name": "쫄면",
			"ingre_count": "1",
			"ingre_unit": "인분"
		},
		{
			"ingre_name": "계란",
			"ingre_count": "1/2",
			"ingre_unit": "개"
		},
		{
			"ingre_name": "양배추",
			"ingre_count": "",
			"ingre_unit": "조금"
		},
		{
			"ingre_name": "오이",
			"ingre_count": "",
			"ingre_unit": "조금"
		}
	],
	"sauce_list": [
		{
			"ingre_name": "고추장",
			"ingre_count": "2",
			"ingre_unit": "TS"
		},
		{
			"ingre_name": "간장",
			"ingre_count": "0.",
			"ingre_unit": "TS"
		},
		{
			"ingre_name": "매실",
			"ingre_count": "1",
			"ingre_unit": "TS"
		},
		{
			"ingre_name": "요리당",
			"ingre_count": "0.",
			"ingre_unit": "TS"
		},
		{
			"ingre_name": "식초",
			"ingre_count": "1.",
			"ingre_unit": "TS"
		},
		{
			"ingre_name": "마늘",
			"ingre_count": "0.",
			"ingre_unit": "TS"
		},
		{
			"ingre_name": "통깨",
			"ingre_count": "",
			"ingre_unit": "조금"
		}
	],
	"recipe": [
		"1. 쫄면은 손으로 풀어서 뭉쳐있지 않게 해주시고",
		"2. 양패추와 오이는 채썰어서 준비합니다.",
		"3. 고추장 2TS, 간장 0.5TS, 매실 1TS, 요리당 0.3TS, 식초 1.5TS, 마늘 0.5TS, 통깨 조금 섞어 양념장을 만들어 주시고,",
		"4. 끓는물에 쫄면을 넣고 삶아주신 뒤에 찬물에 헹궈주세요.",
		"5. 잘 삶아진 쫄면과 준비한 양념, 야채를 넣고 골고루 비벼주시면 됩니다"
	],
	"recipe_img": [
		"https://recipe1.ezmember.co.kr/cache/recipe/2015/06/13/cf2bc8d46d26f730c7bbb9e0fa075b2e1.jpg",
		"https://recipe1.ezmember.co.kr/cache/recipe/2015/06/13/fc279163c2d5527096b68b3bf7255da31.jpg",
		"https://recipe1.ezmember.co.kr/cache/recipe/2015/06/13/58083675b32c776d493c0e3cf0f320c91.jpg",
		"https://recipe1.ezmember.co.kr/cache/recipe/2015/06/13/d2f1c5f876fb6bfea952caa1fcd441671.jpg",
		"https://recipe1.ezmember.co.kr/cache/recipe/2015/06/13/795c8a22795487b5bb1c40386d416a1f1.jpg"
	],
	"tag": [
		"가공식품류, 면+만두, 비빔, 쫄면"
	]
}