{
	"id": "5044449",
	"name": "돼지고기 장조림",
	"thumbnail": "https://recipe1.ezmember.co.kr/cache/recipe/2015/04/03/e633a5583297a1d224824f4272e027ea1.jpg",
	"url": "https://www.10000recipe.com/recipe/5044449",
	"ingredient_ids": [
		9243,
		51820,
		51689,
		10722,
		10378
	],
	"time": "90",
	"ingre_list": [
		{
			"ingre_name": "돼지고기안심",
			"ingre_count": "390",
			"ingre_unit": "g"
		},
		{
			"ingre_name": "꽈리고추",
			"ingre_count": "100",
			"ingre_unit": "g"
		},
		{
			"ingre_name": "홍고추",
			"ingre_count": "1",
			"ingre_unit": "개"
		},
		{
			"ingre_name": "마늘",
			"ingre_count": "15",
			"ingre_unit": "개"
		},
		{
			"ingre_name": "소주",
			"ingre_count": "1",
			"ingre_unit": "T"
		}
	],
	"sauce_list": [
		{
			"ingre_name": "양조간장",
			"ingre_count": "5",
			"ingre_unit": "T"
		},
		{
			"ingre_name": "올리고당",
			"ingre_count": "2",
			"ingre_unit": "T"
		},
		{
			"ingre_name": "맛술",
			"ingre_count": "1",
			"ingre_unit": "T"
		},
		{
			"ingre_name": "물",
			"ingre_count": "500",
			"ingre_unit": "ml"
		}
	],
	"recipe": [
		"1. 돼지고기는 안심으로 준비해 적당한 크기로 썰어서 냄비에 물과 소주를 붓고 삶아줍니다. 소주를 이용하면 돼지고기의 누린내를 제거할 수가 있어서 좋답니다.",
		"2. 삶은 돼지고기는 먹기 좋게 결대로 찢어줍니다.",
		"3. 꽈리고추는 꼭지를 제거해줍니다.",
		"4. 손질한 꽈리고추는 흐르는 물에 씻어 주고 홍고추는 꼭지를 제거하고 흐르는 물에 씻어줍니다. 마늘은 껍질을 제거하고 흐르는 물에 씻어줍니다.",
		"5. 냄비에 분량의 조림장 재료 양조간장, 올리고당, 맛술, 물을 붓고 돼지고기 안심을 넣은 후 조려줍니다.",
		"6. 돼지고기가 중간 정도 조려지면 꽈리고추와 홍고추를 넣고 조려줍니다.",
		"7. 마지막으로 마늘을 넣고 조려주다가 조림장 국물이 자작자작해지면 불에서 내려요."
	],
	"recipe_img": [
		"https://recipe1.ezmember.co.kr/cache/recipe/2015/04/03/28ac903db07dab2efa084da98313390d1.jpg",
		"https://recipe1.ezmember.co.kr/cache/recipe/2015/04/03/23a60f551db4344219d88559d4ef94011.jpg",
		"https://recipe1.ezmember.co.kr/cache/recipe/2015/04/03/cd422f42861242516bc75be2fe72391d1.jpg",
		"https://recipe1.ezmember.co.kr/cache/recipe/2015/04/03/f3f4322603526b110b273ced311a0d031.jpg",
		"https://recipe1.ezmember.co.kr/cache/recipe/2015/04/03/60138bf966b39e5575ae13bd24a071841.jpg",
		"https://recipe1.ezmember.co.kr/cache/recipe/2015/04/03/f914eda21887ceeb44cd826ff3bb9dfd1.jpg",
		"https://recipe1.ezmember.co.kr/cache/recipe/2015/04/03/ce8028412ad1d18aea7fea66c5a9e5dd1.jpg"
	],
	"tag": [
		"돼지고기, 돼지고기장조림, 장조림, 조림"
	]
}