{
	"id": "5046909",
	"name": "햄감자채볶음",
	"thumbnail": "https://recipe1.ezmember.co.kr/cache/recipe/2015/05/26/543907b1ec8c332c81aae95844a8a4341.jpg",
	"url": "https://www.10000recipe.com/recipe/5046909",
	"ingredient_ids": [
		7997,
		9294,
		8316,
		10722,
		51684
	],
	"time": "30",
	"ingre_list": [
		{
			"ingre_name": "감자",
			"ingre_count": "2",
			"ingre_unit": "개"
		},
		{
			"ingre_name": "슬라이스햄",
			"ingre_count": "3",
			"ingre_unit": "장"
		},
		{
			"ingre_name": "청양고추",
			"ingre_count": "1",
			"ingre_unit": "개"
		},
		{
			"ingre_name": "마늘",
			"ingre_count": "2",
			"ingre_unit": "쪽"
		},
		{
			"ingre_name": "식용유",
			"ingre_count": "1",
			"ingre_unit": "T"
		}
	],
	"sauce_list": [
		{
			"ingre_name": "소금",
			"ingre_count": "",
			"ingre_unit": "약간"
		},
		{
			"ingre_name": "후춧가루",
			"ingre_count": "",
			"ingre_unit": "약간"
		},
		{
			"ingre_name": "통깨",
			"ingre_count": "",
			"ingre_unit": "약간"
		}
	],
	"recipe": [
		"1. 감자는 껍질을 벗겨 씻은 후 채 썰어서 체에 밭쳐 물기를 빼줍니다.",
		"2. 슬라이스햄은 반으로 썰어서 채 썰어줍니다.",
		"3. 마늘은 껍질을 제거하고 흐르는 물에 씻은 후 채 썰어줍니다. 청양고추는 꼭지를 제거하고 흐르는 물에 씻은 후 어슷 썰어줍니다.",
		"4. 달군 프라이팬에 식용유를 두르고 마늘과 청양고추를 넣고 볶다가 감자채를 넣고 함께 볶아줍니다.",
		"5. 감자가 투명하게 익어갈 때 햄을 넣어서 볶아주고 소금과 후춧가루를 뿌려 간이 골고루 배도록 볶은 후 불에서 내려요."
	],
	"recipe_img": [
		"https://recipe1.ezmember.co.kr/cache/recipe/2015/05/26/80e0b9911a85fc239c441b83bad182401.jpg",
		"https://recipe1.ezmember.co.kr/cache/recipe/2015/05/26/8710db5eca9e69338e9ca9ac252828f51.jpg",
		"https://recipe1.ezmember.co.kr/cache/recipe/2015/05/26/0246a3fe48c196b1c48d15f059dc027a1.jpg",
		"https://recipe1.ezmember.co.kr/cache/recipe/2015/05/26/ec4c4e59749a467f8543eb4acb3862781.jpg",
		"https://recipe1.ezmember.co.kr/cache/recipe/2015/05/26/fcd17f3ae80a199f1620efbeb77b4d981.jpg"
	],
	"tag": [
		"감자, 감자볶음, 감자채볶음"
	]
}