{
	"id": "5051726",
	"name": "한 쌈씩 먹기 좋은 깻잎쌈밥",
	"thumbnail": "https://recipe1.ezmember.co.kr/cache/recipe/2015/05/30/80d1eb7844840d7cf92a43d5c0ee05c41.jpg",
	"url": "https://www.10000recipe.com/recipe/5051726",
	"ingredient_ids": [
		7025,
		51700,
		51686,
		10282
	],
	"time": "60",
	"ingre_list": [
		{
			"ingre_name": "현미밥",
			"ingre_count": "1",
			"ingre_unit": "공기"
		},
		{
			"ingre_name": "깻잎",
			"ingre_count": "12",
			"ingre_unit": "장"
		},
		{
			"ingre_name": "통깨",
			"ingre_count": "1",
			"ingre_unit": "작은술"
		},
		{
			"ingre_name": "참기름",
			"ingre_count": "1",
			"ingre_unit": "작은술"
		}
	],
	"sauce_list": [
		{
			"ingre_name": "돼지고기",
			"ingre_count": "200",
			"ingre_unit": "g"
		},
		{
			"ingre_name": "당근",
			"ingre_count": "",
			"ingre_unit": ""
		},
		{
			"ingre_name": "양파",
			"ingre_count": "1/2",
			"ingre_unit": "개"
		},
		{
			"ingre_name": "마늘쫑",
			"ingre_count": "7",
			"ingre_unit": "대"
		},
		{
			"ingre_name": "청양고추",
			"ingre_count": "1",
			"ingre_unit": "개"
		},
		{
			"ingre_name": "마늘",
			"ingre_count": "1",
			"ingre_unit": "쪽"
		},
		{
			"ingre_name": "고추장",
			"ingre_count": "5",
			"ingre_unit": "T"
		},
		{
			"ingre_name": "맛술",
			"ingre_count": "1",
			"ingre_unit": "T"
		},
		{
			"ingre_name": "후춧가루",
			"ingre_count": "",
			"ingre_unit": ""
		},
		{
			"ingre_name": "식용유",
			"ingre_count": "1",
			"ingre_unit": "T"
		}
	],
	"recipe": [
		"1. 마늘종은 흐르는 물에 씻은 후 송송 썰고 당근은 껍질을 벗겨 씻은 후 잘게 다져줍니다. 양파와 마늘은 껍질을 벗겨 씻은 후 잘게 다져주고 청양고추는 꼭지를 제거하고 흐르는 물에 씻은 후 잘게 다져줍니다.",
		"2. 달군 프라이팬에 식용유를 두르고 마늘종과 마늘을 넣고 볶다가 당근을 넣어 함께 볶아줍니다.",
		"3. 양파와 청양고추를 넣어 함께 볶아줍니다.",
		"4. 돼지고기를 넣고 볶다가 맛술과 후춧가루를 뿌려 볶아줍니다.",
		"5. 재료가 익었을 때 고추장을 넣고 볶은 후 불에서 내려요. 쌈밥을 만들어 먹기도 하고 나물반찬이나 겉절이와 함께 비벼 먹어도 맛이 좋은 약고추장이기에 넉넉하게 만들었습니다.",
		"6. 깻잎은 줄기를 제거하고 흐르는 물에 씻은 후 끓는 물에 소금을 약간 넣고 살짝 데친 다음 찬물에 헹구어 키친타월을 이용해 물기를 빼줍니다.",
		"7. 현미밥에 통깨, 참기름을 넣고 골고루 섞은 후 한입크기로 주먹밥을 만들어줍니다. 멥쌀과 찰현미를 섞어서 밥을 지었습니다.",
		"8. 물기를 뺀 깨끗한 도마 위에 깻잎을 한 장씩 깔고 주먹밥을 올려줍니다.",
		"9. 주먹밥 위에 약고추장을 올린 후 깻잎 가장자리를 안으로 접어서 예쁘게 돌돌 말아줍니다. 모양은 원하는 모양으로 하면 되겠지요.",
		"10. 깻잎을 깔고 주먹밥을 올린 후 밥을 보이게 만들어 보았습니다.",
		"11. 깻잎으로 감싼 주먹밥을 접시에 담고 밥이 보이는 쌈밥에는 약고추장을 올려줍니다."
	],
	"recipe_img": [
		"https://recipe1.ezmember.co.kr/cache/recipe/2015/05/30/a5cd3a07fbffa24096043d49012a8ad01.jpg",
		"https://recipe1.ezmember.co.kr/cache/recipe/2015/05/30/b52bed8b09b4691e032f89d4c27f207d1.jpg",
		"https://recipe1.ezmember.co.kr/cache/recipe/2015/05/30/6bb3437dcd1ba5a4637b44bc525faac31.jpg",
		"https://recipe1.ezmember.co.kr/cache/recipe/2015/05/30/c3d61e460a643b2cbc74ed5a4709e2cf1.jpg",
		"https://recipe1.ezmember.co.kr/cache/recipe/2015/05/30/ed9425d574db55612c6046afe4fca0aa1.jpg",
		"https://recipe1.ezmember.co.kr/cache/recipe/2015/05/30/5b5f49914527cbd64e578570b70cd63a1.jpg",
		"https://recipe1.ezmember.co.kr/cache/recipe/2015/05/30/d67511880b5a0febda681b6217b4a99d1.jpg",
		"https://recipe1.ezmember.co.kr/cache/recipe/2015/05/30/c14c92b44f335682bf7ff642b817a7151.jpg",
		"https://recipe1.ezmember.co.kr/cache/recipe/2015/05/30/94f3ce1c74cb8216be9e9a5ee8efc8c21.jpg",
		"https://recipe1.ezmember.co.kr/cache/recipe/2015/05/30/5504c7b358f554e61b3893e1960ac7cf1.jpg",
		"https://recipe1.ezmember.co.kr/cache/recipe/2015/05/30/7548fe50478ff5a023fd4ec88516076b1.jpg"
	],
	"tag": [
		"쌈, 쌈밥"
	]
}