{
	"id": "5066369",
	"name": "매운감자조림 만드는법",
	"thumbnail": "https://recipe1.ezmember.co.kr/cache/recipe/2015/06/02/71566a37e6a2881441e6f9cbd312c2fb1.jpg",
	"url": "https://www.10000recipe.com/recipe/5066369",
	"ingredient_ids": [
		7997,
		8824,
		8676,
		51682
	],
	"time": "60",
	"ingre_list": [
		{
			"ingre_name": "감자",
			"ingre_count": "3",
			"ingre_unit": "개"
		},
		{
			"ingre_name": "대파",
			"ingre_count": "",
			"ingre_unit": "약간"
		},
		{
			"ingre_name": "양파",
			"ingre_count": "1/2",
			"ingre_unit": "개"
		},
		{
			"ingre_name": "다진마늘",
			"ingre_count": "1/2",
			"ingre_unit": "작은술"
		}
	],
	"sauce_list": [
		{
			"ingre_name": "간장",
			"ingre_count": "1",
			"ingre_unit": "T"
		},
		{
			"ingre_name": "올리고당1+1/2큰술",
			"ingre_count": "1+1/2",
			"ingre_unit": "T"
		},
		{
			"ingre_name": "굴소스",
			"ingre_count": "1",
			"ingre_unit": "T"
		},
		{
			"ingre_name": "고춧가루",
			"ingre_count": "2/3",
			"ingre_unit": "T"
		},
		{
			"ingre_name": "참기름",
			"ingre_count": "1",
			"ingre_unit": "작은술"
		},
		{
			"ingre_name": "물",
			"ingre_count": "1",
			"ingre_unit": "컵"
		}
	],
	"recipe": [
		"1. 양파와 감자는 조금 큼직하게 깍둑썰기 해주시고 대파는 어슷썰기 해줍니다.",
		"2. 그리고 썰어둔 감자는 냄비에 넣고 감자가 푹 잠길 정도의 물을 부은 후 2/3정도 익혀주었어요.",
		"3. 다진마늘 1/2작은술, 간장 1큰술, 올리고당 1과 1/2큰술, 굴소스 1큰술, 고춧가루 2/3큰술, 참기름 1작은술 분량의 양념소스를 잘 섞어주세요.",
		"4. 감자가 2/3정도 익고나면 끓였던 물은 1컵정도만 남기고 모두 따라 버리세요. 그리고 썰어두었던 양파와 분량의 조림양념장을 넣은 후 끓여줍니다.",
		"5. 감자조림이 자작하게 완성되고 나면 마지막으로 대파를 넣어 한소끔만 끓여내 마무리 해 주세요."
	],
	"recipe_img": [
		"https://recipe1.ezmember.co.kr/cache/recipe/2015/06/02/50091ccb5646429bf94444ce48b97a8c1.jpg",
		"https://recipe1.ezmember.co.kr/cache/recipe/2015/06/02/e11e9051f7a14300b141fcfc84099f4f1.jpg",
		"https://recipe1.ezmember.co.kr/cache/recipe/2015/06/02/2cfc4bb93bc8326c80a930d5aef2101b1.jpg",
		"https://recipe1.ezmember.co.kr/cache/recipe/2015/06/02/b44bbc94beb197d1866c4ed0171f61291.jpg",
		"https://recipe1.ezmember.co.kr/cache/recipe/2015/06/02/6ef25150a001a5af9bebabac0db7151c1.jpg"
	],
	"tag": [
		"감자, 감자조림, 조림"
	]
}