{
	"id": "5088198",
	"name": "김치 마늘 스크램블 볶음밥",
	"thumbnail": "https://recipe1.ezmember.co.kr/cache/recipe/2015/04/09/79a4d29e0104437bb251b463f756428f1.jpg",
	"url": "https://www.10000recipe.com/recipe/5088198",
	"ingredient_ids": [
		7026,
		9456,
		8349,
		10722
	],
	"time": "30",
	"ingre_list": [
		{
			"ingre_name": "흑미밥",
			"ingre_count": "1",
			"ingre_unit": "공기"
		},
		{
			"ingre_name": "달걀",
			"ingre_count": "2",
			"ingre_unit": "개"
		},
		{
			"ingre_name": "김치",
			"ingre_count": "2",
			"ingre_unit": "봉지"
		},
		{
			"ingre_name": "마늘",
			"ingre_count": "15",
			"ingre_unit": "알"
		}
	],
	"sauce_list": [
		{
			"ingre_name": "굴소스",
			"ingre_count": "1",
			"ingre_unit": "작은술"
		},
		{
			"ingre_name": "들기름",
			"ingre_count": "1",
			"ingre_unit": "T"
		},
		{
			"ingre_name": "통깨",
			"ingre_count": "1",
			"ingre_unit": "작은술"
		},
		{
			"ingre_name": "간장",
			"ingre_count": "1",
			"ingre_unit": "작은술"
		},
		{
			"ingre_name": "무슈구슈",
			"ingre_count": "1",
			"ingre_unit": "작은술"
		}
	],
	"recipe": [
		"1. 김치를 잘게 잘라 준비해주세요",
		"2. 마늘은 슬라이스해서 팬에 기름을 넉넉히 두르고 튀기듯 노릇하게 구워 키친타올에 올려 기름을 제거해주세요",
		"3. 달걀은 잘 풀어 스크램블을 만들어주시고",
		"4. 팬에 들기름을 두르고 김치를 넣어 볶아주시고 간장,무슈구슈를 넣어 볶아주세요",
		"5. 흑미밥을 넣어 섞어주시고 굴소스를 넣어 섞어주신다음 스크램블을 넣어 섞어주세요  마지막에 통깨를 솔솔 뿌려구시구요  그릇에 김치볶음밥을 담아주시고 구운마늘을 올려주세요~~"
	],
	"recipe_img": [
		"https://recipe1.ezmember.co.kr/cache/recipe/2015/04/09/0599d21254e4c0ee0cbd25b4d9274fb31.jpg",
		"https://recipe1.ezmember.co.kr/cache/recipe/2015/04/09/df68b88b9acd8dbd0744c9cc5c1af43a1.jpg",
		"https://recipe1.ezmember.co.kr/cache/recipe/2015/04/09/53035ba4f5391591b94a49e753f110031.jpg",
		"https://recipe1.ezmember.co.kr/cache/recipe/2015/04/09/daacbcfd88597c5f46948d2e314506bd1.jpg",
		"https://recipe1.ezmember.co.kr/cache/recipe/2015/04/09/fd2c62a859130c98035dc991c07c8d4d1.jpg"
	],
	"tag": [
		"김치, 김치볶음밥, 밥, 볶음밥, 스크램블"
	]
}