{
	"id": "5100997",
	"name": "도토리묵 무침만드는 법",
	"thumbnail": "https://recipe1.ezmember.co.kr/cache/recipe/2015/06/17/e78808e82f91690865b7f77e3f179f6b.jpg",
	"url": "https://www.10000recipe.com/recipe/5100997",
	"ingredient_ids": [
		10720,
		8592,
		51700,
		8676,
		8316
	],
	"time": "10",
	"ingre_list": [
		{
			"ingre_name": "도토리묵",
			"ingre_count": "210",
			"ingre_unit": "g"
		},
		{
			"ingre_name": "상추",
			"ingre_count": "10",
			"ingre_unit": "장"
		},
		{
			"ingre_name": "깻잎",
			"ingre_count": "15",
			"ingre_unit": "장"
		},
		{
			"ingre_name": "양파",
			"ingre_count": "1/2",
			"ingre_unit": "개"
		},
		{
			"ingre_name": "청양고추",
			"ingre_count": "2",
			"ingre_unit": "개"
		}
	],
	"sauce_list": [
		{
			"ingre_name": "간장",
			"ingre_count": "2",
			"ingre_unit": "TS"
		},
		{
			"ingre_name": "요리당",
			"ingre_count": "1",
			"ingre_unit": "TS"
		},
		{
			"ingre_name": "마늘",
			"ingre_count": "0.",
			"ingre_unit": "TS"
		},
		{
			"ingre_name": "참기름",
			"ingre_count": "0.",
			"ingre_unit": "TS"
		},
		{
			"ingre_name": "통깨",
			"ingre_count": "",
			"ingre_unit": "적당히"
		},
		{
			"ingre_name": "고추가루",
			"ingre_count": "1",
			"ingre_unit": "TS"
		},
		{
			"ingre_name": "매실",
			"ingre_count": "",
			"ingre_unit": "조금"
		}
	],
	"recipe": [
		"1. 간장 2TS, 요리당 1TS, 마늘 0.5TS, 참기름 0.7TS, 통깨 적당히, 고추가루 1TS, 매실 조금을 섞어 양념을 만듭니다.",
		"2. 채소는 씻어 적당히 썰어줍니다.",
		"3. 먹기 좋게 썬 도토리묵과 채소, 양념장을 넣고 묵이 부서지지 않게 살살 버무려줍니다."
	],
	"recipe_img": [
		"https://recipe1.ezmember.co.kr/cache/recipe/2015/06/17/8c7b615528b242fabcb640e896a918e81.jpg",
		"https://recipe1.ezmember.co.kr/cache/recipe/2015/06/17/ba54845c40966f98336676f3982f9d191.jpg",
		"https://recipe1.ezmember.co.kr/cache/recipe/2015/06/17/fb324f6c08606a0550b70e8ae60d76a11.jpg"
	],
	"tag": [
		"도토리묵무침, 무침"
	]
}