{
	"id": "5104283",
	"name": "새송이버섯어묵볶음",
	"thumbnail": "https://recipe1.ezmember.co.kr/cache/recipe/2015/06/13/8219cf4ed24dfefc1359af30a7707535.jpg",
	"url": "https://www.10000recipe.com/recipe/5104283",
	"ingredient_ids": [
		8913,
		8676,
		10136,
		8544
	],
	"time": "15",
	"ingre_list": [
		{
			"ingre_name": "새송이버섯",
			"ingre_count": "",
			"ingre_unit": ""
		},
		{
			"ingre_name": "양파",
			"ingre_count": "",
			"ingre_unit": ""
		},
		{
			"ingre_name": "어묵",
			"ingre_count": "",
			"ingre_unit": ""
		},
		{
			"ingre_name": "부추",
			"ingre_count": "",
			"ingre_unit": ""
		}
	],
	"sauce_list": [
		{
			"ingre_name": "양조간장",
			"ingre_count": "1",
			"ingre_unit": "작은술"
		},
		{
			"ingre_name": "후춧가루",
			"ingre_count": "",
			"ingre_unit": "약간"
		},
		{
			"ingre_name": "참기름",
			"ingre_count": "1",
			"ingre_unit": "작은술"
		},
		{
			"ingre_name": "맛술",
			"ingre_count": "1",
			"ingre_unit": "작은술"
		},
		{
			"ingre_name": "올리고당",
			"ingre_count": "1",
			"ingre_unit": "작은술"
		},
		{
			"ingre_name": "다진마늘",
			"ingre_count": "1/2",
			"ingre_unit": "작은술"
		}
	],
	"recipe": [
		"1. 우선 새송이 버섯은 사진처럼 2등분해줍니다.",
		"2. 그리고나서 잘게 썰어주세요. 어묵이나 양파도 마찬가지랍니다. 그리고 초록색이 아쉬워 부추도 살포시 썰어주었어요.",
		"3. 분량의 양념을 섞어 주세요.",
		"4. 달궈진 팬에 기름을 두른 후 양파와 어묵을 먼저 넣은 후 달달 볶아주세요.  물론 양파에서 수분이 나오는 걸 방지하기 위해 센불에서 후다닥 볶아주는 것이 좋아요.",
		"5. 그 후 양파가 어느정도 투명해지고 나면 새송이버섯을 넣고 볶아줍니다.  이 때는 센불보다는 중불로 조절한 후에 볶아주는 것이 좋아요.",
		"6. 먼저 만들어두었던 볶음용 간장양념을 넣고 골고루 섞듯이 볶아주세요.",
		"7. 마지막으로 불을 끈 후 남은 부추를 넣고 남은 열로 익혀줍니다."
	],
	"recipe_img": [
		"https://recipe1.ezmember.co.kr/cache/recipe/2015/06/13/5b61bc00219b75e879053339f0533c041.jpg",
		"https://recipe1.ezmember.co.kr/cache/recipe/2015/06/13/a6f140b939d0d77f2bd0f8d801ef60581.jpg",
		"https://recipe1.ezmember.co.kr/cache/recipe/2015/06/13/bbfb6fbf58dc30c7a4effc38cb5a9e1e1.jpg",
		"https://recipe1.ezmember.co.kr/cache/recipe/2015/06/13/4b1bf9c9d87eeeffdd3c1b5ddc9d30c61.jpg",
		"https://recipe1.ezmember.co.kr/cache/recipe/2015/06/13/2494c311cc120b1ebe69e50280a3154e1.jpg",
		"https://recipe1.ezmember.co.kr/cache/recipe/2015/06/13/9d8c87c25b7f5c0829f3ef6dd508fdf11.jpg",
		"https://recipe1.ezmember.co.kr/cache/recipe/2015/06/13/7cdc40b8cd2737ca01deaa730c312d5e1.jpg"
	],
	"tag": [
		"가공식품류, 밑반찬, 버섯, 버섯볶음, 볶음, 새송이버섯볶음, 어묵볶음, 일상"
	]
}