{
	"id": "5122649",
	"name": "호박 참치 볶음 만들기",
	"thumbnail": "https://recipe1.ezmember.co.kr/cache/recipe/2015/06/15/c949fe348d2903a2c8af2c5ccd84bb23.jpg",
	"url": "https://www.10000recipe.com/recipe/5122649",
	"ingredient_ids": [
		8850,
		18025,
		8827,
		8820,
		8316
	],
	"time": "15",
	"ingre_list": [
		{
			"ingre_name": "호박",
			"ingre_count": "1",
			"ingre_unit": "개"
		},
		{
			"ingre_name": "참치",
			"ingre_count": "1",
			"ingre_unit": "캔"
		},
		{
			"ingre_name": "파프리카",
			"ingre_count": "",
			"ingre_unit": "조금"
		},
		{
			"ingre_name": "파",
			"ingre_count": "",
			"ingre_unit": "조금"
		},
		{
			"ingre_name": "청양고추",
			"ingre_count": "1",
			"ingre_unit": "개"
		}
	],
	"sauce_list": [
		{
			"ingre_name": "다진마늘",
			"ingre_count": "",
			"ingre_unit": "조금"
		},
		{
			"ingre_name": "간장",
			"ingre_count": "2",
			"ingre_unit": "T"
		},
		{
			"ingre_name": "깨소금",
			"ingre_count": "",
			"ingre_unit": ""
		},
		{
			"ingre_name": "소금",
			"ingre_count": "",
			"ingre_unit": ""
		},
		{
			"ingre_name": "기름",
			"ingre_count": "",
			"ingre_unit": "조금"
		}
	],
	"recipe": [
		"1. 호박을 반달 모양으로 썰어 주세요. 참치 한캔은 기름기 제거 해주시고, 파프리카, 파, 고추는 듬성듬성 썰어주세요.",
		"2. 팬에 기름 조금 두르고 간장 2스푼 넣어 살살 호박을 볶아 주세요. 나머지 간은 소금으로 해주세요.",
		"3. 살짝 볶아진 호박에 나머지 채소를 넣고 살살 볶아주세요.",
		"4. 채소도 살짝 볶아지면 마지막에 참치를 넣어 볶아 주고 깨소금 솔솔 뿌려주세요."
	],
	"recipe_img": [
		"https://recipe1.ezmember.co.kr/cache/recipe/2015/06/15/ddaca83997af0bc8845dd7927c013ae61.jpg",
		"https://recipe1.ezmember.co.kr/cache/recipe/2015/06/15/843ddef5cb275399b7caf6d79b3087d01.jpg",
		"https://recipe1.ezmember.co.kr/cache/recipe/2015/06/15/879494fa5cf42017a1295500dd85205f1.jpg",
		"https://recipe1.ezmember.co.kr/cache/recipe/2015/06/15/6fd2f8c79d1924e53d38f29eceb3fdb31.jpg"
	],
	"tag": [
		"밑반찬, 볶음, 일상, 채소류"
	]
}