{
	"id": "5126109",
	"name": "아삭한 파채를 올려먹는 매콤한 제육볶음",
	"thumbnail": "https://recipe1.ezmember.co.kr/cache/recipe/2015/06/18/a21491075399b4ff7d73cfe30f1c6c83.jpg",
	"url": "https://www.10000recipe.com/recipe/5126109",
	"ingredient_ids": [
		9239,
		8824,
		8316,
		8676
	],
	"time": "30",
	"ingre_list": [
		{
			"ingre_name": "돼지고기",
			"ingre_count": "600",
			"ingre_unit": "g"
		},
		{
			"ingre_name": "대파",
			"ingre_count": "3",
			"ingre_unit": "대"
		},
		{
			"ingre_name": "청양고추",
			"ingre_count": "2",
			"ingre_unit": "개"
		},
		{
			"ingre_name": "양파",
			"ingre_count": "1",
			"ingre_unit": "개"
		}
	],
	"sauce_list": [
		{
			"ingre_name": "다진마늘",
			"ingre_count": "2",
			"ingre_unit": "T"
		},
		{
			"ingre_name": "고추장2+1/2큰술",
			"ingre_count": "2+1/2",
			"ingre_unit": "T"
		},
		{
			"ingre_name": "청양고춧가루",
			"ingre_count": "3",
			"ingre_unit": "T"
		},
		{
			"ingre_name": "간장",
			"ingre_count": "2",
			"ingre_unit": "T"
		},
		{
			"ingre_name": "물엿",
			"ingre_count": "2",
			"ingre_unit": "T"
		},
		{
			"ingre_name": "설탕",
			"ingre_count": "1",
			"ingre_unit": "T"
		},
		{
			"ingre_name": "참기름",
			"ingre_count": "1",
			"ingre_unit": "T"
		},
		{
			"ingre_name": "맛술",
			"ingre_count": "1",
			"ingre_unit": "T"
		},
		{
			"ingre_name": "매실액1큰술(생략가능)",
			"ingre_count": "1큰술(생략가능)",
			"ingre_unit": "T(생략가능)"
		},
		{
			"ingre_name": "후춧가루",
			"ingre_count": "",
			"ingre_unit": "조금"
		},
		{
			"ingre_name": "식용유",
			"ingre_count": "",
			"ingre_unit": "조금"
		}
	],
	"recipe": [
		"1. 돼지고기는 얇게 썰어진걸 구입 하고, 대파는 가늘게 썰어 파채로 준비 합니다 양념을 모두 섞어 준비 하고요",
		"2. 준비된 돼지고기에 식용유를 제외한 양념재료를 모두 섞어 고춧가루가 녹을때까지 두었다가 사용해요 캠핑을 갈때는 미리 양념을 섞어 가셔도 되겠지요",
		"3. 돼지고기에 양념을 모두 넣고 고루섞어 잠시 두었다 볶아 줍니다 양념이 고루 베어야 하니까요",
		"4. 집이라 파채칼을 사용 했지만 야외에서도 집중만 하면 가늘게 잘 썰 수 잆으니 고기볶을떄 넣는것도 넣지만 고기우에 올려 먹는 맛도 아주 좋답니다",
		"5. 식용유를 조금 두르고 고기를 볶아주면 땡 ~"
	],
	"recipe_img": [
		"https://recipe1.ezmember.co.kr/cache/recipe/2015/06/18/f85f244a5b9c9120d1c403c98e3dd7f91.jpg",
		"https://recipe1.ezmember.co.kr/cache/recipe/2015/06/18/1e524644ad2130cd8a3eeae60a2c78e81.jpg",
		"https://recipe1.ezmember.co.kr/cache/recipe/2015/06/18/aa3556d805a25b789afd521e7f16423c1.jpg",
		"https://recipe1.ezmember.co.kr/cache/recipe/2015/06/18/e0fbaa4d92acc5bf1cf1e07f629d56311.jpg",
		"https://recipe1.ezmember.co.kr/cache/recipe/2015/06/18/11d2c8c12b35de854efc4739ce7462381.jpg"
	],
	"tag": [
		"돼지고기, 제육볶음"
	]
}