{
	"id": "5136322",
	"name": "애호박새우젓볶음",
	"thumbnail": "https://recipe1.ezmember.co.kr/cache/recipe/2015/05/27/b3612aedc6a6c345136dfc68767ff7c91.jpg",
	"url": "https://www.10000recipe.com/recipe/5136322",
	"ingredient_ids": [
		8855,
		8676
	],
	"time": "15",
	"ingre_list": [
		{
			"ingre_name": "애호박",
			"ingre_count": "1",
			"ingre_unit": "개"
		},
		{
			"ingre_name": "양파",
			"ingre_count": "1/4",
			"ingre_unit": "개"
		}
	],
	"sauce_list": [
		{
			"ingre_name": "새우젓",
			"ingre_count": "1",
			"ingre_unit": "T"
		},
		{
			"ingre_name": "고춧가루",
			"ingre_count": "1",
			"ingre_unit": "작은술"
		},
		{
			"ingre_name": "다진마늘",
			"ingre_count": "1",
			"ingre_unit": "작은술"
		},
		{
			"ingre_name": "들기름",
			"ingre_count": "1",
			"ingre_unit": "T"
		}
	],
	"recipe": [
		"1. 애호박은 반달썰어 줍니다. 애호박은 껍질을 제거하고 흐르는 물에 씻은 후 채 썰어주고 마늘은 껍질을 벗겨 씻은 후 다져줍니다.",
		"2. 달군 프라이팬에 들기름을 두르고 다진 마늘을 넣고 볶다가 애호박을 넣고 볶아줍니다.",
		"3. 양파를 넣고 볶아줍니다.",
		"4. 고춧가루를 넣고 볶아줍니다.",
		"5. 새우젓을 넣고 간이 골고루 배도록 잘 섞으면서 볶은 후 불에서 내려요."
	],
	"recipe_img": [
		"https://recipe1.ezmember.co.kr/cache/recipe/2015/05/27/cdc565d4e70b349ce6ecba0ff5ee3cd81.jpg",
		"https://recipe1.ezmember.co.kr/cache/recipe/2015/05/27/7d1e91b350c62f5d3d7a05e7d924359d1.jpg",
		"https://recipe1.ezmember.co.kr/cache/recipe/2015/05/27/d5c0801839874f0221f095dfdb82c2d11.jpg",
		"https://recipe1.ezmember.co.kr/cache/recipe/2015/05/27/8dd446f207c9a671a9c5927fdcb4c02a1.jpg",
		"https://recipe1.ezmember.co.kr/cache/recipe/2015/05/27/441797822db9b9056a207a13f2854cfb1.jpg"
	],
	"tag": [
		"새우볶음, 애호박볶음"
	]
}