{
	"id": "5140675",
	"name": "고사리 지짐 만들기",
	"thumbnail": "https://recipe1.ezmember.co.kr/cache/recipe/2015/06/08/9f5aa9a05e1a989ba33227fdb13eeac2.jpg",
	"url": "https://www.10000recipe.com/recipe/5140675",
	"ingredient_ids": [
		8299
	],
	"time": "15",
	"ingre_list": [
		{
			"ingre_name": "고사리",
			"ingre_count": "1/2",
			"ingre_unit": "근"
		}
	],
	"sauce_list": [
		{
			"ingre_name": "다진마늘크게",
			"ingre_count": "1",
			"ingre_unit": "T"
		},
		{
			"ingre_name": "파(다진것)",
			"ingre_count": "",
			"ingre_unit": ""
		},
		{
			"ingre_name": "고추가루",
			"ingre_count": "3",
			"ingre_unit": "T"
		},
		{
			"ingre_name": "조선간장",
			"ingre_count": "1",
			"ingre_unit": "T"
		},
		{
			"ingre_name": "들기름",
			"ingre_count": "1",
			"ingre_unit": "T"
		},
		{
			"ingre_name": "소금",
			"ingre_count": "",
			"ingre_unit": ""
		},
		{
			"ingre_name": "물",
			"ingre_count": "",
			"ingre_unit": "조금"
		},
		{
			"ingre_name": "깨소금",
			"ingre_count": "",
			"ingre_unit": ""
		}
	],
	"recipe": [
		"1. 고사리 지짐에 들어갈 고사리를 깨끗이 씻어 먹기 좋게 잘라주세요. 마늘, 다진파도 준비해 주세요.",
		"2. 큰 볼에 고사리와 준비한 야채를 넣고 다진마늘 크게 1스푼, 다진파, 고추가루 3스푼, 조선간장 1스푼, 들기름 1스푼, 소금, 깨소금을 넣고 무쳐주세요.",
		"3. 냄비에 무친 고사리를 넣고 물을 100cc정도 넣어 주세요. 이젠 중불에서 10분정도 자박자박 지져 주세요."
	],
	"recipe_img": [
		"https://recipe1.ezmember.co.kr/cache/recipe/2015/06/13/e2180adf1b18fba22937c879a5e65fd31.jpg",
		"https://recipe1.ezmember.co.kr/cache/recipe/2015/06/13/c17d1995f2a43d2cbce8d6a4dd9ae51e1.jpg",
		"https://recipe1.ezmember.co.kr/cache/recipe/2015/06/13/9e3f50928ea771b8619157dbaae49d761.jpg"
	],
	"tag": [
		"끓이기, 부침개, 전"
	]
}