{
	"id": "5141410",
	"name": "돼지고기 돌돌 말이(5분만에 천원으로 만드는 국민요리) ",
	"thumbnail": "https://recipe1.ezmember.co.kr/cache/recipe/2015/04/10/168bfb20c0535c15f4b7e730ee2433051.jpg",
	"url": "https://www.10000recipe.com/recipe/5141410",
	"ingredient_ids": [
		51789,
		51700
	],
	"time": "10",
	"ingre_list": [
		{
			"ingre_name": "돼지고기앞다리살",
			"ingre_count": "",
			"ingre_unit": ""
		},
		{
			"ingre_name": "깻잎",
			"ingre_count": "",
			"ingre_unit": ""
		}
	],
	"sauce_list": [
		{
			"ingre_name": "소금",
			"ingre_count": "",
			"ingre_unit": ""
		},
		{
			"ingre_name": "후추",
			"ingre_count": "",
			"ingre_unit": ""
		},
		{
			"ingre_name": "오레가노",
			"ingre_count": "",
			"ingre_unit": ""
		}
	],
	"recipe": [
		"1. 고기 앞다릿살을 정육점에서 살 때 얇게 썰어달라고 해서 한 근 정도 삽니다. 집에서 썰어도 되는데 이때는 냉동고에 넣었다 살짝 얼리기 직전에 꺼내서 썰어도 됩니다.",
		"2. 얇게 썬 고기에 소금과 후추를 뿌려주세요.  오레가노가 있으면 뿌려주고요.  깻잎 한장에 콩가루를 대충 묻혀주세요.  아무쪽이나 한쪽에 묻혀주는데 밀가루로 해도 괜찮아요.",
		"3. 깻잎 한 장과 고기를 돌돌 말아 주세요. 서로 잘 달라붙어요.  팬에 구울 땐 올리브유를 뿌려주고 구우면 퍽퍽한 맛이 덜하고 맛있어요.",
		"4. 이건 오븐에서 - 돌돌 말아서 오븐에 구워준 것이에요. 돼지고기 돌돌 말이는 오븐이나 후라이팬에 구워도 좋습니다.  오븐에 구우면 바삭하고 후라이팬에 익히면 좀 촉촉한 맛이 납니다.오븐",
		"5. 돌돌 말아 차곡차곡 쌓아 냉동시켜 갖고 갑니다.  기호에 따라 소스를 찍어 드셔도 좋아요.",
		"6. 깻잎과 돼지고기가 궁합이 잘 맞아 더 맛있어요.  지글지글~~ 금방 익혀집니다."
	],
	"recipe_img": [
		"https://recipe1.ezmember.co.kr/cache/recipe/2015/04/10/5eafd67a232b1c48dcecad020e5815e11.jpg",
		"https://recipe1.ezmember.co.kr/cache/recipe/2015/04/10/2533f5f70fd6978ad1187ed3aa9593881.jpg",
		"https://recipe1.ezmember.co.kr/cache/recipe/2015/04/10/494070a05ea9b503b8e962f11ecea7b51.jpg",
		"https://recipe1.ezmember.co.kr/cache/recipe/2015/04/10/c726688f1a39a98cd78e1c3e1f6c188c1.jpg",
		"https://recipe1.ezmember.co.kr/cache/recipe/2015/04/10/143f05438921c2dc6db7fa5865e409f21.jpg",
		"https://recipe1.ezmember.co.kr/cache/recipe/2015/04/10/bf9c6e798065af3dfae314878b4106da1.jpg"
	],
	"tag": [
		"돼지고기, 말이"
	]
}