{
	"id": "5145142",
	"name": "가래떡 흑설탕볶이",
	"thumbnail": "https://recipe1.ezmember.co.kr/cache/recipe/2015/06/18/1b06f0d0dc0bb57aefb3fb7c645b8310.jpg",
	"url": "https://www.10000recipe.com/recipe/5145142",
	"ingredient_ids": [
		6786
	],
	"time": "30",
	"ingre_list": [
		{
			"ingre_name": "가래떡",
			"ingre_count": "40",
			"ingre_unit": "cm"
		}
	],
	"sauce_list": [
		{
			"ingre_name": "흑설탕",
			"ingre_count": "2",
			"ingre_unit": "T"
		},
		{
			"ingre_name": "물",
			"ingre_count": "5",
			"ingre_unit": "T"
		},
		{
			"ingre_name": "간장",
			"ingre_count": "1",
			"ingre_unit": "T"
		},
		{
			"ingre_name": "올리고당",
			"ingre_count": "2",
			"ingre_unit": "T"
		},
		{
			"ingre_name": "계피가루",
			"ingre_count": "",
			"ingre_unit": "약간"
		}
	],
	"recipe": [
		"1. 가래떡은 2cm 정도로 썰어주시구여..",
		"2. 달군팬에 오일을 둘러준후. 가래떡을 넣고 겉면이 까슬까슬해지도록 구워준후 잠시 접시에 덜어놓습니다",
		"3. 팬에 소스재료를 모두 넣어준후.",
		"4. 센불에서 바르르 끓기 시작하면 중약불로 줄인후",
		"5. 구운 가래떡을 넣고 조려주세요",
		"6. 약불에서 천천히 소스에 떡에 베어들도록 조려주심 되구여.. 점점 호떡의 달달한 냄새가 구미를 당긴답니다",
		"7. 완성된 가래떡흑설탕볶이에요"
	],
	"recipe_img": [
		"https://recipe1.ezmember.co.kr/cache/recipe/2015/06/18/747f3e2d571c56c648971451cc0bb6a21.jpg",
		"https://recipe1.ezmember.co.kr/cache/recipe/2015/06/18/5cd162233a194b79f90a7ac49e0100691.jpg",
		"https://recipe1.ezmember.co.kr/cache/recipe/2015/06/18/46de441cce965ed62279ebc07fa72c8e1.jpg",
		"https://recipe1.ezmember.co.kr/cache/recipe/2015/06/18/705aea566151ae6af771a7cd47d9174f1.jpg",
		"https://recipe1.ezmember.co.kr/cache/recipe/2015/06/18/65e7e1b1ad2419743cdff4f13c5c5e401.jpg",
		"https://recipe1.ezmember.co.kr/cache/recipe/2015/06/18/db670a7920f9dd424bfc2c17c4f8c80e1.jpg",
		"https://recipe1.ezmember.co.kr/cache/recipe/2015/06/18/ce19ade1778e303f37c4b28eaf6ddd241.jpg"
	],
	"tag": [
		"디저트, 쌀"
	]
}