{
	"id": "5173585",
	"name": "아삭아삭한 콩나물무침 만드는법",
	"thumbnail": "https://recipe1.ezmember.co.kr/cache/recipe/2015/06/04/f560c61cdb7e6ea98d3cb76bb62400461.jpg",
	"url": "https://www.10000recipe.com/recipe/5173585",
	"ingredient_ids": [
		8792
	],
	"time": "15",
	"ingre_list": [
		{
			"ingre_name": "콩나물",
			"ingre_count": "200",
			"ingre_unit": "g"
		}
	],
	"sauce_list": [
		{
			"ingre_name": "고춧가루",
			"ingre_count": "1",
			"ingre_unit": "T"
		},
		{
			"ingre_name": "소금",
			"ingre_count": "1/3",
			"ingre_unit": "T"
		},
		{
			"ingre_name": "파",
			"ingre_count": "2",
			"ingre_unit": "T"
		},
		{
			"ingre_name": "다진마늘",
			"ingre_count": "1/3",
			"ingre_unit": "T"
		},
		{
			"ingre_name": "들기름",
			"ingre_count": "1",
			"ingre_unit": "T"
		}
	],
	"recipe": [
		"1. 콩나물은 다듬어서 깨끗하게 씻어 삶아 줍니다.",
		"2. 대파는 송송썰고 다진마늘 1/3스푼 준비해둡니다.",
		"3. 삶아진 콩나물은 찬물에 2번정도 헹궈 물기를 빼둡니다.",
		"4. 콩나물에 고춧가루1스푼, 소금1/3스푼, 들기름1스푼, 파, 마늘을 넣고 조물조물 버무려줍니다."
	],
	"recipe_img": [
		"https://recipe1.ezmember.co.kr/cache/recipe/2015/06/05/4d660eda3c4e863446749abb7fef9bbb1.jpg",
		"https://recipe1.ezmember.co.kr/cache/recipe/2015/06/05/89234f7731850a03b9d6ad36431193da1.jpg",
		"https://recipe1.ezmember.co.kr/cache/recipe/2015/06/05/158e3effc5222e77ce554cbb73d8b3921.jpg",
		"https://recipe1.ezmember.co.kr/cache/recipe/2015/06/05/90fe325c33a041c946adef22bb59aa1f1.jpg"
	],
	"tag": [
		"나물, 무침, 초스피드, 콩나물무침"
	]
}