{
	"id": "5174302",
	"name": "대파 두부국 끓이기",
	"thumbnail": "https://recipe1.ezmember.co.kr/cache/recipe/2015/06/18/02631b561992837880321264c978858c.jpg",
	"url": "https://www.10000recipe.com/recipe/5174302",
	"ingredient_ids": [
		8158,
		8824
	],
	"time": "30",
	"ingre_list": [
		{
			"ingre_name": "두부",
			"ingre_count": "1",
			"ingre_unit": "모"
		},
		{
			"ingre_name": "대파",
			"ingre_count": "3",
			"ingre_unit": "대"
		}
	],
	"sauce_list": [
		{
			"ingre_name": "굴소스",
			"ingre_count": "2",
			"ingre_unit": "T"
		},
		{
			"ingre_name": "고춧가루",
			"ingre_count": "2",
			"ingre_unit": "T"
		},
		{
			"ingre_name": "식용유",
			"ingre_count": "1",
			"ingre_unit": "T"
		},
		{
			"ingre_name": "다시마",
			"ingre_count": "",
			"ingre_unit": ""
		},
		{
			"ingre_name": "건새우",
			"ingre_count": "",
			"ingre_unit": ""
		},
		{
			"ingre_name": "물",
			"ingre_count": "7",
			"ingre_unit": "컵"
		}
	],
	"recipe": [
		"1. 냄비에 다시마, 건새우를 적당히 넣고 바글바글 끓여주세요. (물이 끓기 시작하면 약 7분정도)",
		"2. 대파는 흰부분이랑 초록부분은 모두 사용하는데요. 3~4cm길이로 썰어낸 후 사진처럼 4등분 해주세요. ﻿물론 얇은 대파는 2등분해주셔도 충분하구요",
		"3. 이렇게 모두 썰어 준비해줍니다.",
		"4. 썰어낸 대파는 볼 넓은 그릇에 담아낸 후 굴소스 2큰술과 고춧가루 2큰술을 넣어 조물조물 버무려주세요.",
		"5. 이렇게 살짝 버무린 후에",
		"6. 달궈진 팬에 식용유 1큰술을 두른 후 양념된 대파를 넣은 후 살짝만 볶아주세요.",
		"7. 볶아낸 대파에 다시마 육수 7컵을 부은 후 5분정도 팔팔 끓여내 줍니다.",
		"8. 한소끔 끓고 나면 두부를 넣어 다시 한번 5분 이상 끓여주세요. ﻿ 따로 간은 하지 않아도 충분하더라구요. 굴소스를 넣은 것도 도움이 되고 다시마육수를 사용해서 간은 충분해요. 살짝 맛을 보신 후 부족한 부분이 있다면 국간장 또는 소금을 약간 넣어 간을 맞춰주시면 된답니다."
	],
	"recipe_img": [
		"https://recipe1.ezmember.co.kr/cache/recipe/2015/06/18/00214372c37457e5aae6f24631a387771.jpg",
		"https://recipe1.ezmember.co.kr/cache/recipe/2015/06/18/32f6cfe1e8d27a6f4b2f3027619fe8901.jpg",
		"https://recipe1.ezmember.co.kr/cache/recipe/2015/06/18/6e89f0663b5e8232963e5888d69ab1351.jpg",
		"https://recipe1.ezmember.co.kr/cache/recipe/2015/06/18/f71379a996b530d5169ea0a5454d4a0a1.jpg",
		"https://recipe1.ezmember.co.kr/cache/recipe/2015/06/18/a8bed0c16a14ef157faa6f42f60722221.jpg",
		"https://recipe1.ezmember.co.kr/cache/recipe/2015/06/18/c5e673e429aa3de1aa7b796d540e1b921.jpg",
		"https://recipe1.ezmember.co.kr/cache/recipe/2015/06/18/107dfae24d092d8036d8bdef5ef43c3b1.jpg",
		"https://recipe1.ezmember.co.kr/cache/recipe/2015/06/18/f236af609817c8c1396fa71fdc33c4ae1.jpg"
	],
	"tag": [
		"국+탕, 국, 두부"
	]
}