{
	"id": "5206151",
	"name": "매운 잡채덮밥",
	"thumbnail": "https://recipe1.ezmember.co.kr/cache/recipe/2015/06/10/3f8c86e7676e0748a84cebf13e92e7b81.jpg",
	"url": "https://www.10000recipe.com/recipe/5206151",
	"ingredient_ids": [
		8035,
		8676,
		8710,
		8316,
		8873,
		51684,
		8232,
		10406
	],
	"time": "90",
	"ingre_list": [
		{
			"ingre_name": "당면",
			"ingre_count": "2/3",
			"ingre_unit": "줌"
		},
		{
			"ingre_name": "양파",
			"ingre_count": "1/4",
			"ingre_unit": "개"
		},
		{
			"ingre_name": "오이",
			"ingre_count": "",
			"ingre_unit": "약간"
		},
		{
			"ingre_name": "청양고추",
			"ingre_count": "1",
			"ingre_unit": "개"
		},
		{
			"ingre_name": "느타리버섯",
			"ingre_count": "",
			"ingre_unit": "약간"
		},
		{
			"ingre_name": "식용유",
			"ingre_count": "",
			"ingre_unit": ""
		},
		{
			"ingre_name": "참깨",
			"ingre_count": "",
			"ingre_unit": ""
		},
		{
			"ingre_name": "굴소스",
			"ingre_count": "1",
			"ingre_unit": "T"
		}
	],
	"sauce_list": [
		{
			"ingre_name": "고춧가루",
			"ingre_count": "1",
			"ingre_unit": "작은술"
		},
		{
			"ingre_name": "간장",
			"ingre_count": "1",
			"ingre_unit": "T"
		},
		{
			"ingre_name": "설탕",
			"ingre_count": "1",
			"ingre_unit": "작은술"
		},
		{
			"ingre_name": "참기름",
			"ingre_count": "2/3",
			"ingre_unit": "T"
		},
		{
			"ingre_name": "다진파",
			"ingre_count": "2/3",
			"ingre_unit": "큰"
		}
	],
	"recipe": [
		"1. 오이는 돌려깍기 한 후 채썰어 준비하고 양파와 청양고추 역시 씨를 뺀 후 가늘게 채썰어 준비합니다. 느타리 버섯은 적당한 크기로 찢어 준비해 주세요.",
		"2. 분량의 잡채양념재료를 섞어 미리 준비해주세요.",
		"3. 굴소스도 1큰술 넣어 함께 섞어주세요.",
		"4. 달궈진 팬에 식용유를 두른 후 채썰어둔 재료들을 모두 넣어 달달 센불에서 볶아주세요. 참고로 오이는 입맛에 따라 가첨하시면 되는데요 오이를 넣으니 아삭함이 살아서 더 맛있게 느껴진답니다.",
		"5. 채소들이 모두 볶아졌다면 여기에 미리 준비해 둔 잡채양념을 넣어 중불에서 한 번 더 볶아주세요.",
		"6. 불려둔 당면을 넣어 1분간 볶아주세요. 이미 충분히 불려둔 상태인지라 가볍게만 볶아내도 당면은 충분히 익어요.",
		"7. 매콤해서 더욱 맛있는 매콤 잡채덮밥 완성이네요."
	],
	"recipe_img": [
		"https://recipe1.ezmember.co.kr/cache/recipe/2015/06/13/1db3d03252a904f271e0d8d64b005ba51.jpg",
		"https://recipe1.ezmember.co.kr/cache/recipe/2015/06/13/50fe1a344b61bc068eb307de07df021a1.jpg",
		"https://recipe1.ezmember.co.kr/cache/recipe/2015/06/13/518f8b1dbb59e660255c60d2038c6da91.jpg",
		"https://recipe1.ezmember.co.kr/cache/recipe/2015/06/13/a9518b5a6b5a49465c1737cc63b7907a1.jpg",
		"https://recipe1.ezmember.co.kr/cache/recipe/2015/06/13/9175e95ebb42b74b4261167add6f6dcf1.jpg",
		"https://recipe1.ezmember.co.kr/cache/recipe/2015/06/13/fcd5a1b4147cd6dfb6294e33b81acb2e1.jpg",
		"https://recipe1.ezmember.co.kr/cache/recipe/2015/06/13/9887bebf2c51d95aaa3787a8b2a9ace21.jpg"
	],
	"tag": [
		"덮밥, 밥+죽+떡, 밥, 볶음, 쌀, 잡채"
	]
}