{
	"id": "5209959",
	"name": "잡채 만들기",
	"thumbnail": "https://recipe1.ezmember.co.kr/cache/recipe/2015/06/08/4e176b62872bb21cddeea2fef8a6ad86.jpg",
	"url": "https://www.10000recipe.com/recipe/5209959",
	"ingredient_ids": [
		8035,
		9239,
		8886,
		8922,
		8676,
		8838,
		8386,
		8627
	],
	"time": "120",
	"ingre_list": [
		{
			"ingre_name": "당면",
			"ingre_count": "",
			"ingre_unit": ""
		},
		{
			"ingre_name": "돼지고기",
			"ingre_count": "150",
			"ingre_unit": "g"
		},
		{
			"ingre_name": "목이버섯",
			"ingre_count": "",
			"ingre_unit": ""
		},
		{
			"ingre_name": "표고버섯",
			"ingre_count": "",
			"ingre_unit": ""
		},
		{
			"ingre_name": "양파",
			"ingre_count": "",
			"ingre_unit": ""
		},
		{
			"ingre_name": "피망",
			"ingre_count": "",
			"ingre_unit": ""
		},
		{
			"ingre_name": "당근",
			"ingre_count": "",
			"ingre_unit": ""
		},
		{
			"ingre_name": "시금치",
			"ingre_count": "",
			"ingre_unit": ""
		}
	],
	"sauce_list": [
		{
			"ingre_name": "간장",
			"ingre_count": "1.",
			"ingre_unit": "TS"
		},
		{
			"ingre_name": "설탕",
			"ingre_count": "1/2",
			"ingre_unit": "TS"
		},
		{
			"ingre_name": "다진마늘",
			"ingre_count": "1",
			"ingre_unit": "Ts"
		},
		{
			"ingre_name": "청주",
			"ingre_count": "1",
			"ingre_unit": "TS"
		},
		{
			"ingre_name": "참기름",
			"ingre_count": "1/2",
			"ingre_unit": "TS"
		},
		{
			"ingre_name": "후추",
			"ingre_count": "",
			"ingre_unit": ""
		}
	],
	"recipe": [
		"1. 당면은 1시간 이상 충분히 물에 불려주세요.",
		"2. 잡채용 고기는 표고버섯을 넣고 양념재료 (간장 1.5TS, 설탕 1/2TS, 다진마늘 1ts, 청주 1TS 참기름 1/2TS, 후추)를 넣어 30분이상 재워주세요.",
		"3. 목이버섯은 물에 불려 먹기좋은 크기로 잘라주시고 양파, 당근, 피망은 얇게 채썰어주세요.",
		"4. 달군 후라이팬에 기름을 두르고 양파를 볶아주세요.",
		"5. 당근도 볶아주세요. ..................",
		"6. 피망은 살짝만 볶아주세요.",
		"7. 재워놓은 고기도 달군 후라이팬에 볶아주세요.",
		"8. 마지막으로 간장과 참기름으로 재운 목이버섯을 후라이팬에 살짝 볶아주세요.",
		"9. 당면삶는 물(간장 5TS, 설탕 1TS, 물 1.5컵)을 준비해 끓여주세요.",
		"10. 물이 끓어오르면 당면을 넣고 국물이 졸아들때까지 끓여주세요 마지막에 참기름을 살짝 둘러 마무리해주시면 됩니다.",
		"11. 큰 볼에 볶을 재료를 넣고 삶은 당면을 올려 충분히 식혀주세요.",
		"12. 물에 소금을 넣고 끓여주세요. 깨끗하게 손질한 시금치를 살짝 데친 후 소금, 다진마늘을 이용해 무쳐주세요.",
		"13. 재료가 다 식으면 시금치를 넣고 잘 섞어 간을 보신 후 모자란 간은 소금으로 맞춰주세요."
	],
	"recipe_img": [
		"https://recipe1.ezmember.co.kr/cache/recipe/2015/06/13/b843ec30ae522c12f7d060e57593d2081.jpg",
		"https://recipe1.ezmember.co.kr/cache/recipe/2015/06/13/758b48d980454ea01e050c1a006613981.jpg",
		"https://recipe1.ezmember.co.kr/cache/recipe/2015/06/13/2683bcf11bc2d86a4205fad96fabae4f1.jpg",
		"https://recipe1.ezmember.co.kr/cache/recipe/2015/06/13/a985663faf57335ec29268af6c3268031.jpg",
		"https://recipe1.ezmember.co.kr/cache/recipe/2015/06/13/ce00d2114f8a84f20398e14c7de305cc1.jpg",
		"https://recipe1.ezmember.co.kr/cache/recipe/2015/06/13/64ea85c9fec0ad32ff103e23538fc3661.jpg",
		"https://recipe1.ezmember.co.kr/cache/recipe/2015/06/13/a1ebd4a8e8b3e9d5fbba6e1d5d6f12a61.jpg",
		"https://recipe1.ezmember.co.kr/cache/recipe/2015/06/13/6568fda1f33f8df5259608cd1ba0bce81.jpg",
		"https://recipe1.ezmember.co.kr/cache/recipe/2015/06/13/dd2539d8aa98240047b37df4e7b9c07a1.jpg",
		"https://recipe1.ezmember.co.kr/cache/recipe/2015/06/13/5f5b7bb5a2454e2164516cb2e5d87b911.jpg",
		"https://recipe1.ezmember.co.kr/cache/recipe/2015/06/13/6002898ff3dfe47bbb96f6ba1af8f15d1.jpg",
		"https://recipe1.ezmember.co.kr/cache/recipe/2015/06/13/a59581fda4e56647a00375fd498e1a871.jpg",
		"https://recipe1.ezmember.co.kr/cache/recipe/2015/06/13/72349d3ad2acd86e9d3193cf0ce18c421.jpg"
	],
	"tag": [
		"손님접대, 잡채"
	]
}