{
	"id": "5209955",
	"name": "미나리닭가슴살무침 ",
	"thumbnail": "https://recipe1.ezmember.co.kr/cache/recipe/2015/06/04/44c8b40a102c40e645005d67a6cf18361.jpg",
	"url": "https://www.10000recipe.com/recipe/5209955",
	"ingredient_ids": [
		9181,
		51770,
		8710
	],
	"time": "30",
	"ingre_list": [
		{
			"ingre_name": "닭가슴살",
			"ingre_count": "",
			"ingre_unit": ""
		},
		{
			"ingre_name": "미나리",
			"ingre_count": "",
			"ingre_unit": ""
		},
		{
			"ingre_name": "오이",
			"ingre_count": "",
			"ingre_unit": ""
		}
	],
	"sauce_list": [
		{
			"ingre_name": "고춧가루",
			"ingre_count": "2",
			"ingre_unit": "TS"
		},
		{
			"ingre_name": "간장",
			"ingre_count": "1",
			"ingre_unit": "TS"
		},
		{
			"ingre_name": "식초",
			"ingre_count": "2",
			"ingre_unit": "TS"
		},
		{
			"ingre_name": "올리고당",
			"ingre_count": "2",
			"ingre_unit": "TS"
		},
		{
			"ingre_name": "참기름",
			"ingre_count": "1",
			"ingre_unit": "TS"
		},
		{
			"ingre_name": "다진마늘",
			"ingre_count": "1/2",
			"ingre_unit": "TS"
		},
		{
			"ingre_name": "다진파",
			"ingre_count": "1",
			"ingre_unit": "TS"
		},
		{
			"ingre_name": "통깨",
			"ingre_count": "",
			"ingre_unit": ""
		}
	],
	"recipe": [
		"1. 닭가슴살은 넉넉한 물에 청주, 월계수잎, 통후추를 넣어 20분이상 푹 삶아준 후 뚜껑을 덮어 뜸들여주시면 비린내없고 부드러운 닭가슴살이 됩니다",
		"2. 오이는 깨끗하게 씻어 반달로 썰어주시고 양파는 채썰어주세요. 미나리는 잎을 제거하고 줄기부분을 먹기좋은 크기로 썰어주세요.",
		"3. 고춧가루 2TS, 간장 1TS, 식초 2TS, 올리고당 2TS, 참기름 1 TS 다진마늘 1/2TS, 다진파 1TS, 통깨를 미리 섞어 숙성시켜주세요.",
		"4. 큰볼에 미나리와 오이를 담고 양념장에 미리 무쳐줍니다. 그리고 닭가슴살을 넣어 한번 더 무쳐주면 완성입니다."
	],
	"recipe_img": [
		"https://recipe1.ezmember.co.kr/cache/recipe/2015/06/05/da6cb1b7820bbc70d75a728c69d37dad1.jpg",
		"https://recipe1.ezmember.co.kr/cache/recipe/2015/06/05/f378fd5628d4e1e491459f8edc1725c61.jpg",
		"https://recipe1.ezmember.co.kr/cache/recipe/2015/06/05/80e354b5dc223ac7192a8c9f94038c281.jpg",
		"https://recipe1.ezmember.co.kr/cache/recipe/2015/06/05/e14d0fb690f43fce26f669b32d3eae281.jpg"
	],
	"tag": [
		"닭가슴살, 닭고기, 메인반찬, 무침, 미나리무침, 초스피드"
	]
}