{
	"id": "5210373",
	"name": "돌돌말아 한입에 쏘옥 롤 샌드위치",
	"thumbnail": "https://recipe1.ezmember.co.kr/cache/recipe/2015/06/08/e457c708cabb3b366551b7f38bb91dff.jpg",
	"url": "https://www.10000recipe.com/recipe/5210373",
	"ingredient_ids": [
		7883,
		26411,
		51714,
		8710,
		8827
	],
	"time": "30",
	"ingre_list": [
		{
			"ingre_name": "식빵",
			"ingre_count": "",
			"ingre_unit": ""
		},
		{
			"ingre_name": "샌드위치햄",
			"ingre_count": "",
			"ingre_unit": ""
		},
		{
			"ingre_name": "치즈",
			"ingre_count": "",
			"ingre_unit": ""
		},
		{
			"ingre_name": "오이",
			"ingre_count": "",
			"ingre_unit": ""
		},
		{
			"ingre_name": "파프리카",
			"ingre_count": "",
			"ingre_unit": ""
		}
	],
	"sauce_list": [
		{
			"ingre_name": "식초",
			"ingre_count": "",
			"ingre_unit": ""
		},
		{
			"ingre_name": "설탕",
			"ingre_count": "",
			"ingre_unit": ""
		},
		{
			"ingre_name": "딸기쨈",
			"ingre_count": "",
			"ingre_unit": ""
		},
		{
			"ingre_name": "마요네즈",
			"ingre_count": "",
			"ingre_unit": ""
		},
		{
			"ingre_name": "머스타드소스",
			"ingre_count": "",
			"ingre_unit": ""
		},
		{
			"ingre_name": "버터",
			"ingre_count": "",
			"ingre_unit": ""
		}
	],
	"recipe": [
		"1. 오이는 채썰어서 그냥 넣지 않고! 새콤달콤하게 식초와 설탕을 넣어서 준비했구요. 파프리카도 키친타올로 물기를 제거했어요.",
		"2. 식빵에 딸기쨈, 마요네즈, 머스타드소스, 버터 등을 발라주세요.",
		"3. 식빵은 테두리를 자르고 렌지에 살짝 돌려 밀대로 쭈욱 밀어줘요. 렌지에 살짝 돌리면 식빵이 잘 밀려요.",
		"4. 밀어 준 식빵위에 햄, 치즈반장, 파프리카, 오이를 올려놓고 김발로 김밥싸듯이 돌돌돌 말아서 랩으로 꼬옥~ 감아 고정시켜 주세요.",
		"5. 요렇게 모두 싼 샌드위치는 냉장고에서 20분정도 숙성! 그럼 썰었을때도 풀리지 않고 자리를 잘 잡아요."
	],
	"recipe_img": [
		"https://recipe1.ezmember.co.kr/cache/recipe/2015/06/19/7c7733f1ea24c965e508127b19fdca8d1.jpg",
		"https://recipe1.ezmember.co.kr/cache/recipe/2015/06/19/da20d26d1bcdc401265c8e7e296b62d61.jpg",
		"https://recipe1.ezmember.co.kr/cache/recipe/2015/06/19/10f640d7f4f8c5d2b07c3b22675b02dd1.jpg",
		"https://recipe1.ezmember.co.kr/cache/recipe/2015/06/19/203cfb4eca2cc711c1bc40030f890e681.jpg",
		"https://recipe1.ezmember.co.kr/cache/recipe/2015/06/19/5459e9fed8a25330b97b7ba067d6c56b1.jpg"
	],
	"tag": [
		"롤, 롤샌드위치, 밀가루, 샌드위치"
	]
}