{
	"id": "5228712",
	"name": "달콤하고 부드러운 소불고기",
	"thumbnail": "https://recipe1.ezmember.co.kr/cache/recipe/2015/03/26/1c72fe9c0448e9145c7e6ec3988e99d01.jpg",
	"url": "https://www.10000recipe.com/recipe/5228712",
	"ingredient_ids": [
		9395,
		8676,
		8824,
		8917,
		51686
	],
	"time": "30",
	"ingre_list": [
		{
			"ingre_name": "소불고기",
			"ingre_count": "650",
			"ingre_unit": "g"
		},
		{
			"ingre_name": "양파",
			"ingre_count": "1/2",
			"ingre_unit": "개"
		},
		{
			"ingre_name": "대파",
			"ingre_count": "1",
			"ingre_unit": "뿌리"
		},
		{
			"ingre_name": "팽이버섯",
			"ingre_count": "1",
			"ingre_unit": "봉지"
		},
		{
			"ingre_name": "통깨",
			"ingre_count": "",
			"ingre_unit": "약간"
		}
	],
	"sauce_list": [
		{
			"ingre_name": "양조간장",
			"ingre_count": "3",
			"ingre_unit": "T"
		},
		{
			"ingre_name": "매실액",
			"ingre_count": "1",
			"ingre_unit": "T"
		},
		{
			"ingre_name": "설탕",
			"ingre_count": "1",
			"ingre_unit": "T"
		},
		{
			"ingre_name": "맛술1+1/2큰술",
			"ingre_count": "1+1/2",
			"ingre_unit": "T"
		},
		{
			"ingre_name": "다진마늘",
			"ingre_count": "1",
			"ingre_unit": "T"
		},
		{
			"ingre_name": "후춧가루",
			"ingre_count": "",
			"ingre_unit": "약간"
		},
		{
			"ingre_name": "참기름",
			"ingre_count": "1",
			"ingre_unit": "T"
		}
	],
	"recipe": [
		"1. 쇠고기는 불고기용으로 준비해서 키친타월을 이용해 핏물을 제거하고 적당한 크기로 썰어줍니다. 불고기용은 육질의 결이 고운 앞다리살이나 지방이 적은 설도를 사용한다고 하지요.",
		"2. 분량의 양념 재료 양조간장, 매실액, 설탕, 다진 마늘, 맛술, 후춧가루, 참기름을 넣어 골고루 섞어줍니다. 배즙을 넣어 주면 고기가 부드러운데요. 배가 없어서 배즙은 생략했습니다. 또한 양파즙을 사용하기도 하는데요. 양파는 채 썰어서 넣어 주려고 즙은 내지 않았습니다.",
		"3. 썰어 놓은 쇠고기에 양념을 넣어 간이 골고루 배도록 조물조물 버무려 냉장실에서 4시간 정도 재워둡니다.",
		"4. 팽이버섯은 밑동을 제거하고 양파와 마늘은 껍질을 벗겨 씻은 후 양파는 채 썰고 대파는 어슷 썰어줍니다.",
		"5. 달군 프라이팬에 재워 둔 고기를 넣고 볶아줍니다.",
		"6. 쇠고기가 어느 정도 익으면 양파와 대파를 넣고 볶아줍니다.",
		"7. 쇠고기가 익으면 팽이버섯을 찢어서 넣고 볶은 후 불에서 내려요. 고기가 큰 것은 주방가위를 이용해 먹기 좋게 잘라주면 됩니다.",
		"8. 불고기를 접시에 담고 통깨를 조금 뿌려냅니다."
	],
	"recipe_img": [
		"https://recipe1.ezmember.co.kr/cache/recipe/2015/03/26/5378d267771879e53c121305d2de10a91.jpg",
		"https://recipe1.ezmember.co.kr/cache/recipe/2015/03/26/041108223960d1e220acb3825ac9be9e1.jpg",
		"https://recipe1.ezmember.co.kr/cache/recipe/2015/03/26/a2dd3cec7bfe72f1a6978290d626b2ee1.jpg",
		"https://recipe1.ezmember.co.kr/cache/recipe/2015/03/26/c5efa72a7bf3c3775d03e9da50b02d021.jpg",
		"https://recipe1.ezmember.co.kr/cache/recipe/2015/03/26/d2c26be2ea02a69b8a2adc9be7f677331.jpg",
		"https://recipe1.ezmember.co.kr/cache/recipe/2015/03/26/3815821632f6477e40d1cf0f87c6abe91.jpg",
		"https://recipe1.ezmember.co.kr/cache/recipe/2015/03/26/88550916c1ec529f3d9256be485ea07d1.jpg",
		"https://recipe1.ezmember.co.kr/cache/recipe/2015/03/26/b50a0d1126526edccb20a6e58a0af6081.jpg"
	],
	"tag": [
		"불고기, 소고기, 소불고기"
	]
}