{
	"id": "5230523",
	"name": "야채쫄면 만들기",
	"thumbnail": "https://recipe1.ezmember.co.kr/cache/recipe/2015/06/08/eebea506c54fc4f9af37a5c4ec22cf05.jpg",
	"url": "https://www.10000recipe.com/recipe/5230523",
	"ingredient_ids": [
		7863,
		8792,
		42888,
		51700,
		8710,
		8386,
		9457
	],
	"time": "15",
	"ingre_list": [
		{
			"ingre_name": "쫄면",
			"ingre_count": "1",
			"ingre_unit": "인분"
		},
		{
			"ingre_name": "콩나물",
			"ingre_count": "",
			"ingre_unit": ""
		},
		{
			"ingre_name": "양배추",
			"ingre_count": "",
			"ingre_unit": ""
		},
		{
			"ingre_name": "깻잎",
			"ingre_count": "",
			"ingre_unit": ""
		},
		{
			"ingre_name": "오이",
			"ingre_count": "",
			"ingre_unit": ""
		},
		{
			"ingre_name": "당근",
			"ingre_count": "",
			"ingre_unit": ""
		},
		{
			"ingre_name": "계란",
			"ingre_count": "",
			"ingre_unit": ""
		}
	],
	"sauce_list": [
		{
			"ingre_name": "초고추장",
			"ingre_count": "",
			"ingre_unit": ""
		},
		{
			"ingre_name": "참기름",
			"ingre_count": "",
			"ingre_unit": ""
		},
		{
			"ingre_name": "고추장",
			"ingre_count": "3",
			"ingre_unit": ""
		},
		{
			"ingre_name": "고추가루",
			"ingre_count": "1",
			"ingre_unit": ""
		},
		{
			"ingre_name": "매실청",
			"ingre_count": "1",
			"ingre_unit": ""
		},
		{
			"ingre_name": "설탕",
			"ingre_count": "1",
			"ingre_unit": ""
		},
		{
			"ingre_name": "식초",
			"ingre_count": "3",
			"ingre_unit": ""
		},
		{
			"ingre_name": "통깨",
			"ingre_count": "",
			"ingre_unit": ""
		},
		{
			"ingre_name": "마늘",
			"ingre_count": "",
			"ingre_unit": ""
		},
		{
			"ingre_name": "사이다",
			"ingre_count": "",
			"ingre_unit": ""
		}
	],
	"recipe": [
		"1. 쫄면하면.. 양배추와 콩나물은 꼭 들어갔음 하고요.. 다른야채는 있음넣고 없음빼고 해주세요. 계란도 있음 넣고 없음빼고요..",
		"2. 쫄면은 마트에서 파니까 쉽게 구입할수있을거예요.. 한개만 들어있는게 아니라 다섯개씩인가 들어있는데.. 먹을만큼먹고 나머진 냉동보관해도 괜츈합니다.. . . 쫄면 삶아서 건져 찬물에 식힌뒤 체에 받혀 두시고요..",
		"3. 콩나물도 삶아서 체에받혀 식혀둡니다..",
		"4. 초고추장을 만드는데요.. 평상시엔.. 고추장3,고추가루1,매실청1,설탕,1,식초3,통깨,마늘 이리넣고 섞어주고 기호에따라 설탕과 식초양을 조절하시면 되거든요.. .. 하지만 오늘은 사이다를 조금 추가했구요.. 식초양을 줄이고 레몬즙을 추가했어여~ 평소 초고추장보다 조금 묽게 만들었다지요.. 이유는 단지 잘 비벼지라고",
		"5. 넓은볼에 면담고.. 준비된 야채들도 담고..",
		"6. 미리 만들어둔 초고추장을 넣어줘요~",
		"7. 재료가 잘 섞이도록 잘 버무려주면 끝",
		"8. 기호에따라 참기름과 계란을 곁들여먹음 맛있어요"
	],
	"recipe_img": [
		"https://recipe1.ezmember.co.kr/cache/recipe/2015/06/18/9103876cc8a8d3855dc4a27b600483631.jpg",
		"https://recipe1.ezmember.co.kr/cache/recipe/2015/06/18/3835cc582da2d1827d64df10be8c9f231.jpg",
		"https://recipe1.ezmember.co.kr/cache/recipe/2015/06/18/c703ed860638915c11f1a9df50305a581.jpg",
		"https://recipe1.ezmember.co.kr/cache/recipe/2015/06/18/e4381c1f77a7977a76e231712f2117d81.jpg",
		"https://recipe1.ezmember.co.kr/cache/recipe/2015/06/18/e379b2042728431fa9a013ad369250bb1.jpg",
		"https://recipe1.ezmember.co.kr/cache/recipe/2015/06/18/19d1b849ea2fe8edb8e2a38a602147131.jpg",
		"https://recipe1.ezmember.co.kr/cache/recipe/2015/06/18/8c1b2e757593b31060bcc485977b88551.jpg",
		"https://recipe1.ezmember.co.kr/cache/recipe/2015/06/18/b196969cc0add42e4d2064d026e575101.jpg"
	],
	"tag": [
		"면+만두, 쫄면"
	]
}