{
	"id": "5242770",
	"name": "♪크림치즈 파운드케이크♪",
	"thumbnail": "https://recipe1.ezmember.co.kr/cache/recipe/2015/06/05/bbaec1c4fcf90431659a62abe7999f88.jpg",
	"url": "https://www.10000recipe.com/recipe/5242770",
	"ingredient_ids": [
		10267,
		10240,
		51710,
		9457,
		51721,
		51687,
		51699
	],
	"time": "30",
	"ingre_list": [
		{
			"ingre_name": "버터",
			"ingre_count": "100",
			"ingre_unit": "g"
		},
		{
			"ingre_name": "크림치즈",
			"ingre_count": "100",
			"ingre_unit": "g"
		},
		{
			"ingre_name": "슈가파우더",
			"ingre_count": "100",
			"ingre_unit": "g"
		},
		{
			"ingre_name": "계란",
			"ingre_count": "2",
			"ingre_unit": "개"
		},
		{
			"ingre_name": "레몬즙",
			"ingre_count": "1",
			"ingre_unit": "Ts"
		},
		{
			"ingre_name": "박력분",
			"ingre_count": "100",
			"ingre_unit": "g"
		},
		{
			"ingre_name": "베이킹파우더",
			"ingre_count": "1",
			"ingre_unit": "Ts"
		}
	],
	"sauce_list": [],
	"recipe": [
		"1. 실온에 둔 말랑한 버터, 크림치즈를 부드럽게 풀어주고 슈가파우더를 넣어 섞어 주세요.18*7*6 1개 사이즈 / * 버터, 크림치즈, 계란은 실온에 미리 꺼내 두세요. * 박력분, 베이킹 파우더는 한번에 체 쳐 주세요. * 사용할 틀에 유산지를 깔아 주세요. 오븐은 170도로 예열해 주세요.",
		"2. 계란을 풀어 4~5회 나눠 넣어 크림상태로 섞어 주세요. 레몬즙을 넣고 섞고",
		"3. 체친 박력분, 베이킹 파우더를 넣어 자르듯 가볍게 섞어 주세요.",
		"4. 유산지 깐 틀에 반죽을 담아 식용유를 묻혀 주걱으로 가운데를 그어주고 170도로 예열한 오븐에 40~50분간 구워주세요. 꼬지로 테스트 하셔서 반죽에 묻어나지 않으면 완성이에요.오븐"
	],
	"recipe_img": [
		"https://recipe1.ezmember.co.kr/cache/recipe/2020/02/07/61039ca9dd9c058fd3a6a423c4ea87d51.jpg",
		"https://recipe1.ezmember.co.kr/cache/recipe/2020/02/07/7e97d714b810056ccb1c72277cb1b9b71.jpg",
		"https://recipe1.ezmember.co.kr/cache/recipe/2020/02/07/d1c8d90427433e23e91ec6ee3de69b7d1.jpg",
		"https://recipe1.ezmember.co.kr/cache/recipe/2020/02/07/8ec060a0be2926055c1b64ec479053e51.jpg"
	],
	"tag": [
		"굽기, 밀가루, 손님접대, 치즈케이크, 케이크, 파운드케이크"
	]
}