{
	"id": "5255810",
	"name": "매콤달콤 부드러운 제육볶음",
	"thumbnail": "https://recipe1.ezmember.co.kr/cache/recipe/2015/04/09/0310760688e3cefd18ea3cc4adb3a9e31.jpg",
	"url": "https://www.10000recipe.com/recipe/5255810",
	"ingredient_ids": [
		51789,
		51700,
		8676,
		8824,
		51686,
		51684
	],
	"time": "2이상",
	"ingre_list": [
		{
			"ingre_name": "돼지고기앞다리살",
			"ingre_count": "520",
			"ingre_unit": "g"
		},
		{
			"ingre_name": "깻잎",
			"ingre_count": "15",
			"ingre_unit": "장"
		},
		{
			"ingre_name": "양파",
			"ingre_count": "1/2",
			"ingre_unit": "개"
		},
		{
			"ingre_name": "대파",
			"ingre_count": "1",
			"ingre_unit": "뿌리"
		},
		{
			"ingre_name": "통깨",
			"ingre_count": "",
			"ingre_unit": "약간"
		},
		{
			"ingre_name": "식용유",
			"ingre_count": "1",
			"ingre_unit": "T"
		}
	],
	"sauce_list": [
		{
			"ingre_name": "고추장",
			"ingre_count": "2",
			"ingre_unit": "T"
		},
		{
			"ingre_name": "고춧가루",
			"ingre_count": "1",
			"ingre_unit": "T"
		},
		{
			"ingre_name": "양조간장",
			"ingre_count": "2",
			"ingre_unit": "T"
		},
		{
			"ingre_name": "매실액",
			"ingre_count": "1",
			"ingre_unit": "T"
		},
		{
			"ingre_name": "맛술",
			"ingre_count": "1",
			"ingre_unit": "T"
		},
		{
			"ingre_name": "설탕",
			"ingre_count": "1",
			"ingre_unit": "작은술"
		},
		{
			"ingre_name": "다진마늘",
			"ingre_count": "1",
			"ingre_unit": "T"
		},
		{
			"ingre_name": "후춧가루",
			"ingre_count": "",
			"ingre_unit": "약간"
		}
	],
	"recipe": [
		"1. 돼지고기 앞다리살은 먹기 좋은 크기로 썰어줍니다.                   ",
		"2. 분량의 양념재료 고추장, 고춧가루, 양조간장, 매실액, 맛술, 설탕, 다진 마늘, 후춧가루를 넣어 골고루 섞어줍니다.",
		"3. 썰어 놓은 돼지고기를 볼에 담고 양념장을 넣은 후 간이 골고루 배도록 잘 버무려서 냉장실에서 3시간 정도 숙성했습니다.",
		"4. 양파와 대파는 흐르는 물에 씻은 후 양파는 채 썰고 대파는 어슷 썰어줍니다. 깻잎은 흐르는 물에 씻은 후 물기를 빼서 채 썰어줍니다.",
		"5. 달군 프라이팬에 식용유를 두르고 재워 둔 돼지고기를 넣고 볶아줍니다.",
		"6. 양파와 대파를 넣고 볶아줍니다.",
		"7. 돼지고기가 익으면 깻잎을 넣고 볶은 후 불에서 내려요. 깻잎은 15장 중에 10장만 사용했습니다. 나머지 5장은 접시에 제육볶음을 담아낼 때 사용하려고 남겼습니다.",
		"8. 접시에 채 썬 깻잎을 깔고 제육볶음을 올린 후 통깨를 조금 뿌려냅니다."
	],
	"recipe_img": [
		"https://recipe1.ezmember.co.kr/cache/recipe/2015/04/09/211626eb43f039430a0b24902595b26f1.jpg",
		"https://recipe1.ezmember.co.kr/cache/recipe/2015/04/09/8ebbed64e068fa5aaf284a386c55c6ee1.jpg",
		"https://recipe1.ezmember.co.kr/cache/recipe/2015/04/09/c1e866947894884f89d297f5e4a1624c1.jpg",
		"https://recipe1.ezmember.co.kr/cache/recipe/2015/04/09/d2f1f33a642a963534605fa6429c3c921.jpg",
		"https://recipe1.ezmember.co.kr/cache/recipe/2015/04/09/13bf79ed5ca2d27a981560b1096795ce1.jpg",
		"https://recipe1.ezmember.co.kr/cache/recipe/2015/04/09/1064fa57f1b590f025d050844df5695b1.jpg",
		"https://recipe1.ezmember.co.kr/cache/recipe/2015/04/09/77763937b61f654298b3f8aefe4fe7151.jpg",
		"https://recipe1.ezmember.co.kr/cache/recipe/2015/04/09/daa1bf825648af19ed0a8b73bac281e31.jpg"
	],
	"tag": [
		"돼지고기, 제육볶음"
	]
}