{
	"id": "5259797",
	"name": "오야코동 덮밥 만들기",
	"thumbnail": "https://recipe1.ezmember.co.kr/cache/recipe/2015/04/08/feff1e9333d1fcc7ac189290231394d71.jpg",
	"url": "https://www.10000recipe.com/recipe/5259797",
	"ingredient_ids": [
		9181,
		9457,
		8676,
		51692,
		51689,
		8820
	],
	"time": "60",
	"ingre_list": [
		{
			"ingre_name": "닭가슴살",
			"ingre_count": "1",
			"ingre_unit": "캔"
		},
		{
			"ingre_name": "계란",
			"ingre_count": "2",
			"ingre_unit": "개"
		},
		{
			"ingre_name": "양파",
			"ingre_count": "",
			"ingre_unit": "조금"
		},
		{
			"ingre_name": "청량고추",
			"ingre_count": "",
			"ingre_unit": "조금"
		},
		{
			"ingre_name": "홍고추",
			"ingre_count": "",
			"ingre_unit": "조금"
		},
		{
			"ingre_name": "파",
			"ingre_count": "",
			"ingre_unit": "조금"
		}
	],
	"sauce_list": [
		{
			"ingre_name": "후추",
			"ingre_count": "",
			"ingre_unit": "조금"
		},
		{
			"ingre_name": "쯔유",
			"ingre_count": "50",
			"ingre_unit": "cc"
		},
		{
			"ingre_name": "물",
			"ingre_count": "200",
			"ingre_unit": "cc"
		}
	],
	"recipe": [
		"1. 집에서 초간단으로 만들기 위해 닭가슴살 1캔과준비 양파는 길게 썰어 주시고 고추 파를 송송 썰어주세요. 양파가 넉넉히 들어가도 맛나요. 사진엔 계란이 1개 이지만 2개 넣었어요.",
		"2. 쯔유 50cc와 물을 200cc 넣어 소스를 만들어 주세요. 식성에 따라 설탕을 조금 넣으셔도 되요. 다시마 우린물이라면 더 좋아요. 쯔유가 없으심 간장 물 청주 설탕으로 만들으셔도 되요.",
		"3. 먼저 쯔유소스를 냄비에 붓고 닭가슴살 1캔을 살만 건져 소스에 넣어 끓여 주세요. 물이 많아보여도 살짝 졸여지고 계란이 들어가면 소스가 많진 않아요.",
		"4. 소스와 닭가슴살이 보글 보글 졸여지면 후추를 조금 넣어주시고 거품은 걷어 주세요.",
		"5. 닭가슴살이 보글 갈색빛이 돌면 파를 제외한 야채를 넣어 한번더 살짝 끓여 주세요. 오래 끓으는것 보단 살짝 익어야 양파가 맛나요.",
		"6. 이제 한번더 끓으면 풀어 놓은 계란2개를 센불에서 부어주세요. 그리고는 센불로 계란을 익혀 주세요. 이때 계란은 젓지 마시고 그대로 두시면 되요. 그래야 몽글몽글 익어요.",
		"7. 이렇게 계란을 붓고 익을때 까지 끓여 주시면 되요. 정말 초간단 한끼 덮밥으로 좋아요.",
		"8. 요렇게 윗부분에 계란이 덮어져 익었지요. 계란을 풀으실때 넘 많이 젓지 마시고 노른자와 흰자가 살짝 섞일 정도로만 저어 주시면 되요. 처음보다 국물이 많이 없어졌지요? 저밑엔 아직 남아 있어요.ㅎㅎ",
		"9. 이제 밥을 그릇에 담아주시고 위에 양은 2인분으로 적당한거 같아요. 양을 늘리시거나 줄이실땐 재료를 가감해 주세요.",
		"10. 이제 밥위에 살짝 올려 국물도 자막 하게 넣어 주시고 이때 송송 파를 올려 주시면 되요. 쪽파라면 좋지만 쪽파가 없으니 대파의 초록부분을 넣으셔도 되요. 파향이 솔솔 나서 맛나지만 이게 싫으시면 같이 끓이서도 되요~"
	],
	"recipe_img": [
		"https://recipe1.ezmember.co.kr/cache/recipe/2015/04/08/66814dba8aeb6a0818a29cea66d851e11.jpg",
		"https://recipe1.ezmember.co.kr/cache/recipe/2015/04/08/7b55169d19152af9581b689d3d00a3d81.jpg",
		"https://recipe1.ezmember.co.kr/cache/recipe/2015/04/08/625af8cc3bd3c57558170223f588e6011.jpg",
		"https://recipe1.ezmember.co.kr/cache/recipe/2015/04/08/f566d5ea7eea10b32bbd39230abc8b251.jpg",
		"https://recipe1.ezmember.co.kr/cache/recipe/2015/04/08/36b7ff18e3d6e1d1612a28e6b95655a11.jpg",
		"https://recipe1.ezmember.co.kr/cache/recipe/2015/04/08/feebdbf886a8b775dbc89a6d54061f591.jpg",
		"https://recipe1.ezmember.co.kr/cache/recipe/2015/04/08/4e604d7f6738c6f6fc5c78e98d41595f1.jpg",
		"https://recipe1.ezmember.co.kr/cache/recipe/2015/04/08/93f08f4dae741737ada2b65c2a33542f1.jpg",
		"https://recipe1.ezmember.co.kr/cache/recipe/2015/04/08/2d80838023e1e0efd4aacd8c9bda66f41.jpg",
		"https://recipe1.ezmember.co.kr/cache/recipe/2015/04/08/3842f36479fe02e4777f4fedf1f1b3811.jpg"
	],
	"tag": [
		"닭고기, 덮밥"
	]
}