{
	"id": "5262224",
	"name": "어묵볶음 만드는 법",
	"thumbnail": "https://recipe1.ezmember.co.kr/cache/recipe/2015/06/12/b25b75921f1544c090df3eb4ddb2f117.jpg",
	"url": "https://www.10000recipe.com/recipe/5262224",
	"ingredient_ids": [
		10136,
		8676,
		8824
	],
	"time": "15",
	"ingre_list": [
		{
			"ingre_name": "어묵",
			"ingre_count": "300",
			"ingre_unit": "g"
		},
		{
			"ingre_name": "양파",
			"ingre_count": "1/2",
			"ingre_unit": "개"
		},
		{
			"ingre_name": "대파",
			"ingre_count": "",
			"ingre_unit": "조금"
		}
	],
	"sauce_list": [
		{
			"ingre_name": "마늘",
			"ingre_count": "0.",
			"ingre_unit": "TS"
		},
		{
			"ingre_name": "간장",
			"ingre_count": "1.",
			"ingre_unit": "TS"
		},
		{
			"ingre_name": "요리당",
			"ingre_count": "0.",
			"ingre_unit": "TS"
		},
		{
			"ingre_name": "고춧가루",
			"ingre_count": "0.",
			"ingre_unit": "TS"
		},
		{
			"ingre_name": "통깨",
			"ingre_count": "",
			"ingre_unit": "약간"
		}
	],
	"recipe": [
		"1. 재료는 모두 먹기좋은 크기로 썰어주세요.",
		"2. 팬에 양파와 어묵을 넣고 살짝 볶아주다가 마늘 0.5TS, 간장 1.5TS, 요리당 0.5TS을 넣고 볶아줍니다.",
		"3. 마지막에 고추가루와 통깨 대파를 넣고 골고루 다시 한번 살짝 볶아주고 마무리를 해줍니다."
	],
	"recipe_img": [
		"https://recipe1.ezmember.co.kr/cache/recipe/2015/06/13/6fa2ee03fb1c696dbe5d5a828dbbdee11.jpg",
		"https://recipe1.ezmember.co.kr/cache/recipe/2015/06/13/0218df3c77f2cbf462e26629d86a61621.jpg",
		"https://recipe1.ezmember.co.kr/cache/recipe/2015/06/13/92928097dc2dcafd7d1bcc82dca8d39b1.jpg"
	],
	"tag": [
		"가공식품류, 밑반찬, 볶음, 어묵볶음"
	]
}