{
	"id": "5262225",
	"name": " 진미채 고추장 볶음",
	"thumbnail": "https://recipe1.ezmember.co.kr/cache/recipe/2015/06/13/859ade263d62f3fa8c5a9417f6597fe2.jpg",
	"url": "https://www.10000recipe.com/recipe/5262225",
	"ingredient_ids": [
		51769
	],
	"time": "30",
	"ingre_list": [
		{
			"ingre_name": "진미채",
			"ingre_count": "300",
			"ingre_unit": "g"
		}
	],
	"sauce_list": [
		{
			"ingre_name": "간장",
			"ingre_count": "2",
			"ingre_unit": "TS"
		},
		{
			"ingre_name": "마늘",
			"ingre_count": "1",
			"ingre_unit": "TS"
		},
		{
			"ingre_name": "미림(청주)",
			"ingre_count": "1.",
			"ingre_unit": "TS"
		},
		{
			"ingre_name": "요리당",
			"ingre_count": "2",
			"ingre_unit": "TS"
		},
		{
			"ingre_name": "통깨",
			"ingre_count": "",
			"ingre_unit": "조금"
		},
		{
			"ingre_name": "참기름",
			"ingre_count": "",
			"ingre_unit": "약간"
		}
	],
	"recipe": [
		"1. 개인적으로는 한번 물에 씻어서 만들곤하는데..요건 해도 되고...안해도 되는 과정이니 생략하셔도 됩니다. 씻은 진미채는 물기를 빼주고...",
		"2. 팬에 간장 2TS, 마늘 1TS, 미림(청주) 1.5TS, 요리당 2TS을 넣고 골고루 섞은뒤에.. 끝부분부터 끓어오르기 시작하면",
		"3. 먹기 좋게 자른 진미채를 넣고 골고루 섞어주세요.",
		"4. 골고루 섞은 뒤에....불을 끄고...통깨와 참기름을 살짝 넣고..마무리를 해줍니다."
	],
	"recipe_img": [
		"https://recipe1.ezmember.co.kr/cache/recipe/2015/06/16/29b81861ea3891011ac07e240223b3ab1.jpg",
		"https://recipe1.ezmember.co.kr/cache/recipe/2015/06/16/eca5680b68fd095e0c8813b4bc141f671.jpg",
		"https://recipe1.ezmember.co.kr/cache/recipe/2015/06/16/fa7362aa5dcd852ba5eefc555957fca81.jpg",
		"https://recipe1.ezmember.co.kr/cache/recipe/2015/06/16/9c1ece5845aa4cbae4c128b0d29ed79e1.jpg"
	],
	"tag": [
		"건어물류, 고추장, 진미채, 진미채볶음"
	]
}