{
	"id": "5266933",
	"name": "갈릭 허니브레드",
	"thumbnail": "https://recipe1.ezmember.co.kr/cache/recipe/2015/04/08/a365f3bf54d33658c666340b4e6182f11.jpg",
	"url": "https://www.10000recipe.com/recipe/5266933",
	"ingredient_ids": [
		7883,
		10267,
		8068
	],
	"time": "60",
	"ingre_list": [
		{
			"ingre_name": "식빵",
			"ingre_count": "3",
			"ingre_unit": "장"
		},
		{
			"ingre_name": "버터",
			"ingre_count": "3",
			"ingre_unit": "T"
		},
		{
			"ingre_name": "꿀",
			"ingre_count": "2",
			"ingre_unit": "T"
		}
	],
	"sauce_list": [
		{
			"ingre_name": "다진마늘",
			"ingre_count": "1",
			"ingre_unit": "T"
		},
		{
			"ingre_name": "허브가루",
			"ingre_count": "",
			"ingre_unit": "약간"
		}
	],
	"recipe": [
		"1. 먼저 허니브레드에 바를 마늘버터를 만들어 줄건데요 그릇에 실온의 말랑 버터를 담은후 다진마늘, 꿀을 넣어주세요~~  허니브레드이니 꿀이 꼭 들어가줘야해요~ㅎㅎ 꿀이 없으면 각종 시럽도 괜찮습니다~^^",
		"2. 허브가루나 로즈마리 생잎 있으면 잘게 다져 넣어주심 보기에도 더 좋고 맛도 더 좋아요~ 마늘버터 재료를 모두 섞어 만들어주심 되구여~^^",
		"3. 커피전문점에서 먹는 허니브레드는 보통 통식빵을 사용해서 만드는데 통식빵이 여의치 않으면 일반 식빵으로도 만들수 있습니다~  식빵은 세장정도 준비해야 두툼하게 두께감이 좋아요~^^",
		"4. 식빵 한장에 먼저 마늘버터를 발라준후..",
		"5. 식빵 사이사이 마늘버터를 바르고 제일 윗면에는 바늘버터를 듬뿍 발라주세요~^^;; 그리고.. 식빵 옆면에도 쓱쓱 발라주시구여.. 쩝~",
		"6. 예열한 190도 오븐에서 10분정도 사정없이 싸우나 시켜주세욧~ㅋ  시간에 연연하지 마시고 식빵의 상태를 봐가며 원하는 만큼의 색이 나오면 오븐에서 끄집어 내면 되어요~오븐",
		"7. 노릇하게 구워낸 갈릭허니브레드 입니다~^^ 한김 식힌후 9등분으로 잘라내면 완성이에요~"
	],
	"recipe_img": [
		"https://recipe1.ezmember.co.kr/cache/recipe/2015/04/08/f890d5d18b08c86029d74ef53cde21191.jpg",
		"https://recipe1.ezmember.co.kr/cache/recipe/2015/04/08/8e6f5c4112eb202763feb1d2fe739cd41.jpg",
		"https://recipe1.ezmember.co.kr/cache/recipe/2015/04/08/07f840115fb3cf3c61a3c0517b543f971.jpg",
		"https://recipe1.ezmember.co.kr/cache/recipe/2015/04/08/b2795c9b5afda71be327f954b89a3fb61.jpg",
		"https://recipe1.ezmember.co.kr/cache/recipe/2015/04/08/1b92404ad3a90ef7500e1e003bb15b191.jpg",
		"https://recipe1.ezmember.co.kr/cache/recipe/2015/04/08/a338f66434e003949bdeebee5580cc4e1.jpg",
		"https://recipe1.ezmember.co.kr/cache/recipe/2015/04/08/e27af0cccc0ecdefc23b52a9de192eb61.jpg"
	],
	"tag": [
		"간식, 굽기, 밀가루, 브레드"
	]
}