{
	"id": "5269045",
	"name": "짭쪼름하고 쫄깃해 입맛살리는 양념꼬막만들기",
	"thumbnail": "https://recipe1.ezmember.co.kr/cache/recipe/2015/03/25/8ebe7082d056d01d2142c51df05fca301.jpg",
	"url": "https://www.10000recipe.com/recipe/5269045",
	"ingredient_ids": [
		10996,
		51730
	],
	"time": "30",
	"ingre_list": [
		{
			"ingre_name": "꼬막",
			"ingre_count": "1",
			"ingre_unit": "kg"
		},
		{
			"ingre_name": "굵은소금",
			"ingre_count": "",
			"ingre_unit": "약간"
		}
	],
	"sauce_list": [
		{
			"ingre_name": "고춧가루",
			"ingre_count": "1/2",
			"ingre_unit": "T"
		},
		{
			"ingre_name": "간장",
			"ingre_count": "3",
			"ingre_unit": "T"
		},
		{
			"ingre_name": "참기름",
			"ingre_count": "1/2",
			"ingre_unit": "T"
		},
		{
			"ingre_name": "생강즙",
			"ingre_count": "1/2",
			"ingre_unit": "T"
		},
		{
			"ingre_name": "설탕",
			"ingre_count": "1/2",
			"ingre_unit": "작은술"
		},
		{
			"ingre_name": "다진마늘",
			"ingre_count": "1/2",
			"ingre_unit": "작은술"
		},
		{
			"ingre_name": "다진홍고추",
			"ingre_count": "1/2",
			"ingre_unit": "T"
		},
		{
			"ingre_name": "다진부추",
			"ingre_count": "1",
			"ingre_unit": "T"
		},
		{
			"ingre_name": "다진양파",
			"ingre_count": "1",
			"ingre_unit": "T"
		},
		{
			"ingre_name": "참깨",
			"ingre_count": "",
			"ingre_unit": "약간"
		}
	],
	"recipe": [
		"1. 벌교꼬막..그러니깐 참꼬막이 아니라면 저처럼 새꼬막의 경우에는 껍질이 조금 깨끗한 편이랍니다. 그래도 깨끗히 씻어내야겠지요. 흐르는 물에 굵은 소금을 조금 넣고 박박 문질러 껍질에 묻어있는 이물질을 제거해 주세요. 참고로 꼬막끼리 서로 문질러 씻어내면 훨씬 깨끗해져요.",
		"2. 씻어낸 꼬막은 끓는 물에 넣은 후 굵은 소금 약간을 넣어 데쳐주시는데요. 이 때 한쪽 방향으로 저어가며 데쳐주셔서 껍질의 한쪽으로 꼬막살이 쏠려 먹기가 편해요^^ 꼬막의 입이 벌어지기 시작하면 다~ 익은거랍니다. 전.. 아직 날이 많이 차가운 것이 아니라서 혹시나 하는 마음에 조금 더 오래 삶아주었어요. 꼬막의 대부분이 입을 벌릴 때까지~",
		"3. 생각했던 것보다 꼬막살이 토실토실하더라구요^^ 양념꼬막으로 만들어 먹을 꼬막은 2/3가량 한쪽 껍질만 제거해주고.. 나머지 1/3의 꼬막은 된장국에 넣으려고 살만 발라냈어요.",
		"4. [꼬막양념장 만들기]  고춧가루 1/2큰술, 간장 3큰술, 참기름 1/2큰술, 생강즙 1/2큰술, 설탕 1/2작은술, 다진마늘 1/2작은술, 다진 홍고추 1/2큰술, 다진 부추 1큰술, 다진양파 1큰술 그리고 참깨 분량의 양념을 섞어주세요.  홍고추, 부추, 다진마늘은 잘게 다져줍니다.",
		"5. 이대로~ 뜨끈한 밥위에 올려 쓱싹 비벼 먹어도 너무 맛있어요^^ 음... 콩나물밥의 양념으로도 좋겠지요. 만능양념장이네요^^",
		"6. 꼬막위에 적당량의 양념장을 올려 맛을 내 줍니다.",
		"7. 먹기 좋게 꼬막살만 발라 양념장에 찍어 드셔도 좋고 조물조물 무쳐드셔도 좋지만 역시 양념꼬막은 이렇게 껍질째 들고 후루룩~ 해주어야 제 맛이지요^^"
	],
	"recipe_img": [
		"https://recipe1.ezmember.co.kr/cache/recipe/2015/03/25/78af5741a4f97c8ffa371097ff90e4591.jpg",
		"https://recipe1.ezmember.co.kr/cache/recipe/2015/03/25/ef20e8bf57650505fcb8abb5c82cfa0d1.jpg",
		"https://recipe1.ezmember.co.kr/cache/recipe/2015/03/25/dea595ddc762372c9ef208931f1691a71.jpg",
		"https://recipe1.ezmember.co.kr/cache/recipe/2015/03/25/1b5f92207105edc56ffd402c31601b1b1.jpg",
		"https://recipe1.ezmember.co.kr/cache/recipe/2015/03/25/ca305c64c247e834dd7466a9f01c9d591.jpg",
		"https://recipe1.ezmember.co.kr/cache/recipe/2015/03/25/cd89e404f244e62f38ad87cece3bff751.jpg",
		"https://recipe1.ezmember.co.kr/cache/recipe/2015/03/25/5fda42f76fd4ad9fe3191cf7d8bd7c411.jpg"
	],
	"tag": [
		"꼬막, 밑반찬, 양념, 영양식, 해물류"
	]
}