{
	"id": "5308915",
	"name": "비빔두부 찌개 만들기",
	"thumbnail": "https://recipe1.ezmember.co.kr/cache/recipe/2015/03/26/c64871966fb1206f1d97066f37135dbc1.jpg",
	"url": "https://www.10000recipe.com/recipe/5308915",
	"ingredient_ids": [
		8158,
		8349,
		9298
	],
	"time": "15",
	"ingre_list": [
		{
			"ingre_name": "두부",
			"ingre_count": "1",
			"ingre_unit": "모"
		},
		{
			"ingre_name": "김치",
			"ingre_count": "",
			"ingre_unit": "조금"
		},
		{
			"ingre_name": "베이컨",
			"ingre_count": "3",
			"ingre_unit": "줄"
		}
	],
	"sauce_list": [
		{
			"ingre_name": "파",
			"ingre_count": "",
			"ingre_unit": "조금"
		},
		{
			"ingre_name": "다진마늘",
			"ingre_count": "",
			"ingre_unit": "조금"
		},
		{
			"ingre_name": "멸치가루",
			"ingre_count": "1/3",
			"ingre_unit": "T"
		},
		{
			"ingre_name": "소금",
			"ingre_count": "",
			"ingre_unit": "조금"
		},
		{
			"ingre_name": "후추",
			"ingre_count": "",
			"ingre_unit": "조금"
		},
		{
			"ingre_name": "고추가루",
			"ingre_count": "1",
			"ingre_unit": "T"
		},
		{
			"ingre_name": "국간장",
			"ingre_count": "1",
			"ingre_unit": "T"
		},
		{
			"ingre_name": "기름",
			"ingre_count": "",
			"ingre_unit": "조금"
		}
	],
	"recipe": [
		"1. 연휴동안 장을 안봤으니 냉장고는 텅텅텅 냉장고 터줏대감 두부님이 계시네요. 김치송송과 베이컨 3줄 다진마늘 파 두부1모를 준비해 주세요.                   ",
		"2. 두부를 한손에 불끈 잡아주세요. 그리고 사정없이 으깨 주세요.                   ",
		"3. 이제 냄비에 기름 조금만 두르고 볶아 주세요. 베이컨이 들어가니 기름은 많이 넣지 않으셔도 되요. 달달달~                   ",
		"4. 볶아진 김치에 물을 넣어주세요. 물은 많이 넣지 마세요. 자박자박 하게 물이 많지 않아야 비비기 좋아요^^ 그리고 멸치가루도 1/3스푼 넣어 주세요. 보글보글 지글지글~ 김치와 베이컨이 끓어주면 으깬 두부를 넣어주세요.                   ",
		"5. 고추가루도 한스푼 넣어주시고요~ 소금과 국간장을 넣어 간을 맞춰 주세요. 후추도 톡톡 조금 넣어주세요. 국끓일때 적절히 국간장이 들어가면 맛있지요~ 소금만 넣은것보다 감칠맛도 나고요~^^                   ",
		"6. 파송송과 다진마늘을 넣어 마무리~ 보글보글 지글지글~ 그럼 완성!                   "
	],
	"recipe_img": [
		"https://recipe1.ezmember.co.kr/cache/recipe/2015/03/26/4bd17815198ae94e095bd9859b185d001.jpg",
		"https://recipe1.ezmember.co.kr/cache/recipe/2015/03/26/c17413a222617d8378dc2dfd8ccc3b6b1.jpg",
		"https://recipe1.ezmember.co.kr/cache/recipe/2015/03/26/7085a3d6cb643b9e40fcc1f295c094cd1.jpg",
		"https://recipe1.ezmember.co.kr/cache/recipe/2015/03/26/c8d2f4e77522b5537678ccac83f874131.jpg",
		"https://recipe1.ezmember.co.kr/cache/recipe/2015/03/26/51b753d5b578980ffa8abe9ae33012301.jpg",
		"https://recipe1.ezmember.co.kr/cache/recipe/2015/03/26/774ec691668eb5fa13fd8e279b0724791.jpg"
	],
	"tag": [
		"끓이기, 두부, 두부찌개, 일상, 찌개, 콩+견과류, 탕"
	]
}