{
	"id": "5320515",
	"name": "달콤한 애플 군만두",
	"thumbnail": "https://recipe1.ezmember.co.kr/cache/recipe/2015/04/02/68dfc9323460ef89d25d0b833aa506571.jpg",
	"url": "https://www.10000recipe.com/recipe/5320515",
	"ingredient_ids": [
		21116,
		10267,
		31451,
		10397,
		51738,
		27946
	],
	"time": "30",
	"ingre_list": [
		{
			"ingre_name": "사과",
			"ingre_count": "1",
			"ingre_unit": "개"
		},
		{
			"ingre_name": "버터",
			"ingre_count": "15",
			"ingre_unit": "g"
		},
		{
			"ingre_name": "흑설탕",
			"ingre_count": "1",
			"ingre_unit": "T"
		},
		{
			"ingre_name": "계피가루",
			"ingre_count": "1/4",
			"ingre_unit": "작은술"
		},
		{
			"ingre_name": "전분가루",
			"ingre_count": "1/4",
			"ingre_unit": "작은술"
		},
		{
			"ingre_name": "만두피",
			"ingre_count": "",
			"ingre_unit": ""
		}
	],
	"sauce_list": [],
	"recipe": [
		"1. 사과는 깨끗이 씻어 껍질채 잘게 썰어 준비해주세요~",
		"2. 작은 냄비나 팬에 버터와 흑설탕을 넣은후 약불에서 녹여주세요~~",
		"3. 설탕이 모두 녹아 바글바글 끓기 시작하면 잘게썬 사과를 던져넣고 조려줍니다~~",
		"4. 불은 계속 약불에서 조려주셔야 하구여.. 계피가루와 전분가루를 조금 넣어 재빨리 조려주세요~~",
		"5. 아주 달콤하고 맛있는 사과조림이 완성되었어요~~^^ 팬케이크나 와플등에 얹어 먹어도 맛있답니다~~ㅎㅎ",
		"6. 만두피에 사과조림을 얹어..",
		"7. 만두피 가장자리에 물을 살짝 바른후 반으로 접어 포크로 가장자리를 꾹꾹 눌러 풀어지지 않도록 붙여주세요~~",
		"8. 달군팬에 오일을 넉넉하게 두른후 애플만두를 올려 구워주세요~~",
		"9. 앞뒤로 노릇노릇하게 구워내면 완성입니다~~^^"
	],
	"recipe_img": [
		"https://recipe1.ezmember.co.kr/cache/recipe/2015/04/02/681fb1469aefca15c794bac38c72ad321.jpg",
		"https://recipe1.ezmember.co.kr/cache/recipe/2015/04/02/09eab685955a5e8873be38d15a7f19551.jpg",
		"https://recipe1.ezmember.co.kr/cache/recipe/2015/04/02/f762b81489c45da5e33d4634b489696d1.jpg",
		"https://recipe1.ezmember.co.kr/cache/recipe/2015/04/02/3bdf9ecaba3bbe288fa545ac0ca173351.jpg",
		"https://recipe1.ezmember.co.kr/cache/recipe/2015/04/02/10fc4d5533ede0fa138118e025012fea1.jpg",
		"https://recipe1.ezmember.co.kr/cache/recipe/2015/04/02/1a710de8f68153ddd9cb68dbbb66aa3c1.jpg",
		"https://recipe1.ezmember.co.kr/cache/recipe/2015/04/02/dac7f255311f0f57bd2d437ab69c3dcf1.jpg",
		"https://recipe1.ezmember.co.kr/cache/recipe/2015/04/02/fbe7280117d6731c9d5a633f4fdba14f1.jpg",
		"https://recipe1.ezmember.co.kr/cache/recipe/2015/04/02/317b5e20473cb6708ccc3eefda3be06c1.jpg"
	],
	"tag": [
		"간식, 과일류, 만두, 면+만두, 사과"
	]
}