{
	"id": "5321109",
	"name": "꽈리고추 건새우 볶음",
	"thumbnail": "https://recipe1.ezmember.co.kr/cache/recipe/2015/09/14/cbfc3d4b6e3965f602a85d50fffde8881.jpg",
	"url": "https://www.10000recipe.com/recipe/5321109",
	"ingredient_ids": [
		51786,
		51820
	],
	"time": "30",
	"ingre_list": [
		{
			"ingre_name": "건새우",
			"ingre_count": "",
			"ingre_unit": ""
		},
		{
			"ingre_name": "꽈리고추",
			"ingre_count": "",
			"ingre_unit": ""
		}
	],
	"sauce_list": [
		{
			"ingre_name": "참기름",
			"ingre_count": "1",
			"ingre_unit": "작은술"
		},
		{
			"ingre_name": "다진마늘",
			"ingre_count": "1",
			"ingre_unit": "작은술"
		},
		{
			"ingre_name": "간장",
			"ingre_count": "1",
			"ingre_unit": "T"
		},
		{
			"ingre_name": "올리고당",
			"ingre_count": "1과1/2큰술",
			"ingre_unit": "과T"
		},
		{
			"ingre_name": "맛술",
			"ingre_count": "1",
			"ingre_unit": "작은술"
		},
		{
			"ingre_name": "고추장",
			"ingre_count": "1",
			"ingre_unit": "작은술"
		},
		{
			"ingre_name": "물",
			"ingre_count": "5",
			"ingre_unit": "T"
		},
		{
			"ingre_name": "고춧가루",
			"ingre_count": "2/3",
			"ingre_unit": "T"
		},
		{
			"ingre_name": "통깨",
			"ingre_count": "",
			"ingre_unit": ""
		},
		{
			"ingre_name": "식용유",
			"ingre_count": "",
			"ingre_unit": ""
		}
	],
	"recipe": [
		"1. 꽈리고추는 꼭지를 손질한 후 깨끗히 씻어 물기를 제거하고 이쑤시개를 사용해서 콕콕 고추에 숨구멍을 내주었어요.",
		"2. 건새우는 자투리들을 손질한 후에 사용하세요.  불순물을 깨끗히 정리한 후에 볶아줘야 지저분해지지 않겠지요.",
		"3. 그리고 매콤한 고추장 양념장을 만들어 줘요.  [볶음양념] 참기름 1작은술, 다진마늘 1작은술, 간장 1큰술, 올리고당 1과 1/2큰술, 맛술 1작은술, 고추장 1작은술, 물 5큰술, 고춧가루 2/3큰술",
		"4. 양념장은 분량대로 미리 섞어 준비해둡니다. 나중에 볶으면서 양념을 하나씩 첨가하다보면 쉽게 타버리잖아요.",
		"5. 달궈진 팬을 중약불로 조절한 후 기름을 두르고 꽈리고추를 넣은 후 볶아줍니다.",
		"6. 꽈리고추가 어느정도 익고나면 건새우를 넣어 살짝만 볶아주세요.",
		"7. 여기에 미리 준비해 둔 양념장과 참깨를 뿌려 살살 볶아주세요.  고추장양념을 한 후에도 불조절을 따로 하지 말고 처음부터 끝까지 중약불에서 볶아주세요.  고추장을 넣은 후에는 탈 위험이 크니 주걱으로 뒤적거리며 볶아줍니다."
	],
	"recipe_img": [
		"https://recipe1.ezmember.co.kr/cache/recipe/2015/06/13/5afe4ee7a6968d21291887f829b2d2831.jpg",
		"https://recipe1.ezmember.co.kr/cache/recipe/2015/06/13/c5ae67ab8f1f1338afdbd9f3efd3831a1.jpg",
		"https://recipe1.ezmember.co.kr/cache/recipe/2015/06/13/5f6285335f39303fc9217f11cc7fa6af1.jpg",
		"https://recipe1.ezmember.co.kr/cache/recipe/2015/06/13/908d9d245c13f919da6337866ddbf0d11.jpg",
		"https://recipe1.ezmember.co.kr/cache/recipe/2015/06/13/b9e8799bffdcc9416bdc7440e31ff4bb1.jpg",
		"https://recipe1.ezmember.co.kr/cache/recipe/2015/06/13/cac9e6b50aa80dd248aef5b53381ad801.jpg",
		"https://recipe1.ezmember.co.kr/cache/recipe/2015/06/13/6b450fe7db6a5c7c28505defa691b6111.jpg"
	],
	"tag": [
		"건새우볶음, 건어물류, 고추장, 새우볶음"
	]
}