{
	"id": "5339953",
	"name": "부추 콩나물 무침 만들기",
	"thumbnail": "https://recipe1.ezmember.co.kr/cache/recipe/2015/06/04/e5b5efb701febf5dd069b3cf26e3612e1.jpg",
	"url": "https://www.10000recipe.com/recipe/5339953",
	"ingredient_ids": [
		8792,
		8544,
		8676,
		8820
	],
	"time": "15",
	"ingre_list": [
		{
			"ingre_name": "콩나물",
			"ingre_count": "1",
			"ingre_unit": "봉"
		},
		{
			"ingre_name": "부추",
			"ingre_count": "10",
			"ingre_unit": "가닥"
		},
		{
			"ingre_name": "양파",
			"ingre_count": "1/4",
			"ingre_unit": "개"
		},
		{
			"ingre_name": "파",
			"ingre_count": "",
			"ingre_unit": "조금"
		}
	],
	"sauce_list": [
		{
			"ingre_name": "고추가루1+1/2스푼",
			"ingre_count": "1+1/2",
			"ingre_unit": "T"
		},
		{
			"ingre_name": "참기름",
			"ingre_count": "1",
			"ingre_unit": "T"
		},
		{
			"ingre_name": "소금",
			"ingre_count": "",
			"ingre_unit": "적당량"
		},
		{
			"ingre_name": "깨",
			"ingre_count": "",
			"ingre_unit": "조금"
		}
	],
	"recipe": [
		"1. 콩나물 1봉을 깨끗이 씻어 준비해 주세요. 부추와 파, 양파도 채썰어 주세요.",
		"2. 씻어놓은 콩나물은 소금 조금 넣어 뚜껑을 닫고 삶아주세요.",
		"3. 아삭이는 맛을 위해 삶아진 콩나물은 찬물에 헹궈 주세요.",
		"4. 콩나물에 썰어놓은 야채를 넣어 주세요.",
		"5. 고추가루도 1스푼반정도 넣어 주세요.",
		"6. 소금도 넣어주세요.",
		"7. 깨소금과 참기름도 1스푼 정도 넣어 무쳐주면 완성."
	],
	"recipe_img": [
		"https://recipe1.ezmember.co.kr/cache/recipe/2015/06/05/325bf41af66daad473bedfd57aabf9b11.jpg",
		"https://recipe1.ezmember.co.kr/cache/recipe/2015/06/05/619892b0737233c076d21063f67effe51.jpg",
		"https://recipe1.ezmember.co.kr/cache/recipe/2015/06/05/97b65b714d17ba26f5ca9868b82867ba1.jpg",
		"https://recipe1.ezmember.co.kr/cache/recipe/2015/06/05/7ca4679d2acccdc49f365348d18ab3c71.jpg",
		"https://recipe1.ezmember.co.kr/cache/recipe/2015/06/05/af4ebe03fc60f1a69fd6fa87486943db1.jpg",
		"https://recipe1.ezmember.co.kr/cache/recipe/2015/06/05/44f7975004ca8cfee2926d6a2103b6901.jpg",
		"https://recipe1.ezmember.co.kr/cache/recipe/2015/06/05/572c63263ad7cc806f5a6808caeda1661.jpg"
	],
	"tag": [
		"나물, 무침, 부추무침, 콩나물무침"
	]
}