{
	"id": "5357345",
	"name": "오징어볶음",
	"thumbnail": "https://recipe1.ezmember.co.kr/cache/recipe/2015/06/02/b4a5dd74f3d03a0077fbbce8d9f719201.jpg",
	"url": "https://www.10000recipe.com/recipe/5357345",
	"ingredient_ids": [
		10107,
		42888,
		8676,
		8824,
		51689,
		51684,
		8232
	],
	"time": "30",
	"ingre_list": [
		{
			"ingre_name": "오징어",
			"ingre_count": "2",
			"ingre_unit": "마리"
		},
		{
			"ingre_name": "양배추",
			"ingre_count": "",
			"ingre_unit": "약간"
		},
		{
			"ingre_name": "양파",
			"ingre_count": "1/2",
			"ingre_unit": "개"
		},
		{
			"ingre_name": "대파",
			"ingre_count": "2",
			"ingre_unit": "대"
		},
		{
			"ingre_name": "홍고추",
			"ingre_count": "1",
			"ingre_unit": "개"
		},
		{
			"ingre_name": "식용유",
			"ingre_count": "1",
			"ingre_unit": "T"
		},
		{
			"ingre_name": "참깨",
			"ingre_count": "",
			"ingre_unit": ""
		}
	],
	"sauce_list": [
		{
			"ingre_name": "고추장",
			"ingre_count": "1",
			"ingre_unit": "T"
		},
		{
			"ingre_name": "고춧가루1+1/2큰술",
			"ingre_count": "1+1/2",
			"ingre_unit": "T"
		},
		{
			"ingre_name": "다진마늘",
			"ingre_count": "1",
			"ingre_unit": "T"
		},
		{
			"ingre_name": "후춧가루",
			"ingre_count": "",
			"ingre_unit": "약간"
		},
		{
			"ingre_name": "양조간장",
			"ingre_count": "1",
			"ingre_unit": "T"
		},
		{
			"ingre_name": "맛술",
			"ingre_count": "1",
			"ingre_unit": "작은술"
		},
		{
			"ingre_name": "생강소스",
			"ingre_count": "1",
			"ingre_unit": "작은술"
		},
		{
			"ingre_name": "매실액",
			"ingre_count": "1",
			"ingre_unit": "T"
		},
		{
			"ingre_name": "올리고당",
			"ingre_count": "",
			"ingre_unit": ""
		}
	],
	"recipe": [
		"1. 분량의 오징어양념을 섞어 양념장을 미리 만들어 주세요. 오징어요리 하기 전 약 20~30분전에 미리 만들어 두었다가 숙성시킨 후 사용하면 더욱 깊은 맛이 나서 맛있어요.",
		"2. 채소들은 큼직큼직하게 썰어 준비 해주세요.",
		"3. 오징어는 내장과 껍질을 제거하고 먹기 좋은 크기로 썰어줍니다..",
		"4. 달궈진 팬에 기름을 두르고 센불에서 양파와 양배추, 오징어를 넣고 달달 볶아주세요.",
		"5. 오징어가 돌돌 말리면서 익기 시작하면 미리 만들어 두었던 고추장양념장을 넣고 볶아줍니다.",
		"6. 마지막으로 대파와 홍고루는 넣어 불을 끈 후 남은 열기로 익혀줍니다."
	],
	"recipe_img": [
		"https://recipe1.ezmember.co.kr/cache/recipe/2015/06/02/173312f5d45b9bd8d8470ba2a7e9f8441.jpg",
		"https://recipe1.ezmember.co.kr/cache/recipe/2015/06/02/056ca9605243069e317599d6554a3e901.jpg",
		"https://recipe1.ezmember.co.kr/cache/recipe/2015/06/02/2666c35fad5460431069c189e0f943361.jpg",
		"https://recipe1.ezmember.co.kr/cache/recipe/2015/06/02/7ffced6d88e6c1613d3d0c6c51078a471.jpg",
		"https://recipe1.ezmember.co.kr/cache/recipe/2015/06/02/cfea326b1c4f9f9e2624a8166c19e5431.jpg",
		"https://recipe1.ezmember.co.kr/cache/recipe/2015/06/02/95fdc214cef35afac71a7aaf2295c09a1.jpg"
	],
	"tag": [
		"메인반찬, 술안주, 오징어, 오징어볶음, 해물류"
	]
}