{
	"id": "5362054",
	"name": "갈릭 찹스테이크",
	"thumbnail": "https://recipe1.ezmember.co.kr/cache/recipe/2015/04/02/8444f66a3167b13a499ff1d12c25a0df1.jpg",
	"url": "https://www.10000recipe.com/recipe/5362054",
	"ingredient_ids": [
		9310,
		10722,
		8676,
		8827,
		8838,
		51702
	],
	"time": "60",
	"ingre_list": [
		{
			"ingre_name": "소고기안심",
			"ingre_count": "300",
			"ingre_unit": "g"
		},
		{
			"ingre_name": "마늘",
			"ingre_count": "10",
			"ingre_unit": "톨"
		},
		{
			"ingre_name": "양파",
			"ingre_count": "1/4",
			"ingre_unit": "개"
		},
		{
			"ingre_name": "파프리카",
			"ingre_count": "",
			"ingre_unit": "약간"
		},
		{
			"ingre_name": "피망",
			"ingre_count": "",
			"ingre_unit": "약간"
		},
		{
			"ingre_name": "파슬리가루",
			"ingre_count": "",
			"ingre_unit": ""
		}
	],
	"sauce_list": [
		{
			"ingre_name": "올리브오일",
			"ingre_count": "2",
			"ingre_unit": "T"
		},
		{
			"ingre_name": "소금",
			"ingre_count": "",
			"ingre_unit": "약간"
		},
		{
			"ingre_name": "후추",
			"ingre_count": "",
			"ingre_unit": "약간"
		},
		{
			"ingre_name": "스테이크소스",
			"ingre_count": "3",
			"ingre_unit": "T"
		},
		{
			"ingre_name": "케첩",
			"ingre_count": "3",
			"ingre_unit": "T"
		},
		{
			"ingre_name": "핫소스",
			"ingre_count": "1",
			"ingre_unit": "T"
		},
		{
			"ingre_name": "굴소스",
			"ingre_count": "1/3",
			"ingre_unit": "T"
		},
		{
			"ingre_name": "조청",
			"ingre_count": "1",
			"ingre_unit": "T"
		},
		{
			"ingre_name": "후추",
			"ingre_count": "",
			"ingre_unit": "약간"
		}
	],
	"recipe": [
		"1. 찹스테이크에 사용할 고기로는 한우 안심으로 준비했어요~  한우 안심은 한입크기로 잘라주세요~",
		"2. 고기밑간 재료들(올리브오일 2숟갈, 소금, 후추 약간씩)을 넣고 조물조물 버무려서 30분정도 재워둡니다~",
		"3. 함께 볶아줄 채소는 먹기좋은 크기로 썰어주시구여 마늘은 듬뿍 준비해서 도톰하게 반으로 슬라이스해주었어요~~",
		"4. 찹스테이크소스도 미리 만들어 준비해주세요~",
		"5. 달군팬에 오일을 한숟갈 두른후 마늘부터 넣고 달달 볶아 향긋한 마늘향을 내어줍니다~~",
		"6. 마늘이 노릇하게 익어 고소한 냄새가 나면 소고기를 넣고 센불에서 고기의 육즙이 빠지지 않도록 재빨리 볶아줍니다",
		"7. 고기가 절반정도 익었을때.. 채소들도 모두 넣고 볶아줍니다",
		"8. 마지막에 스테이크소스를 모두 넣고 역시 재빨리 볶아주세요",
		"9. 레스토랑보다 훨씬 맛있는 갈릭찹스테이크가 완성되었답니다"
	],
	"recipe_img": [
		"https://recipe1.ezmember.co.kr/cache/recipe/2015/04/02/ef94386c3f813806a47ebbe31e1e79b91.jpg",
		"https://recipe1.ezmember.co.kr/cache/recipe/2015/04/02/cfa2b6567deccede7b8bde73f5216dba1.jpg",
		"https://recipe1.ezmember.co.kr/cache/recipe/2015/04/02/30380e24c6a7fd556c4878f85c285abb1.jpg",
		"https://recipe1.ezmember.co.kr/cache/recipe/2015/04/02/6c21f2e1676c4ab28cea3ba1b4ef9dd51.jpg",
		"https://recipe1.ezmember.co.kr/cache/recipe/2015/04/02/6ae7db28a9f033cf4fe08cb759b45d5a1.jpg",
		"https://recipe1.ezmember.co.kr/cache/recipe/2015/04/02/d93a7b0a187349cf5e62868f98a900561.jpg",
		"https://recipe1.ezmember.co.kr/cache/recipe/2015/04/02/0b7af8405764d481303c5f8e8d8e0af31.jpg",
		"https://recipe1.ezmember.co.kr/cache/recipe/2015/04/02/960267a2c3af3b1428e4ebfce13acca71.jpg",
		"https://recipe1.ezmember.co.kr/cache/recipe/2015/04/02/b434702e53de287051d91e9762d0b0a41.jpg"
	],
	"tag": [
		"볶음, 손님접대, 스테이크, 양식, 육류, 찹스테이크"
	]
}