{
	"id": "5375879",
	"name": "꽈리황태채 볶음 만들기",
	"thumbnail": "https://recipe1.ezmember.co.kr/cache/recipe/2015/03/19/81269fec34e2fa3e5e7714da732539091.jpg",
	"url": "https://www.10000recipe.com/recipe/5375879",
	"ingredient_ids": [
		51820,
		51806,
		51682,
		51741
	],
	"time": "15",
	"ingre_list": [
		{
			"ingre_name": "꽈리고추",
			"ingre_count": "",
			"ingre_unit": ""
		},
		{
			"ingre_name": "황태채",
			"ingre_count": "1",
			"ingre_unit": "줌"
		},
		{
			"ingre_name": "다진마늘",
			"ingre_count": "1/2",
			"ingre_unit": "T"
		},
		{
			"ingre_name": "기름",
			"ingre_count": "",
			"ingre_unit": "조금"
		}
	],
	"sauce_list": [
		{
			"ingre_name": "간장",
			"ingre_count": "4",
			"ingre_unit": "T"
		},
		{
			"ingre_name": "물",
			"ingre_count": "3",
			"ingre_unit": "T"
		},
		{
			"ingre_name": "올리고당",
			"ingre_count": "1",
			"ingre_unit": "T"
		},
		{
			"ingre_name": "고추가루",
			"ingre_count": "1",
			"ingre_unit": "T"
		},
		{
			"ingre_name": "참기름",
			"ingre_count": "",
			"ingre_unit": "조금"
		},
		{
			"ingre_name": "깨",
			"ingre_count": "",
			"ingre_unit": "조금"
		},
		{
			"ingre_name": "후추가루",
			"ingre_count": "",
			"ingre_unit": "조금"
		}
	],
	"recipe": [
		"1. 황태채 한줌을 먹기 좋게 잘라 주세요. 꽈리가 큰것은 반으로 어긋하게 잘라 주시고 다진마늘도 준비해 주세요.",
		"2. 간장도 4스푼 넣어주세요. 시판용 조림용 간장인데 맛이 좋아요.",
		"3. 올리고당고 1스푼 넣어주세요.",
		"4. 분량대로 고추가루 ,깨 ,참기름,후추를 넣어 양념장을 만들어 주세요.",
		"5. 이제 팬에 기름 조금 두르고 먼저 꽈리 고추와 만들어 놓은 양념장을 넣어 살짝 볶아주세요.",
		"6. 살살 볶아 어느정도 꽈리가 숨이 죽을 정도로 익혀 주시면 되요.",
		"7. 이제 볶아진 꽈리에 먹기 좋게 잘라진 황태채도 넣어 주세요. 따로 불리거나 하지 않았어요.",
		"8. 꽈리와 황태채가 간이 베이게 살살살 볶아주시면 완성입니다."
	],
	"recipe_img": [
		"https://recipe1.ezmember.co.kr/cache/recipe/2015/03/21/0e5075f90bf1d8e7c34b7c8b236880cf1.jpg",
		"https://recipe1.ezmember.co.kr/cache/recipe/2015/03/21/7eaa7ee14aa50f8493398823b049255c1.jpg",
		"https://recipe1.ezmember.co.kr/cache/recipe/2015/03/21/d5e60f2eb92ca06636f9f245388c5ee81.jpg",
		"https://recipe1.ezmember.co.kr/cache/recipe/2015/03/21/a4953b7ca701346f22a9862342f213971.jpg",
		"https://recipe1.ezmember.co.kr/cache/recipe/2015/03/21/c8c8f9cbd9e4ca58d34a763f54e14d441.jpg",
		"https://recipe1.ezmember.co.kr/cache/recipe/2015/03/21/c3bf9693b634d8ad9092aa64ffa5677a1.jpg",
		"https://recipe1.ezmember.co.kr/cache/recipe/2015/03/21/473817dfb3f78acf8bbfc84504e1ba491.jpg",
		"https://recipe1.ezmember.co.kr/cache/recipe/2015/03/21/2af74698b7e1a12a504bdaaf2996b1a91.jpg"
	],
	"tag": [
		"건어물류, 밑반찬, 볶음, 일상, 황태채볶음"
	]
}