{
	"id": "5375808",
	"name": "새콤달콤한 사과 부추 무침",
	"thumbnail": "https://recipe1.ezmember.co.kr/cache/recipe/2015/04/02/d43b8ce871b44911b432dbb3093d8c071.jpg",
	"url": "https://www.10000recipe.com/recipe/5375808",
	"ingredient_ids": [
		21116,
		8544
	],
	"time": "15",
	"ingre_list": [
		{
			"ingre_name": "사과",
			"ingre_count": "1",
			"ingre_unit": "개"
		},
		{
			"ingre_name": "부추",
			"ingre_count": "150",
			"ingre_unit": "g"
		}
	],
	"sauce_list": [
		{
			"ingre_name": "까나리액젓",
			"ingre_count": "1",
			"ingre_unit": "T"
		},
		{
			"ingre_name": "매실액",
			"ingre_count": "2",
			"ingre_unit": "T"
		},
		{
			"ingre_name": "고춧가루",
			"ingre_count": "1",
			"ingre_unit": "T"
		},
		{
			"ingre_name": "다진마늘",
			"ingre_count": "1/2",
			"ingre_unit": "T"
		},
		{
			"ingre_name": "통깨",
			"ingre_count": "2",
			"ingre_unit": "작은술"
		}
	],
	"recipe": [
		"1. 부추는 흐르는 물에 씻은 후 물기를 제거하고 3Cm정도로 썰어줍니다.",
		"2. 사과는 흐르는 물에 깨끗하게 씻은 후 채 썰어줍니다.",
		"3. 분량의 양념 재료 까나리액젓, 매실액, 고춧가루, 다진 마늘, 통깨를 그릇에 넣고 골고루 섞어줍니다.",
		"4. 볼에 썰어 놓은 부추, 사과를 담고 양념을 끼얹어서 간이 골고루 배도록 살살 버무리듯 무쳐줍니다."
	],
	"recipe_img": [
		"https://recipe1.ezmember.co.kr/cache/recipe/2015/04/02/779b0e1c577ca8b2f39ba960694b0bc31.jpg",
		"https://recipe1.ezmember.co.kr/cache/recipe/2015/04/02/9916e3c88cac1abb4621aebbe3bb86a91.jpg",
		"https://recipe1.ezmember.co.kr/cache/recipe/2015/04/02/8855e1d6fe005f8fd95ea162975615511.jpg",
		"https://recipe1.ezmember.co.kr/cache/recipe/2015/04/02/b5758c6e62ee5ae17adfe3f9ef0d1d2b1.jpg"
	],
	"tag": [
		"과일류, 무침, 밑반찬, 부추무침, 사과, 초스피드"
	]
}