{
	"id": "5380902",
	"name": "떡꼬치",
	"thumbnail": "https://recipe1.ezmember.co.kr/cache/recipe/2015/06/18/a43e80f4204444cf7ab9cf73ed270cf8.jpg",
	"url": "https://www.10000recipe.com/recipe/5380902",
	"ingredient_ids": [
		51765,
		18742,
		13646
	],
	"time": "15",
	"ingre_list": [
		{
			"ingre_name": "떡",
			"ingre_count": "",
			"ingre_unit": ""
		},
		{
			"ingre_name": "고추장",
			"ingre_count": "",
			"ingre_unit": ""
		},
		{
			"ingre_name": "올리고당",
			"ingre_count": "",
			"ingre_unit": ""
		}
	],
	"sauce_list": [
		{
			"ingre_name": "고추장",
			"ingre_count": "1/2",
			"ingre_unit": "T"
		},
		{
			"ingre_name": "케찹",
			"ingre_count": "3",
			"ingre_unit": "T"
		},
		{
			"ingre_name": "올리고당",
			"ingre_count": "3",
			"ingre_unit": "T"
		}
	],
	"recipe": [
		"1. 떡은 떼어서 체반에 두시고 뜨거운 물을 부워주세요. 키친타월에 올려 물기를 빼준뒤 꼬치에 꽂아줍니다.",
		"2. 기름을 넉넉히 넣은 팬을 달군 뒤,",
		"3. 떡꼬치를 튀겨요.",
		"4. 고추장 0.5T, 케찹 3T, 올리고당3T을 넣어 양념장을 넣어주세요.",
		"5. 튀겨진 떡 위에 솔을 이용해서 양념장을 바르면 완성입니다."
	],
	"recipe_img": [
		"https://recipe1.ezmember.co.kr/cache/recipe/2015/06/18/bbf2ab49a4f6f76e21f07a82e2c04f651.jpg",
		"https://recipe1.ezmember.co.kr/cache/recipe/2015/06/18/0c1cd1e69632882a93458ba5b118a85b1.jpg",
		"https://recipe1.ezmember.co.kr/cache/recipe/2015/06/18/117d276b1ed50ab9c64b1727bd3df1b91.jpg",
		"https://recipe1.ezmember.co.kr/cache/recipe/2015/06/18/2389fecb051c6daa51e8d9c3c5064cab1.jpg",
		"https://recipe1.ezmember.co.kr/cache/recipe/2015/06/18/6dcbec028c8c31fc0651c9a2d77869971.jpg"
	],
	"tag": [
		"꼬치, 떡, 떡꼬치, 쌀"
	]
}