{
	"id": "5397566",
	"name": "고소하고 부드러운 순두부찌개",
	"thumbnail": "https://recipe1.ezmember.co.kr/cache/recipe/2015/04/02/bc64fc9f5b50a2195ba07f4dd4d803711.jpg",
	"url": "https://www.10000recipe.com/recipe/5397566",
	"ingredient_ids": [
		17601,
		51767,
		8855,
		8676,
		8824,
		8304,
		10722
	],
	"time": "30",
	"ingre_list": [
		{
			"ingre_name": "순두부",
			"ingre_count": "880",
			"ingre_unit": "g"
		},
		{
			"ingre_name": "돼지고기다짐육",
			"ingre_count": "150",
			"ingre_unit": "g"
		},
		{
			"ingre_name": "애호박",
			"ingre_count": "1/3",
			"ingre_unit": "개"
		},
		{
			"ingre_name": "양파",
			"ingre_count": "1/2",
			"ingre_unit": "개"
		},
		{
			"ingre_name": "대파",
			"ingre_count": "1",
			"ingre_unit": "뿌리"
		},
		{
			"ingre_name": "풋고추",
			"ingre_count": "2",
			"ingre_unit": "개"
		},
		{
			"ingre_name": "마늘",
			"ingre_count": "3",
			"ingre_unit": "쪽"
		}
	],
	"sauce_list": [
		{
			"ingre_name": "고춧가루2+1/2큰술",
			"ingre_count": "2+1/2",
			"ingre_unit": "T"
		},
		{
			"ingre_name": "새우젓",
			"ingre_count": "2",
			"ingre_unit": "T"
		},
		{
			"ingre_name": "식용유",
			"ingre_count": "1",
			"ingre_unit": "T"
		}
	],
	"recipe": [
		"1. 애호박은 흐르는 물에 씻은 후 적당한 크기로 썰어줍니다.  양파, 대파, 마늘은 껍질을 벗겨 씻은 후 양파는 적당한 크기로 썰고 대파는 송송 썰고 마늘은 저며 썰어줍니다.  풋고추는 꼭지를 제거하고 흐르는 물에 씻은 후 송송 썰어줍니다.  돼지고기는 다짐육으로 준비합니다.",
		"2. 국내산 콩으로 만든 순두부를 준비합니다.  국내산 콩으로 만든 순두부는 포장순두부와는 달리 국물이 들어있습니다.  순두부는 고단백식품으로 다이어트에 좋으며 양념장을 곁들여 먹으면 고소하고 부드러운 식감이 좋습니다.",
		"3. 달군 냄비에 식용유를 두르고 대파, 마늘, 양파를 넣고 볶은 후 애호박과 풋고루를 넣고 볶아줍니다.",
		"4. 돼지고기를 넣고 볶아줍니다.",
		"5. 고춧가루를 넣고 볶아줍니다.",
		"6. 순두부를 넣고 물을 적당량 부은 후 보글보글 끓여줍니다.  순두부의 큰 덩어리는 잘라줍니다.",
		"7. 재료가 익으면 새우젓으로 간을 맞추고 송송 썬 대파를 넣고 한소끔 끓인 후 불에서 내려요.  순두부찌개에 돼지고기를 넣어서 궁합이 잘 맞는 감칠 맛이 좋은 새우젓으로 간을 했습니다.",
		"8. 순두부찌개를 뚝배기에 담아냅니다."
	],
	"recipe_img": [
		"https://recipe1.ezmember.co.kr/cache/recipe/2015/04/02/db00b095ae26c22a81d210ecedf2ba5c1.jpg",
		"https://recipe1.ezmember.co.kr/cache/recipe/2015/04/02/fbdef74bf677c54a2b817fe14c53297b1.jpg",
		"https://recipe1.ezmember.co.kr/cache/recipe/2015/04/02/feef89b56f25951f91cdefc6aefd7d221.jpg",
		"https://recipe1.ezmember.co.kr/cache/recipe/2015/04/02/457086e460338b11578890b1d88506e01.jpg",
		"https://recipe1.ezmember.co.kr/cache/recipe/2015/04/02/5678f1ede139749ddc2f2cbb7670ccde1.jpg",
		"https://recipe1.ezmember.co.kr/cache/recipe/2015/04/02/12470c9b891c47d83ad925fa7b8223e31.jpg",
		"https://recipe1.ezmember.co.kr/cache/recipe/2015/04/02/4590f69062e3dc0d447ac75bdf46140b1.jpg",
		"https://recipe1.ezmember.co.kr/cache/recipe/2015/04/02/94b0d91c02f7b8006ef29d3f3600552a1.jpg"
	],
	"tag": [
		"끓이기, 두부, 두부찌개, 순두부, 순두부찌개, 찌개, 콩+견과류, 탕"
	]
}