{
	"id": "5407249",
	"name": "국민반찬 어묵볶음만들기",
	"thumbnail": "https://recipe1.ezmember.co.kr/cache/recipe/2015/05/29/75e60764ae09599b2ca7408fc4aaa0471.jpg",
	"url": "https://www.10000recipe.com/recipe/5407249",
	"ingredient_ids": [
		51727,
		8676,
		8386,
		8232,
		51684
	],
	"time": "15",
	"ingre_list": [
		{
			"ingre_name": "사각어묵",
			"ingre_count": "3",
			"ingre_unit": "장"
		},
		{
			"ingre_name": "양파",
			"ingre_count": "1/2",
			"ingre_unit": "개"
		},
		{
			"ingre_name": "당근",
			"ingre_count": "",
			"ingre_unit": "약간"
		},
		{
			"ingre_name": "참깨",
			"ingre_count": "",
			"ingre_unit": ""
		},
		{
			"ingre_name": "식용유",
			"ingre_count": "",
			"ingre_unit": ""
		}
	],
	"sauce_list": [
		{
			"ingre_name": "고춧가루",
			"ingre_count": "1",
			"ingre_unit": "T"
		},
		{
			"ingre_name": "간장",
			"ingre_count": "1",
			"ingre_unit": "T"
		},
		{
			"ingre_name": "참기름",
			"ingre_count": "1",
			"ingre_unit": "작은술"
		},
		{
			"ingre_name": "굴소스",
			"ingre_count": "1",
			"ingre_unit": "T"
		},
		{
			"ingre_name": "올리고당1+1/2큰술",
			"ingre_count": "1+1/2",
			"ingre_unit": "T"
		},
		{
			"ingre_name": "다진마늘",
			"ingre_count": "1",
			"ingre_unit": "작은술"
		}
	],
	"recipe": [
		"1. 분량의 볶음양념을 먼저 만들어 주세요.",
		"2. 사각어묵은 끓는 물에 살짝 데칙나 혹은 뜨거운 물을 부어 불순물을 제거한 후에 썰어줍니다.",
		"3. 양파와 당근도 채썰어 준비해주시구요.",
		"4. 달궈진 팬에 기름을 두른 후 어묵을 넣고 살짝 볶다가 양파와 당근을 넣어 볶아줍니다.",
		"5. 여기에 미리 만들어둔 매콤한 볶음양념장을 넣고 볶아주세요.",
		"6. 마지막으로 참깨를 뿌려 마무리 해주세요."
	],
	"recipe_img": [
		"https://recipe1.ezmember.co.kr/cache/recipe/2015/05/29/9c214d504c2cc243d243754b74fc6ebe1.jpg",
		"https://recipe1.ezmember.co.kr/cache/recipe/2015/05/29/34c73380f71a5c53dfff2ff131b907d51.jpg",
		"https://recipe1.ezmember.co.kr/cache/recipe/2015/05/29/a6b2d92eadfb0e17e0b71ed76637ef3c1.jpg",
		"https://recipe1.ezmember.co.kr/cache/recipe/2015/05/29/e72ca07975d8093e053725f3fba407861.jpg",
		"https://recipe1.ezmember.co.kr/cache/recipe/2015/05/29/ac0af8a0bbecd87673eea4c3340ac2881.jpg",
		"https://recipe1.ezmember.co.kr/cache/recipe/2015/05/29/f9d975055cea914433991ff22e8571b71.jpg"
	],
	"tag": [
		"가공식품류, 밑반찬, 볶음, 어묵볶음, 일상"
	]
}