{
	"id": "5413573",
	"name": "고소하고 든든한 참치밥전",
	"thumbnail": "https://recipe1.ezmember.co.kr/cache/recipe/2015/04/09/f9cc22e96e78c01d3cd5fecdfa3b525c1.jpg",
	"url": "https://www.10000recipe.com/recipe/5413573",
	"ingredient_ids": [
		18025,
		8386,
		8676,
		8158,
		51685,
		9457
	],
	"time": "30",
	"ingre_list": [
		{
			"ingre_name": "참치",
			"ingre_count": "1/2",
			"ingre_unit": "캔"
		},
		{
			"ingre_name": "당근",
			"ingre_count": "1/4",
			"ingre_unit": "개"
		},
		{
			"ingre_name": "양파",
			"ingre_count": "1/2",
			"ingre_unit": "개"
		},
		{
			"ingre_name": "두부",
			"ingre_count": "1/4",
			"ingre_unit": "모"
		},
		{
			"ingre_name": "밥",
			"ingre_count": "1",
			"ingre_unit": "공기"
		},
		{
			"ingre_name": "계란",
			"ingre_count": "2",
			"ingre_unit": "개"
		}
	],
	"sauce_list": [
		{
			"ingre_name": "소금",
			"ingre_count": "",
			"ingre_unit": "약간"
		},
		{
			"ingre_name": "식용유",
			"ingre_count": "",
			"ingre_unit": ""
		}
	],
	"recipe": [
		"1. 참치캔을 따서 채에 넣고 기름을 제거해주세요~~",
		"2. 양파를 잘게 다져주세요~~",
		"3. 당근도 먹기좋은 크기로 잘게 다져 주세요 어른이먹을땐 식감이 좋게 다져 주시구요 `` 아이들이 먹을땐 잘게 다지면 더좋겠죠??",
		"4. 두부는 물기를 제거한뒤 으깨주세요",
		"5. 계란을 풀어놓은 볼에 미리준비한 양파, 당근, 참치 , 두부를 넣어주세요",
		"6. 잘 섞은 볼에 밥한공기를 넣어 주세요~~",
		"7. 밥을 넣고 골고루 섞어주면 이런모습이 나와요~~ 여기에 소금으로 간을 하시면 되는데요~~ 저는 2꼬집정도 넣었어요",
		"8. 후라이팬에 기름을 두룬뒤~~",
		"9. 동그란 모양으로 부쳐주시면 되는데요 너무 많은양을 한번에 부치거나 자주뒤집으면 으깨질수도 있어요",
		"10. 노릇노릇하게 잘 부쳐주시면 간단하게 참치밥전을 완성할수 있어요!!"
	],
	"recipe_img": [
		"https://recipe1.ezmember.co.kr/cache/recipe/2015/04/09/19110aba65035c0c71471e05c8731d9c1.jpg",
		"https://recipe1.ezmember.co.kr/cache/recipe/2015/04/09/30ab6189563746e6c7b1486ad888d2691.jpg",
		"https://recipe1.ezmember.co.kr/cache/recipe/2015/04/09/5fb5a4eba826399d43de36cf2c0e4d291.jpg",
		"https://recipe1.ezmember.co.kr/cache/recipe/2015/04/09/1d8d16467dd5e00ef86f695e95140eac1.jpg",
		"https://recipe1.ezmember.co.kr/cache/recipe/2015/04/09/d478a6c657529b5722d5bf7d31cebf181.jpg",
		"https://recipe1.ezmember.co.kr/cache/recipe/2015/04/09/6dcac4926e42ccd3065616a6f52470031.jpg",
		"https://recipe1.ezmember.co.kr/cache/recipe/2015/04/09/95873249df01cfc874e0c74fdff5a7bf1.jpg",
		"https://recipe1.ezmember.co.kr/cache/recipe/2015/04/09/cacfd41376a94056e5394099b1b52bea1.jpg",
		"https://recipe1.ezmember.co.kr/cache/recipe/2015/04/09/68419d7255e2c4cd69adbe0aae07cd481.jpg",
		"https://recipe1.ezmember.co.kr/cache/recipe/2015/04/09/46daf61cd7044de301cbe27d866f5c341.jpg"
	],
	"tag": [
		"가공식품류, 밥+죽+떡, 밥, 밥전, 부침, 참치전, 초스피드"
	]
}