{
	"id": "5533553",
	"name": "매콤한 돼지고기 덮밥",
	"thumbnail": "https://recipe1.ezmember.co.kr/cache/recipe/2015/04/09/33722483aa2595b96aa3cfd38fcbcaed1.jpg",
	"url": "https://www.10000recipe.com/recipe/5533553",
	"ingredient_ids": [
		9239
	],
	"time": "30",
	"ingre_list": [
		{
			"ingre_name": "돼지고기",
			"ingre_count": "1",
			"ingre_unit": "인분"
		}
	],
	"sauce_list": [
		{
			"ingre_name": "고추장",
			"ingre_count": "1",
			"ingre_unit": "작은술"
		},
		{
			"ingre_name": "굴소스",
			"ingre_count": "1",
			"ingre_unit": "T"
		},
		{
			"ingre_name": "올리고당1+1/2큰술",
			"ingre_count": "1+1/2",
			"ingre_unit": "T"
		},
		{
			"ingre_name": "참기름",
			"ingre_count": "1",
			"ingre_unit": "T"
		},
		{
			"ingre_name": "맛술",
			"ingre_count": "",
			"ingre_unit": "약간"
		},
		{
			"ingre_name": "물",
			"ingre_count": "1",
			"ingre_unit": "T"
		},
		{
			"ingre_name": "간장",
			"ingre_count": "1",
			"ingre_unit": "작은술"
		},
		{
			"ingre_name": "다진마늘",
			"ingre_count": "1/2",
			"ingre_unit": "작은술"
		},
		{
			"ingre_name": "강황가루(카레가루)",
			"ingre_count": "",
			"ingre_unit": "약간"
		}
	],
	"recipe": [
		"1. 키친타올로 핏기를 제거하고(해동시켜더니 핏물이 조금씩 나오더라구요) 껍질부분은 제거했어요. 볶아내면 기름부분이 너무 많으면 싫더라구요.",
		"2. 파프리카와 꽈리고추, 양파와 대파약간을 준비했는데요. 고기만 달달 볶아내서 덮밥으로 먹기에는 많이 허전하잖아요. 여기에 아삭한 채소와 살짝 매콤한 고추도 넣어주어야 비로소 완성이랍니다. 파프리카와 양파, 꽈리고추는 사방 1cm크기로 썰어내고 대파는 얇게 채썰어주세요.",
		"3. 덮밥용소스는 달짝지근하면서도 살짝 매콤하게 만들었어요. 위 분량의 양념을 섞어줍니다.",
		"4. 달궈진 팬에 기름을 약간량 두른 후 치악산 금돈 앞다리살을 넣고 후춧가루로 살짝 간을 하여 누린내를 잡아준 후 센불에서 볶아주세요.",
		"5. 돼지고기가 2/3가량 익고나면 야채를 넣어 다시한번 볶아줍니다. 이땐 고기만 익을정도면 충분해요. 야채의 아삭거림이 있어주어야 더 맛나거든요.",
		"6. 소스를 넣어 중약불에서 살짝 볶아줍니다. 너무 오래 볶아내지 않으셔도 좋아요.",
		"7. 그릇에 따뜻한 밥을 올린 후 그 위에 완성된 매콤한 돼지고기볶음을 올려주세요. 소스가 넉넉해서 비벼먹기 좋을거에요. 참깨와 대파를 살짝 올려 쓱싹 비벼드세요^^"
	],
	"recipe_img": [
		"https://recipe1.ezmember.co.kr/cache/recipe/2015/04/09/09f73e97568241344059a1c6716b52581.jpg",
		"https://recipe1.ezmember.co.kr/cache/recipe/2015/04/09/8c4293831f47aed35c96011e8904c51a1.jpg",
		"https://recipe1.ezmember.co.kr/cache/recipe/2015/04/09/9e2c7d915a32f87bf30138410c38c3361.jpg",
		"https://recipe1.ezmember.co.kr/cache/recipe/2015/04/09/df2eed698a263b648c02279eb31460f51.jpg",
		"https://recipe1.ezmember.co.kr/cache/recipe/2015/04/09/c7e41ae6be62950e7cca26dab74e8c7d1.jpg",
		"https://recipe1.ezmember.co.kr/cache/recipe/2015/04/09/f292806106662044ef7920c932c987251.jpg",
		"https://recipe1.ezmember.co.kr/cache/recipe/2015/04/09/91a71ade35fcb29335300a1062b2bde51.jpg"
	],
	"tag": [
		"덮밥, 돼지고기, 밥+죽+떡"
	]
}