{
	"id": "5535014",
	"name": "바지락 맑은 순두부탕",
	"thumbnail": "https://recipe1.ezmember.co.kr/cache/recipe/2015/06/07/ca66f889cbf1851fbf40276642bec6851.jpg",
	"url": "https://www.10000recipe.com/recipe/5535014",
	"ingredient_ids": [
		17601,
		11385,
		8855,
		8824,
		51691,
		51689
	],
	"time": "60",
	"ingre_list": [
		{
			"ingre_name": "순두부",
			"ingre_count": "1",
			"ingre_unit": "팩"
		},
		{
			"ingre_name": "바지락",
			"ingre_count": "200",
			"ingre_unit": "g"
		},
		{
			"ingre_name": "애호박",
			"ingre_count": "60",
			"ingre_unit": "g"
		},
		{
			"ingre_name": "대파",
			"ingre_count": "2/3",
			"ingre_unit": "뿌리"
		},
		{
			"ingre_name": "청고추",
			"ingre_count": "1",
			"ingre_unit": "개"
		},
		{
			"ingre_name": "홍고추",
			"ingre_count": "1",
			"ingre_unit": "개"
		}
	],
	"sauce_list": [
		{
			"ingre_name": "다진마늘",
			"ingre_count": "1",
			"ingre_unit": "작은술"
		},
		{
			"ingre_name": "새우젓(또는소금약간)",
			"ingre_count": "1",
			"ingre_unit": "작은술"
		}
	],
	"recipe": [
		"1. 바지락은 해감을 한 후 냄비에 담고 물을 부어 입을 벌릴 때까지 삶아서 국물은 면보에 걸러주고, 조갯살은 다시 맑은 물에 헹궈 혹시나 남은 모래를 제거합니다",
		"2. 순두부는 그릇에 쏟아 붓고 준비하고, 국물은 조금만 사용합니다. 마트에서 파는 맨질맨질한 그 순두부가 아닙니다....",
		"3. 애호박은 자잘하게 썰고, 홍고추와 풋고추는 동글동글 썹니다. 대파도 송송 썰고 마늘은 다져주세요.",
		"4. 면보에 거른 조개국물을 냄비에 부어 끓으면 순두부를 넣고 이어서 바로 바지락 건더기를 넣습니다.",
		"5. 애호박, 마늘을 넣고 끓으면 새우젓으로 심심하게 간을하고, 청 홍고추 넣고 우르르 끓여서 마무리합니다."
	],
	"recipe_img": [
		"https://recipe1.ezmember.co.kr/cache/recipe/2015/06/08/f94babbbe744c0529749866f53b6fb751.jpg",
		"https://recipe1.ezmember.co.kr/cache/recipe/2015/06/08/3c0a591bc8031bd34337f3dd4e7e7d421.jpg",
		"https://recipe1.ezmember.co.kr/cache/recipe/2015/06/08/875b89e07337cabf8ea12b55c4feeb6c1.JPG",
		"https://recipe1.ezmember.co.kr/cache/recipe/2015/06/08/e5e10b9b7191d25a6e6e6131d11ed0291.JPG",
		"https://recipe1.ezmember.co.kr/cache/recipe/2015/06/08/3c4d1371ec7a3689d3ccb2ade23246801.jpg"
	],
	"tag": [
		"국+탕, 끓이기, 두부, 순두부, 콩+견과류, 탕"
	]
}