{
	"id": "553795",
	"name": "매콤하게 땡기는 느타리버섯구이",
	"thumbnail": "https://recipe1.ezmember.co.kr/cache/recipe/2015/06/09/11a90e6227aafcc428064fb438e47c0f.jpg",
	"url": "https://www.10000recipe.com/recipe/553795",
	"ingredient_ids": [
		8873
	],
	"time": "30",
	"ingre_list": [
		{
			"ingre_name": "느타리버섯",
			"ingre_count": "1",
			"ingre_unit": "그릇"
		}
	],
	"sauce_list": [
		{
			"ingre_name": "고추장",
			"ingre_count": "1",
			"ingre_unit": "T"
		},
		{
			"ingre_name": "고춧가루",
			"ingre_count": "1",
			"ingre_unit": "T"
		},
		{
			"ingre_name": "다진마늘",
			"ingre_count": "1",
			"ingre_unit": "작은술"
		},
		{
			"ingre_name": "다진파",
			"ingre_count": "1",
			"ingre_unit": "T"
		},
		{
			"ingre_name": "깨소금",
			"ingre_count": "1",
			"ingre_unit": "작은술"
		},
		{
			"ingre_name": "참기름",
			"ingre_count": "1",
			"ingre_unit": "T"
		},
		{
			"ingre_name": "소금",
			"ingre_count": "1/3",
			"ingre_unit": "작은술"
		},
		{
			"ingre_name": "맛간장",
			"ingre_count": "1",
			"ingre_unit": "T"
		},
		{
			"ingre_name": "매실엑기스",
			"ingre_count": "1/2",
			"ingre_unit": "T"
		},
		{
			"ingre_name": "설탕",
			"ingre_count": "1/2",
			"ingre_unit": "작은술"
		}
	],
	"recipe": [
		"1. 느타리 버섯은 작은것은 그대로 쓰시고 큰것은 작은것 크기로 찢어 준비 한 후 끓는 물에 소금을 1큰술 넣어 살짝~ 데쳐 찬물에 헹 군 후 물기를 꼭 짜~줍니다. 분량에 양념 재료를 넣어 골고루 섞어 양념장을 준비합니다. 물기 뺀 버섯을 큰 볼에 담고 준비한 양념장을 넣어 위생장갑을 끼고 조물조물 골고루 간이 잘 베이게 무쳐줍니다.",
		"2. 팬에 포도씨유를 두르고 달군 후 양념 해 둔 느타리버섯을 편편하게 펼쳐 센불에서 골고루 구워줍니다. 살짝~데쳐 양념 한것이므로 오래 굽지 않아도 되요~",
		"3. 구워진 느타리 버섯을 접시에 가지런히 담아 내고 검은통깨를 뿌려 쌈 야채를 준비하여 고기 쌈 싸듯이 쌈으로 드세요~ 의외루 매콤하고 쫄깃한 느타리에 씹히는 맛이 좋답니다."
	],
	"recipe_img": [
		"https://recipe1.ezmember.co.kr/cache/recipe/2015/12/02/73a1a61d57660fddf9d5f24a65f8bcc11.jpg",
		"https://recipe1.ezmember.co.kr/cache/recipe/2015/12/02/e7effb009cb9274c083ea306031516991.jpg",
		"https://recipe1.ezmember.co.kr/cache/recipe/2015/12/02/b14b686f9b1169863114709641e1a2691.jpg"
	],
	"tag": [
		"구이, 버섯, 버섯구이, 버섯류"
	]
}