{
	"id": "5555426",
	"name": "김치 비빔국수 만들기",
	"thumbnail": "https://recipe1.ezmember.co.kr/cache/recipe/2015/06/07/72a805374d0761b7fa87a5b67e4a5bfa1.jpg",
	"url": "https://www.10000recipe.com/recipe/5555426",
	"ingredient_ids": [
		8349,
		13309
	],
	"time": "15",
	"ingre_list": [
		{
			"ingre_name": "김치",
			"ingre_count": "",
			"ingre_unit": "약간"
		},
		{
			"ingre_name": "소면",
			"ingre_count": "",
			"ingre_unit": ""
		}
	],
	"sauce_list": [
		{
			"ingre_name": "고추장",
			"ingre_count": "2",
			"ingre_unit": "T"
		},
		{
			"ingre_name": "설탕",
			"ingre_count": "2",
			"ingre_unit": "T"
		},
		{
			"ingre_name": "식초",
			"ingre_count": "3",
			"ingre_unit": "T"
		},
		{
			"ingre_name": "참기름",
			"ingre_count": "1",
			"ingre_unit": "T"
		},
		{
			"ingre_name": "다진마늘",
			"ingre_count": "1/2",
			"ingre_unit": "T"
		}
	],
	"recipe": [
		"1. 잘 익은 얼갈이 김치를 먹기 좋은 크기로 썰어서 준비했구요. 고추장 2스푼, 설탕 2스푼, 식초 3스푼, 참기름 1스푼, 다진마늘 0.5스푼을 섞어 양념장을 만들었어요.",
		"2. 양념장에 얼갈이 김치를 넣고 골고루 잘 섞어준 다음",
		"3. 끓는물에 소면을 넣고 중간중간 찬물 부어주면서 찰지게 삶아요.",
		"4. 소면은 찬물에 씻어서 물기 뺀 다음 미리 만들어 놓은 양념장에 골고루 비벼 줍니다. 국수 비빌때 너무 많이 비비면 끈끈해져서 맛이 없으니까 최대한 빨리 골고루 잘 비벼 주는것이 중요해요"
	],
	"recipe_img": [
		"https://recipe1.ezmember.co.kr/cache/recipe/2015/06/08/ba44f85c5d748b25373a602327da493c1.jpg",
		"https://recipe1.ezmember.co.kr/cache/recipe/2015/06/08/36dde1c29b7fa33578884ef442e599841.jpg",
		"https://recipe1.ezmember.co.kr/cache/recipe/2015/06/08/070e4071c6267c13c59ee3b331a7b5521.jpg",
		"https://recipe1.ezmember.co.kr/cache/recipe/2015/06/08/10c01a601dbc4fd5b521b154036902771.jpg"
	],
	"tag": [
		"국수, 김치, 김치비빔국수, 면+만두, 밀가루, 비빔, 비빔국수"
	]
}