{
	"id": "5566805",
	"name": "두부 참치찌개",
	"thumbnail": "https://recipe1.ezmember.co.kr/cache/recipe/2015/06/07/fad6fdc26da9d2d031bbb53be0682e1d.jpg",
	"url": "https://www.10000recipe.com/recipe/5566805",
	"ingredient_ids": [
		8158,
		18025,
		8792,
		8306,
		8824
	],
	"time": "30",
	"ingre_list": [
		{
			"ingre_name": "두부",
			"ingre_count": "1",
			"ingre_unit": "모"
		},
		{
			"ingre_name": "참치",
			"ingre_count": "1",
			"ingre_unit": "캔"
		},
		{
			"ingre_name": "콩나물",
			"ingre_count": "1",
			"ingre_unit": "줌"
		},
		{
			"ingre_name": "고추",
			"ingre_count": "1",
			"ingre_unit": "개"
		},
		{
			"ingre_name": "대파",
			"ingre_count": "1/2",
			"ingre_unit": "개"
		}
	],
	"sauce_list": [
		{
			"ingre_name": "고추장",
			"ingre_count": "1",
			"ingre_unit": "T"
		},
		{
			"ingre_name": "고추가루",
			"ingre_count": "1",
			"ingre_unit": "T"
		},
		{
			"ingre_name": "다진마늘",
			"ingre_count": "1",
			"ingre_unit": "T"
		},
		{
			"ingre_name": "후추가루",
			"ingre_count": "",
			"ingre_unit": "적당량"
		},
		{
			"ingre_name": "설탕",
			"ingre_count": "1",
			"ingre_unit": "작은술"
		},
		{
			"ingre_name": "물",
			"ingre_count": "2",
			"ingre_unit": "컵"
		},
		{
			"ingre_name": "소금",
			"ingre_count": "",
			"ingre_unit": "약간"
		}
	],
	"recipe": [
		"1. 냄비에 물을 붓고 고추장 1큰술, 고추가루 1큰술, 다진마늘 1큰술, 후추가루 적당량, 설탕 1작은술을 넣고 끓여주세요.",
		"2. 참치 1캔 다 집어 넣구요.  두부도 넓게 슬라이스 하셔서,찌개에 넣어주세요.",
		"3. 콩나물도 넣어주시고요, 여기서 콩나물은 뚜껑을 열려면 쭉열고 조리 하셔야 하고 닫으려면 아예 비린내 안날 때까지 닫고 있다 열어야 합니다.~~",
		"4. 고추랑 대파 슬라이스 올려서 그냥 끓여주시면 끝이에요. 만약 싱거우면 소금간 살짝만 하세요."
	],
	"recipe_img": [
		"https://recipe1.ezmember.co.kr/cache/recipe/2015/06/08/8636d2e8ef984c7d973c2074073248471.JPG",
		"https://recipe1.ezmember.co.kr/cache/recipe/2015/06/08/01d3601730af0158d61dfcb3276928b81.JPG",
		"https://recipe1.ezmember.co.kr/cache/recipe/2015/06/08/8e7f85566bb2095c0be747cfe9e224811.JPG",
		"https://recipe1.ezmember.co.kr/cache/recipe/2015/06/08/47a5a11407e820b89303c49a83753cc41.JPG"
	],
	"tag": [
		"끓이기, 두부, 두부찌개, 찌개, 콩+견과류"
	]
}