{
	"id": "5571602",
	"name": "간단하게 만드는 단호박 수프",
	"thumbnail": "https://recipe1.ezmember.co.kr/cache/recipe/2015/04/09/49b2fe6633eae97c7b440ae422a765c71.jpg",
	"url": "https://www.10000recipe.com/recipe/5571602",
	"ingredient_ids": [
		51776,
		8676,
		10230,
		10267
	],
	"time": "60",
	"ingre_list": [
		{
			"ingre_name": "단호박",
			"ingre_count": "1/2",
			"ingre_unit": "통"
		},
		{
			"ingre_name": "양파",
			"ingre_count": "1/2",
			"ingre_unit": "개"
		},
		{
			"ingre_name": "우유",
			"ingre_count": "3",
			"ingre_unit": "컵"
		},
		{
			"ingre_name": "버터",
			"ingre_count": "1",
			"ingre_unit": "T"
		}
	],
	"sauce_list": [
		{
			"ingre_name": "올리브오일",
			"ingre_count": "1",
			"ingre_unit": "T"
		},
		{
			"ingre_name": "소금",
			"ingre_count": "",
			"ingre_unit": "약간"
		}
	],
	"recipe": [
		"1. 먼저.. 단호박은 씨를 걷어낸후 큼직하게 썰어 렌지에 익히거나 찜통에서 푹 익혀 준비해줍니다~",
		"2. 양파는 되도록이면 아주 가늘게 채썰어주시구여~~ 팬에 올리브오일과 버터를 한숟갈씩 넣고 양파가 나른해지도록 잘 볶아줍니다~",
		"3. 믹서기에 삶은 단호박 속살과 볶은 양파.. 그리고 우유1컵 넣고 곱게 갈아주세요~~                   ",
		"4. 냄비에 곱게 간 단호박을 넣은후.. 우유를 추가로 더 넣어주세요~ 이때.. 우유의 양은 묽기를 봐가면서 가감해주셔도 좋습니다~^^",
		"5. 중약불에서 주걱으로 저어 끓이다가.. 소금약간을 넣어주세요~ 소금을 약간 넣어주면 단맛이 더 증가하거든요~^^",
		"6. 완성된 단호박수프에요~^^ 노란 병아리 빛깔이 너무나 사랑스런 수프에요~ㅎ",
		"7. 단호박수프만 먹어도 달콤하고 맛있지만.. 크루통이 있으면 더 맛있잖아요.. 마침 집에 식빵도 있길래.. 팬에.. 올리브오일과 버터 한숟갈씩을 넣어 녹인후.. 허브가루도 있으면 조금 넣어주세요~ 식빵을 적당하게 잘라 올려 앞뒤로 바삭하게 구워주심 된답니다~~"
	],
	"recipe_img": [
		"https://recipe1.ezmember.co.kr/cache/recipe/2015/04/09/e79f694a9292df17c264a145a2799de31.jpg",
		"https://recipe1.ezmember.co.kr/cache/recipe/2015/04/09/c552b9ddcfdc984074952dc7f80851121.jpg",
		"https://recipe1.ezmember.co.kr/cache/recipe/2015/04/09/fdec021734c2f4ac5a6ba42d5337b0191.jpg",
		"https://recipe1.ezmember.co.kr/cache/recipe/2015/04/09/fb361a8a536ad83cf6bf12af8d0b53bf1.jpg",
		"https://recipe1.ezmember.co.kr/cache/recipe/2015/04/09/53a408d2770fbf7c9e71879844b81c171.jpg",
		"https://recipe1.ezmember.co.kr/cache/recipe/2015/04/09/33dc3af43560a8fef647007afad48d7c1.jpg",
		"https://recipe1.ezmember.co.kr/cache/recipe/2015/04/09/6ccafd2796505fdface9ed592870894c1.jpg"
	],
	"tag": [
		"단호박스프, 스프, 영양식"
	]
}