{
	"id": "5577696",
	"name": "육수없이 끓이는 매운된장찌개",
	"thumbnail": "https://recipe1.ezmember.co.kr/cache/recipe/2015/06/09/489f0c0077089743b18f19ba91a033061.jpg",
	"url": "https://www.10000recipe.com/recipe/5577696",
	"ingredient_ids": [
		8158,
		8306,
		8824,
		8676,
		51809
	],
	"time": "15",
	"ingre_list": [
		{
			"ingre_name": "두부",
			"ingre_count": "1",
			"ingre_unit": "모"
		},
		{
			"ingre_name": "고추",
			"ingre_count": "1",
			"ingre_unit": "개"
		},
		{
			"ingre_name": "대파",
			"ingre_count": "1/2",
			"ingre_unit": "개"
		},
		{
			"ingre_name": "양파",
			"ingre_count": "1/2",
			"ingre_unit": "개"
		},
		{
			"ingre_name": "쌀뜨물",
			"ingre_count": "",
			"ingre_unit": ""
		}
	],
	"sauce_list": [
		{
			"ingre_name": "된장",
			"ingre_count": "2",
			"ingre_unit": "T"
		},
		{
			"ingre_name": "다진마늘",
			"ingre_count": "1",
			"ingre_unit": "T"
		},
		{
			"ingre_name": "고추장",
			"ingre_count": "1",
			"ingre_unit": "T"
		},
		{
			"ingre_name": "참기름",
			"ingre_count": "",
			"ingre_unit": "적당히"
		},
		{
			"ingre_name": "고추가루",
			"ingre_count": "1/2",
			"ingre_unit": "T"
		}
	],
	"recipe": [
		"1. 우선 뚝배기를 뜨겁게 달궈줍니다. 된장 2큰술, 다진마늘 1큰술, 고추장 1큰술, 참기름 적당히, 고추가루 반큰술를 뚝배기에 넣고 바짝 볶아줍니다.",
		"2. 양념을 볶고 쌀뜨물을 붓는데 반드시 세번에 나누어서 부어주세요. 쌀드물 넣은 뒤 뚝배기 반정도 물이 올라오면 깍뚝 썰어놓은 양파와 청양고추도 넣어주세요.",
		"3. 그리고 두부를 손으로 뜯어서 넣고 대파를 넣어 마무리합니다."
	],
	"recipe_img": [
		"https://recipe1.ezmember.co.kr/cache/recipe/2015/06/09/ba373409bd635cb858492c30e3ef7a561.jpg",
		"https://recipe1.ezmember.co.kr/cache/recipe/2015/06/09/ec456296321c0decfb9e679eb760dbc41.jpg",
		"https://recipe1.ezmember.co.kr/cache/recipe/2015/06/09/5167841774a8bd2872e672f0dfecf4a11.jpg"
	],
	"tag": [
		"끓이기, 된장찌개, 육수, 찌개, 채소류, 탕"
	]
}