{
	"id": "5590466",
	"name": "스팸 김치볶음밥",
	"thumbnail": "https://recipe1.ezmember.co.kr/cache/recipe/2015/06/01/8ec59ad1fe42b2b482f38f779e24cb2d1.jpg",
	"url": "https://www.10000recipe.com/recipe/5590466",
	"ingredient_ids": [
		8349,
		51704,
		51685
	],
	"time": "30",
	"ingre_list": [
		{
			"ingre_name": "김치",
			"ingre_count": "",
			"ingre_unit": ""
		},
		{
			"ingre_name": "스팸",
			"ingre_count": "",
			"ingre_unit": ""
		},
		{
			"ingre_name": "밥",
			"ingre_count": "",
			"ingre_unit": ""
		}
	],
	"sauce_list": [
		{
			"ingre_name": "굴소스1+1/2큰술",
			"ingre_count": "1+1/2",
			"ingre_unit": "T"
		},
		{
			"ingre_name": "올리고당1+1/2큰술",
			"ingre_count": "1+1/2",
			"ingre_unit": "T"
		},
		{
			"ingre_name": "고추장",
			"ingre_count": "1",
			"ingre_unit": "T"
		},
		{
			"ingre_name": "맛술",
			"ingre_count": "1",
			"ingre_unit": "작은술"
		},
		{
			"ingre_name": "참기름",
			"ingre_count": "1",
			"ingre_unit": "T"
		},
		{
			"ingre_name": "후춧가루",
			"ingre_count": "",
			"ingre_unit": "약간"
		}
	],
	"recipe": [
		"1. 양념을 분량대로 섞어주세요",
		"2. 김치도 꺼내고 스팸도 먹기 좋은 크기로 썰어주었어요.",
		"3. 달궈진 팬에 기름을 살짝만 둘러 햄을 넣고 먼저 튀겨내듯 볶아주세요.",
		"4. 그리고 기름 1작은술을 더 두른 후 김치를 넣어 중불에서 달달 볶아주세요.",
		"5. 김치가 투명해지기 시작하면 밥을 넣은 후 미리 만들어두었던 비법양념장을 넣어 골고루 섞어가며 볶아주세요."
	],
	"recipe_img": [
		"https://recipe1.ezmember.co.kr/cache/recipe/2015/06/01/fcb2e71c4ccdf46ecf21f275e694e9c81.jpg",
		"https://recipe1.ezmember.co.kr/cache/recipe/2015/06/01/d5ca70143930274c78a42d6f408482021.jpg",
		"https://recipe1.ezmember.co.kr/cache/recipe/2015/06/01/51b62058476c3ec5eae2c0569f950f661.jpg",
		"https://recipe1.ezmember.co.kr/cache/recipe/2015/06/01/965c0e1f953aa160663c86fa3a63826e1.jpg",
		"https://recipe1.ezmember.co.kr/cache/recipe/2015/06/01/a376092fae04a70f4d4bf717032f65dc1.jpg"
	],
	"tag": [
		"김치, 김치볶음밥, 밥+죽+떡, 밥, 볶음, 볶음밥, 일상, 채소류"
	]
}