{
	"id": "5614132",
	"name": "오징어볶음",
	"thumbnail": "https://recipe1.ezmember.co.kr/cache/recipe/2015/06/08/260f097fb36192f9c11dfcc2fce1d4cd.jpg",
	"url": "https://www.10000recipe.com/recipe/5614132",
	"ingredient_ids": [
		10107,
		42888,
		8676,
		8824,
		51691,
		51689,
		8676
	],
	"time": "30",
	"ingre_list": [
		{
			"ingre_name": "오징어",
			"ingre_count": "2",
			"ingre_unit": "마리"
		},
		{
			"ingre_name": "양배추",
			"ingre_count": "150",
			"ingre_unit": "g"
		},
		{
			"ingre_name": "양파",
			"ingre_count": "1",
			"ingre_unit": "개"
		},
		{
			"ingre_name": "대파",
			"ingre_count": "2/3",
			"ingre_unit": "대"
		},
		{
			"ingre_name": "청고추",
			"ingre_count": "2",
			"ingre_unit": "개"
		},
		{
			"ingre_name": "홍고추",
			"ingre_count": "1",
			"ingre_unit": "개"
		},
		{
			"ingre_name": "양파",
			"ingre_count": "",
			"ingre_unit": "약간"
		}
	],
	"sauce_list": [
		{
			"ingre_name": "다진마늘",
			"ingre_count": "3",
			"ingre_unit": "T"
		},
		{
			"ingre_name": "간장",
			"ingre_count": "3",
			"ingre_unit": "T"
		},
		{
			"ingre_name": "고추장",
			"ingre_count": "4",
			"ingre_unit": "T"
		},
		{
			"ingre_name": "고추가루",
			"ingre_count": "4",
			"ingre_unit": "T"
		},
		{
			"ingre_name": "올리브오일",
			"ingre_count": "4",
			"ingre_unit": "T"
		},
		{
			"ingre_name": "설탕",
			"ingre_count": "4",
			"ingre_unit": "T"
		},
		{
			"ingre_name": "생강술",
			"ingre_count": "2",
			"ingre_unit": "T"
		},
		{
			"ingre_name": "후추",
			"ingre_count": "",
			"ingre_unit": ""
		}
	],
	"recipe": [
		"1. 양파는 채썰고 고추, 대파는 어슷썰어 준비하고..",
		"2. 양배추는 굵게 채 썰고 당근은 가늘게 채 썰어 준비했습니다.",
		"3. 오징어는 깨끗하게 손질해 팔팔 끓는물에 넣어 겉면이 하얗게 되도록 살짝만 데쳐 건져냅니다 살짝 데친 오징어는 먹기좋은 모양으로 썰어주세요.",
		"4. 팬에 다진마늘 3숟갈, 간장 3숟갈, 고추장 4숟갈, 고추가루 4숟갈, 올리브오일 4숟갈, 설탕 4숟갈, 생강술 2숟갈, 후추를 모두 넣어 센불에서 저어가며 끓이다가 끓기 시작하면 중불로 줄여준 후",
		"5. 데친 오징어와 채소들을 모두 넣고, 2분정도 센불에서 볶아주시면 완성입니다.  오징어를 데쳐서 볶아주면 물기가 덜 생겨서 훨씬 좋답니다.  여기에 삶은 소면을 곁들여 먹으면 더욱 좋겠지요."
	],
	"recipe_img": [
		"https://recipe1.ezmember.co.kr/cache/recipe/2015/06/08/7a22c99d20690096a57ec895e4d2daa21.jpg",
		"https://recipe1.ezmember.co.kr/cache/recipe/2015/06/08/017376571ccea5d8299a02ff53c2d8f91.jpg",
		"https://recipe1.ezmember.co.kr/cache/recipe/2015/06/08/f08915d3c29a59c7f2711404af196c111.jpg",
		"https://recipe1.ezmember.co.kr/cache/recipe/2015/06/08/6935fca7b3a20dd87aa397e9998964071.jpg",
		"https://recipe1.ezmember.co.kr/cache/recipe/2015/06/08/b60e73f804e221d4591363cf6a9bad581.jpg"
	],
	"tag": [
		"메인반찬, 오징어, 오징어볶음, 해물류"
	]
}