{
	"id": "563115",
	"name": "쫀득쫀득 더블퍼지브라우니",
	"thumbnail": "https://recipe1.ezmember.co.kr/cache/recipe/2015/10/21/00e55dd738481605eb1c32df1994d53f.jpg",
	"url": "https://www.10000recipe.com/recipe/563115",
	"ingredient_ids": [
		51743,
		9457,
		51699
	],
	"time": "60",
	"ingre_list": [
		{
			"ingre_name": "중력분",
			"ingre_count": "105",
			"ingre_unit": "g"
		},
		{
			"ingre_name": "계란",
			"ingre_count": "2",
			"ingre_unit": "개"
		},
		{
			"ingre_name": "베이킹파우더",
			"ingre_count": "1/4",
			"ingre_unit": "T"
		}
	],
	"sauce_list": [
		{
			"ingre_name": "다크초콜릿(56%)",
			"ingre_count": "200",
			"ingre_unit": "g"
		},
		{
			"ingre_name": "무가당코코아가루",
			"ingre_count": "2",
			"ingre_unit": "T"
		},
		{
			"ingre_name": "버터",
			"ingre_count": "90",
			"ingre_unit": "g"
		},
		{
			"ingre_name": "유기농설탕",
			"ingre_count": "150",
			"ingre_unit": "g"
		},
		{
			"ingre_name": "바닐라익스트랙",
			"ingre_count": "1/2",
			"ingre_unit": "T"
		},
		{
			"ingre_name": "소금",
			"ingre_count": "1/4",
			"ingre_unit": "T"
		}
	],
	"recipe": [
		"1. 초콜릿, 버터, 코코아가루는 볼에 담아 중탕으로 녹여주세요.",
		"2. 계란을 살짝 풀어준 뒤, 설탕을 넣고 녹을 정도로 2분정도 믹싱합니다.",
		"3. 계란에 중탕한 초콜릿+버터+코코아가루를 넣어 섞어주세요.",
		"4. 체친가루를 넣어 주걱을 바깥에서 안쪽으로 퍼올리듯이 섞어줍니다. 종이 호일을 깐 틀에 반죽을 붓고 160~170도로 예열된 오븐에 넣어 30~35분 정도 구워냅니다. 100% 완벽하게 익혀내시면 안되구요. 꼬치로 찔러봤을때 약간 묻어나는 정도면 꺼내셔야 합니다. 완전히 다 익혀내시면 굳은뒤에 쫀득한맛이 덜하고 퍽퍽해요.오븐",
		"5. 4~5시간뒤에 완전히 식혀서 썰어내면 쫀득쫀득 브라우니 탄생. 살짝 한김 나간뒤에 냉장고에 넣어 2시간정도 굳힌뒤 썰어내셔도 됩니다."
	],
	"recipe_img": [
		"https://recipe1.ezmember.co.kr/cache/recipe/2015/10/22/40c38095475516904dd299a37cc837421.jpg",
		"https://recipe1.ezmember.co.kr/cache/recipe/2015/10/22/fef3b34037a6f6cb1faa05f26fa6d64c1.jpg",
		"https://recipe1.ezmember.co.kr/cache/recipe/2015/10/22/d1da008b0c7dc52ee779ff2d58cf2cd71.jpg",
		"https://recipe1.ezmember.co.kr/cache/recipe/2015/10/22/42903c2cfad23e8973c4b79479c6b1fe1.jpg",
		"https://recipe1.ezmember.co.kr/cache/recipe/2015/10/22/a326b1f1be41069f547b85e6b6117c371.jpg"
	],
	"tag": [
		"간식, 굽기, 밀가루, 브라우니"
	]
}