{
	"id": "5644308",
	"name": "두부강정 호두조림 ",
	"thumbnail": "https://recipe1.ezmember.co.kr/cache/recipe/2015/06/02/8731f2cac1f8b140eabeed9daa456e7d1.JPG",
	"url": "https://www.10000recipe.com/recipe/5644308",
	"ingredient_ids": [
		8158
	],
	"time": "30",
	"ingre_list": [
		{
			"ingre_name": "두부",
			"ingre_count": "1",
			"ingre_unit": "모"
		}
	],
	"sauce_list": [
		{
			"ingre_name": "굴소스",
			"ingre_count": "",
			"ingre_unit": ""
		},
		{
			"ingre_name": "오미자청",
			"ingre_count": "",
			"ingre_unit": ""
		},
		{
			"ingre_name": "참기름",
			"ingre_count": "",
			"ingre_unit": ""
		},
		{
			"ingre_name": "올리고당",
			"ingre_count": "",
			"ingre_unit": ""
		}
	],
	"recipe": [
		"1. 두부는 크지않게 깍뚝썰기로 썰어 주세요.",
		"2. 기름두른팬에 센불->중간불에서 바삭하게 구워 주세요.",
		"3. 호두를 넣어줍니다.",
		"4. 굴소스약간+오미자청약간+참기름+올리고당약간 넣어 조리면 완성."
	],
	"recipe_img": [
		"https://recipe1.ezmember.co.kr/cache/recipe/2015/06/03/c18456ed02ae68c54860d0424392beb31.jpg",
		"https://recipe1.ezmember.co.kr/cache/recipe/2015/06/03/db4dc17272c70daab21f810a09a452d21.jpg",
		"https://recipe1.ezmember.co.kr/cache/recipe/2015/06/03/831743e627be15b37fae5692b9b39dfb1.jpg",
		"https://recipe1.ezmember.co.kr/cache/recipe/2015/06/03/f74d82b12f5b2a77d2f32143cfebc1501.jpg"
	],
	"tag": [
		"강정, 두부, 두부강정, 두부조림, 조림, 콩+견과류"
	]
}