{
	"id": "5713949",
	"name": "새송이 버섯볶음",
	"thumbnail": "https://recipe1.ezmember.co.kr/cache/recipe/2015/06/02/f0e5f205354e96c80b766b9a097369da1.jpg",
	"url": "https://www.10000recipe.com/recipe/5713949",
	"ingredient_ids": [
		8913,
		8676,
		8386,
		8824,
		51684
	],
	"time": "15",
	"ingre_list": [
		{
			"ingre_name": "새송이버섯",
			"ingre_count": "2",
			"ingre_unit": "개"
		},
		{
			"ingre_name": "양파",
			"ingre_count": "1/2",
			"ingre_unit": "개"
		},
		{
			"ingre_name": "당근",
			"ingre_count": "",
			"ingre_unit": "약간"
		},
		{
			"ingre_name": "대파",
			"ingre_count": "",
			"ingre_unit": "약간"
		},
		{
			"ingre_name": "식용유",
			"ingre_count": "1",
			"ingre_unit": "T"
		}
	],
	"sauce_list": [
		{
			"ingre_name": "고추가루",
			"ingre_count": "1/2",
			"ingre_unit": "T"
		},
		{
			"ingre_name": "굴소스",
			"ingre_count": "1/2",
			"ingre_unit": "T"
		},
		{
			"ingre_name": "간장",
			"ingre_count": "1/2",
			"ingre_unit": "T"
		},
		{
			"ingre_name": "올리고당",
			"ingre_count": "2/3",
			"ingre_unit": "T"
		},
		{
			"ingre_name": "참기름",
			"ingre_count": "2/3",
			"ingre_unit": "T"
		},
		{
			"ingre_name": "참깨",
			"ingre_count": "",
			"ingre_unit": ""
		}
	],
	"recipe": [
		"1. 새송이버섯은 길죽하게 썰어주세요.",
		"2. 새송이버섯은 끓는 물에 넣고 약 15초에서 20초정도 데쳐주세요. 그 후 수분을 꾹 짜주세요.",
		"3. 당근과 양파도 준비해요.",
		"4. 볶음양념은 분량대로 섞어 준비해주세요.",
		"5. 팬에 기름을 두른 후 당근과 양파, 데쳐낸 새송이버섯을 넣은 후 달달 볶아주세요.",
		"6. 양파의 식감이 살짝 아삭할 정도로 남아주어야 더 맛있거든요.",
		"7. 마지막으로 대파를 넣어 마무리해줍니다."
	],
	"recipe_img": [
		"https://recipe1.ezmember.co.kr/cache/recipe/2015/06/02/069ce47066e4cf071f766db9ecde5b391.jpg",
		"https://recipe1.ezmember.co.kr/cache/recipe/2015/06/02/9cc625a62d1c048c0935a7b5c2e4d07c1.jpg",
		"https://recipe1.ezmember.co.kr/cache/recipe/2015/06/02/942306486b24e76d9b0546b9a7bb695e1.jpg",
		"https://recipe1.ezmember.co.kr/cache/recipe/2015/06/02/498fda7fcbfbf0fdfaabd673cdb061361.jpg",
		"https://recipe1.ezmember.co.kr/cache/recipe/2015/06/02/358c7ddd7aba506f386eb96e5a5b13cc1.jpg",
		"https://recipe1.ezmember.co.kr/cache/recipe/2015/06/02/ae20a4d7417321d77cc446a661c3ae901.jpg",
		"https://recipe1.ezmember.co.kr/cache/recipe/2015/06/02/2f680db791af1cdb6ca606fe8a4810771.jpg"
	],
	"tag": [
		"밑반찬, 버섯, 버섯류, 버섯볶음, 새송이버섯볶음"
	]
}