{
	"id": "5714649",
	"name": "깐풍만두 만드는 법",
	"thumbnail": "https://recipe1.ezmember.co.kr/cache/recipe/2015/04/10/f55af610a37fc7af28817df180dff2de1.jpg",
	"url": "https://www.10000recipe.com/recipe/5714649",
	"ingredient_ids": [
		6951,
		8676,
		51689
	],
	"time": "15",
	"ingre_list": [
		{
			"ingre_name": "만두",
			"ingre_count": "13",
			"ingre_unit": "개"
		},
		{
			"ingre_name": "양파",
			"ingre_count": "0.",
			"ingre_unit": "개"
		},
		{
			"ingre_name": "홍고추",
			"ingre_count": "1",
			"ingre_unit": "개"
		}
	],
	"sauce_list": [
		{
			"ingre_name": "간장",
			"ingre_count": "3",
			"ingre_unit": "T"
		},
		{
			"ingre_name": "식초",
			"ingre_count": "3",
			"ingre_unit": "T"
		},
		{
			"ingre_name": "꿀",
			"ingre_count": "3",
			"ingre_unit": "T"
		},
		{
			"ingre_name": "물",
			"ingre_count": "2",
			"ingre_unit": "T"
		},
		{
			"ingre_name": "굴소스",
			"ingre_count": "1",
			"ingre_unit": "T"
		}
	],
	"recipe": [
		"1. 분량의 재료들을 넣어서 양념장도 만들어 준비하고~",
		"2. 양파와 홍고추를 다져서 준비하면",
		"3. 기름 둘러 만두를 노릇하게 튀겨주고~",
		"4. 프라이팬에 기름둘러 양파와 홍고추를 넣어서 볶다가 양파가 투명해지면 준비해놓은 양념장을 넣어서 끓이다가~",
		"5. 양념장이 끓기 시작하면 튀겨놓은 만두를 넣어서 휘리릭~양념장에 잘 버무려만주면 뚝딱 깐풍만두 완성입니다..ㅎㅎ",
		"6. 윤기 좔좔 깐풍만두~정말 먹음직 스럽지요?"
	],
	"recipe_img": [
		"https://recipe1.ezmember.co.kr/cache/recipe/2015/10/30/058eff4d732652a2efa1d0ea00aee1151.jpg",
		"https://recipe1.ezmember.co.kr/cache/recipe/2015/10/30/0986fcf7692712bb54178c61bdd994171.jpg",
		"https://recipe1.ezmember.co.kr/cache/recipe/2015/10/30/22f26b11cb893339475cba076fece5cb1.jpg",
		"https://recipe1.ezmember.co.kr/cache/recipe/2015/10/30/507be390920094e4296403e7aeebfc411.jpg",
		"https://recipe1.ezmember.co.kr/cache/recipe/2015/10/30/4c60912c26f58b036ea1bda802481fb91.jpg",
		"https://recipe1.ezmember.co.kr/cache/recipe/2015/10/30/125c342f4f5bfed9bf404ceae14e89d41.jpg"
	],
	"tag": [
		"가공식품류, 간식, 깐풍만두, 만두, 면+만두"
	]
}