{
	"id": "5717463",
	"name": "고소한 아몬드잔멸치볶음",
	"thumbnail": "https://recipe1.ezmember.co.kr/cache/recipe/2015/06/08/1a1ac4e400bf1298a140db4f40b6f09a1.jpg",
	"url": "https://www.10000recipe.com/recipe/5717463",
	"ingredient_ids": [
		51805,
		51781,
		10267,
		13693,
		51686
	],
	"time": "30",
	"ingre_list": [
		{
			"ingre_name": "잔멸치",
			"ingre_count": "2",
			"ingre_unit": "컵"
		},
		{
			"ingre_name": "아몬드슬라이스",
			"ingre_count": "1",
			"ingre_unit": "컵"
		},
		{
			"ingre_name": "버터",
			"ingre_count": "2",
			"ingre_unit": "T"
		},
		{
			"ingre_name": "카놀라유",
			"ingre_count": "2",
			"ingre_unit": "T"
		},
		{
			"ingre_name": "통깨",
			"ingre_count": "",
			"ingre_unit": ""
		}
	],
	"sauce_list": [
		{
			"ingre_name": "간장",
			"ingre_count": "2",
			"ingre_unit": "T"
		},
		{
			"ingre_name": "설탕",
			"ingre_count": "2",
			"ingre_unit": "T"
		},
		{
			"ingre_name": "물",
			"ingre_count": "3",
			"ingre_unit": "T"
		},
		{
			"ingre_name": "생강술",
			"ingre_count": "3",
			"ingre_unit": "T"
		},
		{
			"ingre_name": "올리고당",
			"ingre_count": "2",
			"ingre_unit": "T"
		}
	],
	"recipe": [
		"1. 잔멸치를 마른팬에 기름없이 달달 볶아 바싹하게 만든후 접시에 덜어냅니다.",
		"2. 다시 팬에 버터랑 오일을 넣고 녹인후",
		"3. 볶아낸 잔멸치랑 아몬드슬라이스를 모두 넣고 볶아주세요.",
		"4. 고소한 오징어버터구이 냄새가 진동을 하네욤.",
		"5. 다시 팬에 조림장 재료를 모두 넣고 센불에서 바르르 끓기 시작하면 중약불로 줄인 후",
		"6. 멸치랑 아몬드 볶은걸 넣고 중불에서 재빨리 섞어가며 볶아주세요.",
		"7. 조림장이 없어질때까지 볶아내면 바삭한 멸치볶음을 드실수가 있답니다. 불끄고 통깨나 검은깨 솔솔 뿌려내면 완성이에요."
	],
	"recipe_img": [
		"https://recipe1.ezmember.co.kr/cache/recipe/2015/06/08/e8d00cc0b781e100cc5766aef974f3331.jpg",
		"https://recipe1.ezmember.co.kr/cache/recipe/2015/06/08/77fedfdeda8e9174b73eee2d4f682b671.jpg",
		"https://recipe1.ezmember.co.kr/cache/recipe/2015/06/08/9bcc15845de6e4b2f8f86a231b9a94311.jpg",
		"https://recipe1.ezmember.co.kr/cache/recipe/2015/06/08/c4bfd985ad57975ea320e85b6d2f79a91.jpg",
		"https://recipe1.ezmember.co.kr/cache/recipe/2015/06/08/7019b2c484db4d5f3277c997bb6a5dfb1.jpg",
		"https://recipe1.ezmember.co.kr/cache/recipe/2015/06/08/b9c5c1fd8eb38a5b2ef93e7c2963a3ce1.jpg",
		"https://recipe1.ezmember.co.kr/cache/recipe/2015/06/08/d81e47f88e7e635fdf8eb0d71ea392401.jpg"
	],
	"tag": [
		"건어물류, 멸치볶음, 아몬드멸치볶음, 잔멸치볶음"
	]
}