{
	"id": "5725842",
	"name": "브리우니쿠키",
	"thumbnail": "https://recipe1.ezmember.co.kr/cache/recipe/2015/05/02/2712a6668da1dd44973210e635e4b5431.jpg",
	"url": "https://www.10000recipe.com/recipe/5725842",
	"ingredient_ids": [],
	"time": "120",
	"ingre_list": [],
	"sauce_list": [],
	"recipe": [
		"1. 먼저 필요한 재료들을 계량해주시는데요. 코코아반죽의 박력분과 코코아파우더, 소금은 함께 계량해서 미리 두어번 체 쳐 두시구요, 달걀은 풀어놓으세요. 버터는 실온에 꺼내놓으시는데요, 바쁘실 땐 전자렌지에 10초씩 사방을 돌려주시면 된답니다.전자레인지",
		"2. 실온의 버터를 부드럽게 풀어주신 후, 황설탕을 3번에 나누어 섞어주세요.",
		"3. 달걀 푼 것의 반을 넣어 섞어주세요. 그리고 바닐라 익스트렉도 넣어 섞어주세요.",
		"4. 여기에 체 쳐 놓은 가루를 넣고 #모양으로 섞어 반죽을 한 데 뭉쳐주세요.",
		"5. 플레인반죽도 같은 방법으로 하시면 된답니다 버터 휩하고 설탕 3번에 나누어 넣고 달걀 섞어 체쳐 놓은 박력분 넣어 #모양으로 섞어주세요.",
		"6. 한 데 뭉쳐진 반죽은 비닐랩에 싸서 냉장고에 1시간 이상 휴지시켜 주세요.",
		"7. 휴지가 끝난 반죽을 동그랗게 만들어주시는데요, 코코아반죽은 10g, 플레인반죽은 8g이 되게 만들어 주세요.",
		"8. 반죽이 다 동글려지면 플레인 반죽을 밀대로 밀어 납작하게 해 주시고 그 위에 코코아반죽을 올려 플레인반죽으로 감싸주세요. 그런다음 오무려진 부분이 바닥에 가게 놓고 손바닥으로 살짝 눌러주시면 된답니다.",
		"9. 다 만들어진 쿠키반죽은 유산지를 깐 팬에 올리고 덧팬대어 175도로 예열된 오븐에서 10분가량 구워주세요.오븐",
		"10. 다 구워진 쿠키를 식힘망에서 충분히 식혀주세요"
	],
	"recipe_img": [
		"https://recipe1.ezmember.co.kr/cache/recipe/2015/05/03/945e5d2ab444674cdc47f7412e4f32fc1.jpg",
		"https://recipe1.ezmember.co.kr/cache/recipe/2015/05/03/0be104956dd99afd85bbb34ef47fd7261.jpg",
		"https://recipe1.ezmember.co.kr/cache/recipe/2015/05/03/3da297bd4437ef86c2deb4321e7355f91.jpg",
		"https://recipe1.ezmember.co.kr/cache/recipe/2015/05/03/c85c96775b7d94e40eb26ea84a85cdf11.jpg",
		"https://recipe1.ezmember.co.kr/cache/recipe/2015/05/03/4c489252cb54cc00fdb1c974d5c06dcd1.jpg",
		"https://recipe1.ezmember.co.kr/cache/recipe/2015/05/03/085939fadbdca5663cd69c9cd245f1981.jpg",
		"https://recipe1.ezmember.co.kr/cache/recipe/2015/05/03/98a04f98b2789a24b585f0b28368192f1.jpg",
		"https://recipe1.ezmember.co.kr/cache/recipe/2015/05/03/1fe8cae2d492a968489ce90bd331b3441.jpg",
		"https://recipe1.ezmember.co.kr/cache/recipe/2015/05/03/e89effd7ad061afbdf3a720855cc85dc1.jpg",
		"https://recipe1.ezmember.co.kr/cache/recipe/2015/05/03/f4b907f7e34470928e8cb8ccdc5257c91.jpg"
	],
	"tag": [
		"간식, 굽기, 밀가루, 쿠키"
	]
}