{
	"id": "5730008",
	"name": "담백하고 시원한 홍합파스타만들기",
	"thumbnail": "https://recipe1.ezmember.co.kr/cache/recipe/2015/04/09/3d68fbf0e23d4009a8774283eb1c025f1.jpg",
	"url": "https://www.10000recipe.com/recipe/5730008",
	"ingredient_ids": [
		51812,
		10010,
		51700,
		10722,
		51779,
		51711
	],
	"time": "30",
	"ingre_list": [
		{
			"ingre_name": "파스타면",
			"ingre_count": "80",
			"ingre_unit": "g"
		},
		{
			"ingre_name": "홍합",
			"ingre_count": "2",
			"ingre_unit": "줌"
		},
		{
			"ingre_name": "깻잎",
			"ingre_count": "",
			"ingre_unit": "약간"
		},
		{
			"ingre_name": "마늘",
			"ingre_count": "5",
			"ingre_unit": "알"
		},
		{
			"ingre_name": "후추가루",
			"ingre_count": "",
			"ingre_unit": "약간"
		},
		{
			"ingre_name": "올리브오일",
			"ingre_count": "2",
			"ingre_unit": "T"
		}
	],
	"sauce_list": [],
	"recipe": [
		"1. 깻잎은 파슬리 대용으로 사용할꺼라 잘게 다져주었어요. 통마늘은 얇게 편 썰어 준비하구요.",
		"2. 홍합도 시원하게 한소끔 끓여두었네요. 물론 건홍합을 불려서 사용해도 좋지만 좀 더 뽀얗고 맑은 육수를 위해서는 이렇게 바글바글 끓여 사용해야한다지요. 뽀얗게 우러난 맑고 시원한 홍합육수 1과 1/2컵과 홍합을 까서 사용할꺼라지요.",
		"3. 아흣~ 홍합살 튼실하죠 +_+ 탱글탱글하고 말이죠. 난 홍합이 너무 좋더라~ 가격도 저렴한 것이 푸짐하고 맛까지 좋고... 영양도 풍부하니 말이죠.",
		"4. 스파게티면은 물이 끓기 시작하면 약 8분정도 삶아주세요. 이 때 소금도 약간 넣어 파스타면에 간을 해주는 게 좋아요.",
		"5. 팬에 올리브오일을 두르고 편썬 마늘을 넣어 튀겨내듯 볶아주세요.",
		"6. 마늘이 볶아지고 나면 홍합을 끓여낸 육수를 1과 1/2컵 넣어 준 후",
		"7. 삶아낸 파스타면을 넣고 살짝 볶아주세요.",
		"8. 홍합육수만으로도 간은 충분하지만 여기에 후추가루를 살짝 넣어 간을 충분히 더해주면 훨씬 맛있겠지요.",
		"9. 마지막으로 홍합도 넣어 달달 볶아줍니다.",
		"10. 아이들간식으로도 좋고..한끼 식사로 해결하기도 아주 좋은 홍합봉골레알리오올리오 파스타 완성이네요."
	],
	"recipe_img": [
		"https://recipe1.ezmember.co.kr/cache/recipe/2015/04/09/bd79bf1a20678f8d11af735962d842251.jpg",
		"https://recipe1.ezmember.co.kr/cache/recipe/2015/04/09/806eb99b9eab2b362baf8e732b800c591.jpg",
		"https://recipe1.ezmember.co.kr/cache/recipe/2015/04/09/5bf0d8a9ab5dafdf6fba7423f79cd7821.jpg",
		"https://recipe1.ezmember.co.kr/cache/recipe/2015/04/09/13e7b33f9241d18db8d7c131a2143dac1.jpg",
		"https://recipe1.ezmember.co.kr/cache/recipe/2015/04/09/bb73e2e2aef8c060d0ce5586e81376841.jpg",
		"https://recipe1.ezmember.co.kr/cache/recipe/2015/04/09/251e15f4aada5475a3a89a6496f9ddff1.jpg",
		"https://recipe1.ezmember.co.kr/cache/recipe/2015/04/09/dd7ae5ae74b5bad1c9970b2e521257151.jpg",
		"https://recipe1.ezmember.co.kr/cache/recipe/2015/04/09/169e4ba49e4bf9a7a458b8bc51b3c8461.jpg",
		"https://recipe1.ezmember.co.kr/cache/recipe/2015/04/09/863d8fdecd227cbce99a69d879d1d0491.jpg",
		"https://recipe1.ezmember.co.kr/cache/recipe/2015/04/09/7839e0645547c2d364cb7b1eb6e348051.jpg"
	],
	"tag": [
		"면+만두, 파스타, 해물류"
	]
}