{
	"id": "5745258",
	"name": "밀도감 있는 진한 크림치즈타르트 만들기",
	"thumbnail": "https://recipe1.ezmember.co.kr/cache/recipe/2015/04/10/55adb7b54dfed3536ad7dc1df37963e21.jpg",
	"url": "https://www.10000recipe.com/recipe/5745258",
	"ingredient_ids": [
		51687,
		51712,
		51710,
		10267,
		9456,
		10438
	],
	"time": "90",
	"ingre_list": [
		{
			"ingre_name": "박력분",
			"ingre_count": "150",
			"ingre_unit": "g"
		},
		{
			"ingre_name": "아몬드가루",
			"ingre_count": "20",
			"ingre_unit": "g"
		},
		{
			"ingre_name": "슈가파우더",
			"ingre_count": "25",
			"ingre_unit": "g"
		},
		{
			"ingre_name": "버터",
			"ingre_count": "80",
			"ingre_unit": "g"
		},
		{
			"ingre_name": "달걀",
			"ingre_count": "1",
			"ingre_unit": "개"
		},
		{
			"ingre_name": "소금",
			"ingre_count": "",
			"ingre_unit": "조금"
		}
	],
	"sauce_list": [],
	"recipe": [
		"1. 박력분, 아몬드가루, 슈가파우더는 체어내려준다. 버터넣고 가루가 되도록 손으로 가볍게 반죽 달걀을 넣고 한덩리가 되도록 반죽하고 냉장고에서 1시간 정도 휴지. 휴지한 반죽은 밀대로 얇게 밀어서 타르트팬 20cm에 올려서 펴고 포크로 구멍을 꼭 꼭 뚤어서 준비~",
		"2. 유산지 깔고 누름돌 대신 쌀을 올려서 타르트가 뜨지 않도록 170도에서 15분 구워주고 누름돌 제거 후 10분더 구워서 완성 ~",
		"3. 실온의 크림치즈를 거품기로 풀어주고 설탕, 달걀, 실온의 버터, 생크림순(액체상태) 넣어가면서 섞어준다. 타르트에 크림 필링 부어준 후 윗부분은 평편하게 해주고 170도에서 20~30분 구워주기. 냉장고에서 차게 식힌후 먹음 더 맛있어요~",
		"4. 이건 막 구워져 나온 알흠다운 크림치즈 타르트~~"
	],
	"recipe_img": [
		"https://recipe1.ezmember.co.kr/cache/recipe/2015/10/30/58a3744d02fd806b65718d228886c13e1.jpg",
		"https://recipe1.ezmember.co.kr/cache/recipe/2015/10/30/7ee6c283374258ce745b8cc313cd43d51.jpg",
		"https://recipe1.ezmember.co.kr/cache/recipe/2015/10/30/29e675d158e97129b28c4e15c86cbaab1.jpg",
		"https://recipe1.ezmember.co.kr/cache/recipe/2015/10/30/02407888ec942ec6dd2ab7780e3f4aab1.jpg"
	],
	"tag": [
		"타르트"
	]
}