{
	"id": "5749832",
	"name": "면역력을 높여주는 영양이 풍부한 브로콜리두부무침",
	"thumbnail": "https://recipe1.ezmember.co.kr/cache/recipe/2015/05/26/3a21ffd9c8977fd0bae7e83f6ff20d9f1.jpg",
	"url": "https://www.10000recipe.com/recipe/5749832",
	"ingredient_ids": [
		8548,
		8158
	],
	"time": "30",
	"ingre_list": [
		{
			"ingre_name": "브로콜리",
			"ingre_count": "1",
			"ingre_unit": "송이"
		},
		{
			"ingre_name": "두부",
			"ingre_count": "100",
			"ingre_unit": "g"
		}
	],
	"sauce_list": [
		{
			"ingre_name": "조선간장",
			"ingre_count": "1",
			"ingre_unit": "작은술"
		},
		{
			"ingre_name": "소금",
			"ingre_count": "",
			"ingre_unit": ""
		},
		{
			"ingre_name": "다진마늘",
			"ingre_count": "",
			"ingre_unit": ""
		},
		{
			"ingre_name": "다진파",
			"ingre_count": "",
			"ingre_unit": ""
		},
		{
			"ingre_name": "깨소금",
			"ingre_count": "",
			"ingre_unit": ""
		},
		{
			"ingre_name": "참기름",
			"ingre_count": "",
			"ingre_unit": ""
		}
	],
	"recipe": [
		"1. 브로콜리는 흐르는 물에 씻은 후 먹기 좋은 크기로 썰어주세요.",
		"2. 끓는 물에 소금을 조금 넣고 데친 후 찬물에 헹구어 물기를 빼주세요. 브로콜리를 삶을 때 소금을 조금 넣고 삶게 되면 색감도 곱고 비타민 C의 파괴를 줄일 수 있습니다.",
		"3. 두부도 끓는 물에 소금을 조금 넣고 데친 후 물기를 빼서 칼등을 이용해 으깨주세요.",
		"4. 브로콜리와 으깬 두부를 볼에 담고 조선간장, 소금, 깨소금, 다진 파, 다진 마늘, 참기름을 넣어 간이 골고루 배도록 조물조물 버무려주세요.",
		"5. 브로콜리두부무침을 접시에 담아냅니다."
	],
	"recipe_img": [
		"https://recipe1.ezmember.co.kr/cache/recipe/2015/05/26/318745effc1943a17a585430d9efbaf81.jpg",
		"https://recipe1.ezmember.co.kr/cache/recipe/2015/05/26/0ad286995e31f7cc8e275e718e5055231.jpg",
		"https://recipe1.ezmember.co.kr/cache/recipe/2015/05/26/7cb64a6166f071573c95db52590819d01.jpg",
		"https://recipe1.ezmember.co.kr/cache/recipe/2015/05/26/d314be2dcc3280551b88fc0e98c92f691.jpg",
		"https://recipe1.ezmember.co.kr/cache/recipe/2015/05/26/1ba228f375d90e380162fbf04921bcbd1.jpg"
	],
	"tag": [
		"두부, 무침, 브로콜리"
	]
}