{
	"id": "5771782",
	"name": "소세지 야채볶음",
	"thumbnail": "https://recipe1.ezmember.co.kr/cache/recipe/2015/06/01/2a3a39c8a57bfb75355333b407393bef1.jpg",
	"url": "https://www.10000recipe.com/recipe/5771782",
	"ingredient_ids": [
		51746,
		42888,
		8676,
		8855,
		8386,
		51684
	],
	"time": "30",
	"ingre_list": [
		{
			"ingre_name": "비엔나소세지",
			"ingre_count": "200",
			"ingre_unit": "g"
		},
		{
			"ingre_name": "양배추",
			"ingre_count": "",
			"ingre_unit": "약간"
		},
		{
			"ingre_name": "양파",
			"ingre_count": "1/4",
			"ingre_unit": "개"
		},
		{
			"ingre_name": "애호박",
			"ingre_count": "",
			"ingre_unit": "약간"
		},
		{
			"ingre_name": "당근",
			"ingre_count": "",
			"ingre_unit": "약간"
		},
		{
			"ingre_name": "식용유",
			"ingre_count": "",
			"ingre_unit": "약간"
		}
	],
	"sauce_list": [
		{
			"ingre_name": "고추장",
			"ingre_count": "1과1/2큰술",
			"ingre_unit": "과T"
		},
		{
			"ingre_name": "케찹",
			"ingre_count": "2와1/2큰술",
			"ingre_unit": "와T"
		},
		{
			"ingre_name": "다진마늘",
			"ingre_count": "1",
			"ingre_unit": "작은술"
		},
		{
			"ingre_name": "올리고당",
			"ingre_count": "1",
			"ingre_unit": "T"
		},
		{
			"ingre_name": "참기름",
			"ingre_count": "1",
			"ingre_unit": "작은술"
		},
		{
			"ingre_name": "깨",
			"ingre_count": "",
			"ingre_unit": ""
		}
	],
	"recipe": [
		"1. 애호박이랑 양파, 양배추, 그리고 당근까지 적당한 크기로 썰어주세요.",
		"2. 소세지야채볶음을 만들기 전에 볼비엔나는 끓는 물에 살짝 데쳐주세요.",
		"3. 분량의 양념도 섞어 준비해줍니다.",
		"4. 양배추를 제외한 나머지 채소들을 넣은 후 기름을 두르고 달달 볶아주세요.",
		"5. 호박만 어느정도 익고나면 다른 채소들은 생으로도 먹어도 좋으니 분량의 소스를 넣어 한소끔 바글바글 끓여줍니다.",
		"6. 소스가 끓고나면 양배추와 비엔나소세지를 넣어 중약불에서 볶아주세요."
	],
	"recipe_img": [
		"https://recipe1.ezmember.co.kr/cache/recipe/2015/06/01/500dde40d03ef41d6f2e92cd3aa11aa81.jpg",
		"https://recipe1.ezmember.co.kr/cache/recipe/2015/06/01/87228ac84e1e4f520ec33f97376b99771.jpg",
		"https://recipe1.ezmember.co.kr/cache/recipe/2015/06/01/418ba7c62eddf0ae07877297106544241.jpg",
		"https://recipe1.ezmember.co.kr/cache/recipe/2015/06/01/ed937025935100cd098afed29e9dfa1e1.jpg",
		"https://recipe1.ezmember.co.kr/cache/recipe/2015/06/01/112789f68c3ce566eb687451d3010f611.jpg",
		"https://recipe1.ezmember.co.kr/cache/recipe/2015/06/01/c05bc6f03df17c0a1c05da48811c16921.jpg"
	],
	"tag": [
		"가공식품류, 밑반찬, 소세지야채볶음"
	]
}