{
	"id": "5773859",
	"name": "삼겹살과 찰떡궁합~~ 부추무침 만들기",
	"thumbnail": "https://recipe1.ezmember.co.kr/cache/recipe/2015/04/09/915d3b60a28fcd11b6f24c04507ffcb11.jpg",
	"url": "https://www.10000recipe.com/recipe/5773859",
	"ingredient_ids": [
		8544,
		8676
	],
	"time": "15",
	"ingre_list": [
		{
			"ingre_name": "부추",
			"ingre_count": "1/2",
			"ingre_unit": "단"
		},
		{
			"ingre_name": "양파",
			"ingre_count": "1",
			"ingre_unit": "개"
		}
	],
	"sauce_list": [
		{
			"ingre_name": "간장장",
			"ingre_count": "2",
			"ingre_unit": "T"
		},
		{
			"ingre_name": "까나리액젓",
			"ingre_count": "1",
			"ingre_unit": "T"
		},
		{
			"ingre_name": "매실청",
			"ingre_count": "3",
			"ingre_unit": "T"
		},
		{
			"ingre_name": "식초",
			"ingre_count": "3",
			"ingre_unit": "T"
		},
		{
			"ingre_name": "다진마늘",
			"ingre_count": "1",
			"ingre_unit": "T"
		},
		{
			"ingre_name": "깨소금",
			"ingre_count": "1",
			"ingre_unit": "T"
		},
		{
			"ingre_name": "참기름",
			"ingre_count": "1",
			"ingre_unit": "T"
		},
		{
			"ingre_name": "고추가루",
			"ingre_count": "2",
			"ingre_unit": "T"
		}
	],
	"recipe": [
		"1. 부추는 5Cm정도 크기로 썰고 양파는 채썰어 준비해 주세요~",
		"2. 위의 양념장 분량대로 양념장을 만들어 주세요~",
		"3. 양념장에 부추와 양파를 넣고 잘 버무려주면 됩니다. ^^",
		"4. 완성된 부추무침이에요~",
		"5. 위에 깨소금 조금 더 뿌려주고~~ 상위에 내면 됩니다. ^^"
	],
	"recipe_img": [
		"https://recipe1.ezmember.co.kr/cache/recipe/2015/04/09/dd33f802c87c13671ad15c7f119bcafd1.jpg",
		"https://recipe1.ezmember.co.kr/cache/recipe/2015/04/09/4e8ae29d0fe8ae253e2bc657e7e157cf1.jpg",
		"https://recipe1.ezmember.co.kr/cache/recipe/2015/04/09/c19b4728c228fdf232689b26bfc82e391.jpg",
		"https://recipe1.ezmember.co.kr/cache/recipe/2015/04/09/5325f2d17161ccc0c891896b0fc6307a1.jpg",
		"https://recipe1.ezmember.co.kr/cache/recipe/2015/04/09/6a7a637865cef4df4964f41cc874815e1.jpg"
	],
	"tag": [
		"무침, 부추무침, 삼겹살"
	]
}