{
	"id": "5773681",
	"name": "감자조림 만들기",
	"thumbnail": "https://recipe1.ezmember.co.kr/cache/recipe/2015/06/09/d473e35e0563c9b60a53c6f4d6ea0b811.jpg",
	"url": "https://www.10000recipe.com/recipe/5773681",
	"ingredient_ids": [
		7997,
		8386,
		8676,
		8316
	],
	"time": "30",
	"ingre_list": [
		{
			"ingre_name": "감자",
			"ingre_count": "3",
			"ingre_unit": "개"
		},
		{
			"ingre_name": "당근",
			"ingre_count": "1/2",
			"ingre_unit": "개"
		},
		{
			"ingre_name": "양파",
			"ingre_count": "1/2",
			"ingre_unit": "개"
		},
		{
			"ingre_name": "청양고추",
			"ingre_count": "3",
			"ingre_unit": "개"
		}
	],
	"sauce_list": [
		{
			"ingre_name": "시판불고기양념소스",
			"ingre_count": "",
			"ingre_unit": ""
		}
	],
	"recipe": [
		"1. 준비된 재료는 먹기 좋은 크기로 썰어두고",
		"2. 냄비에 준비된 재료를 담고 시판용 불고기 소스 넣어주시면 되요",
		"3. 재료를 소스에 잘 버무려주고 생수를 조금부어준다음 불을 세게하고 감자가 끓기시작하면 중불로 줄이고 다시 약불로 줄여 은근히 졸여주어요",
		"4. 감자가 익어가면서 양념소스가 졸아들기 시작하면 나머지 준비된 야채를 넣어주어요",
		"5. 깨 뿌려 주면 완성"
	],
	"recipe_img": [
		"https://recipe1.ezmember.co.kr/cache/recipe/2015/06/13/df9826959a316dcaee719aa26df5663f1.jpg",
		"https://recipe1.ezmember.co.kr/cache/recipe/2015/06/13/936726ad7781f23cf53926754319ad431.jpg",
		"https://recipe1.ezmember.co.kr/cache/recipe/2015/06/13/523bce2dc8157e5532d6fc538f0239451.jpg",
		"https://recipe1.ezmember.co.kr/cache/recipe/2015/06/13/d8ac9d742e7d94b5c24695be878c17571.jpg",
		"https://recipe1.ezmember.co.kr/cache/recipe/2015/06/13/55f33f314e0dd87f1fac4dfaf39c76c21.jpg"
	],
	"tag": [
		"감자, 감자조림, 조림"
	]
}