{
	"id": "5792579",
	"name": "바쁜 아침에 후루룩 두부조림",
	"thumbnail": "https://recipe1.ezmember.co.kr/cache/recipe/2015/04/10/83d0a3e6d3708d4057c25d09964072f01.jpg",
	"url": "https://www.10000recipe.com/recipe/5792579",
	"ingredient_ids": [
		8158,
		8676,
		51764,
		8316,
		8824
	],
	"time": "30",
	"ingre_list": [
		{
			"ingre_name": "두부",
			"ingre_count": "1",
			"ingre_unit": "모"
		},
		{
			"ingre_name": "양파",
			"ingre_count": "1/2",
			"ingre_unit": "개"
		},
		{
			"ingre_name": "멸치육수",
			"ingre_count": "250",
			"ingre_unit": "ml"
		},
		{
			"ingre_name": "청양고추",
			"ingre_count": "1",
			"ingre_unit": "개"
		},
		{
			"ingre_name": "대파",
			"ingre_count": "",
			"ingre_unit": "약간"
		}
	],
	"sauce_list": [
		{
			"ingre_name": "다진마늘",
			"ingre_count": "1",
			"ingre_unit": "T"
		},
		{
			"ingre_name": "고추가루1+1/2숟갈",
			"ingre_count": "1+1/2",
			"ingre_unit": "T"
		},
		{
			"ingre_name": "국간장",
			"ingre_count": "1",
			"ingre_unit": "T"
		},
		{
			"ingre_name": "매실청",
			"ingre_count": "1",
			"ingre_unit": "T"
		},
		{
			"ingre_name": "생강술",
			"ingre_count": "1",
			"ingre_unit": "T"
		},
		{
			"ingre_name": "고추장1+1/2숟갈",
			"ingre_count": "1+1/2",
			"ingre_unit": "T"
		},
		{
			"ingre_name": "소금",
			"ingre_count": "",
			"ingre_unit": "약간"
		},
		{
			"ingre_name": "후추",
			"ingre_count": "",
			"ingre_unit": "약간"
		}
	],
	"recipe": [
		"1. 먼저 두부조림에 들어갈 양념장 재료를 모두 넣고 매콤한 양념장을 만들어두세요~ ",
		"2. 뚝배기를 준비한후 뚝배기 바닥에 채썬 양파를 절반정도 올려준후 양념장을 살짝 덜어내어 양파위에 발라줍니다~~",
		"3. 그위에 두부를 도톰하게 썰어 절반정도 가지런히 올려준후 두부 위에도 양념장을 넉넉하게 올려줍니다~",
		"4. 다시 남은 양파를 가지런히 올리고.. 남은 두부도 마저 올려준후 남은 양념장을 두부위에 모두 올려줍니다~~",
		"5. 멸치육수를 부어준후 끓기 시작하면 중약불로 줄인후 숟가락으로 국물을 두부위에 끼얹어가며 조려주세요~",
		"6. 모자라는 간은 소금으로 살짝 맞춰준후 마지막에 송송 썬 대파와 청양고추를 넣고 한소끔만 더 끓여내면 완성입니다~~"
	],
	"recipe_img": [
		"https://recipe1.ezmember.co.kr/cache/recipe/2015/10/30/4c21118f1b2f81108000e0cfcabd38961.jpg",
		"https://recipe1.ezmember.co.kr/cache/recipe/2015/10/30/8389e5b9cc081f82ec79f526d29a16991.jpg",
		"https://recipe1.ezmember.co.kr/cache/recipe/2015/10/30/f44f36c05e141013a00d6a7f0ffbf5701.jpg",
		"https://recipe1.ezmember.co.kr/cache/recipe/2015/10/30/f2db59186bee2a8c89678f5d0458e7661.jpg",
		"https://recipe1.ezmember.co.kr/cache/recipe/2015/10/30/c40f428e030708b0d2cc541de165c7d91.jpg",
		"https://recipe1.ezmember.co.kr/cache/recipe/2015/10/30/6ddf76b2faf483a30664e9027e2950961.jpg"
	],
	"tag": [
		"두부, 두부조림, 밑반찬, 조림, 콩+견과류"
	]
}