{
	"id": "5818416",
	"name": "영원한 국민반찬 어묵볶음만들기",
	"thumbnail": "https://recipe1.ezmember.co.kr/cache/recipe/2015/03/25/4d10f5da30a66907ccc81e854ad37b821.jpg",
	"url": "https://www.10000recipe.com/recipe/5818416",
	"ingredient_ids": [
		51727,
		8676,
		8824,
		51820,
		51684
	],
	"time": "15",
	"ingre_list": [
		{
			"ingre_name": "사각어묵",
			"ingre_count": "2",
			"ingre_unit": "장"
		},
		{
			"ingre_name": "양파",
			"ingre_count": "1/2",
			"ingre_unit": "개"
		},
		{
			"ingre_name": "대파",
			"ingre_count": "1/2",
			"ingre_unit": "대"
		},
		{
			"ingre_name": "꽈리고추",
			"ingre_count": "5",
			"ingre_unit": "개"
		},
		{
			"ingre_name": "식용유",
			"ingre_count": "1",
			"ingre_unit": "T"
		}
	],
	"sauce_list": [
		{
			"ingre_name": "고추가루",
			"ingre_count": "1/2",
			"ingre_unit": "T"
		},
		{
			"ingre_name": "다진마늘",
			"ingre_count": "1/2",
			"ingre_unit": "작은술"
		},
		{
			"ingre_name": "참기름",
			"ingre_count": "1",
			"ingre_unit": "T"
		},
		{
			"ingre_name": "올리고당",
			"ingre_count": "1/2",
			"ingre_unit": "T"
		},
		{
			"ingre_name": "간장",
			"ingre_count": "1/2",
			"ingre_unit": "T"
		},
		{
			"ingre_name": "물",
			"ingre_count": "1",
			"ingre_unit": "T"
		},
		{
			"ingre_name": "매실액",
			"ingre_count": "",
			"ingre_unit": "약간"
		},
		{
			"ingre_name": "깨",
			"ingre_count": "",
			"ingre_unit": "약간"
		}
	],
	"recipe": [
		"1. 꽈리고추는 송송~ 어묵은 먹기 좋은 크기로 썰어준 후 양파는 너무 얇지 않게 채썰어 줍니다.대파는 어슷썰어 준비하구요.",
		"2. 분량대로 양념장도 미리 만들어둡니다.양념을 하나하나 볶는 과정에서 넣다보면 재료들과 양념이 쉽게 타버릴 수 있으니미리 만들어 한번에 넣고 볶아주어야 한답니다.",
		"3. 팬에 기름을 두른 후 중불에서 어묵과 양파, 꽈리고추를 넣어 달달 볶아줍니다.",
		"4. 양파가 너무 익지 않도록~ 살짝 투명한 느낌이 들기 시작하면분량의 양념장을 넣어",
		"5. 중약불로 조절한 후 양념이 타지 않도록 버무리듯 볶아주세요.",
		"6. 그릇에 담아 깨를 솔솔~ 부려 고소함을 더해주었어요^^장조림에 넣으려고 구입한 꽈리고추인데요.장조림 만들기전에 몇개 빼두었다가 어묵볶음에 넣었답니다.."
	],
	"recipe_img": [
		"https://recipe1.ezmember.co.kr/cache/recipe/2015/03/25/2e7a654ea0b64a8a7bee62b6a9451a651.jpg",
		"https://recipe1.ezmember.co.kr/cache/recipe/2015/03/25/e81ecd06b9558d32c60e478e0318b5241.jpg",
		"https://recipe1.ezmember.co.kr/cache/recipe/2015/03/25/dd17be9f29a218c35aa047e32115afd51.jpg",
		"https://recipe1.ezmember.co.kr/cache/recipe/2015/03/25/89737ca415884bf1ff4c6881bb0abba71.jpg",
		"https://recipe1.ezmember.co.kr/cache/recipe/2015/03/25/75cd493efd3440d6f2d2c2b6b711c1391.jpg",
		"https://recipe1.ezmember.co.kr/cache/recipe/2015/03/25/f18b9db6c084f25ad05b48ae89d23dea1.jpg"
	],
	"tag": [
		"가공식품류, 밑반찬, 볶음, 어묵볶음"
	]
}