{
	"id": "5868531",
	"name": "냄비 두부조림 만들기",
	"thumbnail": "https://recipe1.ezmember.co.kr/cache/recipe/2015/06/08/0ba64a30175bdd19ef53c52408e3e1dd.jpg",
	"url": "https://www.10000recipe.com/recipe/5868531",
	"ingredient_ids": [
		8158,
		8676
	],
	"time": "30",
	"ingre_list": [
		{
			"ingre_name": "두부",
			"ingre_count": "1",
			"ingre_unit": "모"
		},
		{
			"ingre_name": "양파",
			"ingre_count": "1/2",
			"ingre_unit": "개"
		}
	],
	"sauce_list": [
		{
			"ingre_name": "간장",
			"ingre_count": "2.",
			"ingre_unit": "숟가락"
		},
		{
			"ingre_name": "다진마늘",
			"ingre_count": "0.",
			"ingre_unit": "숟가락"
		},
		{
			"ingre_name": "다진파",
			"ingre_count": "0.",
			"ingre_unit": "숟가락"
		},
		{
			"ingre_name": "설탕",
			"ingre_count": "0.",
			"ingre_unit": "숟가락"
		},
		{
			"ingre_name": "고춧가루",
			"ingre_count": "1",
			"ingre_unit": "숟가락"
		},
		{
			"ingre_name": "멸치육수",
			"ingre_count": "1",
			"ingre_unit": "컵"
		}
	],
	"recipe": [
		"1. 양파를 채 썰어서 냄비 바닥에 깔고그 위에 두부를 올려요.",
		"2. 분량의 간장, 다진마늘, 파, 설탕, 고추가루 넣어 양념장 만든 다음두부 사이사이에 골고루 양념장을 올려주고~멸치육수 1컵 넣고 중간불에서 끓이다가 보글보글 끓어오르면 약한불로 줄여양념이 잘 베어 들게 조리면 완성~",
		"3. 일부러 국물 넉넉하게 했는데 맛나더라구요~양파에서 단맛이 나와서 국물이 칼칼하면서 달큰해요~ 밥 비벼 먹기에도 좋아요."
	],
	"recipe_img": [
		"https://recipe1.ezmember.co.kr/cache/recipe/2015/06/19/d922b95fef91b999f2e3e3a5091b94431.jpg",
		"https://recipe1.ezmember.co.kr/cache/recipe/2015/06/19/8dfb0642839cb35af0f181679e6b6d3d1.jpg",
		"https://recipe1.ezmember.co.kr/cache/recipe/2015/06/19/4990798ce6918c770d27eb3510b91d841.jpg"
	],
	"tag": [
		"두부, 두부조림, 조림, 콩+견과류"
	]
}