{
	"id": "5876978",
	"name": "카레볶음밥 간편하게 만들기",
	"thumbnail": "https://recipe1.ezmember.co.kr/cache/recipe/2015/06/19/a658c7c32ca5983d8586249a2987a4da.jpg",
	"url": "https://www.10000recipe.com/recipe/5876978",
	"ingredient_ids": [
		51685,
		7997,
		8386,
		8676,
		15272,
		9456,
		51757
	],
	"time": "30",
	"ingre_list": [
		{
			"ingre_name": "밥",
			"ingre_count": "2",
			"ingre_unit": "공기"
		},
		{
			"ingre_name": "감자",
			"ingre_count": "1",
			"ingre_unit": "개"
		},
		{
			"ingre_name": "당근",
			"ingre_count": "",
			"ingre_unit": "약간"
		},
		{
			"ingre_name": "양파",
			"ingre_count": "1/2",
			"ingre_unit": "개"
		},
		{
			"ingre_name": "햄",
			"ingre_count": "60",
			"ingre_unit": "g"
		},
		{
			"ingre_name": "달걀",
			"ingre_count": "1",
			"ingre_unit": "개"
		},
		{
			"ingre_name": "오일",
			"ingre_count": "",
			"ingre_unit": "적당량"
		}
	],
	"sauce_list": [
		{
			"ingre_name": "다진마늘",
			"ingre_count": "1",
			"ingre_unit": "T"
		},
		{
			"ingre_name": "카레가루",
			"ingre_count": "2",
			"ingre_unit": "T"
		},
		{
			"ingre_name": "소금",
			"ingre_count": "",
			"ingre_unit": "약간"
		},
		{
			"ingre_name": "후추",
			"ingre_count": "",
			"ingre_unit": "약간"
		}
	],
	"recipe": [
		"1. 감자는 작게 깍뚝썰어 찬물에 잠시 담구어 전분기를 제거해주었어요.",
		"2. 햄, 당근, 양파도 역시 작게 썰어 준비했습니다.",
		"3. 달군팬에 오일을 약간 둘러주고 다진마늘을 먼저 넣고 볶아 향긋한 마늘향을 내어줍니다.",
		"4. 단단한 채소부터 넣고 볶아주세요.",
		"5. 감자가 얼추 익어가면 당근과 햄을 넣고 볶아주세요.",
		"6. 마지막에 양파를 넣고 볶아줍니다.",
		"7. 밥을 넣고 채소와 밥이 잘 어우러지도록 볶아줍니다.",
		"8. 채소가 밥에 착 달라붙어 볶음밥이 완성되면 달걀을 풀어준 후 밥위에 뿌려 달걀과 밥이 잘 붙도록 볶아줍니다.",
		"9. 마지막에 카레가루를 넣고 잘 섞이도록 볶아주다가.. 간은 소금과 후추로 맞춰주세요.",
		"10. 노란색의 카레볶음밥 만들기가 완성되었습니다."
	],
	"recipe_img": [
		"https://recipe1.ezmember.co.kr/cache/recipe/2015/06/19/e9cd5740b0a62ea0b40d35adee0da6511.jpg",
		"https://recipe1.ezmember.co.kr/cache/recipe/2015/06/19/555ee335a5dbb0772f3b68c4db0f60271.jpg",
		"https://recipe1.ezmember.co.kr/cache/recipe/2015/06/19/7aaffd5d5db9364d0cd4b4d97c2c4f3b1.jpg",
		"https://recipe1.ezmember.co.kr/cache/recipe/2015/06/19/766bbc76a04ed66e22ef8fa37570bddd1.jpg",
		"https://recipe1.ezmember.co.kr/cache/recipe/2015/06/19/7a4116f0df03f403d37441fdcf1b241d1.jpg",
		"https://recipe1.ezmember.co.kr/cache/recipe/2015/06/19/a4a56eb9e1e6dca0b2b9ca01aa45dc181.jpg",
		"https://recipe1.ezmember.co.kr/cache/recipe/2015/06/19/9c0f9743ca0f69813a0d298131e515ee1.jpg",
		"https://recipe1.ezmember.co.kr/cache/recipe/2015/06/19/143ea39d4b403d01332b35d8503ed5101.jpg",
		"https://recipe1.ezmember.co.kr/cache/recipe/2015/06/19/b1931e1b72f943f774d0bb6caed67ced1.jpg",
		"https://recipe1.ezmember.co.kr/cache/recipe/2015/06/19/e4210500649662c352315e13ddc711041.jpg"
	],
	"tag": [
		"밥+죽+떡, 밥, 볶음밥, 쌀, 카레, 커리"
	]
}