{
	"id": "5879909",
	"name": "레몬 파운드 케이크",
	"thumbnail": "https://recipe1.ezmember.co.kr/cache/recipe/2015/06/05/1ae0fb33e327f491a7173f5679eb69831.jpg",
	"url": "https://www.10000recipe.com/recipe/5879909",
	"ingredient_ids": [
		51687,
		51699,
		10267,
		8084,
		9457,
		8977
	],
	"time": "60",
	"ingre_list": [
		{
			"ingre_name": "박력분",
			"ingre_count": "100",
			"ingre_unit": "g"
		},
		{
			"ingre_name": "베이킹파우더",
			"ingre_count": "1",
			"ingre_unit": "작은술"
		},
		{
			"ingre_name": "버터",
			"ingre_count": "100",
			"ingre_unit": "g"
		},
		{
			"ingre_name": "설탕",
			"ingre_count": "100",
			"ingre_unit": "g"
		},
		{
			"ingre_name": "계란",
			"ingre_count": "2",
			"ingre_unit": "개"
		},
		{
			"ingre_name": "레몬",
			"ingre_count": "1",
			"ingre_unit": "개"
		}
	],
	"sauce_list": [],
	"recipe": [
		"1. 레몬 파운드 케이크에는 레몬껍질도 사용하기 때문에, 레몬을 깨끗이 씻어 주어야 하는데요.",
		"2. 레몬은 주방세제를 이용하여 1차적으로 한번 씻은 후 팔팔 끓는물에 2분정도 담궈 2차적으로 소독을 해주세요. 굵은소금을 뿌려 문질러 3차 세척.. 베이킹소다를 뿌려 4차 세척을 해주었습니다~~",
		"3. 깔끔하게 씻은 레몬은 강판에 레몬 껍질부분만 돌려가며 살살 문질러 갈아주고 껍질을 갈고 남은 레몬은 반으로 잘라 양손으로 꾹꾹 눌러 레몬즙을 받아내어 줍니다~",
		"4. 이제 본격적으로 파운드케이크 만들기 해볼까요...  먼저 볼에 실온의 말랑 버터를 넣고 풀어준 후 분량의 설탕을 2회에 나누어 넣고 섞어줍니다~~",
		"5. 달걀도 넣고 섞어주세요. 갈아놓은 레몬껍질과 레몬즙을 모두 넣고 잘 섞어줍니다.",
		"6. 체에 내려둔 가루류 (박력분, 베이킹파우더)를 넣고 주걱으로 재빨리 자르듯이 세워서 반죽을 해주세요~~  반죽을 너무 힘줘서 오래 섞으면 파운드케이크가 보슬보슬 거리지 않고 떡지니 조심하세요.",
		"7. 완성된 레몬 파운드 케이크 반죽이에요.",
		"8. 파운드 케이크틀에 반죽을 8부정도 담아준 후..",
		"9. 예열한 180도 오븐에서 30분정도 구워주세요. 반죽의 양에 따라 시간은 가감해주셔야 하구여.. 꼬지 테스트해서 반죽이 묻어나지 않으면 완성입니다오븐"
	],
	"recipe_img": [
		"https://recipe1.ezmember.co.kr/cache/recipe/2015/06/08/6bab35e6f973cf1e692d9cbcb6752c4d1.jpg",
		"https://recipe1.ezmember.co.kr/cache/recipe/2015/06/08/c2964a9fedbc2df3b7b294161042585f1.jpg",
		"https://recipe1.ezmember.co.kr/cache/recipe/2015/06/08/5ac3a4572f7ce7bc87e739ec37668d961.jpg",
		"https://recipe1.ezmember.co.kr/cache/recipe/2015/06/08/42437c6716d33be75364c16977a9b1a81.jpg",
		"https://recipe1.ezmember.co.kr/cache/recipe/2015/06/08/cfdb1450701582c1a35feb8db4e9163b1.jpg",
		"https://recipe1.ezmember.co.kr/cache/recipe/2015/06/08/693d98d0352a90198d98bc3355490be61.jpg",
		"https://recipe1.ezmember.co.kr/cache/recipe/2015/06/08/1b627223105b7227e4e39bb5dd083dd91.jpg",
		"https://recipe1.ezmember.co.kr/cache/recipe/2015/06/08/a1ce1219cbb0f0641a534ea5f577c8cc1.jpg",
		"https://recipe1.ezmember.co.kr/cache/recipe/2015/06/08/e6f8bcaeeb7ed34d516f027d08b62fb21.jpg"
	],
	"tag": [
		"간식, 밀가루, 케이크, 파운드케이크"
	]
}