{
	"id": "5891844",
	"name": "제육볶음 황금레시피",
	"thumbnail": "https://recipe1.ezmember.co.kr/cache/recipe/2015/03/26/ab65b50e408b4dd1e342cc0cb4db7d171.jpg",
	"url": "https://www.10000recipe.com/recipe/5891844",
	"ingredient_ids": [
		51789,
		51682,
		10392,
		10493,
		42888,
		8824,
		8316,
		10404
	],
	"time": "60",
	"ingre_list": [
		{
			"ingre_name": "돼지고기앞다리살",
			"ingre_count": "600",
			"ingre_unit": "g"
		},
		{
			"ingre_name": "다진마늘",
			"ingre_count": "0.",
			"ingre_unit": "T"
		},
		{
			"ingre_name": "간장",
			"ingre_count": "2",
			"ingre_unit": "T"
		},
		{
			"ingre_name": "후추",
			"ingre_count": "",
			"ingre_unit": "약간"
		},
		{
			"ingre_name": "양배추",
			"ingre_count": "1",
			"ingre_unit": "줌"
		},
		{
			"ingre_name": "대파",
			"ingre_count": "1",
			"ingre_unit": "줌"
		},
		{
			"ingre_name": "청양고추",
			"ingre_count": "",
			"ingre_unit": "약간"
		},
		{
			"ingre_name": "고춧가루",
			"ingre_count": "1",
			"ingre_unit": "T"
		}
	],
	"sauce_list": [
		{
			"ingre_name": "간장",
			"ingre_count": "3",
			"ingre_unit": "T"
		},
		{
			"ingre_name": "일반고춧가루",
			"ingre_count": "2",
			"ingre_unit": "T"
		},
		{
			"ingre_name": "청양고춧가루",
			"ingre_count": "2",
			"ingre_unit": "T"
		},
		{
			"ingre_name": "양파",
			"ingre_count": "2",
			"ingre_unit": "T"
		},
		{
			"ingre_name": "다진마늘",
			"ingre_count": "1",
			"ingre_unit": "T"
		},
		{
			"ingre_name": "물엿",
			"ingre_count": "5",
			"ingre_unit": "T"
		},
		{
			"ingre_name": "소주",
			"ingre_count": "1",
			"ingre_unit": "T"
		},
		{
			"ingre_name": "후추",
			"ingre_count": "",
			"ingre_unit": "약간"
		}
	],
	"recipe": [
		"1. 황금레시피 제육볶음은 고추장양념을 미리 하는 것이 아니고 먼저 밑간을 해요.간장, 다진마늘,후추로 밑간을 합니다. 이렇게 밑간해서 30분간 재워 놓습니다.",
		"2. 양념에는 고추장이 들어가지 않구요. 고추가루를 넣어 만들어서 칼칼하고 텁텁한 맛이 없어요. 일반고춧가루와 청양고추가루를 섞어 사용했던데 저는 집에 있는 일반 고춧가루로 사용했어요.  제육볶음에 들어가는 채소는 양배추와 대파, 청양고추인데요.청양고추는 없어서 생략했습니다.",
		"3. 달구어진 궁중팬에서 중간불로 밑간 한 돼지고기를 먼저 볶아요.팬은 꼭 궁중팬을 사용해야 더 맛있다고 하네요~ㅎㅎ  겉표면이 익었을때쯤 센불로 올리고 양념장을 넣고 볶아요.그런 다음 양배추와 대파를 넣고 골고루 섞어가며 볶아줍니다. 마지막에 고추가루 1스푼을 넣어 볶아 마무리 합니다.",
		"4. 완성된 제육볶음이에요.많이 매워 보이죠~~ 진짜 많이 맵더라구요~~ㅋㅋ"
	],
	"recipe_img": [
		"https://recipe1.ezmember.co.kr/cache/recipe/2015/03/26/fb8f5203ed869288bedac4f693ad98611.jpg",
		"https://recipe1.ezmember.co.kr/cache/recipe/2015/03/26/7710ebf07a055d3d262af953b0e745e11.jpg",
		"https://recipe1.ezmember.co.kr/cache/recipe/2015/03/26/a4fec6a9875ee6657fd51b7d692e8d581.jpg",
		"https://recipe1.ezmember.co.kr/cache/recipe/2015/03/26/08b2045ba915ad8d3d6d88d72ad8f6661.jpg"
	],
	"tag": [
		"돼지고기, 제육볶음"
	]
}