{
	"id": "5897169",
	"name": "아삭한 숙주나물 두부 잡채",
	"thumbnail": "https://recipe1.ezmember.co.kr/cache/recipe/2015/03/25/a9401370603359fc25bf842ca42b35951.jpg",
	"url": "https://www.10000recipe.com/recipe/5897169",
	"ingredient_ids": [
		8158,
		51715,
		8827,
		10722,
		10257
	],
	"time": "30",
	"ingre_list": [
		{
			"ingre_name": "두부",
			"ingre_count": "1",
			"ingre_unit": "모"
		},
		{
			"ingre_name": "숙주",
			"ingre_count": "1",
			"ingre_unit": "봉"
		},
		{
			"ingre_name": "파프리카",
			"ingre_count": "1",
			"ingre_unit": "개"
		},
		{
			"ingre_name": "마늘",
			"ingre_count": "1",
			"ingre_unit": "숟가락"
		},
		{
			"ingre_name": "고추기름",
			"ingre_count": "1",
			"ingre_unit": "숟가락"
		}
	],
	"sauce_list": [
		{
			"ingre_name": "굴소스",
			"ingre_count": "1",
			"ingre_unit": "숟가락"
		},
		{
			"ingre_name": "간장",
			"ingre_count": "2",
			"ingre_unit": "숟가락"
		},
		{
			"ingre_name": "매실원액",
			"ingre_count": "1",
			"ingre_unit": "숟가락"
		},
		{
			"ingre_name": "아몬드",
			"ingre_count": "1",
			"ingre_unit": "숟가락"
		},
		{
			"ingre_name": "마늘",
			"ingre_count": "1",
			"ingre_unit": "숟가락"
		}
	],
	"recipe": [
		"1. 두부는 길게 자른후에 종이타올을 이용해서 수분을 제거해주고소금을 살짝 뿌려서 간을 해주었어요. 그리고 펜에 노릇하게 구워주었답니다.노릇하게 구워야 두부가 부서지지 않아요.  숙주는 깨끗하게 씻어주고 피망은 채썰어 준비해 주었답니다.",
		"2. 펜에 고추기름을 넣고 마늘을 넣어서 향을 내주었어요. 고추기름에 먼저 요렇게 볶아서 사용하니 향이 나서 너무 좋더라구요.  그래서 요즘 고추기름을 자주 이용한답니다.",
		"3. 피망을 먼저 볶아주었어요.",
		"4. 숙주를 넣고 양념장을 넣고 센불에서 빠르게 볶아주었답니다. 두부는 제일 마지막에 넣으시면 되요.  숙주와 피망이 숨이 죽을때까지만 살짝 볶아주시면 되요.  양념장은 반만 넣어주세요.",
		"5. 마지막에 두부와 남은 양념장을 넣고 볶고",
		"6. 고소함과 씹는맛을 좋게 하기 위해서 아몬드는 갈아서 넣어주었어요.",
		"7. 고추기름에 달달달 볶은 숙주버섯잡채 왠만한 중식 요리 안부럽더라구요.  두부가 들어가서 담백하고 살짝 매콤하니 그리고 씹는맛은 최고~~!!요즘 숙주의 매력에 푹 빠져있답니다."
	],
	"recipe_img": [
		"https://recipe1.ezmember.co.kr/cache/recipe/2015/03/25/5307e39f3e0f230ba68a175194504f251.jpg",
		"https://recipe1.ezmember.co.kr/cache/recipe/2015/03/25/251fc0345276b7f2214a2bad6cbacf061.jpg",
		"https://recipe1.ezmember.co.kr/cache/recipe/2015/03/25/0f98884734aecb9e4903d8a12366a34b1.jpg",
		"https://recipe1.ezmember.co.kr/cache/recipe/2015/03/25/1e291d2483fc3ebe9e37936767c6d14b1.jpg",
		"https://recipe1.ezmember.co.kr/cache/recipe/2015/03/25/c4f192d5325413f118a989e69c2d1f2e1.jpg",
		"https://recipe1.ezmember.co.kr/cache/recipe/2015/03/25/189627699208ed0d0bc7b9ab7c5e7a111.jpg",
		"https://recipe1.ezmember.co.kr/cache/recipe/2015/03/25/ad65d36deaa69e1be24e891bcb1d2f511.jpg"
	],
	"tag": [
		"나물, 두부, 손님접대, 잡채"
	]
}