{
	"id": "5935145",
	"name": "얼갈이된장무침",
	"thumbnail": "https://recipe1.ezmember.co.kr/cache/recipe/2015/06/01/27487eecd23cdc87159138a2c3c3e2fb1.jpg",
	"url": "https://www.10000recipe.com/recipe/5935145",
	"ingredient_ids": [
		8690
	],
	"time": "15",
	"ingre_list": [
		{
			"ingre_name": "얼갈이배추",
			"ingre_count": "",
			"ingre_unit": ""
		}
	],
	"sauce_list": [
		{
			"ingre_name": "된장",
			"ingre_count": "1",
			"ingre_unit": "T"
		},
		{
			"ingre_name": "고춧가루",
			"ingre_count": "1",
			"ingre_unit": "T"
		},
		{
			"ingre_name": "참깨",
			"ingre_count": "",
			"ingre_unit": ""
		},
		{
			"ingre_name": "참기름",
			"ingre_count": "1",
			"ingre_unit": "작은술"
		},
		{
			"ingre_name": "다진마늘",
			"ingre_count": "",
			"ingre_unit": "약간"
		}
	],
	"recipe": [
		"1. 얼갈이 배추를 끓는 물에 소금 약간 넣어 데쳐주어요.",
		"2. 데쳐낸 얼갈이 배추는 물기를 꾹 짜 낸 후 분량의 양념을 넣고 조물조물 무쳐주어요.",
		"3. 짭쪼름하고 달콤한 얼갈이된장무침 완성입니다!"
	],
	"recipe_img": [
		"https://recipe1.ezmember.co.kr/cache/recipe/2015/06/01/2600026b09fb0a35acebeaef4b13eb5b1.jpg",
		"https://recipe1.ezmember.co.kr/cache/recipe/2015/06/01/126e74ea7f76aff97e05159a92389c0e1.jpg",
		"https://recipe1.ezmember.co.kr/cache/recipe/2015/06/01/57849d2119f3bbeb84d820a64c89b68b1.jpg"
	],
	"tag": [
		"무침, 밑반찬, 채소류"
	]
}