{
	"id": "5941194",
	"name": "두부 양파 조림",
	"thumbnail": "https://recipe1.ezmember.co.kr/cache/recipe/2015/06/02/1e1d7e8c19a3908132ce76c922aa46f11.jpg",
	"url": "https://www.10000recipe.com/recipe/5941194",
	"ingredient_ids": [
		8158,
		8676
	],
	"time": "30",
	"ingre_list": [
		{
			"ingre_name": "두부",
			"ingre_count": "1",
			"ingre_unit": "모"
		},
		{
			"ingre_name": "양파",
			"ingre_count": "",
			"ingre_unit": "약간"
		}
	],
	"sauce_list": [
		{
			"ingre_name": "간장",
			"ingre_count": "1",
			"ingre_unit": ""
		},
		{
			"ingre_name": "고추장",
			"ingre_count": "1",
			"ingre_unit": ""
		},
		{
			"ingre_name": "고추가루",
			"ingre_count": "1",
			"ingre_unit": ""
		},
		{
			"ingre_name": "마늘",
			"ingre_count": "1",
			"ingre_unit": ""
		},
		{
			"ingre_name": "설탕",
			"ingre_count": "1",
			"ingre_unit": ""
		},
		{
			"ingre_name": "물엿",
			"ingre_count": "1",
			"ingre_unit": ""
		},
		{
			"ingre_name": "참기름",
			"ingre_count": "",
			"ingre_unit": ""
		},
		{
			"ingre_name": "통깨",
			"ingre_count": "",
			"ingre_unit": ""
		}
	],
	"recipe": [
		"1. 두부는 먹기좋은 크기로 잘라 소금으로 밑간을 해두어요. 키친타올을 깔아 두부에서 나오는 수분을 제거합니다.",
		"2. 달구어진 팬에 포도씨유두르고 두부를 올려 노릇노릇하게 구워줍니다.",
		"3. 두부가 구워지는동안 두부조림양념을 만들어 둡니다.",
		"4. 냄비바닥에 양파를 도톰히 잘라 넣어줍니다.",
		"5. 그 위에 구운 두부를 올려주세요.",
		"6. 미리 만들어둔 양념장 넣어주어요.",
		"7. 센불에 졸이다 중불로 줄여 국물이 자작할때까지 졸여주면 완성."
	],
	"recipe_img": [
		"https://recipe1.ezmember.co.kr/cache/recipe/2015/06/02/5fa484c90e4740597d79fa0a40b798631.jpg",
		"https://recipe1.ezmember.co.kr/cache/recipe/2015/06/02/fea1be509ed4fe7bd73f702e54ff459b1.jpg",
		"https://recipe1.ezmember.co.kr/cache/recipe/2015/06/02/30498a9c7c3f88aa456ee2ff4d02c00e1.jpg",
		"https://recipe1.ezmember.co.kr/cache/recipe/2015/06/02/35f9188dfdb540ebf27f9ea681772c1e1.jpg",
		"https://recipe1.ezmember.co.kr/cache/recipe/2015/06/02/e50205855c414f24955efed04429b6721.jpg",
		"https://recipe1.ezmember.co.kr/cache/recipe/2015/06/02/6df2e6822802cde864b17f7c572357a31.jpg",
		"https://recipe1.ezmember.co.kr/cache/recipe/2015/06/02/1fa79607d1a620839f21aee01bf4c1d61.jpg"
	],
	"tag": [
		"두부, 두부조림, 밑반찬, 조림, 콩+견과류"
	]
}