{
	"id": "5950201",
	"name": "얼큰하고 국물이 시원한 두부국 만드는법",
	"thumbnail": "https://recipe1.ezmember.co.kr/cache/recipe/2015/04/08/de78d12c1f1421b2ec856a0dfa6355311.jpg",
	"url": "https://www.10000recipe.com/recipe/5950201",
	"ingredient_ids": [
		8158,
		8824,
		8452,
		10282,
		10404,
		10406,
		11101,
		11266,
		51683
	],
	"time": "30",
	"ingre_list": [
		{
			"ingre_name": "두부",
			"ingre_count": "1",
			"ingre_unit": "모"
		},
		{
			"ingre_name": "대파",
			"ingre_count": "1",
			"ingre_unit": "대"
		},
		{
			"ingre_name": "무",
			"ingre_count": "3",
			"ingre_unit": "cm"
		},
		{
			"ingre_name": "참기름",
			"ingre_count": "1",
			"ingre_unit": "T"
		},
		{
			"ingre_name": "고춧가루",
			"ingre_count": "2",
			"ingre_unit": "T"
		},
		{
			"ingre_name": "굴소스",
			"ingre_count": "2",
			"ingre_unit": "T"
		},
		{
			"ingre_name": "다시마",
			"ingre_count": "",
			"ingre_unit": ""
		},
		{
			"ingre_name": "멸치",
			"ingre_count": "",
			"ingre_unit": ""
		},
		{
			"ingre_name": "물",
			"ingre_count": "8",
			"ingre_unit": "컵"
		}
	],
	"sauce_list": [],
	"recipe": [
		"1. 3cm 두께의 무는 3등분한 후 얇게 썰어 주시고",
		"2. 대파는 4~5cm길이로 썰어준 후 다시 4등분 해주세요.",
		"3. 두부 1모는 적당한 크기로 썰어 준비합니다.",
		"4. 재료가 준비되었으면 다시마와 국물용멸치를 넣어 육수를 내 줍니다. 센불에서 약 7~8분정도 끓여 주시면 되요.",
		"5. 볼이 넓은 그릇에 무와 대파를 넣고 굴소스와 고추가루를 넣어 조물조물 무쳐 주세요.",
		"6. 육수가 끓을 동안 양념에 재워 두세요.",
		"7. 참기름 1큰술을 두른 후 양념을 한 무와 대파를 넣고 살짝 볶아줍니다.",
		"8. 그리고 끓여낸 다시마육수를 7~8컵 부은 후 바글바글 한소끔 끓여주세요. 무가 어느정도 익고나면 두부를 넣어 한소끔 더 끓여 주시는데요. 끓기 시작하고 약 5분정도 센불에서 끓여줍니다."
	],
	"recipe_img": [
		"https://recipe1.ezmember.co.kr/cache/recipe/2015/04/08/562893448e364c1a057dd4c2f8dab9d61.jpg",
		"https://recipe1.ezmember.co.kr/cache/recipe/2015/04/08/a398bb16e6a0c93fc5b64748c84994e61.jpg",
		"https://recipe1.ezmember.co.kr/cache/recipe/2015/04/08/2e9203915230e789deb324a833755bb51.jpg",
		"https://recipe1.ezmember.co.kr/cache/recipe/2015/04/08/974dbef33ec3d06ea65187217cb890411.jpg",
		"https://recipe1.ezmember.co.kr/cache/recipe/2015/04/08/756dc76939c96553c27138d6b4a7b4241.jpg",
		"https://recipe1.ezmember.co.kr/cache/recipe/2015/04/08/20e7dcbd9982c849235ef60c4b6e76cc1.jpg",
		"https://recipe1.ezmember.co.kr/cache/recipe/2015/04/08/ea2bb58c3b034cff0753ed0b1d47c0621.jpg",
		"https://recipe1.ezmember.co.kr/cache/recipe/2015/04/08/0f356363bbc86bc4d9838c101dbeccef1.jpg"
	],
	"tag": [
		"국+탕, 국, 두부"
	]
}