{
	"id": "6019115",
	"name": "어묵볶음",
	"thumbnail": "https://recipe1.ezmember.co.kr/cache/recipe/2015/06/01/718e64a6225ac14feaa31a3ddfe552471.jpg",
	"url": "https://www.10000recipe.com/recipe/6019115",
	"ingredient_ids": [
		51727,
		8676,
		8824,
		8386,
		8232,
		51684
	],
	"time": "15",
	"ingre_list": [
		{
			"ingre_name": "사각어묵",
			"ingre_count": "2",
			"ingre_unit": "장"
		},
		{
			"ingre_name": "양파",
			"ingre_count": "",
			"ingre_unit": "약간"
		},
		{
			"ingre_name": "대파",
			"ingre_count": "1/2",
			"ingre_unit": "대"
		},
		{
			"ingre_name": "당근",
			"ingre_count": "",
			"ingre_unit": "약간"
		},
		{
			"ingre_name": "참깨",
			"ingre_count": "",
			"ingre_unit": ""
		},
		{
			"ingre_name": "식용유",
			"ingre_count": "1",
			"ingre_unit": "T"
		}
	],
	"sauce_list": [
		{
			"ingre_name": "간장",
			"ingre_count": "1/2",
			"ingre_unit": "T"
		},
		{
			"ingre_name": "굴소스",
			"ingre_count": "1",
			"ingre_unit": "T"
		},
		{
			"ingre_name": "고춧가루",
			"ingre_count": "1/2",
			"ingre_unit": "T"
		},
		{
			"ingre_name": "다진마늘",
			"ingre_count": "1/2",
			"ingre_unit": "작은술"
		},
		{
			"ingre_name": "올리고당",
			"ingre_count": "1",
			"ingre_unit": "T"
		},
		{
			"ingre_name": "참기름",
			"ingre_count": "",
			"ingre_unit": "약간"
		}
	],
	"recipe": [
		"1. 먹기 좋은 크기로 썰어주세요.",
		"2. 분량의 양념을 미리 섞어 준비해두세요.",
		"3. 달궈진 팬에 기름을 두른 후 양파와 당근, 그리고 어묵을 넣어 휘리릭 볶아줍니다.",
		"4. 양파가 살짝 투명해지기 시작하면 분량의 양념장을 넣어 골고루 섞이듯이 볶아줍니다.",
		"5. 마지막으로 불을 끈 후 대파를 넣고 참깨도 솔솔 뿌려 마무리 해주세요."
	],
	"recipe_img": [
		"https://recipe1.ezmember.co.kr/cache/recipe/2015/06/01/d2bd7952e99e309dadf11dcd1437978a1.jpg",
		"https://recipe1.ezmember.co.kr/cache/recipe/2015/06/01/2961c01cfb94eb52f7268404ddeb4fe81.jpg",
		"https://recipe1.ezmember.co.kr/cache/recipe/2015/06/01/3c55fbe069274a88749eadb319c11e971.jpg",
		"https://recipe1.ezmember.co.kr/cache/recipe/2015/06/01/61fd5adb1502582f1f04020f624026e81.jpg",
		"https://recipe1.ezmember.co.kr/cache/recipe/2015/06/01/e0196f8a52729e5f75f165a582811f871.jpg"
	],
	"tag": [
		"가공식품류, 어묵볶음"
	]
}