{
	"id": "6046274",
	"name": " 배추겉절이",
	"thumbnail": "https://recipe1.ezmember.co.kr/cache/recipe/2015/08/07/0ed24b087155ef670debd3c6515d9b0a1.jpg",
	"url": "https://www.10000recipe.com/recipe/6046274",
	"ingredient_ids": [
		8493,
		10438,
		51690,
		17919,
		10722,
		8822,
		8544
	],
	"time": "60",
	"ingre_list": [
		{
			"ingre_name": "배추",
			"ingre_count": "1/2",
			"ingre_unit": "포기"
		},
		{
			"ingre_name": "소금",
			"ingre_count": "1/4",
			"ingre_unit": "컵"
		},
		{
			"ingre_name": "고추가루",
			"ingre_count": "5",
			"ingre_unit": "T"
		},
		{
			"ingre_name": "멸치액젓",
			"ingre_count": "2",
			"ingre_unit": ""
		},
		{
			"ingre_name": "마늘",
			"ingre_count": "",
			"ingre_unit": ""
		},
		{
			"ingre_name": "실파",
			"ingre_count": "",
			"ingre_unit": ""
		},
		{
			"ingre_name": "부추",
			"ingre_count": "",
			"ingre_unit": ""
		}
	],
	"sauce_list": [],
	"recipe": [
		"1. 배추는 반갈라 어슷어슷 칼로 쳐서 잘라요`",
		"2. 소금뿌리고 물을 조금 뿌려서 30분~1시간정도 절여요~  물에 헹구어 물기를 빼요~",
		"3. 여름엔 김치가 빨리 시어지기 때문에 파는 조금 넣고 부추를 많이 넣어요`",
		"4. 양념을 배추에 살살 버무려주고",
		"5. 부추는 나중에 섞어줘요~",
		"6. 겉절이엔 설탕을 넣기도 하는 데 전 매실청으로 단맛을 냈구요~  통깨 넉넉히 뿌려서 완성~",
		"7. 딸내미 맵게 해달래서 고추가루 넉넉히 넣었어요~",
		"8. 버무려 막 먹어야 참맛~ 조금 만들어 금방 먹어야 맛나요~"
	],
	"recipe_img": [
		"https://recipe1.ezmember.co.kr/cache/recipe/2015/04/04/1c6c18849950f5cd3fff641d170906361.jpg",
		"https://recipe1.ezmember.co.kr/cache/recipe/2015/04/04/66ce75a94d9d0a94464ff46deda7d77b1.jpg",
		"https://recipe1.ezmember.co.kr/cache/recipe/2015/04/04/c0e0e505da374378986962f99d15ef361.jpg",
		"https://recipe1.ezmember.co.kr/cache/recipe/2015/04/04/f5717b18a088c223c263c4274064a4df1.jpg",
		"https://recipe1.ezmember.co.kr/cache/recipe/2015/04/04/3ae0fba0432b14cbdded029e2b1b51d51.jpg",
		"https://recipe1.ezmember.co.kr/cache/recipe/2015/04/04/c6bcdf2bea6f0a3ca11eee2418f54d931.jpg",
		"https://recipe1.ezmember.co.kr/cache/recipe/2015/04/04/627e8dcdc6c963f412384384b9ecb7761.jpg",
		"https://recipe1.ezmember.co.kr/cache/recipe/2015/04/04/1288883f4e5c2a8b666a57951fa4d0431.jpg"
	],
	"tag": [
		"겉절이, 김치+젓갈+장류, 배추겉절이"
	]
}