{
	"id": "6050479",
	"name": "고추장 참치볶음",
	"thumbnail": "https://recipe1.ezmember.co.kr/cache/recipe/2015/06/01/a24676e5c2dabf51c99462b967928a251.jpg",
	"url": "https://www.10000recipe.com/recipe/6050479",
	"ingredient_ids": [
		18025,
		8676,
		7997,
		8386,
		51736
	],
	"time": "15",
	"ingre_list": [
		{
			"ingre_name": "참치",
			"ingre_count": "1",
			"ingre_unit": "캔"
		},
		{
			"ingre_name": "양파",
			"ingre_count": "2",
			"ingre_unit": "줌"
		},
		{
			"ingre_name": "감자",
			"ingre_count": "2",
			"ingre_unit": "줌"
		},
		{
			"ingre_name": "당근",
			"ingre_count": "1",
			"ingre_unit": "줌"
		},
		{
			"ingre_name": "마늘쫑",
			"ingre_count": "2",
			"ingre_unit": "줌"
		}
	],
	"sauce_list": [
		{
			"ingre_name": "참기름",
			"ingre_count": "",
			"ingre_unit": "약간"
		},
		{
			"ingre_name": "통깨",
			"ingre_count": "",
			"ingre_unit": "약간"
		},
		{
			"ingre_name": "고추장",
			"ingre_count": "2",
			"ingre_unit": "T"
		},
		{
			"ingre_name": "케첩",
			"ingre_count": "1",
			"ingre_unit": "T"
		},
		{
			"ingre_name": "간장",
			"ingre_count": "1",
			"ingre_unit": "T"
		},
		{
			"ingre_name": "다진마늘",
			"ingre_count": "1",
			"ingre_unit": "T"
		},
		{
			"ingre_name": "설탕",
			"ingre_count": "1",
			"ingre_unit": "T"
		},
		{
			"ingre_name": "청주",
			"ingre_count": "2",
			"ingre_unit": "T"
		},
		{
			"ingre_name": "후추가루",
			"ingre_count": "",
			"ingre_unit": "약간"
		}
	],
	"recipe": [
		"1. 양파와 감자,당근,마늘쫑을 비슷한 크기로 썰어서 준비하구요.",
		"2. 속이 깊숙한 웍에 당근,감자,마늘쫑을 넣고 기름에 달달 볶아요.  감자가 어느정도 익었을때 양파를 넣고 볶아주고 채소들이 부드럽게 익었을때 쯤 고추장 2스푼, 케첩 1스푼 간장 1스푼,다진마늘 1스푼, 설탕 1스푼, 청주 2스푼, 후추가루 약간을 넣고 볶아줍니다.  고추장양념이 베어 들은 채소들만 먹어도 참 맛나더라구요~~",
		"3. 마지막으로 기름 뺀 참치를 넣고 골고루 섞어가면서 볶아주고 마지막에 참기름을 아주 약간 넣어서 고소한 맛도 살려주면서 참치 비린맛도 잡아줍니다.",
		"4. 통깨를 솔솔 뿌려주구요~~ 완성된 고추장 참치볶음 입니다. 울 가족들이 너무 맛있데요~"
	],
	"recipe_img": [
		"https://recipe1.ezmember.co.kr/cache/recipe/2015/06/04/c93f17177ac69a1dcc42e5ced37bd68c1.jpg",
		"https://recipe1.ezmember.co.kr/cache/recipe/2015/06/04/8c7ee8082637e806c1b8d369dcf6895b1.jpg",
		"https://recipe1.ezmember.co.kr/cache/recipe/2015/06/04/20ad9bb06e9be936047c08232c2ddb6d1.jpg",
		"https://recipe1.ezmember.co.kr/cache/recipe/2015/06/04/43092f2a04c6ef5f6144df14717dee391.jpg"
	],
	"tag": [
		"고추장"
	]
}