{
	"id": "6059228",
	"name": "별미 호박간장무침 ",
	"thumbnail": "https://recipe1.ezmember.co.kr/cache/recipe/2015/06/17/6caa2220e5c3145edc43bcc578eaece2.jpg",
	"url": "https://www.10000recipe.com/recipe/6059228",
	"ingredient_ids": [
		8850
	],
	"time": "15",
	"ingre_list": [
		{
			"ingre_name": "호박",
			"ingre_count": "1",
			"ingre_unit": "개"
		}
	],
	"sauce_list": [
		{
			"ingre_name": "간장",
			"ingre_count": "2",
			"ingre_unit": "숟가락"
		},
		{
			"ingre_name": "매실원액",
			"ingre_count": "1/2",
			"ingre_unit": "숟가락"
		},
		{
			"ingre_name": "들기름",
			"ingre_count": "1",
			"ingre_unit": "숟가락"
		},
		{
			"ingre_name": "깨소금",
			"ingre_count": "1",
			"ingre_unit": "숟가락"
		},
		{
			"ingre_name": "실파",
			"ingre_count": "",
			"ingre_unit": "약간"
		},
		{
			"ingre_name": "다진마늘",
			"ingre_count": "",
			"ingre_unit": "약간"
		}
	],
	"recipe": [
		"1. 호박은 두껍지 않게 잘라주었어요.",
		"2. 올리브유를 펜에 두르고 노릇노릇하게 구워주었답니다.",
		"3. 구워지는 동안 양념장을 만들어 주었어요.",
		"4. 준비된 양념과 구워진 호박을 넣고 살살 양념해 주시면 된답니다. 간장은 2개만 넣으면 조금 싱거울수 있으니 입맛에 맞게 간장을 첨가해 주세요."
	],
	"recipe_img": [
		"https://recipe1.ezmember.co.kr/cache/recipe/2015/06/17/3fa4b87721928fcce8dae1868e887cd31.jpg",
		"https://recipe1.ezmember.co.kr/cache/recipe/2015/06/17/e48acc9679e3fe5452f145b9525c38c01.jpg",
		"https://recipe1.ezmember.co.kr/cache/recipe/2015/06/17/edd615932a0821b9e9128a906d1295631.jpg",
		"https://recipe1.ezmember.co.kr/cache/recipe/2015/06/17/f79e52bcafd70c4ef4c471f71bfdd7de1.jpg"
	],
	"tag": [
		"무침"
	]
}