{
	"id": "6063773",
	"name": "새송이버섯볶음",
	"thumbnail": "https://recipe1.ezmember.co.kr/cache/recipe/2015/06/01/c7a6fde25d85ebfa9acb40affde57a8d1.jpg",
	"url": "https://www.10000recipe.com/recipe/6063773",
	"ingredient_ids": [
		8913,
		42888,
		8824,
		8232,
		51684
	],
	"time": "15",
	"ingre_list": [
		{
			"ingre_name": "새송이버섯",
			"ingre_count": "2",
			"ingre_unit": "개"
		},
		{
			"ingre_name": "양배추",
			"ingre_count": "",
			"ingre_unit": "약간"
		},
		{
			"ingre_name": "대파",
			"ingre_count": "",
			"ingre_unit": "약간"
		},
		{
			"ingre_name": "참깨",
			"ingre_count": "",
			"ingre_unit": "약간"
		},
		{
			"ingre_name": "식용유",
			"ingre_count": "1",
			"ingre_unit": "T"
		}
	],
	"sauce_list": [
		{
			"ingre_name": "고춧가루",
			"ingre_count": "2/3",
			"ingre_unit": "T"
		},
		{
			"ingre_name": "굴소스",
			"ingre_count": "1",
			"ingre_unit": "작은술"
		},
		{
			"ingre_name": "간장",
			"ingre_count": "1",
			"ingre_unit": "작은술"
		},
		{
			"ingre_name": "매실청",
			"ingre_count": "1",
			"ingre_unit": "T"
		},
		{
			"ingre_name": "다진마늘",
			"ingre_count": "1/2",
			"ingre_unit": "작은술"
		},
		{
			"ingre_name": "참기름",
			"ingre_count": "1",
			"ingre_unit": "작은술"
		}
	],
	"recipe": [
		"1. 먼저 분량의 양념장을 미리 만들어 두세요.",
		"2. 새송이 버섯은 너무 얇지 않도록 썰어 주세요.",
		"3. 끓는 물에 새송이버섯을 살짝 데쳐 줍니다. 그 뒤 찬물에 헹궈 물기를 꾹 짜주세요.",
		"4. 대파와 양배추도 준비합니다. 양배추가 없다면 양파를 넣어도 좋아요.",
		"5. 달궈진 팬에 기름을 두른 후 버섯과 양배추를 넣고 살짝 볶아주세요.",
		"6. 분량의 양념장을 넣어 준 후 골고루 섞이도록 볶아줍니다.",
		"7. 양배추가 70%정도 익고나면 대파를 넣고 불을 끈 후 남은 열로 볶아 마무리 합니다."
	],
	"recipe_img": [
		"https://recipe1.ezmember.co.kr/cache/recipe/2015/06/12/6e6f0aec2c0b1f128f263a51bbe13db51.jpg",
		"https://recipe1.ezmember.co.kr/cache/recipe/2015/06/12/dd529b7d3549928a0fae1b47f11c46001.jpg",
		"https://recipe1.ezmember.co.kr/cache/recipe/2015/06/12/7ae68129470eba3d314cffd7972238e61.jpg",
		"https://recipe1.ezmember.co.kr/cache/recipe/2015/06/12/2dd270d3342c4d1af1c955186ebb05e51.jpg",
		"https://recipe1.ezmember.co.kr/cache/recipe/2015/06/12/e4657504fc648c5f4206a1d28aaac9ae1.jpg",
		"https://recipe1.ezmember.co.kr/cache/recipe/2015/06/12/5ed4a60c06fe424d4abe25c3cd8893271.jpg",
		"https://recipe1.ezmember.co.kr/cache/recipe/2015/06/12/c984bf0cfc14fe76c6310610dd4d8d911.jpg"
	],
	"tag": [
		"밑반찬, 버섯, 버섯류, 버섯볶음, 새송이버섯볶음"
	]
}