{
	"id": "6071369",
	"name": "제육볶음 ",
	"thumbnail": "https://recipe1.ezmember.co.kr/cache/recipe/2015/06/01/44b94dea79b8ab867370e58e311aa1951.jpg",
	"url": "https://www.10000recipe.com/recipe/6071369",
	"ingredient_ids": [
		9235,
		8676,
		8316,
		8824,
		8873
	],
	"time": "60",
	"ingre_list": [
		{
			"ingre_name": "목살",
			"ingre_count": "210",
			"ingre_unit": "g"
		},
		{
			"ingre_name": "양파",
			"ingre_count": "1",
			"ingre_unit": "개"
		},
		{
			"ingre_name": "청양고추",
			"ingre_count": "1",
			"ingre_unit": "개"
		},
		{
			"ingre_name": "대파",
			"ingre_count": "1",
			"ingre_unit": "대"
		},
		{
			"ingre_name": "느타리버섯",
			"ingre_count": "50",
			"ingre_unit": "g"
		}
	],
	"sauce_list": [
		{
			"ingre_name": "청주",
			"ingre_count": "1",
			"ingre_unit": "T"
		},
		{
			"ingre_name": "식용유",
			"ingre_count": "",
			"ingre_unit": "조금"
		},
		{
			"ingre_name": "고춧가루",
			"ingre_count": "2",
			"ingre_unit": "T"
		},
		{
			"ingre_name": "고추장1+1/2큰술",
			"ingre_count": "1+1/2",
			"ingre_unit": "T"
		},
		{
			"ingre_name": "설탕",
			"ingre_count": "1",
			"ingre_unit": "작은술"
		},
		{
			"ingre_name": "물엿",
			"ingre_count": "1",
			"ingre_unit": "T"
		},
		{
			"ingre_name": "간장1+1/2큰술",
			"ingre_count": "1+1/2",
			"ingre_unit": "T"
		},
		{
			"ingre_name": "다진마늘",
			"ingre_count": "1",
			"ingre_unit": "T"
		},
		{
			"ingre_name": "참기름",
			"ingre_count": "1",
			"ingre_unit": "T"
		},
		{
			"ingre_name": "후춧가루",
			"ingre_count": "",
			"ingre_unit": "조금"
		},
		{
			"ingre_name": "소금",
			"ingre_count": "",
			"ingre_unit": "조금"
		}
	],
	"recipe": [
		"1. 돼지고기는 청주를 뿌려 10 ~ 20분정도 재워 누린내를 제거한 후 채소와 고춧가루 2큰술, 고추장 1큰술 반, 설탕 1작은술, 물엿 1 큰술, 간장 1큰술 반, 다진마늘 1큰술 참기름 1큰술, 후춧가루 조금, 소금 조금 넣고 버무려 20분정도 재웠다가 볶아 줍니다.",
		"2. 센불 - 중불로 불조절해 고기를 볶아 줍니다.",
		"3. 고기를 재우는 동안 파채를 준비해 찬물에 담궈 물기를 제거한 후",
		"4. 고기를 볶기 시작할 무렵 고춧가루 조금, 참기름 조금, 통깨 조금, 식초 조금, 설탕 조금을 넣고 살짝 버무려 준비합니다.",
		"5. 느타리버섯이 듬뿍 든 제육볶음과 새콤달콤 파채무침이 함께한 제육볶음이예요 제육볶음 맛있게 만드는법 간단하죠^"
	],
	"recipe_img": [
		"https://recipe1.ezmember.co.kr/cache/recipe/2015/06/04/f96fff95c72b6c1985a3af89bff933391.jpg",
		"https://recipe1.ezmember.co.kr/cache/recipe/2015/06/04/667624692bc950ca3cd8c4b9a6ac56a81.jpg",
		"https://recipe1.ezmember.co.kr/cache/recipe/2015/06/04/4d7a6a6c2d08f54ef07ef560cfa722bf1.jpg",
		"https://recipe1.ezmember.co.kr/cache/recipe/2015/06/04/e5357909b3798901a7d1e33161f14aa91.jpg",
		"https://recipe1.ezmember.co.kr/cache/recipe/2015/06/04/fed360c0975c8f7c668e58ce1482288b1.jpg"
	],
	"tag": [
		"돼지고기, 메인반찬, 제육볶음"
	]
}