{
	"id": "6093306",
	"name": "감자호박국",
	"thumbnail": "https://recipe1.ezmember.co.kr/cache/recipe/2015/06/03/3141ead5ae2e3aa2bcd80dad88efd1fc1.jpg",
	"url": "https://www.10000recipe.com/recipe/6093306",
	"ingredient_ids": [
		7997,
		8850,
		8316
	],
	"time": "30",
	"ingre_list": [
		{
			"ingre_name": "감자",
			"ingre_count": "1",
			"ingre_unit": "개"
		},
		{
			"ingre_name": "호박",
			"ingre_count": "1",
			"ingre_unit": "개"
		},
		{
			"ingre_name": "청양고추",
			"ingre_count": "1",
			"ingre_unit": "개"
		}
	],
	"sauce_list": [
		{
			"ingre_name": "식용유",
			"ingre_count": "1",
			"ingre_unit": "T"
		},
		{
			"ingre_name": "고춧가루",
			"ingre_count": "2",
			"ingre_unit": "T"
		},
		{
			"ingre_name": "새우젓",
			"ingre_count": "1/2",
			"ingre_unit": "T"
		},
		{
			"ingre_name": "굵은소금",
			"ingre_count": "",
			"ingre_unit": "약간"
		},
		{
			"ingre_name": "들깨가루",
			"ingre_count": "1",
			"ingre_unit": "T"
		},
		{
			"ingre_name": "대파",
			"ingre_count": "",
			"ingre_unit": ""
		},
		{
			"ingre_name": "다진마늘",
			"ingre_count": "",
			"ingre_unit": ""
		}
	],
	"recipe": [
		"1. 호박과 감자는 한입에 들어갈수 있게 잘라주었어요.",
		"2. 뚝배기에 식용유 1와 고춧가루 2개를 넣고 한번 볶아주었어요. 고추기름을 사용하셔도 좋구요. 이렇게 하셔도 좋답니다. 그럼 살짝 고추기름 향이 나요.",
		"3. 물 500리터를 넣고 중불에서 은은하게 끓여주었어요. 고추장찌개나 고춧가루가 들어간 찌개는 은은하게 오래끓일 수록 맛은 좋아지더라구요. 10분정도 은은하게 끓인 후 그럼 감자는 다 익어요. 익은 감자에 호박과 송송썬파 다진마늘도 넣어주세요. (호박은 너무 오래끓이면 흐물흐물해 지기때문에 나중에 넣는게 좋더라구요.)",
		"4. 들깨 가루도 넣어주었어요~ 고추와 호박를 넣고 5분 정도 더 끓여주었답니다. 새우젓과 굵은소금으로 간해주었어요."
	],
	"recipe_img": [
		"https://recipe1.ezmember.co.kr/cache/recipe/2015/06/13/a609b1ab2ece0fde8625221e79c128b71.jpg",
		"https://recipe1.ezmember.co.kr/cache/recipe/2015/06/13/90f110796d6bd184c5719b13a1d9ed161.jpg",
		"https://recipe1.ezmember.co.kr/cache/recipe/2015/06/13/5d0cdb5681c1e31ac9af5c2ffa6e4f0e1.jpg",
		"https://recipe1.ezmember.co.kr/cache/recipe/2015/06/13/9f8b3d668962c37e4159d50ecddec6dc1.jpg"
	],
	"tag": [
		"감자, 국+탕, 국"
	]
}