{
	"id": "6100431",
	"name": "건새우볶음",
	"thumbnail": "https://recipe1.ezmember.co.kr/cache/recipe/2015/08/06/657a49387c12189926520767e77afa021.jpg",
	"url": "https://www.10000recipe.com/recipe/6100431",
	"ingredient_ids": [
		51786
	],
	"time": "15",
	"ingre_list": [
		{
			"ingre_name": "건새우",
			"ingre_count": "100",
			"ingre_unit": "g"
		}
	],
	"sauce_list": [
		{
			"ingre_name": "고추장",
			"ingre_count": "1",
			"ingre_unit": "T"
		},
		{
			"ingre_name": "간장",
			"ingre_count": "2",
			"ingre_unit": "T"
		},
		{
			"ingre_name": "케쳡",
			"ingre_count": "1",
			"ingre_unit": "T"
		},
		{
			"ingre_name": "소주",
			"ingre_count": "1",
			"ingre_unit": "T"
		},
		{
			"ingre_name": "올리고당",
			"ingre_count": "2",
			"ingre_unit": "T"
		},
		{
			"ingre_name": "깨",
			"ingre_count": "",
			"ingre_unit": "약간"
		},
		{
			"ingre_name": "참기름",
			"ingre_count": "1",
			"ingre_unit": "T"
		}
	],
	"recipe": [
		"1. 기름을 두루지 않고 그냥 팬을 달궈 살짝 볶아주세요.",
		"2. 그럼 색도 살짝 변한답니다. 체에 쳐서 이물질 부스러기들을 털어 내주세요.",
		"3. 고추장 1큰술 , 간장 2큰술 , 케찹 1큰술 , 소주 1큰술 , 올리고당 2큰술 , , 참기름 1큰술을 섞어 양념장을 만드세요~~진짜 최고로 맛있는 레시피... 대박이였어요",
		"4. 양념을 붓고 살짝 보글보글 끓을때까지 끓인 후 (한 10~20초)",
		"5. 건새우를 넣고 살살 버무린다는 생각으로 비벼주세요.",
		"6. 보기만 해도 진짜 맛있겠죠?? 먹어보니 정말.. 신랑 먹고 대박이래요. 깨만 솔솔 뿌려주면 됩니다"
	],
	"recipe_img": [
		"https://recipe1.ezmember.co.kr/cache/recipe/2015/06/04/27e471b345f11ccb4b69a6d8622adf611.jpg",
		"https://recipe1.ezmember.co.kr/cache/recipe/2015/06/04/f1862d93dd13751a99f098d0acbd55a71.jpg",
		"https://recipe1.ezmember.co.kr/cache/recipe/2015/06/04/aae9d04d54682a080bf5d22c065b41251.jpg",
		"https://recipe1.ezmember.co.kr/cache/recipe/2015/06/04/144c0cccfc87cbb83c1cc5d6b0ce36b31.jpg",
		"https://recipe1.ezmember.co.kr/cache/recipe/2015/06/04/4bbb6724585e1ec218760afe0c1d01501.jpg",
		"https://recipe1.ezmember.co.kr/cache/recipe/2015/06/04/2dd4d1aabe51dda89441d79e342df3b71.jpg"
	],
	"tag": [
		"건새우볶음, 건어물류, 새우볶음"
	]
}