{
	"id": "6191938",
	"name": "크림치즈 쿠키",
	"thumbnail": "https://recipe1.ezmember.co.kr/cache/recipe/2015/06/02/584b57385d03f210be4d1e6c816ca3941.jpg",
	"url": "https://www.10000recipe.com/recipe/6191938",
	"ingredient_ids": [
		10267,
		10240,
		51750,
		8084,
		10438,
		51796,
		51702,
		51687,
		51712
	],
	"time": "90",
	"ingre_list": [
		{
			"ingre_name": "버터",
			"ingre_count": "90",
			"ingre_unit": "g"
		},
		{
			"ingre_name": "크림치즈",
			"ingre_count": "100",
			"ingre_unit": "g"
		},
		{
			"ingre_name": "계란노른자",
			"ingre_count": "1",
			"ingre_unit": "개"
		},
		{
			"ingre_name": "설탕",
			"ingre_count": "70",
			"ingre_unit": "g"
		},
		{
			"ingre_name": "소금",
			"ingre_count": "1",
			"ingre_unit": "꼬집"
		},
		{
			"ingre_name": "바닐라에센스",
			"ingre_count": "4",
			"ingre_unit": "방울"
		},
		{
			"ingre_name": "파슬리가루",
			"ingre_count": "",
			"ingre_unit": "약간"
		},
		{
			"ingre_name": "박력분",
			"ingre_count": "170",
			"ingre_unit": "g"
		},
		{
			"ingre_name": "아몬드가루",
			"ingre_count": "20",
			"ingre_unit": "g"
		}
	],
	"sauce_list": [],
	"recipe": [
		"1. 볼에 실온에 미리 꺼내놓았던 버터와 크림치즈를 거품기로 크림화 시켜줍니다. 설탕과 소금을 넣고 다시 크림화 시켜줍니다. 설탕 대신 슈가파우더를 많이들 사용하시더라구요. 계란 노른자를 넣고 다시 크림화를 시켜주고 바닐라에센스도 3~4방울 넣고 섞어주세요.",
		"2. 박력분과 아몬드가루를 체에 쳐서 넣어줍니다. 파슬리가루도 넣어주고 주걱으로 자르듯이 #자로 대충 섞어줍니다. 날가루가 살짝 보일랑말랑하게 섞어주세요.",
		"3. 납작하게 지퍼백에 담아서 휴지 시켜도 좋고요. 이렇게 돌돌말아서 비닐에 담은 뒤 냉장고에서 1시간 정도 휴지 시켜줍니다.",
		"4. 냉장고에서 꺼낸 뒤 0,5cm 정도의 두께로 잘라줍니다. 팬에 적당한 간격으로 팬닝해줍니다.",
		"5. 오븐은 미리 예열시켜놓고 180도에서 15분 설정을 해줍니다.오븐",
		"6. 오븐에서 꺼낸 뒤에 식힘망에 식혀주면 더~맛있는 고소한 쿠키를 만날 수 있습니다."
	],
	"recipe_img": [
		"https://recipe1.ezmember.co.kr/cache/recipe/2015/06/03/93aee28fed9251ad8b3ac8195dc03f311.jpg",
		"https://recipe1.ezmember.co.kr/cache/recipe/2015/06/03/d01bbe61da0b0dfcf7f400c79e26248c1.jpg",
		"https://recipe1.ezmember.co.kr/cache/recipe/2015/06/03/916bbcdcdf42a40df4ab4dd9b03d04db1.jpg",
		"https://recipe1.ezmember.co.kr/cache/recipe/2015/06/03/4825d1faee8507e6fc6053095e4ca0f01.jpg",
		"https://recipe1.ezmember.co.kr/cache/recipe/2015/06/03/4eb0d8cef2944004d4895694a1407fc31.jpg",
		"https://recipe1.ezmember.co.kr/cache/recipe/2015/06/03/33713572a9fcf95eca3b4b8fc9d0314c1.jpg"
	],
	"tag": [
		"밀가루, 쿠키"
	]
}