{
	"id": "6284061",
	"name": "후다닥 끓이는 순두부계란국",
	"thumbnail": "https://recipe1.ezmember.co.kr/cache/recipe/2015/04/04/06304ecc37da560c90e68081c8b0caa71.jpg",
	"url": "https://www.10000recipe.com/recipe/6284061",
	"ingredient_ids": [
		17601,
		9457,
		51764,
		8824,
		8316
	],
	"time": "30",
	"ingre_list": [
		{
			"ingre_name": "순두부",
			"ingre_count": "1",
			"ingre_unit": "봉"
		},
		{
			"ingre_name": "계란",
			"ingre_count": "3",
			"ingre_unit": "개"
		},
		{
			"ingre_name": "멸치육수",
			"ingre_count": "5",
			"ingre_unit": "컵"
		},
		{
			"ingre_name": "대파",
			"ingre_count": "",
			"ingre_unit": ""
		},
		{
			"ingre_name": "청양고추",
			"ingre_count": "",
			"ingre_unit": ""
		}
	],
	"sauce_list": [
		{
			"ingre_name": "새우젓",
			"ingre_count": "1",
			"ingre_unit": "T"
		},
		{
			"ingre_name": "생강술",
			"ingre_count": "1",
			"ingre_unit": "T"
		},
		{
			"ingre_name": "다진마늘",
			"ingre_count": "1",
			"ingre_unit": "T"
		},
		{
			"ingre_name": "국간장",
			"ingre_count": "1",
			"ingre_unit": "T"
		},
		{
			"ingre_name": "소금",
			"ingre_count": "",
			"ingre_unit": ""
		}
	],
	"recipe": [
		"1. 먼저.. 냄비에 물6컵을 담고 다시멸치 1줌과 마른다시마 1쪽을 넣고 끓여 5컵의 멸치육수를 만들어줍니다~~",
		"2. 육수가 완성되면 건더기는 건져내고.. 다진마늘을 먼저 넣고 순두부를 큼직하게 띠어넣어줍니다~~",
		"3. 순두부를 끓이는동안.. 달걀을 풀어 준비해줍니다~~  달걀에 생강술을 넣고 잘 풀어준후..",
		"4. 끓는 육수에 줄알을 풀듯이 조금씩 따라넣어주세요~~",
		"5. 계란이 풀어지지 않도록 젓지말고 그대로 끓여 계란을 익혀준후 어섯썬 대파랑 청양고추를 넣어줍니다~~",
		"6. 간은 새우젓으로 먼저 해주고.. 국간장과 소금으로 맞춰줬습니다~~",
		"7. 처음부터 끝까지 젓지말고 그대로 끓여주는게 좋아요~~"
	],
	"recipe_img": [
		"https://recipe1.ezmember.co.kr/cache/recipe/2015/04/04/d783c6ed017021945d40e274c89652781.jpg",
		"https://recipe1.ezmember.co.kr/cache/recipe/2015/04/04/138a45143e92fdb1d13c3979f2e444851.jpg",
		"https://recipe1.ezmember.co.kr/cache/recipe/2015/04/04/4dcda4ed19749d8d95672a5aa4dede311.jpg",
		"https://recipe1.ezmember.co.kr/cache/recipe/2015/04/04/8566298653a78e071c1984f8c547c6c21.jpg",
		"https://recipe1.ezmember.co.kr/cache/recipe/2015/04/04/4cfd380195500bb314c307d350ac4ba31.jpg",
		"https://recipe1.ezmember.co.kr/cache/recipe/2015/04/04/9a625559f905833e2194213f4a101c671.jpg",
		"https://recipe1.ezmember.co.kr/cache/recipe/2015/04/04/94b05c22c8a0dd38c9cf8751f744768f1.jpg"
	],
	"tag": [
		"계란, 계란국, 국+탕, 국, 달걀+유제품, 달걀, 두부, 순두부, 에그"
	]
}