{
	"id": "6383634",
	"name": "달콤한 고구마스프 만들기",
	"thumbnail": "https://recipe1.ezmember.co.kr/cache/recipe/2015/05/29/863160dc14128a66caba7098478d1c871.jpg",
	"url": "https://www.10000recipe.com/recipe/6383634",
	"ingredient_ids": [
		8020
	],
	"time": "60",
	"ingre_list": [
		{
			"ingre_name": "고구마",
			"ingre_count": "",
			"ingre_unit": ""
		}
	],
	"sauce_list": [
		{
			"ingre_name": "버터손가락",
			"ingre_count": "1/2",
			"ingre_unit": "마디"
		},
		{
			"ingre_name": "설탕",
			"ingre_count": "4",
			"ingre_unit": "T"
		},
		{
			"ingre_name": "소금",
			"ingre_count": "2",
			"ingre_unit": "꼬집"
		},
		{
			"ingre_name": "우유",
			"ingre_count": "350",
			"ingre_unit": "ml"
		},
		{
			"ingre_name": "물",
			"ingre_count": "1",
			"ingre_unit": "컵"
		}
	],
	"recipe": [
		"1. 찐 고구마는 껍질을 깨끗하게 벗겨서 준비합니다.",
		"2. 해체작업을 마친 고구마를 포크로 으적으적 으깨주세요.",
		"3. 전체적으로 으깨준 고구마를 믹서기에 넣어주고 우유도 듬뿍 부어주세요~ 우유와 같이 갈면 소음도 줄어들고 고구마가 부들부들하니 색이 고와져요. 잘 갈리고 갈려 부드러운 고구마 크림 우유가 됩니다.",
		"4. 가스레인지에 불을 올려 끓이기 시작합니다.  먼저 소금을 두 꼬집 스프속으로 넣어주세요. 다음 설탕을 3큰술 먼저 넣고 저어줍니다. 어느정도 온도가 올라갔을때 버터를 미끄덩 놓쳐주고 슬슬 녹여주세요.",
		"5. 냄비에서 고구마스프를 생성중입니다. 가장자리에 보글보글 기포가 올라오네요~ 이제 우유와 고구마가 하나가 된 듯 보입니다. 슬슬 끓여주시다 간을 보세요! 여기서 고구마의 단맛이 부족하다면 설탕 1숟갈을 더 넣어줍니다."
	],
	"recipe_img": [
		"https://recipe1.ezmember.co.kr/cache/recipe/2015/05/30/6fa44642577b7b158a1517eb761c89c61.jpg",
		"https://recipe1.ezmember.co.kr/cache/recipe/2015/05/30/83928c8460debcf84e29f8e8867801291.jpg",
		"https://recipe1.ezmember.co.kr/cache/recipe/2015/05/30/f5a149701e8649cc15abfb6dedbe8ff91.jpg",
		"https://recipe1.ezmember.co.kr/cache/recipe/2015/05/30/4c7cdc54d2458e21c1b8713bd185bb361.jpg",
		"https://recipe1.ezmember.co.kr/cache/recipe/2015/05/30/57efc7a6764fb5379e734dd88e92c51f1.jpg"
	],
	"tag": [
		"고구마, 고구마스프, 스프"
	]
}