{
	"id": "6403225",
	"name": "유자머핀 만들기",
	"thumbnail": "https://recipe1.ezmember.co.kr/cache/recipe/2015/06/02/6ddcda381f3a88343ef7a60a3745c3d01.jpg",
	"url": "https://www.10000recipe.com/recipe/6403225",
	"ingredient_ids": [
		51687,
		51712,
		10267,
		8084,
		9456,
		10230,
		51699,
		24583
	],
	"time": "30",
	"ingre_list": [
		{
			"ingre_name": "박력분",
			"ingre_count": "100",
			"ingre_unit": "g"
		},
		{
			"ingre_name": "아몬드가루",
			"ingre_count": "30",
			"ingre_unit": "g"
		},
		{
			"ingre_name": "버터",
			"ingre_count": "100",
			"ingre_unit": "g"
		},
		{
			"ingre_name": "설탕",
			"ingre_count": "60",
			"ingre_unit": "g"
		},
		{
			"ingre_name": "달걀",
			"ingre_count": "1",
			"ingre_unit": "개"
		},
		{
			"ingre_name": "우유",
			"ingre_count": "60",
			"ingre_unit": "g"
		},
		{
			"ingre_name": "베이킹파우더",
			"ingre_count": "3",
			"ingre_unit": "g"
		},
		{
			"ingre_name": "유자청",
			"ingre_count": "90",
			"ingre_unit": "g"
		}
	],
	"sauce_list": [],
	"recipe": [
		"1. 먼저 버터를 말랑하게 실온에서 둔 후 휘핑해주고 분량의 설탕을 넣고 섞은 후 달걀도 한 개 넣고 섞어줍니다.",
		"2. 우유도 넣어 섞어주고, 체에 내린 가루류 (박력분, 아몬드가루, 베이킹파우더)를 넣고 잘 섞어주세요.",
		"3. 마지막으로 유자청 건지를 건져넣고 섞어줍니다.",
		"4. 머핀지에 반죽을 8부 정도로 담은 후 반죽 위에 유자청 건지를 조금씩 올려줍니다.",
		"5. 예열한 180도 오븐에서 20분 정도 사정없이 사우나 시켜주세요.오븐"
	],
	"recipe_img": [
		"https://recipe1.ezmember.co.kr/cache/recipe/2015/06/02/99152889847f68ab5e25d6cc1b50f17b1.jpg",
		"https://recipe1.ezmember.co.kr/cache/recipe/2015/06/02/b8252724fc824d584ad67bd96abc96f51.jpg",
		"https://recipe1.ezmember.co.kr/cache/recipe/2015/06/02/78e40ab71bf84606b630b8db283890991.jpg",
		"https://recipe1.ezmember.co.kr/cache/recipe/2015/06/02/b14b6445a6abac07789c09ab23b9ca2c1.jpg",
		"https://recipe1.ezmember.co.kr/cache/recipe/2015/06/02/340b32f3e5aafbfe1b3eeafcf700a1df1.jpg"
	],
	"tag": [
		"머핀, 밀가루"
	]
}