{
	"id": "6410789",
	"name": "TV레시피대로 만든 국물떡볶이",
	"thumbnail": "https://recipe1.ezmember.co.kr/cache/recipe/2015/04/04/5652c59464880cf663abafd5b1c409ec1.jpg",
	"url": "https://www.10000recipe.com/recipe/6410789",
	"ingredient_ids": [
		51708,
		51727,
		51748
	],
	"time": "60",
	"ingre_list": [
		{
			"ingre_name": "떡볶이떡",
			"ingre_count": "220",
			"ingre_unit": "g"
		},
		{
			"ingre_name": "사각어묵",
			"ingre_count": "2",
			"ingre_unit": "장"
		},
		{
			"ingre_name": "삶은달걀",
			"ingre_count": "2",
			"ingre_unit": "개"
		}
	],
	"sauce_list": [
		{
			"ingre_name": "양파",
			"ingre_count": "1/4",
			"ingre_unit": "개"
		},
		{
			"ingre_name": "대파",
			"ingre_count": "1/4",
			"ingre_unit": "대"
		},
		{
			"ingre_name": "물",
			"ingre_count": "1",
			"ingre_unit": "컵"
		},
		{
			"ingre_name": "고추장",
			"ingre_count": "3",
			"ingre_unit": "T"
		},
		{
			"ingre_name": "포도씨오일",
			"ingre_count": "1",
			"ingre_unit": "T"
		},
		{
			"ingre_name": "다진마늘",
			"ingre_count": "1",
			"ingre_unit": "T"
		},
		{
			"ingre_name": "설탕",
			"ingre_count": "1",
			"ingre_unit": "T"
		},
		{
			"ingre_name": "올리고당",
			"ingre_count": "1",
			"ingre_unit": "T"
		},
		{
			"ingre_name": "고추가루",
			"ingre_count": "1",
			"ingre_unit": "T"
		},
		{
			"ingre_name": "MSG",
			"ingre_count": "1",
			"ingre_unit": "T"
		},
		{
			"ingre_name": "후추",
			"ingre_count": "",
			"ingre_unit": "약간"
		}
	],
	"recipe": [
		"1. 먼저.. 떡볶이떡과 어묵을 준비해주시는데요~~",
		"2. 어묵은 먹기좋게 썰고.. 양파도 굵직하게 채썰어 준비합니다~",
		"3. 달군팬에 오일을 넣고 고추장을 넣은후 고추장을 먼저 달달 볶아주세요~~ 일반 떡볶이 만드는거랑 조금 달랐어요.. 보통은 육수에 고추장을 풀어서 만든데요.. 신동엽이 알려준 레시피에는 고추장을 볶아서 만들더라구요~~^^",
		"4. 고추장을 살짝 볶아주다가 떡볶이떡을 넣고 양파를 넣어 역시 달달 볶아주세요~",
		"5. 물을 한컵 부어넣은후 다진마늘, 설탕, 올리고당, 고추가루, 후추, 연두에센스를 넣어 양념을 해주었답니다~~ TV레시피에는 조미료를 넣어주라고 하던데 우리집에는 조미료가 없어서 연두에센스를 넣어주었어요~^^",
		"6. 한소끔 끓기 시작하면 어묵과 달걀, 대파를 넣어 중약불에서 끓여주세요~~",
		"7. 완성된 국물떡볶이에요~~^^ 시장에서 파는 양념이 진한 떡볶이 있지요? 딱 그런 느낌의 떡볶이가 완성되었답니다~~~"
	],
	"recipe_img": [
		"https://recipe1.ezmember.co.kr/cache/recipe/2015/04/04/4fd12658a2805f80444e66829ce81e261.jpg",
		"https://recipe1.ezmember.co.kr/cache/recipe/2015/04/04/28642d64b413c267c10fb0f426143bff1.jpg",
		"https://recipe1.ezmember.co.kr/cache/recipe/2015/04/04/50349ed7ce4ed3188c49de661fc084dd1.jpg",
		"https://recipe1.ezmember.co.kr/cache/recipe/2015/04/04/14e29da7633de7d4390128373bd073951.jpg",
		"https://recipe1.ezmember.co.kr/cache/recipe/2015/04/04/3b5f44e38faef3eecb371c14300c7a7d1.jpg",
		"https://recipe1.ezmember.co.kr/cache/recipe/2015/04/04/108309b2e6809c46d7af58e18237b2b81.jpg",
		"https://recipe1.ezmember.co.kr/cache/recipe/2015/04/04/23f4458223bd8d4b206e93509c4d6c191.jpg"
	],
	"tag": [
		"간식, 국물떡볶이, 떡, 떡볶이, 밥+죽+떡, 쌀"
	]
}