{
	"id": "6414590",
	"name": "오징어볶음 덮밥",
	"thumbnail": "https://recipe1.ezmember.co.kr/cache/recipe/2015/04/04/0bcd2184bf6c6c9c073693cb81163d021.jpg",
	"url": "https://www.10000recipe.com/recipe/6414590",
	"ingredient_ids": [
		10107,
		8676,
		42888,
		8386,
		8824,
		8316,
		51684
	],
	"time": "60",
	"ingre_list": [
		{
			"ingre_name": "오징어",
			"ingre_count": "1",
			"ingre_unit": "마리"
		},
		{
			"ingre_name": "양파",
			"ingre_count": "1/4",
			"ingre_unit": "개"
		},
		{
			"ingre_name": "양배추",
			"ingre_count": "",
			"ingre_unit": ""
		},
		{
			"ingre_name": "당근",
			"ingre_count": "",
			"ingre_unit": ""
		},
		{
			"ingre_name": "대파",
			"ingre_count": "1/2",
			"ingre_unit": "대"
		},
		{
			"ingre_name": "청양고추",
			"ingre_count": "1",
			"ingre_unit": "개"
		},
		{
			"ingre_name": "식용유",
			"ingre_count": "1",
			"ingre_unit": "T"
		}
	],
	"sauce_list": [
		{
			"ingre_name": "고추장",
			"ingre_count": "1",
			"ingre_unit": "T"
		},
		{
			"ingre_name": "고춧가루",
			"ingre_count": "1",
			"ingre_unit": "T"
		},
		{
			"ingre_name": "다진마늘",
			"ingre_count": "1",
			"ingre_unit": "작은술"
		},
		{
			"ingre_name": "굴소스",
			"ingre_count": "1",
			"ingre_unit": "작은술"
		},
		{
			"ingre_name": "참기름",
			"ingre_count": "1",
			"ingre_unit": "T"
		},
		{
			"ingre_name": "간장",
			"ingre_count": "1",
			"ingre_unit": "작은술"
		},
		{
			"ingre_name": "생강가루",
			"ingre_count": "",
			"ingre_unit": "약간"
		},
		{
			"ingre_name": "후추가루",
			"ingre_count": "",
			"ingre_unit": ""
		},
		{
			"ingre_name": "올리고당",
			"ingre_count": "1",
			"ingre_unit": "T"
		},
		{
			"ingre_name": "참깨",
			"ingre_count": "",
			"ingre_unit": ""
		},
		{
			"ingre_name": "녹말물",
			"ingre_count": "50",
			"ingre_unit": "ml"
		}
	],
	"recipe": [
		"1. 양배추와 양파는 송송~ 당근은 조금 얇게 청양고추와 대파는 어슷썰어 주세요.",
		"2. 껍질을 벗겨내고 내장도 제거한 후 깨끗히 씻어 먹기 좋은 크기로 썰어 줍니다.",
		"3. 분량의 만능양념장도 미리 만들어 두세요.",
		"4. 달궈진 팬에 기름을 두른 후 센불에서 오징어와 당근을 넣어 한 번 볶아 주세요.",
		"5. 오징어가 어느정도 익고 나면 양파와 양배추 그리고 청양고추를 넣어 볶아 줍니다.",
		"6. 여기에 양념장을 넣어 재빨리 볶아 준 후",
		"7. 양념이 골고루 섞였을즈음 녹말물을 넣어 걸쭉하게 끓여 줍니다.",
		"8. 마지막으로 참깨와 대파를 넣어 마무리 해주세요. 조금 달콤하게 드시고 싶다면 올리고당을 조금 더 가첨하시고 매운맛을 즐기고 싶다면 고춧가루의 양을 늘리세요."
	],
	"recipe_img": [
		"https://recipe1.ezmember.co.kr/cache/recipe/2015/04/04/4596a125fc254352b94f88663958e3411.jpg",
		"https://recipe1.ezmember.co.kr/cache/recipe/2015/04/04/c1a3cc443282ba0e454ef93ad44f8f6e1.jpg",
		"https://recipe1.ezmember.co.kr/cache/recipe/2015/04/04/eb7b014dfbff33eb22e531781f350a551.jpg",
		"https://recipe1.ezmember.co.kr/cache/recipe/2015/04/04/a04c7157af0a1cf9374f834bf07f65051.jpg",
		"https://recipe1.ezmember.co.kr/cache/recipe/2015/04/04/6de0a82f7a074f9463a42100752f44a31.jpg",
		"https://recipe1.ezmember.co.kr/cache/recipe/2015/04/04/d31ed445b0c8116d359a58076b4a3b871.jpg",
		"https://recipe1.ezmember.co.kr/cache/recipe/2015/04/04/aa754fbce8a2b9bc2a8f913e53177e301.jpg",
		"https://recipe1.ezmember.co.kr/cache/recipe/2015/04/04/4b9b8200d71bfdf8d311d934fc8713841.jpg"
	],
	"tag": [
		"덮밥, 오징어, 오징어덮밥, 오징어볶음, 해물류"
	]
}