{
	"id": "6418895",
	"name": "두부강된장 만드는법",
	"thumbnail": "https://recipe1.ezmember.co.kr/cache/recipe/2015/03/12/1f56de649412173463c467ee2287ca1b1.jpg",
	"url": "https://www.10000recipe.com/recipe/6418895",
	"ingredient_ids": [
		8158,
		8676,
		8316,
		8855,
		8386,
		8913
	],
	"time": "30",
	"ingre_list": [
		{
			"ingre_name": "두부",
			"ingre_count": "2/3",
			"ingre_unit": "모"
		},
		{
			"ingre_name": "양파",
			"ingre_count": "1/2",
			"ingre_unit": "개"
		},
		{
			"ingre_name": "청양고추",
			"ingre_count": "3",
			"ingre_unit": "개"
		},
		{
			"ingre_name": "애호박",
			"ingre_count": "",
			"ingre_unit": ""
		},
		{
			"ingre_name": "당근",
			"ingre_count": "",
			"ingre_unit": ""
		},
		{
			"ingre_name": "새송이버섯",
			"ingre_count": "1/2",
			"ingre_unit": "개"
		}
	],
	"sauce_list": [
		{
			"ingre_name": "된장",
			"ingre_count": "3",
			"ingre_unit": "T"
		},
		{
			"ingre_name": "고추장",
			"ingre_count": "2/3",
			"ingre_unit": "T"
		},
		{
			"ingre_name": "다진마늘",
			"ingre_count": "1",
			"ingre_unit": "T"
		},
		{
			"ingre_name": "참기름",
			"ingre_count": "1",
			"ingre_unit": "T"
		},
		{
			"ingre_name": "다시마육수",
			"ingre_count": "1/2",
			"ingre_unit": "컵"
		}
	],
	"recipe": [
		"1. 두부는 잘게 송송 썰어 준비 합니다.",
		"2. 애호박과 당근, 양파와 버섯 그리고 청양고추까지 조금 잘게 썰어 주세요.",
		"3. 고추와 두부를 제외한 채소에 된장 3큰술, 고추장 그리고 다진마늘과 참기름을 넣고 조물조물 버무려줍니다.",
		"4. 센불에서 살짝 볶아주세요. 바닥에 눌러붙거나 양념이 타지 않게 조심해서 저어가며 볶아줍니다.",
		"5. 채소양념을 살짝 볶아낸 후 청양고추와 두부를 넣습니다.",
		"6. 여기에 다시마육수 1/2컵을 넣어 바글바글 끓여 주세요.센불에서 끓인 후 중불로 조절하여 뚜껑을 덮고 충분히 조려 주시면 된답니다."
	],
	"recipe_img": [
		"https://recipe1.ezmember.co.kr/cache/recipe/2015/04/08/21acab48563a69be2b2c1b9d0530f8441.jpg",
		"https://recipe1.ezmember.co.kr/cache/recipe/2015/04/08/cc471eea98db56df50ffc9f7e49140691.jpg",
		"https://recipe1.ezmember.co.kr/cache/recipe/2015/04/08/57a96d82f6c8f42ff122c4f8914778211.jpg",
		"https://recipe1.ezmember.co.kr/cache/recipe/2015/04/08/06bbcadee64bba6fecf56f929eb8b4da1.jpg",
		"https://recipe1.ezmember.co.kr/cache/recipe/2015/04/08/c9c5f067734f9b0da76d71628a0d862a1.jpg",
		"https://recipe1.ezmember.co.kr/cache/recipe/2015/04/08/6454b48d98207f4952674aae291d16ea1.jpg"
	],
	"tag": [
		"강된장, 김치+젓갈+장류, 끓이기, 두부, 콩+견과류"
	]
}