{
	"id": "6424531",
	"name": "무들깨찜",
	"thumbnail": "https://recipe1.ezmember.co.kr/cache/recipe/2015/06/02/bfa5240be0b7f01aa0959a2706d365db1.jpg",
	"url": "https://www.10000recipe.com/recipe/6424531",
	"ingredient_ids": [
		8452
	],
	"time": "30",
	"ingre_list": [
		{
			"ingre_name": "무",
			"ingre_count": "600",
			"ingre_unit": "g"
		}
	],
	"sauce_list": [
		{
			"ingre_name": "들기름",
			"ingre_count": "5",
			"ingre_unit": "T"
		},
		{
			"ingre_name": "다진마늘",
			"ingre_count": "1",
			"ingre_unit": "T"
		},
		{
			"ingre_name": "소금",
			"ingre_count": "1",
			"ingre_unit": "T"
		},
		{
			"ingre_name": "물1+1/2컵",
			"ingre_count": "1+1/2",
			"ingre_unit": "컵"
		},
		{
			"ingre_name": "들깨가루",
			"ingre_count": "6",
			"ingre_unit": "T"
		},
		{
			"ingre_name": "국간장",
			"ingre_count": "1",
			"ingre_unit": "T"
		}
	],
	"recipe": [
		"1. 먼저 무는 0.5mm 두께로 슬라이스 한 후 다시 0.5mm 두께로 채 썰어 준비한 후, 소금을 넣고 버무려 10분 정도 절여줍니다.",
		"2. 무가 부러지지 않고 휘면 잘 절여진거에요. 체에 받쳐 물기를 빼주세요.",
		"3. 오목한 팬을 준비한 후 들기름 4숟갈을 넣고 소금에 절인 무와 다진마늘을 넣어 2분 정도 달달 볶아줍니다.",
		"4. 분량의 물을 부어넣고 들깨가루와 국간장을 넣어 뒤적여준 후 끓기시작하면 뚜껑을 덮어 3분 정도 익혀주다가 뚜껑을 열고 1분 정도 익혀줍니다.",
		"5. 불을 끈 후 들기름 1숟갈을 넣고 뒤적이면 완성이에요."
	],
	"recipe_img": [
		"https://recipe1.ezmember.co.kr/cache/recipe/2015/06/02/20e956cadd78715e9fd379b8483c22081.jpg",
		"https://recipe1.ezmember.co.kr/cache/recipe/2015/06/02/afd2a0a4f409fa357eb8b416e258549b1.jpg",
		"https://recipe1.ezmember.co.kr/cache/recipe/2015/06/02/d4284949414c4953bac7b91baf08798c1.jpg",
		"https://recipe1.ezmember.co.kr/cache/recipe/2015/06/02/2585c8edd51dd93dd43b7043f174f4fc1.jpg",
		"https://recipe1.ezmember.co.kr/cache/recipe/2015/06/02/0dbaf37575590ff95106b3a2c2a144021.jpg"
	],
	"tag": [
		"영양식, 찜"
	]
}