{
	"id": "6473692",
	"name": "요거트초코볼쿠키",
	"thumbnail": "https://recipe1.ezmember.co.kr/cache/recipe/2015/06/02/1f2e7205035bbe89e3012e8285cab4c81.jpg",
	"url": "https://www.10000recipe.com/recipe/6473692",
	"ingredient_ids": [
		20037,
		51687,
		8053,
		51699,
		8251,
		51729
	],
	"time": "60",
	"ingre_list": [
		{
			"ingre_name": "플레인요거트",
			"ingre_count": "80",
			"ingre_unit": "g"
		},
		{
			"ingre_name": "박력분",
			"ingre_count": "120",
			"ingre_unit": "g"
		},
		{
			"ingre_name": "옥수수전분",
			"ingre_count": "60",
			"ingre_unit": "g"
		},
		{
			"ingre_name": "베이킹파우더",
			"ingre_count": "2",
			"ingre_unit": "g"
		},
		{
			"ingre_name": "호두",
			"ingre_count": "20",
			"ingre_unit": "g"
		},
		{
			"ingre_name": "초코칩",
			"ingre_count": "20",
			"ingre_unit": "g"
		}
	],
	"sauce_list": [
		{
			"ingre_name": "포도씨유",
			"ingre_count": "40",
			"ingre_unit": "g"
		},
		{
			"ingre_name": "설탕",
			"ingre_count": "70",
			"ingre_unit": "g"
		},
		{
			"ingre_name": "소금",
			"ingre_count": "1",
			"ingre_unit": "T"
		}
	],
	"recipe": [
		"1. 호두는 고소한 맛이 나도록 오븐이나팬에 살짝 구워 식혀서 비닐봉투에 넣어 밀대로 밀어주세요~오븐",
		"2. 그릇에 포도씨유와 설탕을 넣어 섞은 뒤, 플레인 요거트와 박력분, 옥수수 전분, 베이킹파우더를 체에 내려 넣어줍니다. 그 뒤 소금과 호두 초코칩을 넣어 섞어줍니다.",
		"3. 반죽을 떼어 지름1~1.5cm정도 크키로 동그랗게 만들어주세요",
		"4. 오븐팬에 시트를 깔고 올려주시고 오븐 170도 10~15분 구워주세요"
	],
	"recipe_img": [
		"https://recipe1.ezmember.co.kr/cache/recipe/2015/06/02/7aab67caaa56422c9f822f9f08f734a61.jpg",
		"https://recipe1.ezmember.co.kr/cache/recipe/2015/06/02/e56e35afa6bf855cc20640ed7d9f8ed91.jpg",
		"https://recipe1.ezmember.co.kr/cache/recipe/2015/06/02/7f73cb199f7f2ce7d43018c5271a8b491.jpg",
		"https://recipe1.ezmember.co.kr/cache/recipe/2015/06/02/08975e126fa6f2961504e71ecd8db5da1.jpg"
	],
	"tag": [
		"볼, 요거트, 초코쿠키, 쿠키"
	]
}