{
	"id": "6487866",
	"name": "덮밥요리 어묵 양파덮밥",
	"thumbnail": "https://recipe1.ezmember.co.kr/cache/recipe/2015/03/26/c000a4b12609054b28db762d82c161891.jpg",
	"url": "https://www.10000recipe.com/recipe/6487866",
	"ingredient_ids": [
		8676,
		10136
	],
	"time": "15",
	"ingre_list": [
		{
			"ingre_name": "양파",
			"ingre_count": "1/2",
			"ingre_unit": "개"
		},
		{
			"ingre_name": "어묵",
			"ingre_count": "1/2",
			"ingre_unit": "장"
		}
	],
	"sauce_list": [
		{
			"ingre_name": "고추장",
			"ingre_count": "1",
			"ingre_unit": ""
		},
		{
			"ingre_name": "다진마늘",
			"ingre_count": "1/2",
			"ingre_unit": ""
		},
		{
			"ingre_name": "간장",
			"ingre_count": "1/2",
			"ingre_unit": ""
		},
		{
			"ingre_name": "맛술",
			"ingre_count": "1",
			"ingre_unit": ""
		},
		{
			"ingre_name": "올리고당",
			"ingre_count": "1/2",
			"ingre_unit": ""
		},
		{
			"ingre_name": "통깨",
			"ingre_count": "",
			"ingre_unit": ""
		}
	],
	"recipe": [
		"1. 어묵은 반장정도반 양파도 딱 반개만 썰어서 준비해 주었습니다.",
		"2. 양념장은 고추장1, 간장0.5, 다진마늘0.5, 맛술1, 올리고당0.5 넣어주었습니다. 1인분이라 조금조금씩 넣었네요^^",
		"3. 먼저 팬에 기름을 두르고 양파를 충분히 익혀줍니다. 양파가 푹 익어야 단맛이 나는 맛있는 양파덮밥이 완성이 됩니다",
		"4. 그다음 어묵넣고 만들어둔 양념장 넣고 휘리릭 한번더 볶아주면 완성입니다.^^",
		"5. 마지막으로 계란후라이 반숙으로 올려주세요 고추장 양념이라 다소 강할수 있는 맛을 부드럽게 잡아줍니다.^^"
	],
	"recipe_img": [
		"https://recipe1.ezmember.co.kr/cache/recipe/2015/03/26/f18fdad8b9b5fb973107e5e10abb66621.jpg",
		"https://recipe1.ezmember.co.kr/cache/recipe/2015/03/26/e471d1d8a521085d421ade27952a5e3e1.jpg",
		"https://recipe1.ezmember.co.kr/cache/recipe/2015/03/26/8c35ea0c35f1792e1e26478d4839f9791.jpg",
		"https://recipe1.ezmember.co.kr/cache/recipe/2015/03/26/f5411d30a24def66fb8e56430a98d9da1.jpg",
		"https://recipe1.ezmember.co.kr/cache/recipe/2015/03/26/2dd21cbf235c1854f0b748d42ac9a77c1.jpg"
	],
	"tag": [
		"덮밥"
	]
}