{
	"id": "6490469",
	"name": "버섯개장 만들기",
	"thumbnail": "https://recipe1.ezmember.co.kr/cache/recipe/2015/05/31/c6235c08d97f5fd26761460231b2ec6f1.jpg",
	"url": "https://www.10000recipe.com/recipe/6490469",
	"ingredient_ids": [
		8873,
		8614,
		8824,
		8676
	],
	"time": "60",
	"ingre_list": [
		{
			"ingre_name": "느타리버섯",
			"ingre_count": "",
			"ingre_unit": ""
		},
		{
			"ingre_name": "숙주나물",
			"ingre_count": "",
			"ingre_unit": ""
		},
		{
			"ingre_name": "대파",
			"ingre_count": "3",
			"ingre_unit": "대"
		},
		{
			"ingre_name": "양파",
			"ingre_count": "",
			"ingre_unit": "약간"
		}
	],
	"sauce_list": [
		{
			"ingre_name": "고춧가루",
			"ingre_count": "4",
			"ingre_unit": "T"
		},
		{
			"ingre_name": "굴소스",
			"ingre_count": "2",
			"ingre_unit": "T"
		},
		{
			"ingre_name": "국간장",
			"ingre_count": "5",
			"ingre_unit": "T"
		},
		{
			"ingre_name": "다진마늘",
			"ingre_count": "1",
			"ingre_unit": "T"
		},
		{
			"ingre_name": "참기름",
			"ingre_count": "1",
			"ingre_unit": "T"
		},
		{
			"ingre_name": "후추가루",
			"ingre_count": "",
			"ingre_unit": "약간"
		}
	],
	"recipe": [
		"1. 먼저 건새우와 멸치, 다시마를 넣고 육수를 우려내 줍니다. 센불에서 끓이되 끓기 시작하고 약 5분 후 다시마는 미리 건져낸 후 다머지만 약 10분간 충분히 끓여 주세요.",
		"2. 양파는 약간만 채썰어 준비하고 대파는 손가락정도의 길이에 4등분해서 준비했어요. 느타리버섯은 결대로 손으로 찢어 주시면 된답니다. 느타리버섯은 미리 데친 후 사용해 주세요.",
		"3. 데쳐낸 느타리버섯과 대파, 그리고 양파를 큰 볼에 담아낸 후 분량의 버섯개장 양념장을 넣어 조물조물 무쳐 줍니다.",
		"4. 육수가 끓고 나면, 육수 재료는 모두 건져내고 양념한 재료들을 넣어 한소끔 팔팔 끓여 주세요.",
		"5. 약 7분간 끓여준 후 숙주나물을 넣어 3분간 더 끓여 줍니다. 계란 1개를 깨뜨려 넣어 주셔도 좋아요."
	],
	"recipe_img": [
		"https://recipe1.ezmember.co.kr/cache/recipe/2015/05/31/677c6021fdea23dcc589a094c22321941.jpg",
		"https://recipe1.ezmember.co.kr/cache/recipe/2015/05/31/072bbf300e704a22ab9b91414558964b1.jpg",
		"https://recipe1.ezmember.co.kr/cache/recipe/2015/05/31/48d87379f7c60c6b9fba99e4cf3ed7451.jpg",
		"https://recipe1.ezmember.co.kr/cache/recipe/2015/05/31/965a5b4a2e4de5a30f8130d6f5f0337f1.jpg",
		"https://recipe1.ezmember.co.kr/cache/recipe/2015/05/31/cec2f4b9126d0b31f7143fae7eeac4781.jpg"
	],
	"tag": [
		"국+탕, 끓이기, 버섯, 일상, 채소류"
	]
}