{
	"id": "6492733",
	"name": "아삭이고추 된장무침",
	"thumbnail": "https://recipe1.ezmember.co.kr/cache/recipe/2015/03/31/108abedc09eeb5b5656a56a6b5b80db21.jpg",
	"url": "https://www.10000recipe.com/recipe/6492733",
	"ingredient_ids": [
		51695
	],
	"time": "15",
	"ingre_list": [
		{
			"ingre_name": "아삭이고추",
			"ingre_count": "12",
			"ingre_unit": "개"
		}
	],
	"sauce_list": [
		{
			"ingre_name": "된장",
			"ingre_count": "2",
			"ingre_unit": "T"
		},
		{
			"ingre_name": "마늘",
			"ingre_count": "",
			"ingre_unit": ""
		},
		{
			"ingre_name": "통깨",
			"ingre_count": "",
			"ingre_unit": ""
		},
		{
			"ingre_name": "참기름",
			"ingre_count": "",
			"ingre_unit": ""
		}
	],
	"recipe": [
		"1. 아삭이고추를 먹기 좋은 크기로 썰어 볼에 담고",
		"2. 된장, 마늘, 통깨, 참기름을 넣고 조물조물 무쳐주세요",
		"3. 집된장은 짤 수 있으니 양을 줄여서 넣고 꿀을 조금 넣으면 맛있답니다"
	],
	"recipe_img": [
		"https://recipe1.ezmember.co.kr/cache/recipe/2015/03/31/c252fc3c4301b17ef4abc737330df7631.jpg",
		"https://recipe1.ezmember.co.kr/cache/recipe/2015/03/31/02cc5a7537ba009d9214e88fcf89580e1.jpg",
		"https://recipe1.ezmember.co.kr/cache/recipe/2015/03/31/995808df2786195e7896e9069e9afd911.jpg"
	],
	"tag": [
		"무침"
	]
}