{
	"id": "6493844",
	"name": "콩나물 잡채 만들기~ ",
	"thumbnail": "https://recipe1.ezmember.co.kr/cache/recipe/2015/03/26/f0752a5563c204a6365cbdbc962d37731.jpg",
	"url": "https://www.10000recipe.com/recipe/6493844",
	"ingredient_ids": [
		8035,
		8792
	],
	"time": "30",
	"ingre_list": [
		{
			"ingre_name": "당면",
			"ingre_count": "1",
			"ingre_unit": "줌"
		},
		{
			"ingre_name": "콩나물",
			"ingre_count": "1",
			"ingre_unit": "봉지"
		}
	],
	"sauce_list": [
		{
			"ingre_name": "대파",
			"ingre_count": "",
			"ingre_unit": ""
		},
		{
			"ingre_name": "다진마늘",
			"ingre_count": "",
			"ingre_unit": ""
		},
		{
			"ingre_name": "간장",
			"ingre_count": "",
			"ingre_unit": ""
		},
		{
			"ingre_name": "고추가루",
			"ingre_count": "",
			"ingre_unit": ""
		}
	],
	"recipe": [
		"1. 먼저 해야 할일, 콩나물을 다듬으면서 물을 끓여 주세요,, 시간 절약이 된답니다. ㅎㅎㅎ",
		"2. 콩나물이 물속에 들어가 뜨거운 물과 사랑에 빠지길 기다리시면서 전 대파를 총총총 썰어 놓습니다.",
		"3. 물이 끓으면 콩나물을 넣고 살짝 데쳐주면 되겠죠. ㅎㅎㅎ",
		"4. 당면도 같이 삶아 주세요... 약 6분간 ...... 요리용 타이머로 시간을 체크하셔도 좋아요...",
		"5. 잘 데쳐진 당면이죠... 전 데쳐진 당면을 바로 사용합니다. 물기만 빼구요.. ㅎㅎㅎ",
		"6. 잘 삶아진 당면을 볶음팬에 넣고, 식용유와 간장, 다진마늘, 대파를 넣어주세요...",
		"7. 그리곤 살짝 볶아 주심 되어요....",
		"8. 그런 다음 콩나물을 넣어 버무려 주심됩니다. 이때, 고추가루와, 꿀 내지는 설탕, 소금도 살짝 첨가해주세요...",
		"9. 저희는 살짝 매콤하게 먹는 편이라 고추가루를 많이 사용을 합니다. 그리고 마지막엔 참기름 살짝도 잊지 마시구요 ㅎㅎㅎ",
		"10. 이쁜접시에 담아 내면 되겠죠.. 간단한 저녁반찬.... 나름 괜찮지 않나요???"
	],
	"recipe_img": [
		"https://recipe1.ezmember.co.kr/cache/recipe/2015/03/26/30f260994eec90f700a444a3de0f2e0d1.jpg",
		"https://recipe1.ezmember.co.kr/cache/recipe/2015/03/26/d71338d92391d3af66b59ff2116e05201.jpg",
		"https://recipe1.ezmember.co.kr/cache/recipe/2015/03/26/e5fa16fa05361dc44ad0f92b1d6ffd271.jpg",
		"https://recipe1.ezmember.co.kr/cache/recipe/2015/03/26/e6b2ee8764b11ef4d5b7747afb7a030f1.jpg",
		"https://recipe1.ezmember.co.kr/cache/recipe/2015/03/26/38b0f137f1b5f11798141d59ab8c83e21.jpg",
		"https://recipe1.ezmember.co.kr/cache/recipe/2015/03/26/df0aedb3ecc03d2a972f877a8cc068651.jpg",
		"https://recipe1.ezmember.co.kr/cache/recipe/2015/03/26/6fd3dcef0d3d10f5f6a4827659189bab1.jpg",
		"https://recipe1.ezmember.co.kr/cache/recipe/2015/03/26/5dc9c02e12a22a44819c21c456088d911.jpg",
		"https://recipe1.ezmember.co.kr/cache/recipe/2015/03/26/4d5515888958c493c9aef47415bb19ac1.jpg",
		"https://recipe1.ezmember.co.kr/cache/recipe/2015/03/26/8bc7bf424372ee7021711d4dc6ce43711.jpg"
	],
	"tag": [
		"나물, 잡채"
	]
}