{
	"id": "6506379",
	"name": "얼큰 소고기 버섯전골 ",
	"thumbnail": "https://recipe1.ezmember.co.kr/cache/recipe/2015/05/21/27f0f6c1e54199bba359e1a666390d5c1.jpg",
	"url": "https://www.10000recipe.com/recipe/6506379",
	"ingredient_ids": [
		9306,
		8493,
		8873,
		8913,
		8922,
		8824,
		8676,
		51700
	],
	"time": "60",
	"ingre_list": [
		{
			"ingre_name": "소고기",
			"ingre_count": "150",
			"ingre_unit": "g"
		},
		{
			"ingre_name": "배추",
			"ingre_count": "5~6장",
			"ingre_unit": "장"
		},
		{
			"ingre_name": "느타리버섯",
			"ingre_count": "",
			"ingre_unit": ""
		},
		{
			"ingre_name": "새송이버섯",
			"ingre_count": "",
			"ingre_unit": ""
		},
		{
			"ingre_name": "표고버섯",
			"ingre_count": "",
			"ingre_unit": ""
		},
		{
			"ingre_name": "대파",
			"ingre_count": "",
			"ingre_unit": ""
		},
		{
			"ingre_name": "양파",
			"ingre_count": "",
			"ingre_unit": ""
		},
		{
			"ingre_name": "깻잎",
			"ingre_count": "",
			"ingre_unit": ""
		}
	],
	"sauce_list": [
		{
			"ingre_name": "고추장",
			"ingre_count": "1",
			"ingre_unit": "T"
		},
		{
			"ingre_name": "고추가루",
			"ingre_count": "2",
			"ingre_unit": "T"
		},
		{
			"ingre_name": "새우젓",
			"ingre_count": "1",
			"ingre_unit": "T"
		},
		{
			"ingre_name": "국간장",
			"ingre_count": "2",
			"ingre_unit": "T"
		},
		{
			"ingre_name": "다진마늘",
			"ingre_count": "1",
			"ingre_unit": "T"
		}
	],
	"recipe": [
		"1. 멸치, 다시마, 무, 양파껍질 넣고 육수 준비해 주었습니다.",
		"2. 소고기는 좀 넉넉하게 양념했어요.",
		"3. 양념장을 만들어 주었습니다.",
		"4. 배추는 적당한 크기로 썰어주고 버섯도 먹기 좋은 크기로 잘라줍니다.  좋아하시는 버섯 여러가지 넣어서 만드시면 된답니다.",
		"5. 전골냄비에 양파를 바닥에 가장 먼저 깔아주었습니다.  그리고 준비한 재료를 차곡차곡 담아주었어요. 재료는 촘촘하게 담아주셔도 좋아요 끓이면 수분이 많이 빠지거든요.",
		"6. 준비해둔 재료에 육수를 자작하게 부어주세요. 너무 많이 붓지는 마세요. 야채와 버섯에서도 수분이 나온답니다.",
		"7. 육수넣고 준비해 둔 양념장2/3 정도 넣어 주었어요. 한꺼번에 너무 많이 넣으면 혹시 짜거나 할 수 있으니 양념장은 조금 조절하면서 넣어주세요.",
		"8. 마지막 간보시고 입맛에 맞게 간 조절해 주세요."
	],
	"recipe_img": [
		"https://recipe1.ezmember.co.kr/cache/recipe/2015/05/22/18bce05df8d8cf0aff379d3ff9cc6e0b1.jpg",
		"https://recipe1.ezmember.co.kr/cache/recipe/2015/05/22/37f799f1611bfd8e34d6a1a1d8ada2451.jpg",
		"https://recipe1.ezmember.co.kr/cache/recipe/2015/05/22/04c0c5c1d18fd7e6f7da2e4a4737253b1.jpg",
		"https://recipe1.ezmember.co.kr/cache/recipe/2015/05/22/c25daccd1e95fd03414ff5366f9ee53d1.jpg",
		"https://recipe1.ezmember.co.kr/cache/recipe/2015/05/22/a63b105befe0cd38dab5759afed3366b1.jpg",
		"https://recipe1.ezmember.co.kr/cache/recipe/2015/05/22/cb96ce4ee5191af0eb69273e26c763171.jpg",
		"https://recipe1.ezmember.co.kr/cache/recipe/2015/05/22/98eee320df476734311d851239488c191.jpg",
		"https://recipe1.ezmember.co.kr/cache/recipe/2015/05/22/70fdc7d833d47a3d275f70e7e0a4684b1.jpg"
	],
	"tag": [
		"국+탕, 버섯, 버섯전골, 소고기, 표고버섯"
	]
}