{
	"id": "6513023",
	"name": "스팸 마요 덮밥",
	"thumbnail": "https://recipe1.ezmember.co.kr/cache/recipe/2015/04/09/74125558caea43778cca3445acda08d51.jpg",
	"url": "https://www.10000recipe.com/recipe/6513023",
	"ingredient_ids": [
		51704,
		9457,
		10230,
		51685,
		8676,
		18781
	],
	"time": "30",
	"ingre_list": [
		{
			"ingre_name": "스팸",
			"ingre_count": "1/2",
			"ingre_unit": "개"
		},
		{
			"ingre_name": "계란",
			"ingre_count": "3",
			"ingre_unit": "개"
		},
		{
			"ingre_name": "우유",
			"ingre_count": "40",
			"ingre_unit": "ml"
		},
		{
			"ingre_name": "밥",
			"ingre_count": "",
			"ingre_unit": ""
		},
		{
			"ingre_name": "양파",
			"ingre_count": "1",
			"ingre_unit": "개"
		},
		{
			"ingre_name": "마요네즈",
			"ingre_count": "",
			"ingre_unit": ""
		}
	],
	"sauce_list": [
		{
			"ingre_name": "간장",
			"ingre_count": "4",
			"ingre_unit": "T"
		},
		{
			"ingre_name": "설탕",
			"ingre_count": "1",
			"ingre_unit": "T"
		},
		{
			"ingre_name": "맛술",
			"ingre_count": "2",
			"ingre_unit": "T"
		},
		{
			"ingre_name": "다진마늘",
			"ingre_count": "1/2",
			"ingre_unit": "T"
		},
		{
			"ingre_name": "후춧가루",
			"ingre_count": "",
			"ingre_unit": ""
		},
		{
			"ingre_name": "물",
			"ingre_count": "3",
			"ingre_unit": "T"
		}
	],
	"recipe": [
		"1. 오늘의 메인재료입니다. 늘 집에 있는재료이니 더욱 만들기 부담없는 메뉴인거같아요^^",
		"2. 계란은 3개 스크램블 해주었어요 계란을 섞어줄때 우유를 약간 40ml정도 넣어주었어요 조금도 고소하고 부드러운 스크램블이 된답니다. 2인분 기준이지만 저는 넉넉하게 계란3개정도를 사용해요^^ 그래야 딱 맞게 플래이팅 되더라구요",
		"3. 양파한개는 적당히 채썰어서 준비해주세요",
		"4. 양념장 미리 만들어 두었습니다. 간장은 2인분 기준 4스푼 넣어주었어요 밥양에따라 다른데요 스팸이 들어가니 너무 짜지 않게 만들어주시는게 좋아요 저는 좀 심심하게 만들었어요 조금더 짭짤하게 하고싶다면 간장양을 5스푼으로 해주셔도 좋습니다.",
		"5. 팬에 기름을 두르고 양파를 볶아주세요",
		"6. 투명하게 볶아지면 만들어둔 양념장 넣고 양파를 푹 졸여주세요 양념장을 넣은뒤에는 불을 중불로 줄여서 조려주셔야 합니다. 양파속에 양념이 쏘옥 들어가도록 조려주면됩니다.",
		"7. 스팸을 적당하게 썰어주세요 반개는 약간 적고 스팸 작은통 2/3 정도 사용했어요",
		"8. 스팸은 기름을 두르지 않은 팬에서 구워서 준비해 줍니다.",
		"9. 재료준비는 끝났어요^^ 이제 접시에 담아볼께요",
		"10. 밥 담아주시고 계란은 접시 바깥쪽으로 둘러주니 좋더라구요 간장양념으로 푹 졸인 양파를 올려주세요",
		"11. 스팸 적당히 올려주시구요 이제 마요네즈만 뿌리면 되겠네요",
		"12. 마요네즈는 집에있는 아이들 약병을 활용했어요 약병에 마요네즈 넣고 뿌려주면 이쁘게 뿌려집니다 약병이 없다면 위생봉투에 마요네즈를 담고 구멍 작게뚫어서 뿌리면 이쁘게 뿌려진답니다.",
		"13. 마요네즈 뿌리고 완성!! 양파의 달콤짭조롬함과 스팸의 맛 계란, 마요네즈의 부드러운 맛이 어울리면서 정말 맛있네용^^"
	],
	"recipe_img": [
		"https://recipe1.ezmember.co.kr/cache/recipe/2015/04/09/5d7399216708bd6e2e15656049bc5f751.jpg",
		"https://recipe1.ezmember.co.kr/cache/recipe/2015/04/09/1952caff0db0d549b326eb7eb350cef81.jpg",
		"https://recipe1.ezmember.co.kr/cache/recipe/2015/04/09/e35c4c05d4c8769d9aa3ec85477049b71.jpg",
		"https://recipe1.ezmember.co.kr/cache/recipe/2015/04/09/9e3a9cac58083f25c961041c5e09d1ce1.jpg",
		"https://recipe1.ezmember.co.kr/cache/recipe/2015/04/09/835d3dfc9d5b9df987d9745a3c6a04211.jpg",
		"https://recipe1.ezmember.co.kr/cache/recipe/2015/04/09/1bf41ff9fcfa85d0c32cbe10e08b9b401.jpg",
		"https://recipe1.ezmember.co.kr/cache/recipe/2015/04/09/0154235bab46e09a3bd1655cac05a1b91.jpg",
		"https://recipe1.ezmember.co.kr/cache/recipe/2015/04/09/f80f56da1a6565d135c926580925777f1.jpg",
		"https://recipe1.ezmember.co.kr/cache/recipe/2015/04/09/c04065405e646015bd4838e78238939e1.jpg",
		"https://recipe1.ezmember.co.kr/cache/recipe/2015/04/09/2b30adcd8e599f583fbb45d302d943b81.jpg",
		"https://recipe1.ezmember.co.kr/cache/recipe/2015/04/09/8062ef109e13613336f46f2c8871eeca1.jpg",
		"https://recipe1.ezmember.co.kr/cache/recipe/2015/04/09/00955093d4688a2fb7809c7bd7f0b5471.jpg",
		"https://recipe1.ezmember.co.kr/cache/recipe/2015/04/09/cb7199ea5884cf5df1d888dd2774118e1.jpg"
	],
	"tag": [
		"가공식품류, 덮밥, 밥"
	]
}