{
	"id": "6540082",
	"name": "치킨마요덮밥 만들기",
	"thumbnail": "https://recipe1.ezmember.co.kr/cache/recipe/2015/03/26/2e34ec2f1b7de0e9921f2652b6b94e5a1.jpg",
	"url": "https://www.10000recipe.com/recipe/6540082",
	"ingredient_ids": [
		51685,
		18010,
		9457,
		8676,
		51722,
		18781
	],
	"time": "15",
	"ingre_list": [
		{
			"ingre_name": "밥",
			"ingre_count": "2",
			"ingre_unit": "공기"
		},
		{
			"ingre_name": "너겟",
			"ingre_count": "",
			"ingre_unit": ""
		},
		{
			"ingre_name": "계란",
			"ingre_count": "2",
			"ingre_unit": "개"
		},
		{
			"ingre_name": "양파",
			"ingre_count": "1/2",
			"ingre_unit": "개"
		},
		{
			"ingre_name": "김가루",
			"ingre_count": "",
			"ingre_unit": ""
		},
		{
			"ingre_name": "마요네즈",
			"ingre_count": "",
			"ingre_unit": ""
		}
	],
	"sauce_list": [
		{
			"ingre_name": "간장",
			"ingre_count": "4",
			"ingre_unit": "T"
		},
		{
			"ingre_name": "물",
			"ingre_count": "4",
			"ingre_unit": "T"
		},
		{
			"ingre_name": "올리고당",
			"ingre_count": "1",
			"ingre_unit": "T"
		},
		{
			"ingre_name": "다진마늘",
			"ingre_count": "1/2",
			"ingre_unit": "T"
		}
	],
	"recipe": [
		"1. 계란은 풀어서 후라이팬에 부어준다음 나무젓가락으로 긁어주듯 스크램블을 만들어 준비하고요.",
		"2. 쭉쭉 찢어놓은 닭고기는 약불에 노릇하게 구워주세요.  살짝 데워준다는 느낌으로~ 적당히~~",
		"3. 소스재료를 몽땅 냄비에 넣고 바글바글 끓이다가 채 썬 양파를 넣어서 졸여주세요. 양파가 완전히 익어서 흐물흐물거릴 때 까지~",
		"4. 그릇에 밥을 쫙 펴서 깔아준 다음, 계란 스크램블을 가장자리에 둘러주고 소스와 양파를 함께 올려주어요. 구운치킨도 양껏 올려주고요.",
		"5. 김가루와 마요네즈를 솔솔 뿌려주어요~"
	],
	"recipe_img": [
		"https://recipe1.ezmember.co.kr/cache/recipe/2015/04/08/44cda16ed2f3b2fa0010abfe3cb4f2f71.jpg",
		"https://recipe1.ezmember.co.kr/cache/recipe/2015/04/08/ba2ffb854d404ca1a826ca8ee08be9b11.jpg",
		"https://recipe1.ezmember.co.kr/cache/recipe/2015/04/08/20a99a7fedf34c2a9e9a0d93d1c5ab7f1.jpg",
		"https://recipe1.ezmember.co.kr/cache/recipe/2015/04/08/4cce3fcbcb3698c68d44563c10cb54f51.jpg",
		"https://recipe1.ezmember.co.kr/cache/recipe/2015/04/08/7ea146f0692aa7a7399791d061de4a991.jpg"
	],
	"tag": [
		"닭고기, 덮밥, 밥, 초스피드, 치킨, 치킨마요덮밥"
	]
}