{
	"id": "6541723",
	"name": "베이컨치즈토스트 만들기",
	"thumbnail": "https://recipe1.ezmember.co.kr/cache/recipe/2015/03/20/c3f21ae578764a7e8b242199a47370171.jpg",
	"url": "https://www.10000recipe.com/recipe/6541723",
	"ingredient_ids": [
		7883,
		9298,
		10238,
		9457,
		10267
	],
	"time": "30",
	"ingre_list": [
		{
			"ingre_name": "식빵",
			"ingre_count": "3",
			"ingre_unit": "장"
		},
		{
			"ingre_name": "베이컨",
			"ingre_count": "3",
			"ingre_unit": "줄"
		},
		{
			"ingre_name": "체다치즈",
			"ingre_count": "3",
			"ingre_unit": "장"
		},
		{
			"ingre_name": "계란",
			"ingre_count": "1",
			"ingre_unit": "개"
		},
		{
			"ingre_name": "버터",
			"ingre_count": "",
			"ingre_unit": "약간"
		}
	],
	"sauce_list": [],
	"recipe": [
		"1. 식빵은 갈색 테두리를 잘라주세요.",
		"2. 밀대로 가볍게 밀어 줍니다.",
		"3. 여기에 체다치즈 한 장 떡 하니 올려주고 돌돌~ 말아주세요.",
		"4. 말려진 식빵위에 베이컨을 말아주어 풀리는 걸 막아주세요.",
		"5. 계란물에 쏙~ 촉촉하게 해주세요. 베이컨만으로도 짭쪼름해서 간을 따로 하지 않았어요~",
		"6. 달궈진 팬에 버터를 두른 후 앞뒤로 노릇노릇하게 익혀주세요. 너무 센불에서 구워내면 베이컨이 익기 전에 계란 때문에 쉽게 타버리니 약불에서 서서히 안까지 익혀주세요."
	],
	"recipe_img": [
		"https://recipe1.ezmember.co.kr/cache/recipe/2015/04/08/1739eded53f28a05ea97370256f8f6ed1.jpg",
		"https://recipe1.ezmember.co.kr/cache/recipe/2015/04/08/39028975945f0dac7555fafbc9e804141.jpg",
		"https://recipe1.ezmember.co.kr/cache/recipe/2015/04/08/f17e22e441514729319d8ee96702ffd01.jpg",
		"https://recipe1.ezmember.co.kr/cache/recipe/2015/04/08/ed9f10c7900112fa0e162d6823b366c31.jpg",
		"https://recipe1.ezmember.co.kr/cache/recipe/2015/04/08/3e8b0403802f8f4797cd45cf6e58a0131.jpg",
		"https://recipe1.ezmember.co.kr/cache/recipe/2015/04/08/be910401c07dcea18d502421809334d71.jpg"
	],
	"tag": [
		"밀가루, 부침, 일상, 치즈토스트, 토스트"
	]
}