{
	"id": "6546195",
	"name": "고구마 앙금빵",
	"thumbnail": "https://recipe1.ezmember.co.kr/cache/recipe/2015/05/28/b278d31dc00a68509b3e89632d32ffd11.jpg",
	"url": "https://www.10000recipe.com/recipe/6546195",
	"ingredient_ids": [
		51683,
		9457,
		51742,
		51687,
		10267,
		8084,
		10438,
		20279,
		51792
	],
	"time": "2이상",
	"ingre_list": [
		{
			"ingre_name": "물",
			"ingre_count": "80",
			"ingre_unit": "ml"
		},
		{
			"ingre_name": "계란",
			"ingre_count": "60",
			"ingre_unit": "ml"
		},
		{
			"ingre_name": "강력분",
			"ingre_count": "220",
			"ingre_unit": "g"
		},
		{
			"ingre_name": "박력분",
			"ingre_count": "30",
			"ingre_unit": "g"
		},
		{
			"ingre_name": "버터",
			"ingre_count": "45",
			"ingre_unit": "g"
		},
		{
			"ingre_name": "설탕",
			"ingre_count": "40",
			"ingre_unit": "g"
		},
		{
			"ingre_name": "소금",
			"ingre_count": "4",
			"ingre_unit": "g"
		},
		{
			"ingre_name": "탈지분유",
			"ingre_count": "18",
			"ingre_unit": "g"
		},
		{
			"ingre_name": "인스턴트드라이이스트",
			"ingre_count": "3",
			"ingre_unit": "g"
		}
	],
	"sauce_list": [],
	"recipe": [
		"1. 반죽기에 버터를 제외한 모든 재료를 넣어줍니다. 오늘도 직접 성형할거라 9번 빵생지 기능을 이용할거예요. 반죽기 소리가 잠깐 멈추고 반죽이 한덩어리로 뭉쳐졌다 싶으면",
		"2. 버터를 넣고 다시 반죽 고고!",
		"3. 완성된 반죽은 1차발효를 위해 광파오븐 발효기능 고고! 오븐 온도 40도로 맞추고 스팀추가 하면 발효 잘 되더라구요.오븐",
		"4. 볼에 반죽 예쁘게 담아서 50분 발효.",
		"5. 1차발효까지 마친 빵반죽은 실리콘매트 위에 턱 올려주고 60g씩 분할해 줍니다. 총 9덩어리 나오더라구요.",
		"6. 매끈하게 둥글리기 해준 반죽들은 비닐덮어 상온에 15분정도 중간발효.",
		"7. 그사이 고구마 앙금을 만들어 줍니다. 너무 질척거리지 않게 적당히 농도 보며 우유 넣어주시면 되요.",
		"8. 앙금도 분할 해 주시구요.",
		"9. 중간발효 끝난 빵반죽은 밀대로 살살 밀어주고 반죽 가운데에 앙금을 넣어서 오므려 주세요.",
		"10. 원하는 모양으로 성형해주고 적당히 간격두어 팬닝해줍니다.",
		"11. 계란물 살살 발라서 2차발효하러 갑시다. 40분동안 2차발효 한번 더 해주고",
		"12. 2차발효가 되면 가운데 깨 살짝 뿌려주고 180도로 예열한 오븐에 15분간 구워주면 됩니다. 중간에 팬 한번 돌려주는거 잊지마시구요."
	],
	"recipe_img": [
		"https://recipe1.ezmember.co.kr/cache/recipe/2015/05/30/1bf815dd7f2cc4dc5beeb692bc5b03981.jpg",
		"https://recipe1.ezmember.co.kr/cache/recipe/2015/05/30/a2a69b4de78e583c5517f2450d1ac6381.jpg",
		"https://recipe1.ezmember.co.kr/cache/recipe/2015/05/30/8b67f9fd9d6fcc2b844f54b94d197fa11.jpg",
		"https://recipe1.ezmember.co.kr/cache/recipe/2015/05/30/0c16712951a8c85cf0fffbe0657e5e721.jpg",
		"https://recipe1.ezmember.co.kr/cache/recipe/2015/05/30/2031cd390d1498d53e669d5abd24b1931.jpg",
		"https://recipe1.ezmember.co.kr/cache/recipe/2015/05/30/8796444208dfc6c1b33645ea0e39c1ef1.jpg",
		"https://recipe1.ezmember.co.kr/cache/recipe/2015/05/30/c3d15525747cf92c849aa926b61666981.jpg",
		"https://recipe1.ezmember.co.kr/cache/recipe/2015/05/30/c44e3a9223df678fd883c57ef6bd112a1.jpg",
		"https://recipe1.ezmember.co.kr/cache/recipe/2015/05/30/57671be7bf558a2b3044964f0cd5c9911.jpg",
		"https://recipe1.ezmember.co.kr/cache/recipe/2015/05/30/dbbc6a6b13a68d9d9731c730cbef4d901.jpg",
		"https://recipe1.ezmember.co.kr/cache/recipe/2015/05/30/460fe6e901bc1394c0e0549480247bfa1.jpg",
		"https://recipe1.ezmember.co.kr/cache/recipe/2015/05/30/8cc726e75aa421df055ec9e89a7302841.jpg"
	],
	"tag": [
		"고구마, 밀가루, 빵"
	]
}