{
	"id": "6552558",
	"name": "콩나물 황태해장국",
	"thumbnail": "https://recipe1.ezmember.co.kr/cache/recipe/2015/06/08/3e34fd6fdcc97336109d8fed1c201c0a.jpg",
	"url": "https://www.10000recipe.com/recipe/6552558",
	"ingredient_ids": [
		51806,
		8452,
		8676,
		8792,
		9457,
		8316,
		51689
	],
	"time": "30",
	"ingre_list": [
		{
			"ingre_name": "황태채",
			"ingre_count": "1",
			"ingre_unit": "줌"
		},
		{
			"ingre_name": "무",
			"ingre_count": "1",
			"ingre_unit": "토막"
		},
		{
			"ingre_name": "양파",
			"ingre_count": "1/2",
			"ingre_unit": "개"
		},
		{
			"ingre_name": "콩나물",
			"ingre_count": "1/2",
			"ingre_unit": "봉지"
		},
		{
			"ingre_name": "계란",
			"ingre_count": "1",
			"ingre_unit": "개"
		},
		{
			"ingre_name": "청양고추",
			"ingre_count": "1",
			"ingre_unit": "개"
		},
		{
			"ingre_name": "홍고추",
			"ingre_count": "1",
			"ingre_unit": "개"
		}
	],
	"sauce_list": [
		{
			"ingre_name": "국간장",
			"ingre_count": "1",
			"ingre_unit": "T"
		},
		{
			"ingre_name": "참기름",
			"ingre_count": "1",
			"ingre_unit": "T"
		}
	],
	"recipe": [
		"1. 먼저 육수를 내줄거예요 멸치 한줌, 파뿌리1개, 다시마 1쪽, 양파 반개",
		"2. 황태채는 먹기좋은 크기로 잘라 물에 살짝 불려둡니다. 불린 황태채에 국간장 1T, 참기름 1T 넣고 조물조물 양념해둡니다.",
		"3. 냄비에 챔기름 두르고~",
		"4. 황태채를 먼저 넣고 달달 볶아주세요. 황태채가 꼬들꼬들해질때까지 볶아주시구요.",
		"5. 무랑 양파를 넣어줍니다. 미리 준비해준 육수도 부어주고, 맑은 콩나물 황태해장국을 위해 거품은 걷어내주세요.",
		"6. 콩나물 투하! 콩나물 넣을때는 뚜껑을 끝까지 닿고 있거나 아님 끝까지 열고 있거나 둘중 하나로만 조리하셔야 콩나물 비린내 안나는거 아시죠? 다진마늘도 넣어주고.. 홍고추, 청양고추 넣어주고",
		"7. 마지막 마무리는 계란으로!"
	],
	"recipe_img": [
		"https://recipe1.ezmember.co.kr/cache/recipe/2015/06/18/9625d5bfc39e74ead9c6ef867465c82b1.jpg",
		"https://recipe1.ezmember.co.kr/cache/recipe/2015/06/18/9037a582e6258391f262b2912f6d792d1.jpg",
		"https://recipe1.ezmember.co.kr/cache/recipe/2015/06/18/9b18eb675679ce4aae898807b72ef7901.jpg",
		"https://recipe1.ezmember.co.kr/cache/recipe/2015/06/18/ad9c70f14202b0cc43ba5367c0772bd21.jpg",
		"https://recipe1.ezmember.co.kr/cache/recipe/2015/06/18/f070269d60e5c46e6c958aeb71917d0a1.jpg",
		"https://recipe1.ezmember.co.kr/cache/recipe/2015/06/18/f1d4b9518089169be4c9c9f6c7081e921.jpg",
		"https://recipe1.ezmember.co.kr/cache/recipe/2015/06/18/5cb64aefc3f0ab5dbe239e8be6effd931.jpg"
	],
	"tag": [
		"건어물류, 국+탕, 나물, 콩나물국, 콩나물해장국, 해장국, 황태국, 황태콩나물해장국, 황태해장국"
	]
}