{
	"id": "6561166",
	"name": "새송이버섯구이 만드는 법",
	"thumbnail": "https://recipe1.ezmember.co.kr/cache/recipe/2015/05/22/3c18bebcc5b97f03aeacf33eb07f1c251.jpg",
	"url": "https://www.10000recipe.com/recipe/6561166",
	"ingredient_ids": [
		8913,
		51705
	],
	"time": "15",
	"ingre_list": [
		{
			"ingre_name": "새송이버섯",
			"ingre_count": "",
			"ingre_unit": ""
		},
		{
			"ingre_name": "다진파",
			"ingre_count": "",
			"ingre_unit": ""
		}
	],
	"sauce_list": [
		{
			"ingre_name": "버터",
			"ingre_count": "",
			"ingre_unit": "약간"
		},
		{
			"ingre_name": "간장",
			"ingre_count": "3",
			"ingre_unit": "T"
		},
		{
			"ingre_name": "다진마늘",
			"ingre_count": "",
			"ingre_unit": "약간"
		},
		{
			"ingre_name": "올리고당1+1/2T",
			"ingre_count": "1+1/2",
			"ingre_unit": "T"
		},
		{
			"ingre_name": "참기름",
			"ingre_count": "1",
			"ingre_unit": "T"
		}
	],
	"recipe": [
		"1. 버섯은 이렇게 슬라이스 해서 잘라주세요. 너무 얇지 않게 0.5cm 정도 두께로 잘라주면 적당한거같아요.",
		"2. 양념장을 만들어 주었답니다. 간장 3, 다진마늘, 올리고당, 참기름 1 넣었어요.",
		"3. 팬에 버터를 녹여주었습니다. 잘라주었던 버섯을 구워주세요. 앞뒤로 노릇하게 구워주시면 됩니다.",
		"4. 불을 줄이고 양념을 적당히 올려서 양념이 골고루 묻도록 구워주세요. 주의하실점은 불을 너무 쎄게 하면 양념이 많이 탈수 있으니 불을 중불로해서 양념을 조려주세요.  마지막에 다진파를 올려서 데코를 해주면 완성입니다!"
	],
	"recipe_img": [
		"https://recipe1.ezmember.co.kr/cache/recipe/2015/05/22/2bbd05068e6f2cec5216c5dbec9007b71.jpg",
		"https://recipe1.ezmember.co.kr/cache/recipe/2015/05/22/133c434a2870760a506807581604726c1.jpg",
		"https://recipe1.ezmember.co.kr/cache/recipe/2015/05/22/dd8d691b2eb6e69128fe07b3d578d32d1.jpg",
		"https://recipe1.ezmember.co.kr/cache/recipe/2015/05/22/c74f4d314c976ab6a7944174d40176dd1.jpg"
	],
	"tag": [
		"구이, 굽기, 밑반찬, 버섯, 버섯구이, 버섯류, 새송이버섯구이, 일상"
	]
}