{
	"id": "6588714",
	"name": "밥도둑 굴비감자조림",
	"thumbnail": "https://recipe1.ezmember.co.kr/cache/recipe/2015/05/26/201c405ac4804848a0d2e5e5dcefaf531.jpg",
	"url": "https://www.10000recipe.com/recipe/6588714",
	"ingredient_ids": [
		9860,
		7997,
		8316,
		8824
	],
	"time": "30",
	"ingre_list": [
		{
			"ingre_name": "굴비",
			"ingre_count": "3",
			"ingre_unit": "마리"
		},
		{
			"ingre_name": "감자",
			"ingre_count": "2",
			"ingre_unit": "개"
		},
		{
			"ingre_name": "청양고추",
			"ingre_count": "2",
			"ingre_unit": "개"
		},
		{
			"ingre_name": "대파",
			"ingre_count": "",
			"ingre_unit": "약간"
		}
	],
	"sauce_list": [
		{
			"ingre_name": "고추가루",
			"ingre_count": "1",
			"ingre_unit": "T"
		},
		{
			"ingre_name": "간장",
			"ingre_count": "1",
			"ingre_unit": "T"
		},
		{
			"ingre_name": "맛술",
			"ingre_count": "2",
			"ingre_unit": "T"
		},
		{
			"ingre_name": "다진마늘",
			"ingre_count": "1/2",
			"ingre_unit": "T"
		},
		{
			"ingre_name": "들기름",
			"ingre_count": "1",
			"ingre_unit": "T"
		},
		{
			"ingre_name": "후추가루",
			"ingre_count": "",
			"ingre_unit": "약간"
		},
		{
			"ingre_name": "물",
			"ingre_count": "2",
			"ingre_unit": "컵"
		}
	],
	"recipe": [
		"1. 굴비는 가위를 이용해 지느러미를 손질해준 다음 칼등으로 비늘을 제거하고 씻어주었답니다.",
		"2. 대파와 청양고추는 어슷썰어주고 껍질을 벗긴 감자는 도톰하게 3등분해주었어요.",
		"3. 고추가루 1큰술, 간장 1큰술, 맛술 2큰술, 다진마늘 1/2큰술, 들기름 1큰술, 후추가루 약간을 넣어 양념장을 만들어 주구요.",
		"4. 냄비바닥에 감자를 넣고 그위에 굴비를 올린다음 양념장과 대파, 청양고추를 넣어주고 물을 부어주셔요.",
		"5. 센불에 팔팔~ 끓으면 불을 중약불로 줄여 20여분간 은근하게 졸여주면 된답니다. 중간에 양념장을 굴비에 끼얹어주구요."
	],
	"recipe_img": [
		"https://recipe1.ezmember.co.kr/cache/recipe/2015/05/27/9a7fb7dd47431316cbee683570e61d8b1.jpg",
		"https://recipe1.ezmember.co.kr/cache/recipe/2015/05/27/459e359eb9069edf4a1b9176f7f97a531.jpg",
		"https://recipe1.ezmember.co.kr/cache/recipe/2015/05/27/c5f4133e51a1e14ac05d6420188fe84b1.jpg",
		"https://recipe1.ezmember.co.kr/cache/recipe/2015/05/27/a6fea24c79570d37edecc900050e74a31.jpg",
		"https://recipe1.ezmember.co.kr/cache/recipe/2015/05/27/cfe555c2823bd997e183193f3e0d9d621.jpg"
	],
	"tag": [
		"감자, 감자조림, 밑반찬, 일상, 조림, 해물류"
	]
}