{
	"id": "6595514",
	"name": "영양만점 치즈계란찜 ",
	"thumbnail": "https://recipe1.ezmember.co.kr/cache/recipe/2015/04/10/d23e7cb0e861e82fb5e0229f83490ea11.jpg",
	"url": "https://www.10000recipe.com/recipe/6595514",
	"ingredient_ids": [
		9457,
		51683,
		28988,
		8548,
		8386,
		51725,
		8855
	],
	"time": "15",
	"ingre_list": [
		{
			"ingre_name": "계란",
			"ingre_count": "1",
			"ingre_unit": "개"
		},
		{
			"ingre_name": "물",
			"ingre_count": "1/4",
			"ingre_unit": "컵"
		},
		{
			"ingre_name": "슬라이스치즈",
			"ingre_count": "1",
			"ingre_unit": "장"
		},
		{
			"ingre_name": "브로콜리",
			"ingre_count": "",
			"ingre_unit": ""
		},
		{
			"ingre_name": "당근",
			"ingre_count": "",
			"ingre_unit": ""
		},
		{
			"ingre_name": "버섯",
			"ingre_count": "",
			"ingre_unit": ""
		},
		{
			"ingre_name": "애호박",
			"ingre_count": "",
			"ingre_unit": "조금"
		}
	],
	"sauce_list": [
		{
			"ingre_name": "소금",
			"ingre_count": "1/3",
			"ingre_unit": "T"
		},
		{
			"ingre_name": "청주",
			"ingre_count": "1",
			"ingre_unit": "T"
		}
	],
	"recipe": [
		"1. 채소는 각각 잘게 다져서 준비합니다",
		"2. 계란 하나를 풀어주고 물과 소금,청주를 넣어주세요,  물과 계란의 비율은 계란 1 : 물 1",
		"3. 풀어놓은 계란물에 썰어둔 채소와 치즈를 넣어주세요",
		"4. 찜이 가능한 용기에 옮겨서 냄비에 쪄주셔도 되구요~",
		"5. 전자렌지를 사용할경우에는 랩을 덮고 2분간 돌려주세요.전자레인지",
		"6. 맛있는 치즈계란찜입니다"
	],
	"recipe_img": [
		"https://recipe1.ezmember.co.kr/cache/recipe/2015/04/10/973d252f679b6a5e745f129fad5855411.jpg",
		"https://recipe1.ezmember.co.kr/cache/recipe/2015/04/10/c805980e1b50c0fd7d2322a7fe2db2a71.jpg",
		"https://recipe1.ezmember.co.kr/cache/recipe/2015/04/10/01d657f5a4d08f1d6741d86a38221bd71.jpg",
		"https://recipe1.ezmember.co.kr/cache/recipe/2015/04/10/44959ef9f5ea8b6fec4805d4cd1b70571.jpg",
		"https://recipe1.ezmember.co.kr/cache/recipe/2015/04/10/511ea5d749895d3472fd952b8b3c04281.jpg",
		"https://recipe1.ezmember.co.kr/cache/recipe/2015/04/10/217095bc5286e8a8c4dcacc970bee37e1.jpg"
	],
	"tag": [
		"계란, 계란찜, 달걀+유제품, 달걀, 에그, 찜"
	]
}