{
	"id": "660876",
	"name": "상추 겉절이",
	"thumbnail": "https://recipe1.ezmember.co.kr/cache/recipe/2015/06/09/ce740c6ea22c93c1cfb0f05513486d39.jpg",
	"url": "https://www.10000recipe.com/recipe/660876",
	"ingredient_ids": [
		8592,
		8824
	],
	"time": "10",
	"ingre_list": [
		{
			"ingre_name": "상추",
			"ingre_count": "2",
			"ingre_unit": "줌"
		},
		{
			"ingre_name": "대파",
			"ingre_count": "1/4",
			"ingre_unit": "뿌리"
		}
	],
	"sauce_list": [
		{
			"ingre_name": "간장",
			"ingre_count": "2.",
			"ingre_unit": "T"
		},
		{
			"ingre_name": "고춧가루",
			"ingre_count": "1",
			"ingre_unit": "T"
		},
		{
			"ingre_name": "다진마늘",
			"ingre_count": "0.",
			"ingre_unit": "T"
		},
		{
			"ingre_name": "식초",
			"ingre_count": "0.",
			"ingre_unit": "T"
		},
		{
			"ingre_name": "설탕",
			"ingre_count": "0.",
			"ingre_unit": "T"
		},
		{
			"ingre_name": "참기름",
			"ingre_count": "0.",
			"ingre_unit": "T"
		},
		{
			"ingre_name": "깨소금",
			"ingre_count": "",
			"ingre_unit": "약간"
		}
	],
	"recipe": [
		"1. 상추(2줌)는 흐르는물에 깨끗이 씻어서 물기를 탈탈 털어 먹기 좋게 손으로 찢어줍니당. 오늘 제가 준비한 상추는 꽃상추라 불리는 포기상추 인데요. 이 상추는 그냥 된장에 쌈싸먹어도 정말 달짝지근하구 맛있어요.",
		"2. 그리고 대파(1/4뿌리)는 총총 썰구요. 그담엔 밑 양념장 재료를 섞어서 겉절이 양념장을 만들어 준비해주시구용 간장(2.5큰술)+ 고춧가루(1큰술), 다진마늘(0.5큰술), 식초(0.5큰술), 설탕(0.3큰술), 참기름(0.3큰술), 깨소금(약간)",
		"3. 상추와 대파와 양념장을 큰 볼에 넣고 섞어 마무리. 새콤달콤! 입맛 당기는~ 상추 겉절이 완성입니다요. 그냥 간단히 아침이나 저녁밥상에 딱히 메뉴가 없을때 간단히 만들어서 밥상에 내어보세요."
	],
	"recipe_img": [
		"https://recipe1.ezmember.co.kr/cache/recipe/2015/08/13/d84a50c80e7ea3c76c34c863eb85d14c1.jpg",
		"https://recipe1.ezmember.co.kr/cache/recipe/2015/08/13/fd01eca5bf0f6058696825443cbadb1c1.jpg",
		"https://recipe1.ezmember.co.kr/cache/recipe/2015/08/13/7792ca222003f9b0f1f34be953c4c2fc1.jpg"
	],
	"tag": [
		"겉절이, 김치+젓갈+장류, 상추겉절이"
	]
}