{
	"id": "6619739",
	"name": "마늘 듬뿍 구운마늘 간장계란밥",
	"thumbnail": "https://recipe1.ezmember.co.kr/cache/recipe/2015/03/31/4f62c2e7be57ad6ded23d525b0846e901.jpg",
	"url": "https://www.10000recipe.com/recipe/6619739",
	"ingredient_ids": [
		51685,
		10722,
		9456
	],
	"time": "15",
	"ingre_list": [
		{
			"ingre_name": "밥",
			"ingre_count": "2",
			"ingre_unit": "공기"
		},
		{
			"ingre_name": "마늘",
			"ingre_count": "10~20알",
			"ingre_unit": "알"
		},
		{
			"ingre_name": "달걀",
			"ingre_count": "2",
			"ingre_unit": "개"
		}
	],
	"sauce_list": [
		{
			"ingre_name": "간장",
			"ingre_count": "",
			"ingre_unit": "약간"
		},
		{
			"ingre_name": "참기름",
			"ingre_count": "",
			"ingre_unit": "약간"
		},
		{
			"ingre_name": "굴소스",
			"ingre_count": "",
			"ingre_unit": "약간"
		},
		{
			"ingre_name": "햄",
			"ingre_count": "100",
			"ingre_unit": "g"
		},
		{
			"ingre_name": "양파",
			"ingre_count": "1/2",
			"ingre_unit": "개"
		},
		{
			"ingre_name": "피망",
			"ingre_count": "",
			"ingre_unit": ""
		},
		{
			"ingre_name": "파",
			"ingre_count": "",
			"ingre_unit": ""
		},
		{
			"ingre_name": "버섯",
			"ingre_count": "",
			"ingre_unit": ""
		}
	],
	"recipe": [
		"1. 햄, 양파, 피망 등 재료를 잘게 썰어준비하시고 마늘은 편썰어 준비하세요.",
		"2. 식용유 둘러 달궈진 팬에 마늘이 노릇해지도록 볶아주세요.  식용유는 넘 많이 하지마시고 적당히 닦아내세요.",
		"3. 마늘이 노릇하세 구워지면 햄, 양파 등 썰어놓은 채소를 넣고 함께 볶아줍니다.",
		"4. 쎈쿡 발아현미밥을 2분 데펴서 넣고 볶아주세요. 일반 밥으로 하실때 2인분 넣으시면 됩니다.",
		"5. 마지막에 달걀을 넣고 함께 볶은 다음 간장, 굴소스, 참기름을 약간씩 넣어 간을 조절하세요. 달걀이 노릇하게 눌면서 고소한 맛을 내준답니다."
	],
	"recipe_img": [
		"https://recipe1.ezmember.co.kr/cache/recipe/2015/03/31/04c9ea3423364af3834b4240d4b501fc1.jpg",
		"https://recipe1.ezmember.co.kr/cache/recipe/2015/03/31/c7b3b8b63c6f0956fb9f4fa472787c8a1.jpg",
		"https://recipe1.ezmember.co.kr/cache/recipe/2015/03/31/4a40d01d22f1d161e479714290ebcdbe1.jpg",
		"https://recipe1.ezmember.co.kr/cache/recipe/2015/03/31/5e379eb81ff41efa84e7a52c7332d7201.jpg",
		"https://recipe1.ezmember.co.kr/cache/recipe/2015/03/31/df098e106f54748d590541685b8364f41.jpg"
	],
	"tag": [
		"계란, 구운계란, 달걀, 밥, 쌀, 에그"
	]
}