{
	"id": "6630942",
	"name": "감자볼",
	"thumbnail": "https://recipe1.ezmember.co.kr/cache/recipe/2015/05/19/9f2f67acd80189134ed1f365d44a45421.jpg",
	"url": "https://www.10000recipe.com/recipe/6630942",
	"ingredient_ids": [
		7997,
		8548,
		8386,
		9457,
		15179,
		8050,
		13693
	],
	"time": "30",
	"ingre_list": [
		{
			"ingre_name": "감자",
			"ingre_count": "1",
			"ingre_unit": "개"
		},
		{
			"ingre_name": "브로콜리",
			"ingre_count": "3",
			"ingre_unit": "잎"
		},
		{
			"ingre_name": "당근",
			"ingre_count": "1/5",
			"ingre_unit": "개"
		},
		{
			"ingre_name": "계란",
			"ingre_count": "1",
			"ingre_unit": "개"
		},
		{
			"ingre_name": "빵가루",
			"ingre_count": "1",
			"ingre_unit": "컵"
		},
		{
			"ingre_name": "밀가루",
			"ingre_count": "1/2",
			"ingre_unit": "컵"
		},
		{
			"ingre_name": "카놀라유",
			"ingre_count": "",
			"ingre_unit": "넉넉히"
		}
	],
	"sauce_list": [
		{
			"ingre_name": "소금",
			"ingre_count": "1/3",
			"ingre_unit": "T"
		}
	],
	"recipe": [
		"1. 감자는 껍질을 까서 삶아줍니다. 감자를 삶는 동안, 당근과 브로콜리는 다져서 준비했어요. 감자삶은물에, 다진채소도 살짝 데쳐주었답니다~",
		"2. 삶은 감자는 수저로 으깨주세요. 데친채소를 함께 넣어주고 소금으로 간을 해줍니다. 요렇게 버무려두고 동글동글하게 모양을 잡아주세요.",
		"3. 동그랗게 빚은 감자는 밀가루 -> 계란물 -> 빵가루 순으로 입혀주세요.  튀김솥에 튀겨도 좋지만 저는 가능한 기름을 적게 쓰기위해 카놀라유 넉넉히 두른팬에 자주 굴려가며 익혔어요.",
		"4. 감자속이 이미 익었기때문에 겉만 바삭해지면 키친타울에 받혀 기름만 빼주면된답니다."
	],
	"recipe_img": [
		"https://recipe1.ezmember.co.kr/cache/recipe/2015/05/20/882940f6d7adc166a0fb10655b1c368c1.jpg",
		"https://recipe1.ezmember.co.kr/cache/recipe/2015/05/20/ebb1cd9c1ba6f0b7d3f33d08e2e448961.jpg",
		"https://recipe1.ezmember.co.kr/cache/recipe/2015/05/20/bb91a8f807f23ca2dd03ddbfbf543da91.jpg",
		"https://recipe1.ezmember.co.kr/cache/recipe/2015/05/20/da1c41026a2e53bffa110ea300d03ac71.jpg"
	],
	"tag": [
		"감자, 볼"
	]
}