{
	"id": "6646320",
	"name": "아이들 간식 인절미 피자 ",
	"thumbnail": "https://recipe1.ezmember.co.kr/cache/recipe/2015/05/18/deee71d464371e7534146859b3ac90951.jpg",
	"url": "https://www.10000recipe.com/recipe/6646320",
	"ingredient_ids": [
		7989,
		12478,
		23166,
		51781,
		8068
	],
	"time": "30",
	"ingre_list": [
		{
			"ingre_name": "인절미",
			"ingre_count": "3~4조각",
			"ingre_unit": "조각"
		},
		{
			"ingre_name": "또띠아",
			"ingre_count": "1",
			"ingre_unit": "장"
		},
		{
			"ingre_name": "모짜렐라치즈",
			"ingre_count": "",
			"ingre_unit": ""
		},
		{
			"ingre_name": "아몬드슬라이스",
			"ingre_count": "",
			"ingre_unit": ""
		},
		{
			"ingre_name": "꿀",
			"ingre_count": "",
			"ingre_unit": ""
		}
	],
	"sauce_list": [],
	"recipe": [
		"1. 먼저 마른팬에 또띠아를 살짝 구워주어요. 앞뒤로 노릇해지도록 구워주었어요",
		"2. 구운 또띠아는 전자렌지에 들어가도 좋은 접시에 담아주시구요. 꿀을 듬뿍 발라주세요.",
		"3. 냉동실에 있던 인절미를 자연해동 시켜두었다가 칼로 적당한 크기로 잘라주었어요. 너무 크게 잘라주면 전자렌지에서 녹이는데 시간이 걸리니까 두께 0.7mm 정도로 잘라준거 같아요.",
		"4. 또띠아 위에 조각낸 떡과 아몬드 슬라이스, 모짜렐라 치즈 듬뿍 담아주세요.",
		"5. 그리고 전자렌지에 인절미가 익을때 까지 전자렌지에 돌려주면 완성됩니다.전자레인지"
	],
	"recipe_img": [
		"https://recipe1.ezmember.co.kr/cache/recipe/2015/05/18/537fb28e434de4dc4b71a12b30ed16f91.jpg",
		"https://recipe1.ezmember.co.kr/cache/recipe/2015/05/18/aee91fb9ade9a8f3479b912579a253a61.jpg",
		"https://recipe1.ezmember.co.kr/cache/recipe/2015/05/18/f4f70b339dfc1dde0a3abaf9c4df58311.jpg",
		"https://recipe1.ezmember.co.kr/cache/recipe/2015/05/18/4adef088dc0310f1689192dc9d469ad51.jpg",
		"https://recipe1.ezmember.co.kr/cache/recipe/2015/05/18/c2a850666fa4e0c9bb9043f80983608e1.jpg"
	],
	"tag": [
		"쌀, 인절미, 피자"
	]
}