{
	"id": "6654995",
	"name": "담백한맛이 좋은 베이컨마늘스파게티 ",
	"thumbnail": "https://recipe1.ezmember.co.kr/cache/recipe/2015/04/01/5c2765ac98388d59c25e481f3a5b24e81.jpg",
	"url": "https://www.10000recipe.com/recipe/6654995",
	"ingredient_ids": [
		20939,
		9298,
		10722,
		8676
	],
	"time": "15",
	"ingre_list": [
		{
			"ingre_name": "스파게티면",
			"ingre_count": "",
			"ingre_unit": ""
		},
		{
			"ingre_name": "베이컨",
			"ingre_count": "",
			"ingre_unit": ""
		},
		{
			"ingre_name": "마늘",
			"ingre_count": "",
			"ingre_unit": ""
		},
		{
			"ingre_name": "양파",
			"ingre_count": "",
			"ingre_unit": ""
		}
	],
	"sauce_list": [
		{
			"ingre_name": "소금",
			"ingre_count": "",
			"ingre_unit": ""
		},
		{
			"ingre_name": "파슬리가루",
			"ingre_count": "",
			"ingre_unit": ""
		},
		{
			"ingre_name": "파마산치즈가루",
			"ingre_count": "",
			"ingre_unit": ""
		},
		{
			"ingre_name": "올리브유",
			"ingre_count": "",
			"ingre_unit": ""
		}
	],
	"recipe": [
		"1. 소금을 충분히 넣고 9분 정도 면을 삶아주세요. 면 삶은 물은 버리지 말고 두세요.",
		"2. 올리브유를 두른 팬에 마늘을 먼저 볶아주시고, 마늘색이 살짝 변하기 시작하면 양파-베이컨 순으로 볶아줍니다.",
		"3. 삶아둔 스파게티 면을 넣어서 같이 볶아주세요.",
		"4. 면 삶은 물을 3국자 정도 넣고 볶아주세요.",
		"5. 마지막으로 올리브오일 살짝 뿌려주고 파슬리가루, 파마산 치즈가루 올려주면 완성!"
	],
	"recipe_img": [
		"https://recipe1.ezmember.co.kr/cache/recipe/2015/04/01/24d3e51b2c2aa250526e248b13ec8be11.jpg",
		"https://recipe1.ezmember.co.kr/cache/recipe/2015/04/01/b8e25badf36e59d1ca7bc1ff1defc3251.jpg",
		"https://recipe1.ezmember.co.kr/cache/recipe/2015/04/01/82cbd0393ae3c69efe37ff31f1dd98d81.jpg",
		"https://recipe1.ezmember.co.kr/cache/recipe/2015/04/01/865e346258cf522764a280c8c75d59e01.jpg",
		"https://recipe1.ezmember.co.kr/cache/recipe/2015/04/01/c80ab48320a7c82e725f27e413fe8af81.jpg"
	],
	"tag": [
		"면+만두, 밀가루, 스파게티, 초스피드"
	]
}