{
	"id": "6654935",
	"name": "초간단 영양식 두부스크램블에그 ",
	"thumbnail": "https://recipe1.ezmember.co.kr/cache/recipe/2015/04/01/564a5af8d4d3d9cdb99b6325b5898d821.JPG",
	"url": "https://www.10000recipe.com/recipe/6654935",
	"ingredient_ids": [
		8158,
		8807,
		9457
	],
	"time": "15",
	"ingre_list": [
		{
			"ingre_name": "두부",
			"ingre_count": "1/2",
			"ingre_unit": "모"
		},
		{
			"ingre_name": "방울토마토",
			"ingre_count": "",
			"ingre_unit": ""
		},
		{
			"ingre_name": "계란",
			"ingre_count": "2",
			"ingre_unit": "개"
		}
	],
	"sauce_list": [
		{
			"ingre_name": "버터",
			"ingre_count": "",
			"ingre_unit": ""
		},
		{
			"ingre_name": "소금",
			"ingre_count": "",
			"ingre_unit": ""
		},
		{
			"ingre_name": "후추",
			"ingre_count": "",
			"ingre_unit": ""
		},
		{
			"ingre_name": "우유",
			"ingre_count": "2",
			"ingre_unit": "T"
		}
	],
	"recipe": [
		"1. 두부는 작게 썰어서 키친타올이나 행주로 물기를 제거해주세요. 물기 제거는 확실하게!",
		"2. 방울토마토는 반으로 잘라서 준비해줍니다.",
		"3. 계란 2개와 우유 2숟가락을 잘 풀어주세요. 계란찜을 할때도 그렇고 우유를 조금 넣어주면 부드러운 맛을 느낄수 있습니다.",
		"4. 팬에 버터를 넉넉히 둘러 녹여주세요. 불을 너무 강하게 하면 탈 수 있으니 주의하세요.",
		"5. 처음에 두부를 먼저 넣어 살짝쿵 익힌 다음, 방울토마토와 계란물을 넣어줍니다. 덩어리가 크게 지지 않게 바로 한쪽방향으로 저어주세요.",
		"6. 재빠르게 휙휙 저어주면 계란이 금새 익어요. 소금과 후추로 간을 살짝 해주시고 접시에 남아내면 완성입니다!"
	],
	"recipe_img": [
		"https://recipe1.ezmember.co.kr/cache/recipe/2015/04/01/099146d2eadd35fef296a193d9ed1f501.JPG",
		"https://recipe1.ezmember.co.kr/cache/recipe/2015/04/01/580739c59927c9c445b9da9d866333651.JPG",
		"https://recipe1.ezmember.co.kr/cache/recipe/2015/04/01/ff8f31f6a7d1c7eb79df16fbe8fb906f1.JPG",
		"https://recipe1.ezmember.co.kr/cache/recipe/2015/04/01/94b687fd2820dd4cb3e9d8b8d2aea6de1.JPG",
		"https://recipe1.ezmember.co.kr/cache/recipe/2015/04/01/b15a7494c263281b7b976127846c50e01.JPG",
		"https://recipe1.ezmember.co.kr/cache/recipe/2015/04/01/f8614a3cd8118e4e062eb445dcd61b2d1.JPG"
	],
	"tag": [
		"계란, 달걀+유제품, 달걀, 두부, 스크램블, 스크램블에그, 양식, 에그, 초스피드"
	]
}