{
	"id": "6657924",
	"name": "맛있는 밥반찬 두부양념구이",
	"thumbnail": "https://recipe1.ezmember.co.kr/cache/recipe/2015/05/21/1b30f21c7165405cb14d53ba5521da411.jpg",
	"url": "https://www.10000recipe.com/recipe/6657924",
	"ingredient_ids": [
		8158,
		51684,
		10438
	],
	"time": "30",
	"ingre_list": [
		{
			"ingre_name": "두부",
			"ingre_count": "1/2",
			"ingre_unit": "모"
		},
		{
			"ingre_name": "식용유",
			"ingre_count": "",
			"ingre_unit": "약간"
		},
		{
			"ingre_name": "소금",
			"ingre_count": "",
			"ingre_unit": "약간"
		}
	],
	"sauce_list": [
		{
			"ingre_name": "다진대파",
			"ingre_count": "2",
			"ingre_unit": "T"
		},
		{
			"ingre_name": "간장",
			"ingre_count": "2",
			"ingre_unit": "T"
		},
		{
			"ingre_name": "고춧가루",
			"ingre_count": "1/2",
			"ingre_unit": "T"
		},
		{
			"ingre_name": "깨소금",
			"ingre_count": "1/2",
			"ingre_unit": "T"
		},
		{
			"ingre_name": "참기름",
			"ingre_count": "1/2",
			"ingre_unit": "T"
		}
	],
	"recipe": [
		"1. 구이용 두부를 이용하시구요. 두께는 너무 두꺼우면 겉의 바삭한 맛이 떨어지고, 너무 얇으면 두부의 부드러운 맛이 떨어지니, 0.7-1cm 정도 두께로 썰어주시면 됩니다~ 소금을 뿌려 주시는데요, 양념을 바를거라서 소금은 아주 살짝만, 소금을 뿌리면 두부에서 수분이 빠져서 단단해져서 구울때 좀 쉬워요~",
		"2. 분량대로 양념을 만들어 주세요",
		"3. 키친타올로 두부의 물기를 꼼꼼하게 닦아주세요, 그래야 기름에 구울때 기름이 튀지 않아요~",
		"4. 앞뒤로 노릇노릇 뒤집어 가면서 구워줍니다~",
		"5. 그런다음 양념을 건더기 위주로 떠서 얹어 주시고, (이미 소금 양념을 살짝 했으니 양념은 조금만~) 뚜껑을 살짝 덮어서 파의 숨을 살짝 죽이면, 파의 매운맛도 가시고 색도 더 선명해져요~ 불을꺼주시고 이제 그릇에 담기만 하면 두부양념구이는 완성입니다,"
	],
	"recipe_img": [
		"https://recipe1.ezmember.co.kr/cache/recipe/2015/05/21/fb2c8bb94798c43d483b24388ec04d831.jpg",
		"https://recipe1.ezmember.co.kr/cache/recipe/2015/05/21/60f9909de38c539bdcfee90634dda58a1.jpg",
		"https://recipe1.ezmember.co.kr/cache/recipe/2015/05/21/8aed9a55165ce8204486b4c8b80968a81.jpg",
		"https://recipe1.ezmember.co.kr/cache/recipe/2015/05/21/322a6b592c814914227f79aae3eb2a4c1.jpg",
		"https://recipe1.ezmember.co.kr/cache/recipe/2015/05/21/f9adacebe02dc17fa4a5f9cc72e5d3471.jpg"
	],
	"tag": [
		"구이, 굽기, 두부, 두부구이, 밑반찬, 양념, 콩+견과류"
	]
}