{
	"id": "6657775",
	"name": "닭가슴살야채전",
	"thumbnail": "https://recipe1.ezmember.co.kr/cache/recipe/2015/05/19/c82ae55e193c7d659f8285eb084a02f01.jpg",
	"url": "https://www.10000recipe.com/recipe/6657775",
	"ingredient_ids": [
		9181,
		8676,
		8827,
		8386,
		8824,
		9457,
		15377
	],
	"time": "15",
	"ingre_list": [
		{
			"ingre_name": "닭가슴살",
			"ingre_count": "1",
			"ingre_unit": "캔"
		},
		{
			"ingre_name": "양파",
			"ingre_count": "",
			"ingre_unit": ""
		},
		{
			"ingre_name": "파프리카",
			"ingre_count": "",
			"ingre_unit": ""
		},
		{
			"ingre_name": "당근",
			"ingre_count": "",
			"ingre_unit": ""
		},
		{
			"ingre_name": "대파",
			"ingre_count": "",
			"ingre_unit": ""
		},
		{
			"ingre_name": "계란",
			"ingre_count": "",
			"ingre_unit": ""
		},
		{
			"ingre_name": "스위트콘",
			"ingre_count": "",
			"ingre_unit": ""
		}
	],
	"sauce_list": [
		{
			"ingre_name": "소금",
			"ingre_count": "",
			"ingre_unit": ""
		},
		{
			"ingre_name": "후추",
			"ingre_count": "",
			"ingre_unit": ""
		}
	],
	"recipe": [
		"1. 닭가슴살은 체에받쳐 기름(?)을 빼주시고 잘게 찢어주세요. 그냥 대충 손으로 뒤적뒤적해주면 된다는요!",
		"2. 양파, 당근, 대파, 파프리카등 채소는 잘게 썰어주세요. 색색의 채소를 이용해주면 알록달록하니 비쥬얼면에서도 좋아요. 물론 맛도 풍부해지구요.",
		"3. 계란을 깨뜨려 소금과 후추로 살짝 간을해 골고루 저어주세요. 달걀 4개에 소금 두꼬집 후추 2번 톡톡해주니 간이 딱 맞더라는요. 딱히 간을 하지 않아도 좋으나 밥이랑 먹기엔 밋밋하고 심심하답니다. 잘게 썰어둔 채소와 찢어둔 닭가슴살 그리고 스위트콘을 넣어 골고루 섞어주세요. 계란은 미리 풀어도 후에 넣어도 크게 상관은 없으니 편하신 대로 하시면 돼요~ 그래도 확실히 풀어둔 다음에 재료를 섞는게 좋긴 하답니다.",
		"4. 달구어진 팬에 기름을 두르고 한수저씩 떠올려 앞뒤 노릇하게 구워주시면 완성이에요. 약한 불에 구워주셔야 속도 알차게 익혀진답니다. 계란옷은 금방 익어버리기때문에 센불에 하시면 다 타버려요."
	],
	"recipe_img": [
		"https://recipe1.ezmember.co.kr/cache/recipe/2015/05/19/a7b291767c667529566cfe8846abf2f11.jpg",
		"https://recipe1.ezmember.co.kr/cache/recipe/2015/05/19/cfe39216653e01fb6628f8b0c1f086ec1.jpg",
		"https://recipe1.ezmember.co.kr/cache/recipe/2015/05/19/ee4e3eaf5689443344264c05fac6e00f1.jpg",
		"https://recipe1.ezmember.co.kr/cache/recipe/2015/05/19/a9002b69da17eadd8e7a1fc0413247b41.jpg"
	],
	"tag": [
		"가공식품류, 닭가슴살, 부침, 부침개, 전"
	]
}