{
	"id": "6659958",
	"name": "간장어묵볶음 만들기",
	"thumbnail": "https://recipe1.ezmember.co.kr/cache/recipe/2015/03/26/370263f4ddaf10c492eaf2b709254efe1.jpg",
	"url": "https://www.10000recipe.com/recipe/6659958",
	"ingredient_ids": [
		10136,
		8676,
		8827,
		8386,
		8824
	],
	"time": "10",
	"ingre_list": [
		{
			"ingre_name": "어묵",
			"ingre_count": "",
			"ingre_unit": ""
		},
		{
			"ingre_name": "양파",
			"ingre_count": "",
			"ingre_unit": ""
		},
		{
			"ingre_name": "파프리카",
			"ingre_count": "",
			"ingre_unit": ""
		},
		{
			"ingre_name": "당근",
			"ingre_count": "",
			"ingre_unit": ""
		},
		{
			"ingre_name": "대파",
			"ingre_count": "",
			"ingre_unit": ""
		}
	],
	"sauce_list": [
		{
			"ingre_name": "진간장",
			"ingre_count": "1",
			"ingre_unit": "T"
		},
		{
			"ingre_name": "국간장",
			"ingre_count": "1",
			"ingre_unit": "T"
		},
		{
			"ingre_name": "굴소스",
			"ingre_count": "1",
			"ingre_unit": "T"
		},
		{
			"ingre_name": "올리고당",
			"ingre_count": "2",
			"ingre_unit": "T"
		},
		{
			"ingre_name": "후춧가루",
			"ingre_count": "",
			"ingre_unit": "조금"
		},
		{
			"ingre_name": "다진마늘",
			"ingre_count": "1",
			"ingre_unit": "T"
		}
	],
	"recipe": [
		"1. 어묵을 먹기 좋은 크기로 잘라주세요.",
		"2. 양파, 파프리카, 당근, 대파를 고른 크기로 잘라주세요.",
		"3. 양념장을 만들어주세요. (진간장 1스푼, 국간장 1스푼, 굴소스 1스푼, 올리고당 2스푼, 후추 조금, 다진마늘 1스푼)",
		"4. 달구어진 팬에 기름을 두르고 양파-당근-어묵 순으로 볶아주세요. 어묵이 노르스름하니 익은게 눈에 보일때까지 볶아주시면 됩니다.",
		"5. 어묵이 어느정도 익으면 파프리카와 대파를 넣어주세요. 파프리카는 수분이 많은 녀석이라 오래 볶으면 물이 나오니 짧게 볶아주세요.",
		"6. 이제 양념장을 넣어 센불에 휘리릭 볶아주세요. 야채가 아삭한 게 싫으신 분은 시간을 좀 더 들여 볶아주시면 됩니다.",
		"7. 깨를 솔솔 뿌려주시면 완성!"
	],
	"recipe_img": [
		"https://recipe1.ezmember.co.kr/cache/recipe/2015/03/27/d6623717cc3199fe1cb9abb4d7adfe251.jpg",
		"https://recipe1.ezmember.co.kr/cache/recipe/2015/03/27/462817a69f74eebeb64ff329efd58b151.jpg",
		"https://recipe1.ezmember.co.kr/cache/recipe/2015/03/27/8f47636b19ae53fcfab89e1d2d5dc1011.jpg",
		"https://recipe1.ezmember.co.kr/cache/recipe/2015/03/27/18e515dbcacdab3347a3f9f3656bd2991.jpg",
		"https://recipe1.ezmember.co.kr/cache/recipe/2015/03/27/1b879c95878476f945ab097b3e03587c1.jpg",
		"https://recipe1.ezmember.co.kr/cache/recipe/2015/03/27/11068cc993b357236e2a6f547bffe6251.jpg",
		"https://recipe1.ezmember.co.kr/cache/recipe/2015/03/27/df232f2ff4f0abd0ade06d14554b60661.jpg"
	],
	"tag": [
		"어묵볶음"
	]
}