{
	"id": "6664931",
	"name": "담백한 오징어 감자조림",
	"thumbnail": "https://recipe1.ezmember.co.kr/cache/recipe/2015/05/13/f79b4b76548a0e0cd86861d71c6d7f0c1.jpg",
	"url": "https://www.10000recipe.com/recipe/6664931",
	"ingredient_ids": [
		10107,
		7997,
		8676,
		8824,
		51683
	],
	"time": "60",
	"ingre_list": [
		{
			"ingre_name": "오징어",
			"ingre_count": "1",
			"ingre_unit": "마리"
		},
		{
			"ingre_name": "감자",
			"ingre_count": "3",
			"ingre_unit": "줌"
		},
		{
			"ingre_name": "양파",
			"ingre_count": "1",
			"ingre_unit": "줌"
		},
		{
			"ingre_name": "대파",
			"ingre_count": "1",
			"ingre_unit": "줌"
		},
		{
			"ingre_name": "물",
			"ingre_count": "1",
			"ingre_unit": "컵"
		}
	],
	"sauce_list": [
		{
			"ingre_name": "간장",
			"ingre_count": "2",
			"ingre_unit": "T"
		},
		{
			"ingre_name": "다진마늘",
			"ingre_count": "1",
			"ingre_unit": "T"
		},
		{
			"ingre_name": "설탕",
			"ingre_count": "1",
			"ingre_unit": "T"
		},
		{
			"ingre_name": "청주",
			"ingre_count": "1",
			"ingre_unit": "T"
		},
		{
			"ingre_name": "들기름",
			"ingre_count": "1",
			"ingre_unit": "T"
		},
		{
			"ingre_name": "통깨",
			"ingre_count": "",
			"ingre_unit": "약간"
		}
	],
	"recipe": [
		"1. 감자와 양파는 깍둑썰고 대파는 어슷썰어서 준비. 오징어는 내장 제거하고 먹기 좋은 크기로 썰어서 냉동 시켜 놓은거 꺼냈어요. 간장 양념은 간장에 다진마늘, 설탕, 청주 넣어서 준비했고요.",
		"2. 먼저 물에 감자와 양파를 넣고 끓이다가 감자와 양파가 투명하게 익어갈 때쯤 간장 양념을 넣어요.                   ",
		"3. 간장양념이 감자에 잘 베어 들 수 있도록 골고루 잘 섞은 후 보글보글 끓여주고요.",
		"4. 오징어에도 간장양념이 잘 베어 들 수 있도록 골고루 섞어가며 조려줍니다.                   ",
		"5. 감자와 오징어에 간이 적절히 베어 들었으면 대파 넣고 들기름 1스푼 둘러 파르르 끓인 후 마무리합니다.",
		"6. 통깨 뿌려 비주얼과 맛까지 살려주면 더 좋아요."
	],
	"recipe_img": [
		"https://recipe1.ezmember.co.kr/cache/recipe/2015/05/13/566842a39374551d15336b08623c75001.jpg",
		"https://recipe1.ezmember.co.kr/cache/recipe/2015/05/13/3e81caf14cc0cbb627616d0be0daf5df1.jpg",
		"https://recipe1.ezmember.co.kr/cache/recipe/2015/05/13/a8c85888b6db8f7f1274f2618146d0071.jpg",
		"https://recipe1.ezmember.co.kr/cache/recipe/2015/05/13/6de11ca7f26c5b6a11cd7e46c97aefd51.jpg",
		"https://recipe1.ezmember.co.kr/cache/recipe/2015/05/13/62cff0d14e680d7b2533e3308e06b4e71.jpg",
		"https://recipe1.ezmember.co.kr/cache/recipe/2015/05/13/4032a08365586d50007af933795127b11.jpg"
	],
	"tag": [
		"감자, 감자조림, 오징어, 조림, 해물류"
	]
}