{
	"id": "6664314",
	"name": "야채감자고로케",
	"thumbnail": "https://recipe1.ezmember.co.kr/cache/recipe/2015/05/19/743009dd3abca408fbe6f09c7bbbed851.jpg",
	"url": "https://www.10000recipe.com/recipe/6664314",
	"ingredient_ids": [
		7997,
		8676,
		8386,
		8855,
		51790,
		8050,
		9456,
		15179
	],
	"time": "30",
	"ingre_list": [
		{
			"ingre_name": "감자",
			"ingre_count": "",
			"ingre_unit": ""
		},
		{
			"ingre_name": "양파",
			"ingre_count": "",
			"ingre_unit": ""
		},
		{
			"ingre_name": "당근",
			"ingre_count": "",
			"ingre_unit": ""
		},
		{
			"ingre_name": "애호박",
			"ingre_count": "",
			"ingre_unit": ""
		},
		{
			"ingre_name": "캔옥수수",
			"ingre_count": "",
			"ingre_unit": ""
		},
		{
			"ingre_name": "밀가루",
			"ingre_count": "",
			"ingre_unit": ""
		},
		{
			"ingre_name": "달걀",
			"ingre_count": "",
			"ingre_unit": ""
		},
		{
			"ingre_name": "빵가루",
			"ingre_count": "",
			"ingre_unit": ""
		}
	],
	"sauce_list": [
		{
			"ingre_name": "소금",
			"ingre_count": "",
			"ingre_unit": ""
		},
		{
			"ingre_name": "후추",
			"ingre_count": "",
			"ingre_unit": ""
		}
	],
	"recipe": [
		"1. 감자는 껍질 벗겨 소금 약간 넣고 삶아 뜨거울 때 으깨 주어요~",
		"2. 감자를 삶는 동안 캔옥수수는 뜨거운 물에 튀겨 체에 밭쳐 물기 제거해 주시고 당근, 양파, 애호박(돌려깎기)은 곱게 채썰어 준비해 주세요~",
		"3. 으깬 감자에 위의 재료를 넣고 후추 톡톡~!!! 감자를 소금 넣어 안삶으셨을 경우 소금도 약간 넣어주세요~",
		"4. 반죽을 동글동글 만들어 주세요. 일부는 속에 피자치즈넣어 만들었어요~ 반죽을 단단히 뭉쳐 주셔야지 안그럼 튀길 때 옆구리 터져요~",
		"5. 밀가루에 굴리고 달걀물 입혀서 빵가루묻혀 다시 한 번 단단히 뭉쳐준 후... 기름에 튀겨 주세요~ 건져낸뒤 기호에 따라 케첩을 뿌려주세요~"
	],
	"recipe_img": [
		"https://recipe1.ezmember.co.kr/cache/recipe/2015/05/19/cafd37ea59c6a078753d7c2ee198b5901.jpg",
		"https://recipe1.ezmember.co.kr/cache/recipe/2015/05/19/92fb6625514f7503c1bae417ba252ed91.jpg",
		"https://recipe1.ezmember.co.kr/cache/recipe/2015/05/19/6ebaa2372460b7226d6ddaab9c0a95291.jpg",
		"https://recipe1.ezmember.co.kr/cache/recipe/2015/05/19/9438be9fc50bfae7a6792e8fd58ee33f1.jpg",
		"https://recipe1.ezmember.co.kr/cache/recipe/2015/05/19/1f6cb9d29f6d6e1aac55c86dc786bd291.jpg"
	],
	"tag": [
		"감자, 고로케"
	]
}