{
	"id": "6664678",
	"name": "팽이버섯 달걀국 끓이기",
	"thumbnail": "https://recipe1.ezmember.co.kr/cache/recipe/2015/05/13/a15551d464f4ea9b643eea458f26543e1.jpg",
	"url": "https://www.10000recipe.com/recipe/6664678",
	"ingredient_ids": [
		51763,
		22928,
		51682,
		8917,
		9456,
		51705
	],
	"time": "10",
	"ingre_list": [
		{
			"ingre_name": "멸치다시마육수",
			"ingre_count": "4",
			"ingre_unit": "컵"
		},
		{
			"ingre_name": "국간장",
			"ingre_count": "1",
			"ingre_unit": "Ts"
		},
		{
			"ingre_name": "다진마늘",
			"ingre_count": "1",
			"ingre_unit": "Ts"
		},
		{
			"ingre_name": "팽이버섯",
			"ingre_count": "1",
			"ingre_unit": "봉"
		},
		{
			"ingre_name": "달걀",
			"ingre_count": "3",
			"ingre_unit": "개"
		},
		{
			"ingre_name": "다진파",
			"ingre_count": "2",
			"ingre_unit": "Ts"
		}
	],
	"sauce_list": [
		{
			"ingre_name": "소금",
			"ingre_count": "1/3",
			"ingre_unit": "Ts"
		}
	],
	"recipe": [
		"1. 먼저 달걀을 풀어주고 팽이버섯은 잘게 썰어서 넣어 섞어놓아요. 팽이버섯은 되도록이면 잘게 써는게 먹기도 좋고 식이섬유 섭취도 좋은 것 같습니다.",
		"2. 멸치다시마 육수에 국간장을 넣고 끓이다가 끓어오르기 시작하면 다진마늘을 넣고 팽이달걀 풀어놓은 것을 한수저씩 넣어줍니다. 한번 우르르 끓으면 불을 끄면 됩니다.                   ",
		"3. 다진파를 얹어내면 완성. 육수만 준비되면 바쁜 아침에도 5분만에 후딱 끓여내는 영양국입니다."
	],
	"recipe_img": [
		"https://recipe1.ezmember.co.kr/cache/recipe/2015/05/13/71696464f9de7f8ae6f66d69648208991.jpg",
		"https://recipe1.ezmember.co.kr/cache/recipe/2015/05/13/c4b518f59dce43452c8c18dd4c0077c91.jpg",
		"https://recipe1.ezmember.co.kr/cache/recipe/2015/05/13/3c389f98130db299aeabc0db3149ac831.jpg"
	],
	"tag": [
		"계란, 국+탕, 국, 끓이기, 달걀, 버섯류, 에그, 초스피드"
	]
}