{
	"id": "6665634",
	"name": "맛있는 라볶이",
	"thumbnail": "https://recipe1.ezmember.co.kr/cache/recipe/2015/05/19/b2797391912f2bd8f453d4ccbf6da5bf1.jpg",
	"url": "https://www.10000recipe.com/recipe/6665634",
	"ingredient_ids": [
		51708,
		10529,
		10136,
		42888,
		8676
	],
	"time": "30",
	"ingre_list": [
		{
			"ingre_name": "떡볶이떡",
			"ingre_count": "2",
			"ingre_unit": "줌"
		},
		{
			"ingre_name": "라면",
			"ingre_count": "1/2",
			"ingre_unit": "개"
		},
		{
			"ingre_name": "어묵",
			"ingre_count": "2",
			"ingre_unit": "장"
		},
		{
			"ingre_name": "양배추",
			"ingre_count": "",
			"ingre_unit": ""
		},
		{
			"ingre_name": "양파",
			"ingre_count": "",
			"ingre_unit": ""
		}
	],
	"sauce_list": [
		{
			"ingre_name": "물",
			"ingre_count": "500",
			"ingre_unit": "ml"
		},
		{
			"ingre_name": "고추장",
			"ingre_count": "2",
			"ingre_unit": "T"
		},
		{
			"ingre_name": "간장",
			"ingre_count": "1",
			"ingre_unit": "T"
		},
		{
			"ingre_name": "올리고당",
			"ingre_count": "2",
			"ingre_unit": "T"
		},
		{
			"ingre_name": "설탕",
			"ingre_count": "1",
			"ingre_unit": "T"
		},
		{
			"ingre_name": "매실액",
			"ingre_count": "1",
			"ingre_unit": "T"
		},
		{
			"ingre_name": "고춧가루",
			"ingre_count": "1",
			"ingre_unit": "T"
		}
	],
	"recipe": [
		"1. 떡은 한번 씻어서 물에 잠시 담궈놔주세요.",
		"2. 궁중팬에 물을 500ml 부었어요.",
		"3. 분량의 양념들을 팬에 넣고 한번 끓여주세요.",
		"4. 라볶이 양념장 끓이는 동안에 부재료들을 썰어서 준비해요.  어묵과 양파, 양배추를 준비했는데요 파랑 깻잎을 넣어도 맛있어요.",
		"5. 떡을 담궈놓았던 물을 버리고 뜨거운 물에 떡과 어묵을 같이 담궈뒀다가 30초 정도 있다가 어묵만 건져주고 떡은 말랑말랑해질 때까지 조금 더 담궈두었다가 건져놔요.",
		"6. 라볶이 양념장이 끓으면 떡을 넣어서 한번 더 끓여주세요. 눌러붙지 않도록 저어주면서 끓여주시구요.",
		"7. 바르르 끓으면 오뎅도 넣어주세요.",
		"8. 어묵까지 넣어서 끓여준 다음에 어묵이 좀 불으면 양파와 양배추를 넣어주시면 돼요.",
		"9. 양파랑 양배추를 한번 잘 섞어 준 후에 바로 라면도 넣어주세요.  라면이 풀어지고 얼추 익으면 끝."
	],
	"recipe_img": [
		"https://recipe1.ezmember.co.kr/cache/recipe/2015/05/19/3e07759c5b5727e9c418ec6ef9aad47f1.jpg",
		"https://recipe1.ezmember.co.kr/cache/recipe/2015/05/19/263e954a4dcf1e2c70311c2e1ae509c61.jpg",
		"https://recipe1.ezmember.co.kr/cache/recipe/2015/05/19/c5e4102279613b0a49e10cd4aa7aa6f01.jpg",
		"https://recipe1.ezmember.co.kr/cache/recipe/2015/05/19/af6493b18af51ce5aa15e157615903bb1.jpg",
		"https://recipe1.ezmember.co.kr/cache/recipe/2015/05/19/343f677e992431a75daa7a3678889a4b1.jpg",
		"https://recipe1.ezmember.co.kr/cache/recipe/2015/05/19/8fca2347bd365b0770f98122933c89d51.jpg",
		"https://recipe1.ezmember.co.kr/cache/recipe/2015/05/19/19d6687277aa30fb89d8a04eb273b7b81.jpg",
		"https://recipe1.ezmember.co.kr/cache/recipe/2015/05/19/7fcfd3348614eef95f807fabbe8601801.jpg",
		"https://recipe1.ezmember.co.kr/cache/recipe/2015/05/19/f292f7c4a0f56a0daa6739714cb876c11.jpg"
	],
	"tag": [
		"디저트, 라볶이"
	]
}