{
	"id": "6668256",
	"name": "부드럽고 매콤한 두부 두루치기",
	"thumbnail": "https://recipe1.ezmember.co.kr/cache/recipe/2015/05/20/9111468a9a0e6c7a7c942d53288447021.jpg",
	"url": "https://www.10000recipe.com/recipe/6668256",
	"ingredient_ids": [
		8158,
		8824,
		8676,
		8316
	],
	"time": "30",
	"ingre_list": [
		{
			"ingre_name": "두부",
			"ingre_count": "1",
			"ingre_unit": "모"
		},
		{
			"ingre_name": "대파",
			"ingre_count": "1",
			"ingre_unit": "대"
		},
		{
			"ingre_name": "양파",
			"ingre_count": "1/2",
			"ingre_unit": "개"
		},
		{
			"ingre_name": "청양고추",
			"ingre_count": "2",
			"ingre_unit": "개"
		}
	],
	"sauce_list": [
		{
			"ingre_name": "간장",
			"ingre_count": "2",
			"ingre_unit": "T"
		},
		{
			"ingre_name": "고춧가루",
			"ingre_count": "2",
			"ingre_unit": "T"
		},
		{
			"ingre_name": "설탕",
			"ingre_count": "1",
			"ingre_unit": "T"
		},
		{
			"ingre_name": "소금",
			"ingre_count": "",
			"ingre_unit": "조금"
		},
		{
			"ingre_name": "후추",
			"ingre_count": "",
			"ingre_unit": ""
		},
		{
			"ingre_name": "참기름",
			"ingre_count": "",
			"ingre_unit": ""
		},
		{
			"ingre_name": "마늘",
			"ingre_count": "",
			"ingre_unit": ""
		},
		{
			"ingre_name": "맛술",
			"ingre_count": "",
			"ingre_unit": ""
		},
		{
			"ingre_name": "물1+1/2컵정도",
			"ingre_count": "1+1/2",
			"ingre_unit": "컵정도"
		}
	],
	"recipe": [
		"1. 두부를 2등분 해서 적당한 두께로 썰어주세요.",
		"2. 대파는 길게 썰어 반으로 갈라주고 양파와 고추도 썰어주세요.",
		"3. 분량대로 양념을 모두 섞어 다대기를 만들어주세요.",
		"4. 팬에 두부를 깔고 물과 양념을 넣고 끓여주세요.",
		"5. 두부가 보글보글 끓으면 준비한 채소를 모두 넣고 살짝 숨이 죽을 정도로 끓여주세요.",
		"6. 마지막에 참기름을 넣어 주세요.",
		"7. 두부 두루치기가 완성되어 접시에 담아봤어요~ 두부는 그냥 먹어도 되는 거라 야채가 적당히 익을 정도로 너무 무르지 않게 끓였어요."
	],
	"recipe_img": [
		"https://recipe1.ezmember.co.kr/cache/recipe/2015/05/20/5bc337cf3ce7344c749b09698ad8538f1.jpg",
		"https://recipe1.ezmember.co.kr/cache/recipe/2015/05/20/a335712d894e2f5aed342307693972e21.jpg",
		"https://recipe1.ezmember.co.kr/cache/recipe/2015/05/20/fbc9be9d2f59b9b779557436a75b9e151.jpg",
		"https://recipe1.ezmember.co.kr/cache/recipe/2015/05/20/57c550a12c6cbdfb8fbbbf3476874b891.jpg",
		"https://recipe1.ezmember.co.kr/cache/recipe/2015/05/20/7e422c63f8e27cd31a901910d46389301.jpg",
		"https://recipe1.ezmember.co.kr/cache/recipe/2015/05/20/048fa3c402361bc91b039463f3b1d79b1.jpg",
		"https://recipe1.ezmember.co.kr/cache/recipe/2015/05/20/aa57889b38103d3fcdaf37475d9d9ced1.jpg"
	],
	"tag": [
		"끓이기, 두부, 두부두루치기, 메인반찬, 콩+견과류"
	]
}