{
	"id": "6668988",
	"name": "베이컨마늘 볶음밥",
	"thumbnail": "https://recipe1.ezmember.co.kr/cache/recipe/2015/05/18/16760598780dc000538b79291edf98591.jpg",
	"url": "https://www.10000recipe.com/recipe/6668988",
	"ingredient_ids": [
		9298,
		10722,
		8824,
		9457,
		51685
	],
	"time": "30",
	"ingre_list": [
		{
			"ingre_name": "베이컨",
			"ingre_count": "",
			"ingre_unit": ""
		},
		{
			"ingre_name": "마늘",
			"ingre_count": "10",
			"ingre_unit": "개"
		},
		{
			"ingre_name": "대파",
			"ingre_count": "",
			"ingre_unit": ""
		},
		{
			"ingre_name": "계란",
			"ingre_count": "1",
			"ingre_unit": "개"
		},
		{
			"ingre_name": "밥",
			"ingre_count": "1",
			"ingre_unit": "공기"
		}
	],
	"sauce_list": [
		{
			"ingre_name": "소금",
			"ingre_count": "",
			"ingre_unit": "약간"
		},
		{
			"ingre_name": "후춧가루",
			"ingre_count": "",
			"ingre_unit": "약간"
		}
	],
	"recipe": [
		"1. 팬에 기름은 2스푼 정도 두르고 마늘 은 충분히 익혀줄께요 매운맛은 사라지고 더욱 맛있게 마늘을 즐길수 있는 방법이지요. 마늘 이 갈색빛이 돌때까지 충분히 익으면 베이컨과 대파를 넣어서 같이 볶아줄께요.",
		"2. 베이컨도 적당히 익으면 재료들을 한쪽으로 몰아주고 계란한개 스크램블 해서 준비해 볼께요.",
		"3. 밥 한공기 넣어서 밥알이 으깨지지 않도록 잘 볶아주시구요. 소금약간 후춧가루 약간만 넣어주시면 완성! 소금은 많이 넣으면 짤수 있어요. 베이컨의 짭짤한 맛이 있으니 잘 조절하셔야 한답니다."
	],
	"recipe_img": [
		"https://recipe1.ezmember.co.kr/cache/recipe/2015/05/19/5413fe8ec84809d75080ddeafe5a4d821.jpg",
		"https://recipe1.ezmember.co.kr/cache/recipe/2015/05/19/1fd6cc321ab3b46ba1ee25af8ea9a2591.jpg",
		"https://recipe1.ezmember.co.kr/cache/recipe/2015/05/19/f5cbdcac933c36726dd7f28e3128e4611.jpg"
	],
	"tag": [
		"밥, 볶음밥, 쌀"
	]
}