{
	"id": "6670967",
	"name": "떡 고구마 맛탕",
	"thumbnail": "https://recipe1.ezmember.co.kr/cache/recipe/2015/05/16/c0a25512481173ecb01aecdf092072531.jpg",
	"url": "https://www.10000recipe.com/recipe/6670967",
	"ingredient_ids": [
		6786,
		8020
	],
	"time": "30",
	"ingre_list": [
		{
			"ingre_name": "가래떡",
			"ingre_count": "",
			"ingre_unit": ""
		},
		{
			"ingre_name": "고구마",
			"ingre_count": "3",
			"ingre_unit": "개"
		}
	],
	"sauce_list": [
		{
			"ingre_name": "설탕",
			"ingre_count": "1.",
			"ingre_unit": "T"
		},
		{
			"ingre_name": "간장",
			"ingre_count": "0.",
			"ingre_unit": "T"
		},
		{
			"ingre_name": "꿀",
			"ingre_count": "1",
			"ingre_unit": "T"
		},
		{
			"ingre_name": "식용유",
			"ingre_count": "",
			"ingre_unit": "조금"
		}
	],
	"recipe": [
		"1. 고구마는 껍질을 벗겨 적당한 크기로 잘라 찬물에 담가 전분기를 빼 준 다음, 헹구어 물기를 빼 주세요. 어느 정도 물기를 뺐으면 키친타올로 닦아 여분의 물기를 완전히 제거해 주세요.",
		"2. 팬에 기름을 넣고 기름이 끓으면 썰어 놓은 고구마를 넣어 노릇하게 튀겨 주세요.",
		"3. 가래떡은 쪄서 적당한 크기로 잘라 준 다음 기름에 살짝 튀겨 주세요.",
		"4. 튀긴 고구마랑와 가래떡은 키친타올에 올려 기름을 제거해 주세요.",
		"5. 팬에 설탕 1.5큰술과 간장 0.5큰술을 넣고 약불에서 완전히 녹여 주세요.",
		"6. 설탕이 다 녹았으면 꿀 2큰술을 넣어 살짝 끓여 더 끓여 주세요.",
		"7. 마지막으로 튀겨 놓은 고구마와 가래떡을 넣고 골고루 섞어 주세요."
	],
	"recipe_img": [
		"https://recipe1.ezmember.co.kr/cache/recipe/2015/05/18/7705341685abf329bb0a01e1d3cebcd61.jpg",
		"https://recipe1.ezmember.co.kr/cache/recipe/2015/05/18/50141174804a829615b70ad5f89748a01.jpg",
		"https://recipe1.ezmember.co.kr/cache/recipe/2015/05/18/cc2b7a553160b9fb44e180d09f403c0c1.jpg",
		"https://recipe1.ezmember.co.kr/cache/recipe/2015/05/18/6382bb5fc925e0e38358475003c4c9271.jpg",
		"https://recipe1.ezmember.co.kr/cache/recipe/2015/05/18/d2f945bfbec12fc8a318b5f8b6b2e5441.jpg",
		"https://recipe1.ezmember.co.kr/cache/recipe/2015/05/18/6745796d9fa07ab9ad2d550a6869c8f21.jpg",
		"https://recipe1.ezmember.co.kr/cache/recipe/2015/05/18/b99f5e0e50a7749d83eb559205cc07a11.jpg"
	],
	"tag": [
		"고구마, 고구마맛탕, 디저트, 떡, 맛탕"
	]
}