{
	"id": "6671360",
	"name": "구수한 근대된장무침",
	"thumbnail": "https://recipe1.ezmember.co.kr/cache/recipe/2015/05/18/dea8cd530582a70280429ece517e71271.jpg",
	"url": "https://www.10000recipe.com/recipe/6671360",
	"ingredient_ids": [
		8341
	],
	"time": "15",
	"ingre_list": [
		{
			"ingre_name": "근대",
			"ingre_count": "300",
			"ingre_unit": "g"
		}
	],
	"sauce_list": [
		{
			"ingre_name": "시판된장",
			"ingre_count": "1",
			"ingre_unit": "T"
		},
		{
			"ingre_name": "고추장",
			"ingre_count": "1/2",
			"ingre_unit": "작은술"
		},
		{
			"ingre_name": "다진파",
			"ingre_count": "1",
			"ingre_unit": "T"
		},
		{
			"ingre_name": "다진마늘",
			"ingre_count": "1/2",
			"ingre_unit": "T"
		},
		{
			"ingre_name": "통깨",
			"ingre_count": "1/2",
			"ingre_unit": "T"
		},
		{
			"ingre_name": "참기름",
			"ingre_count": "1/2",
			"ingre_unit": "T"
		},
		{
			"ingre_name": "소금",
			"ingre_count": "",
			"ingre_unit": "약간"
		}
	],
	"recipe": [
		"1. 냄비에 물을 넣고 끓어오르면 소금과 함께 근대를 넣고 데쳐 주세요.",
		"2. 데친 근대는 찬물에 헹궈 주세요.",
		"3. 물기 꼭 짠 근대를 대략 2cm 길이로 잘라 주세요.",
		"4. 분량의 양념재료를 넣고 잘 섞어 주세요.",
		"5. 데친 근대와 된장양념을 넣고 무치면 맛있는 봄나물무침이 완성됩니다."
	],
	"recipe_img": [
		"https://recipe1.ezmember.co.kr/cache/recipe/2015/05/18/590305b51f1c1eb0e8a33c05d29e547b1.jpg",
		"https://recipe1.ezmember.co.kr/cache/recipe/2015/05/18/a93570f9a90529c4ca73e273d148a3571.jpg",
		"https://recipe1.ezmember.co.kr/cache/recipe/2015/05/18/3b007b039265e86df5e97778011b43031.jpg",
		"https://recipe1.ezmember.co.kr/cache/recipe/2015/05/18/a8250bbd3ce5ed8d451e725d800ec0cb1.jpg",
		"https://recipe1.ezmember.co.kr/cache/recipe/2015/05/18/aea657f060f41f71195dbf037c519bbc1.jpg"
	],
	"tag": [
		"무침"
	]
}