{
	"id": "6676504",
	"name": "식빵으로 만든 애플파이",
	"thumbnail": "https://recipe1.ezmember.co.kr/cache/recipe/2015/05/08/6de3e9d344eac642c72ed29f7a2023a71.jpg",
	"url": "https://www.10000recipe.com/recipe/6676504",
	"ingredient_ids": [
		7883,
		21116
	],
	"time": "60",
	"ingre_list": [
		{
			"ingre_name": "식빵",
			"ingre_count": "4",
			"ingre_unit": "개"
		},
		{
			"ingre_name": "사과",
			"ingre_count": "1/2",
			"ingre_unit": "개"
		}
	],
	"sauce_list": [
		{
			"ingre_name": "시나몬가루",
			"ingre_count": "2",
			"ingre_unit": "T"
		},
		{
			"ingre_name": "설탕",
			"ingre_count": "2",
			"ingre_unit": "T"
		}
	],
	"recipe": [
		"1. 깨끗하게 씻은 사과는 껍질을 벗겨서 잘게 다져주세요.                   ",
		"2. 팬에 사과, 시나몬가루, 설탕을 넣고 자박해질 때까지 은은한 불에서 졸여주세요. 따로 물을 넣지 않아도 사과에서 수분이 나온답니다. 수분이 어느정도 없어지고 자박해지면 따로 그릇에 넣어줍니다.                   ",
		"3. 식빵의 겉을 칼로 잘라서 네모난 모양을 만들어 주세요.",
		"4. 식빵 가운데를 숟가락으로 눌러서 움푹파인 모양을 만들어 주세요.",
		"5. 아까 만들어 두었떤 사과파이 속을 넉넉하게 넣고 분무기나 손으로 바깥쪽에 물을 발라주세요. 물을 뿌린 뒤 식빵을 눌러주셔야 서로 잘붙는답니다.",
		"6. 물을 바른 뒤에 나머지 식빵을 올리고 포크로 끝을 눌러주세요. 4곳을 꼼꼼하게 눌러서 식빵이 벌어지지 않게 해주세요.",
		"7. 오일을 두른 팬에 살짝살짝 구어 표면이 바삭하게 만들어 주세요. 오일 대신 버터를 사용해도 좋을거 같아요.",
		"8. 드디어 완성된 식빵 사과파이입니다~"
	],
	"recipe_img": [
		"https://recipe1.ezmember.co.kr/cache/recipe/2015/05/11/73b0d5023922b8454054f4058d78b7ad1.jpg",
		"https://recipe1.ezmember.co.kr/cache/recipe/2015/05/11/bd6a624da73ca0d36f30d2fcdf20ff911.jpg",
		"https://recipe1.ezmember.co.kr/cache/recipe/2015/05/11/ad6afa338b1f1841353e1d473ec95c2d1.jpg",
		"https://recipe1.ezmember.co.kr/cache/recipe/2015/05/11/9c709e1b1a1d20f5f6e0312e82db01ba1.jpg",
		"https://recipe1.ezmember.co.kr/cache/recipe/2015/05/11/02926f890cde42eb9d4ad3b26d27026f1.jpg",
		"https://recipe1.ezmember.co.kr/cache/recipe/2015/05/11/afcb9083f3f7f7612bf635eb1bb377811.jpg",
		"https://recipe1.ezmember.co.kr/cache/recipe/2015/05/11/4fcbddf5294bf14376a29d6da5650e361.jpg",
		"https://recipe1.ezmember.co.kr/cache/recipe/2015/05/11/331cfc03b2953ab27214ce7e0f79069f1.jpg"
	],
	"tag": [
		"사과, 식빵, 파이"
	]
}