{
	"id": "6678975",
	"name": "골뱅이양파볶음",
	"thumbnail": "https://recipe1.ezmember.co.kr/cache/recipe/2015/05/06/59ea31e72c4a1f8c0ef55fa48484104f1.jpg",
	"url": "https://www.10000recipe.com/recipe/6678975",
	"ingredient_ids": [
		17904,
		51682,
		51701,
		10282,
		8676,
		51700,
		8316
	],
	"time": "30",
	"ingre_list": [
		{
			"ingre_name": "골뱅이",
			"ingre_count": "",
			"ingre_unit": ""
		},
		{
			"ingre_name": "다진마늘",
			"ingre_count": "",
			"ingre_unit": ""
		},
		{
			"ingre_name": "후춧가루",
			"ingre_count": "",
			"ingre_unit": ""
		},
		{
			"ingre_name": "참기름",
			"ingre_count": "",
			"ingre_unit": ""
		},
		{
			"ingre_name": "양파",
			"ingre_count": "",
			"ingre_unit": ""
		},
		{
			"ingre_name": "깻잎",
			"ingre_count": "",
			"ingre_unit": ""
		},
		{
			"ingre_name": "청양고추",
			"ingre_count": "",
			"ingre_unit": ""
		}
	],
	"sauce_list": [],
	"recipe": [
		"1. 참기름, 후춧가루를 넣고 프라이팬을 달궈줍니다.",
		"2. 골뱅이를 먹기 좋은 크기로 잘라 달궈진 프라이팬에 넣어주세요.",
		"3. 국물 버리지 말고 조금만 넣어주세요. 국물이 쪼라들 때쯤 다진 마늘 넣어서 볶아줍니다.",
		"4. 골뱅이가 익을 때쯤 양파 먹기 좋게 썰어 넣어주세요.",
		"5. 양파의 아삭함이 중요합니다. 깻잎도 송송 썰어 넣어주세요. 그래서 양파를 나중에 넣어서 볶아주는 거예요.",
		"6. 청양 고추 2개를 썰어 넣어주세요."
	],
	"recipe_img": [
		"https://recipe1.ezmember.co.kr/cache/recipe/2015/05/06/2e4fb6046c1166941b9578f07ef8b4d21.jpg",
		"https://recipe1.ezmember.co.kr/cache/recipe/2015/05/06/f3264c57fb4456f309bd5432e1c0c3921.jpg",
		"https://recipe1.ezmember.co.kr/cache/recipe/2015/05/06/e79fd648e31b0207d42f622731b42ec11.jpg",
		"https://recipe1.ezmember.co.kr/cache/recipe/2015/05/06/3d3851335452c771ee9a0d0d986641c31.jpg",
		"https://recipe1.ezmember.co.kr/cache/recipe/2015/05/06/fe2e6b5ac0ed2aa059b589374539ea161.jpg",
		"https://recipe1.ezmember.co.kr/cache/recipe/2015/05/06/0747d55224445f780150c04c5f85b31e1.jpg"
	],
	"tag": [
		"가공식품류, 술안주"
	]
}