{
	"id": "6682135",
	"name": "딸기치즈타르트 만들기",
	"thumbnail": "https://recipe1.ezmember.co.kr/cache/recipe/2015/04/17/3300ffdad59902f3a8c9ddf27ffe600f1.jpg",
	"url": "https://www.10000recipe.com/recipe/6682135",
	"ingredient_ids": [],
	"time": "60",
	"ingre_list": [],
	"sauce_list": [],
	"recipe": [
		"1. 타르트지를 만들어 줍니다. 부풀지 않게 바닥에 포크로 구멍을 낸다음 180도로 예열된 오븐에 10~15분 정도 구워 줍니다.오븐",
		"2. 타르트지가 구워지는 동안 필링을 준비해요. 실온의 크림치즈를 크림화 하여 설탕을 넣고 섞어 주세요.",
		"3. 실온에 둔 달걀을 미리 풀어 분리되지 않도록 몇차례 나누어 넣어 섞어 주세요.",
		"4. 생크림과 레몬즙을 넣고 잘 섞어 주세요.",
		"5. 체친 옥수수전분을 넣어 주세요. 없으면 박력분을 넣어 주세요.",
		"6. 구워서 틀째 살짝 식혀둔 타르트지에 반죽을 부어 180도로 예열된 오븐에 30분 정도 구워 줍니다.",
		"7. 구워나온 타르트를 식혀서 생크림을 휘핑해서 위에 얹어주고 딸기로 장식해 줍니다."
	],
	"recipe_img": [
		"https://recipe1.ezmember.co.kr/cache/recipe/2015/04/17/2de878af596a1da81981cc38f8a12d741.jpg",
		"https://recipe1.ezmember.co.kr/cache/recipe/2015/04/17/aba294d977fa359f248c2a48e3c91ed31.jpg",
		"https://recipe1.ezmember.co.kr/cache/recipe/2015/04/17/4196813710d4b579a058b80347de4f031.jpg",
		"https://recipe1.ezmember.co.kr/cache/recipe/2015/04/17/d1a45917cbe9b00d4787f4212758a3a31.jpg",
		"https://recipe1.ezmember.co.kr/cache/recipe/2015/04/17/3fd2014b9141267413339689377919071.jpg",
		"https://recipe1.ezmember.co.kr/cache/recipe/2015/04/17/f39b07b76e9e4d1441ffa507d80bfc2d1.jpg",
		"https://recipe1.ezmember.co.kr/cache/recipe/2015/04/17/070a1cb92f95a8cd2cae310f9499ccf11.jpg"
	],
	"tag": [
		"굽기, 딸기, 밀가루, 손님접대, 타르트"
	]
}