{
	"id": "6684447",
	"name": "느타리버섯양념구이",
	"thumbnail": "https://recipe1.ezmember.co.kr/cache/recipe/2015/05/16/22a9fa90008e4eb17b05f8eee85b3a741.jpg",
	"url": "https://www.10000recipe.com/recipe/6684447",
	"ingredient_ids": [
		8873,
		8824,
		51686,
		51684
	],
	"time": "30",
	"ingre_list": [
		{
			"ingre_name": "느타리버섯",
			"ingre_count": "500",
			"ingre_unit": "g"
		},
		{
			"ingre_name": "대파",
			"ingre_count": "",
			"ingre_unit": ""
		},
		{
			"ingre_name": "통깨",
			"ingre_count": "",
			"ingre_unit": ""
		},
		{
			"ingre_name": "식용유",
			"ingre_count": "",
			"ingre_unit": ""
		}
	],
	"sauce_list": [
		{
			"ingre_name": "고추장",
			"ingre_count": "2",
			"ingre_unit": "T"
		},
		{
			"ingre_name": "고춧가루",
			"ingre_count": "1",
			"ingre_unit": "T"
		},
		{
			"ingre_name": "양조간장",
			"ingre_count": "1",
			"ingre_unit": "T반"
		},
		{
			"ingre_name": "소금",
			"ingre_count": "",
			"ingre_unit": "약간"
		},
		{
			"ingre_name": "올리고당",
			"ingre_count": "1",
			"ingre_unit": "T"
		},
		{
			"ingre_name": "다진파",
			"ingre_count": "1",
			"ingre_unit": "T"
		},
		{
			"ingre_name": "다진마늘",
			"ingre_count": "1",
			"ingre_unit": "T"
		},
		{
			"ingre_name": "후춧가루",
			"ingre_count": "",
			"ingre_unit": "약간"
		},
		{
			"ingre_name": "참기름",
			"ingre_count": "1/2",
			"ingre_unit": "T"
		}
	],
	"recipe": [
		"1. 느타리버섯은 끓는 물에 넣고 살짝 데친 후 찬물에 헹구어 물기를 빼주세요.",
		"2. 느타리버섯이 굵은 것은 먹기 좋은 크기로 찢어주세요.",
		"3. 분량의 양념재료 고추장, 고춧가루, 양조간장, 소금, 올리고당, 다진파, 다진마늘, 후춧가루, 참기름을 넣고 골고루 섞어주세요. 간이 골고루 배도록 조물조물 버무려서 재워두세요.",
		"4. 달군 프라이팬에 식용유를 두르고 양념에 재워둔 느타리버섯을 넣고 구워주세요. 느타리버섯양념구이를 접시에 담고 송송 썬 대파와 통깨를 조금 뿌려냅니다."
	],
	"recipe_img": [
		"https://recipe1.ezmember.co.kr/cache/recipe/2015/05/18/6a9c284052165a4df784c3d056cca2371.jpg",
		"https://recipe1.ezmember.co.kr/cache/recipe/2015/05/18/afb068f4e6ecd5f1527f49de8559477b1.jpg",
		"https://recipe1.ezmember.co.kr/cache/recipe/2015/05/18/4a9f1d9c986f904e2466340380142c781.jpg",
		"https://recipe1.ezmember.co.kr/cache/recipe/2015/05/18/3240561b0e321375f76ad24dd5a92edd1.jpg"
	],
	"tag": [
		"구이, 버섯, 버섯구이, 버섯류, 양념"
	]
}