{
	"id": "6684539",
	"name": "밥반찬으로 딱 좋은 매운 감자조림",
	"thumbnail": "https://recipe1.ezmember.co.kr/cache/recipe/2015/05/15/4f275f5d0c90f349cf3c8fd800df3c9b1.jpg",
	"url": "https://www.10000recipe.com/recipe/6684539",
	"ingredient_ids": [
		7997,
		51757,
		51691,
		51689,
		13646,
		51703
	],
	"time": "60",
	"ingre_list": [
		{
			"ingre_name": "감자",
			"ingre_count": "6",
			"ingre_unit": "개"
		},
		{
			"ingre_name": "오일",
			"ingre_count": "",
			"ingre_unit": ""
		},
		{
			"ingre_name": "청고추",
			"ingre_count": "",
			"ingre_unit": ""
		},
		{
			"ingre_name": "홍고추",
			"ingre_count": "",
			"ingre_unit": ""
		},
		{
			"ingre_name": "올리고당",
			"ingre_count": "",
			"ingre_unit": ""
		},
		{
			"ingre_name": "깨",
			"ingre_count": "",
			"ingre_unit": ""
		}
	],
	"sauce_list": [
		{
			"ingre_name": "간장",
			"ingre_count": "1",
			"ingre_unit": "T"
		},
		{
			"ingre_name": "고추장",
			"ingre_count": "3",
			"ingre_unit": "T"
		},
		{
			"ingre_name": "고춧가루",
			"ingre_count": "3",
			"ingre_unit": "T"
		},
		{
			"ingre_name": "매실액",
			"ingre_count": "1",
			"ingre_unit": "T"
		},
		{
			"ingre_name": "설탕",
			"ingre_count": "2",
			"ingre_unit": "T"
		},
		{
			"ingre_name": "참기름",
			"ingre_count": "1",
			"ingre_unit": "T"
		},
		{
			"ingre_name": "다진마늘",
			"ingre_count": "0.",
			"ingre_unit": "T"
		},
		{
			"ingre_name": "후춧가루",
			"ingre_count": "",
			"ingre_unit": "조금"
		}
	],
	"recipe": [
		"1. 중간 크기의 감자 6개를 준비해서 먹기 좋게 잘라주세요. 깍둑썰기해주시면 됩니다.",
		"2. 자른 감자는 물에 담궈서 전분기를 충분히 빼주세요 그 다음에 체에 받춰서 물기를 빼주세요.",
		"3. 양념장은 밥 수저 기준으로 간장1스푼,고추장3스푼,고춧가루3스푼,매실액 1스푼,설탕2스푼 참기름 1스푼다진마늘0.5스푼,후춧가루 조금 넣고 섞어주세요. 물은 500ml 준비했어요. 멸치육수로 내면 더 맛있긴 한데요, 이번엔 물로 했어요.",
		"4. 팬에 오일 넉넉하게 넣고 감자 볶아주세요. 완전히 익힐 필요는 없고요. 절번 정도 익을때까지만 볶아주세요.",
		"5. 그 다음 물 500ml 넣고 한번 더 끓여주세요.",
		"6. 그 다음 만들어 둔 양념장 넣고 끓여주세요. 아직은 국물이 자하게 있어서 좀 많이 끓여주셔야해요. 양념이 감자에 배어주어야 하니 시간이 걸린답니다 가스불은 중간에서 약한 불 사이에 두시면 됩니다.",
		"7. 국물이 쫄아들어서 제법 걸죽해졌어요.",
		"8. 마지막으로 홍고추,청고추 넣고 한번 더 끓여주시면 됩니다. 양념이 살짝 매운 편이라 청고추는 맵지 않은 오이고추로 사용했어요. 고추는 색 낼려고 넣은거라서요 ."
	],
	"recipe_img": [
		"https://recipe1.ezmember.co.kr/cache/recipe/2015/05/15/04b8950fd8757b3bb7417590edede7c81.jpg",
		"https://recipe1.ezmember.co.kr/cache/recipe/2015/05/15/5ab8f18733760d63b2896834bd2783691.jpg",
		"https://recipe1.ezmember.co.kr/cache/recipe/2015/05/15/ddaa51d6dfb2b3f2bf5dc5dcf584bad21.jpg",
		"https://recipe1.ezmember.co.kr/cache/recipe/2015/05/15/0c0350ccb6cde8a5642f7f5e88d2032c1.jpg",
		"https://recipe1.ezmember.co.kr/cache/recipe/2015/05/15/70343f80327dd0518237f09b52902e211.jpg",
		"https://recipe1.ezmember.co.kr/cache/recipe/2015/05/15/27f0152714c5959fa54ae73909c1e2461.jpg",
		"https://recipe1.ezmember.co.kr/cache/recipe/2015/05/15/2e12ee7e799b36e366edb92520a9f2a51.jpg",
		"https://recipe1.ezmember.co.kr/cache/recipe/2015/05/15/76efae1f20b1bea89eb4171a66f199191.jpg"
	],
	"tag": [
		"감자, 감자조림, 조림"
	]
}