{
	"id": "6685679",
	"name": "쫄깃한 매콤 어묵덮밥",
	"thumbnail": "https://recipe1.ezmember.co.kr/cache/recipe/2015/04/16/de8df465f3001a3f7b27b9404bad529d1.jpg",
	"url": "https://www.10000recipe.com/recipe/6685679",
	"ingredient_ids": [
		10136,
		8676,
		9457,
		51686,
		51683
	],
	"time": "30",
	"ingre_list": [
		{
			"ingre_name": "어묵",
			"ingre_count": "1",
			"ingre_unit": "장"
		},
		{
			"ingre_name": "양파",
			"ingre_count": "1/2",
			"ingre_unit": "개"
		},
		{
			"ingre_name": "계란",
			"ingre_count": "1",
			"ingre_unit": "개"
		},
		{
			"ingre_name": "통깨",
			"ingre_count": "",
			"ingre_unit": "약간"
		},
		{
			"ingre_name": "물",
			"ingre_count": "5",
			"ingre_unit": "T"
		}
	],
	"sauce_list": [
		{
			"ingre_name": "고추장",
			"ingre_count": "1",
			"ingre_unit": ""
		},
		{
			"ingre_name": "고추가루",
			"ingre_count": "",
			"ingre_unit": ""
		},
		{
			"ingre_name": "간장",
			"ingre_count": "1",
			"ingre_unit": ""
		},
		{
			"ingre_name": "올리고당",
			"ingre_count": "1",
			"ingre_unit": ""
		},
		{
			"ingre_name": "참기름",
			"ingre_count": "1",
			"ingre_unit": ""
		},
		{
			"ingre_name": "맛술",
			"ingre_count": "1",
			"ingre_unit": ""
		},
		{
			"ingre_name": "다진마늘",
			"ingre_count": "",
			"ingre_unit": ""
		}
	],
	"recipe": [
		"1. 어묵은 1장 또는 1장 반을 준비해 주세요. 여자기준 으로는 1장 이면 충분한거같구요. 남자 1인분 기준으로는 1장반 정도 있어야 할거같아요. 양파는 반개 준비해 주었어요.",
		"2. 먹기좋은 크기로 양파와 어묵을 잘라주었습니다. 잘라준 어묵은 뜨거운물에 살짝 데쳐서 겉부분에 기름기를 살짝 제거해 주세요 저는 그냥 정수기 뜨거운 물로~",
		"3. 양념장 준비해 주었습니다. 분량은 위에 참고해주세요 여자 기준은 밥숟가락으로 적당히1스푼 남자밥 기준으로는 밥숟가락 듬뿍 1스푼 정도로 넣어주시면 간 맞을거 같아요. 양념장은 넉넉히 만들어서 나중에 조절해서 넣어주셔도 좋아요.",
		"4. 계란후라이를 먼저 준비해 주세요 그래야 후라이팬을 갈지않고 한번에 조리할수 있으니 말이죠. 노른자 살려서 흰자만 익혀서 준비해 주세요. 이렇게 매콤한 덮밥에는 노른자 톡 터트려 먹어야 맛있거든요.",
		"5. 계란을 따로 담아놓고 기름이 적당히 두른 상태에서 이렇게 양파를 먼저 볶아주세요 양파의 단맛이 충분히 날때까지 볶아줍니다. 그리고 어묵을 넣어주었습니다.",
		"6. 어묵넣고 만들어둔 양념장과 여기에 물을 5스푼 정도 자작하게 넣어주세요 물이 꼭 들어가야 합니다. 덮밥은 촉촉하게 뿌려먹어야 맛있거든요.",
		"7. 밥 먹을만큼 담아주고 만들어둔 소스 올리고 여기에 계란 올려주면 완성~~ 참 통깨도 살짝 뿌려주었어요."
	],
	"recipe_img": [
		"https://recipe1.ezmember.co.kr/cache/recipe/2015/04/16/764dc66ef7276fb8151c153638bda9c31.jpg",
		"https://recipe1.ezmember.co.kr/cache/recipe/2015/04/16/186f5d87bb2cc0b69fcb9d7612bacedf1.jpg",
		"https://recipe1.ezmember.co.kr/cache/recipe/2015/04/16/f90ae395995b0fb6b3b07a70b6c21c131.jpg",
		"https://recipe1.ezmember.co.kr/cache/recipe/2015/04/16/5b5e3cb7b8c10cd03a46ee765fdd219c1.jpg",
		"https://recipe1.ezmember.co.kr/cache/recipe/2015/04/16/249eab32a3d63282b6ca945df19c55931.jpg",
		"https://recipe1.ezmember.co.kr/cache/recipe/2015/04/16/1bf122f2e0a08197751ff34b22262d671.jpg",
		"https://recipe1.ezmember.co.kr/cache/recipe/2015/04/16/c26e7ebcbe2af08cd3267287884ffef21.jpg"
	],
	"tag": [
		"가공식품류, 덮밥, 밥+죽+떡, 볶음, 일상"
	]
}