{
	"id": "6685013",
	"name": "추억의 소세지야채볶음 만드는법",
	"thumbnail": "https://recipe1.ezmember.co.kr/cache/recipe/2015/05/15/36ed0e2a80e106afbc10ed4513d462e71.jpg",
	"url": "https://www.10000recipe.com/recipe/6685013",
	"ingredient_ids": [
		51746,
		8676,
		8548,
		51755,
		51752
	],
	"time": "30",
	"ingre_list": [
		{
			"ingre_name": "비엔나소세지",
			"ingre_count": "2",
			"ingre_unit": "줌"
		},
		{
			"ingre_name": "양파",
			"ingre_count": "",
			"ingre_unit": "약간"
		},
		{
			"ingre_name": "브로콜리",
			"ingre_count": "",
			"ingre_unit": ""
		},
		{
			"ingre_name": "노란파프리카",
			"ingre_count": "",
			"ingre_unit": ""
		},
		{
			"ingre_name": "빨강파프리카",
			"ingre_count": "",
			"ingre_unit": ""
		}
	],
	"sauce_list": [
		{
			"ingre_name": "케쳡",
			"ingre_count": "4",
			"ingre_unit": "T"
		},
		{
			"ingre_name": "간장",
			"ingre_count": "1.",
			"ingre_unit": "T"
		},
		{
			"ingre_name": "매실액",
			"ingre_count": "1",
			"ingre_unit": "T"
		},
		{
			"ingre_name": "물엿",
			"ingre_count": "1",
			"ingre_unit": "T"
		},
		{
			"ingre_name": "깨",
			"ingre_count": "",
			"ingre_unit": "약간"
		}
	],
	"recipe": [
		"1. 비엔나 소세지 2줌 (사선으로 칼집을 두줄 내주어요) 양파 약간, 브로콜리, 파프리카 (노랑색, 빨강색)",
		"2. 양념장 만들기 - 케찹 4큰술, 간장 1.5큰술, 매실액 1큰술, 물엿 1큰술, 깨약간",
		"3. 우선 차례대로 볶아주는데요 양파가 1/3정도 익었을때 파프리카를 넣고 볶아주다가 세번째로 소세지를 넣어 볶아주세요 소세지 칼집이 서서히 벌어지기 시작하면 브로콜리와 양념장을 넣어 자작해지게 볶아주면 된답니다.",
		"4. 먹기전에 솔솔 깨로 마무리해주면 보기에도 좋겠지요 언제 먹어도 좋은 소세지야채볶음 만드는법 간단해서 좋아요."
	],
	"recipe_img": [
		"https://recipe1.ezmember.co.kr/cache/recipe/2015/05/15/f886b6cb2affab59a78bfb69a47ebdc01.jpg",
		"https://recipe1.ezmember.co.kr/cache/recipe/2015/05/15/59a1757a029ad7b629a2181281c87b3a1.jpg",
		"https://recipe1.ezmember.co.kr/cache/recipe/2015/05/15/8ffa12c049f99f38631ee42a6d69ef301.jpg",
		"https://recipe1.ezmember.co.kr/cache/recipe/2015/05/15/b9ac736e40b5b23856d9a97481b329881.jpg"
	],
	"tag": [
		"소세지야채볶음"
	]
}