{
	"id": "6686875",
	"name": "새송이 파프리카볶음",
	"thumbnail": "https://recipe1.ezmember.co.kr/cache/recipe/2015/05/08/057a23f6a1e2a1563a3df44caeb8fdb01.jpg",
	"url": "https://www.10000recipe.com/recipe/6686875",
	"ingredient_ids": [
		8913,
		51753,
		51754,
		10260,
		51757,
		51782
	],
	"time": "30",
	"ingre_list": [
		{
			"ingre_name": "새송이버섯",
			"ingre_count": "2",
			"ingre_unit": "개"
		},
		{
			"ingre_name": "빨간파프리카",
			"ingre_count": "1/2",
			"ingre_unit": "개"
		},
		{
			"ingre_name": "노랑파프리카",
			"ingre_count": "1/2",
			"ingre_unit": "개"
		},
		{
			"ingre_name": "들기름",
			"ingre_count": "1",
			"ingre_unit": "T"
		},
		{
			"ingre_name": "오일",
			"ingre_count": "1/2",
			"ingre_unit": "T"
		},
		{
			"ingre_name": "허브솔트",
			"ingre_count": "",
			"ingre_unit": "약간"
		}
	],
	"sauce_list": [],
	"recipe": [
		"1. 새송이버섯은 밑동을 잘라내고 흐르는 물에 한번 휘릭 씻어줍니다.",
		"2. 새송이버섯과 파프리카는 약0.5센티 정도로 잘라 준비합니다.",
		"3. 달궈진 웍에 카놀라유 1/2큰술과 들기름 1큰술을 넣고 새송이버섯을 넣고 허브솔트로 간을 해주며 볶아줍니다.",
		"4. 버섯을 약한불에서 은근히 볶아주세요. 약한불에서 볶아줘야 버섯의 수분이 충분히 나옵니다.",
		"5. 버섯의 수분이 나오기 시작하면 웍의 둘레로 몰아주고 수분이 충분히 증발하도록 둡니다.",
		"6. 버섯의 수분이 충분히 사라지면 파프리카를 넣고 볶아줍니다."
	],
	"recipe_img": [
		"https://recipe1.ezmember.co.kr/cache/recipe/2015/05/11/3fb9ac19753521ad615ada664339b70c1.jpg",
		"https://recipe1.ezmember.co.kr/cache/recipe/2015/05/11/0fe40c184d906d1752f11d9bb335999a1.jpg",
		"https://recipe1.ezmember.co.kr/cache/recipe/2015/05/11/e20690f5823dbdd9326bce0042f9b3e11.jpg",
		"https://recipe1.ezmember.co.kr/cache/recipe/2015/05/11/0e815f6f6f8620e575074f98d9c1260e1.jpg",
		"https://recipe1.ezmember.co.kr/cache/recipe/2015/05/11/64c4960251a6f79c21b97118e33f20121.jpg",
		"https://recipe1.ezmember.co.kr/cache/recipe/2015/05/11/7d53278a592f14965617dd992094047f1.jpg"
	],
	"tag": [
		"다이어트, 버섯류"
	]
}