{
	"id": "6689057",
	"name": "냉이된장무침 ",
	"thumbnail": "https://recipe1.ezmember.co.kr/cache/recipe/2015/05/18/3469b284b76d7aceb0338095313de5b41.jpg",
	"url": "https://www.10000recipe.com/recipe/6689057",
	"ingredient_ids": [
		8367
	],
	"time": "30",
	"ingre_list": [
		{
			"ingre_name": "냉이",
			"ingre_count": "",
			"ingre_unit": ""
		}
	],
	"sauce_list": [
		{
			"ingre_name": "된장",
			"ingre_count": "1",
			"ingre_unit": "T"
		},
		{
			"ingre_name": "고추장",
			"ingre_count": "0.",
			"ingre_unit": "T"
		},
		{
			"ingre_name": "다진마늘",
			"ingre_count": "",
			"ingre_unit": "약간"
		},
		{
			"ingre_name": "파",
			"ingre_count": "",
			"ingre_unit": ""
		},
		{
			"ingre_name": "깨",
			"ingre_count": "",
			"ingre_unit": ""
		},
		{
			"ingre_name": "참기름",
			"ingre_count": "",
			"ingre_unit": "약간"
		}
	],
	"recipe": [
		"1. 잎과 뿌리가 만나는 저 부분의 검정부분을 칼로 살살 벗겨주구요. 잎사귀 지저분한거 떼어주어요.",
		"2. 손질을 끝낸 냉이는 여러번 물에 씻어서 흙을 제거해 줍니다.",
		"3. 끓는 물에 손질한 냉이를 넣고 소금한스푼을 넣고 데쳐줍니다.",
		"4. 데친 냉이는 물에 한번 헹구고 물기를 짠후 된장한스푼 고추장 반스푼 다진마늘 약간 파 깨 참기름을 넣고 버무려줍니다."
	],
	"recipe_img": [
		"https://recipe1.ezmember.co.kr/cache/recipe/2015/05/18/ceaaa4302944cf16d9c4e6329e0dd3041.jpg",
		"https://recipe1.ezmember.co.kr/cache/recipe/2015/05/18/1ff09ecd80afed5a0bfb39347d1f55bf1.jpg",
		"https://recipe1.ezmember.co.kr/cache/recipe/2015/05/18/2214aa8f47e2e1184e442e2953c8dd411.jpg",
		"https://recipe1.ezmember.co.kr/cache/recipe/2015/05/18/fadd35e873500335c382377d3c8bceca1.jpg"
	],
	"tag": [
		"냉이무침, 무침, 밑반찬, 채소류"
	]
}