{
	"id": "6690140",
	"name": "두부 깐풍기",
	"thumbnail": "https://recipe1.ezmember.co.kr/cache/recipe/2015/05/17/865db8b70573f134a3ec98a30979eb931.jpg",
	"url": "https://www.10000recipe.com/recipe/6690140",
	"ingredient_ids": [
		8158,
		10722,
		51716,
		8824,
		51689,
		51691
	],
	"time": "30",
	"ingre_list": [
		{
			"ingre_name": "두부",
			"ingre_count": "",
			"ingre_unit": ""
		},
		{
			"ingre_name": "마늘",
			"ingre_count": "",
			"ingre_unit": ""
		},
		{
			"ingre_name": "다진양파",
			"ingre_count": "",
			"ingre_unit": ""
		},
		{
			"ingre_name": "대파",
			"ingre_count": "",
			"ingre_unit": ""
		},
		{
			"ingre_name": "홍고추",
			"ingre_count": "",
			"ingre_unit": ""
		},
		{
			"ingre_name": "청고추",
			"ingre_count": "",
			"ingre_unit": ""
		}
	],
	"sauce_list": [
		{
			"ingre_name": "고추기름(or식용유)",
			"ingre_count": "",
			"ingre_unit": ""
		}
	],
	"recipe": [
		"1. 두부는 물기를 빼고 한입 크기로 썰어 준비합니다. 두부 물기 배는 방법은 두부위에 소금을 살짝 뿌려 두면 물기가 빠집니다.",
		"2. 저민마늘, 다진양파, 송송썬대파, 고추를 준비합니다.",
		"3. 썰어놓은 두부에 밀가루나 녹말가루 또는 찹쌀가루를 묻혀 주세요. 밀가루를 입힌 두부는 체에 걸려 남아있는 밀가루를 털어줍니다.",
		"4. 달군팬에 고추기름(혹은 식용유)을 넣고 준비한 양념채소들를 달달 볶아주세요.",
		"5. 마늘과 대파의 향이 올라오면 간장, 식초, 설탕을 넣어 바글바글 끓여 주세요.",
		"6. 달궈놓은 다른 팬에 기름을 두르고, 밀가루 옷을 입힌 두부를 올려 노릇노릇하게 구워주세요.",
		"7. 미리 만들어 놓은 소스를 다시 불를 켜시고 노릇하게 구운 두부를 넣어 줍니다.양념이 자작하게 줄어 들때까지 저어주세요.양념이 골고루 베이면 불을 껴주시고, 마지막에 참기름 살짝 넣어 마무리 합니다."
	],
	"recipe_img": [
		"https://recipe1.ezmember.co.kr/cache/recipe/2015/05/21/04d516120f8d1ca756db3ff4fbb17a651.jpg",
		"https://recipe1.ezmember.co.kr/cache/recipe/2015/05/21/e46d8bdbcc02965eda0789403a83a9f91.jpg",
		"https://recipe1.ezmember.co.kr/cache/recipe/2015/05/21/c1e03580778b631c30f081f6237f5b931.jpg",
		"https://recipe1.ezmember.co.kr/cache/recipe/2015/05/21/515bb526776077071fd4b85f54f09a851.jpg",
		"https://recipe1.ezmember.co.kr/cache/recipe/2015/05/21/9cf2d2d0b3f6913e9ac0fd896ebb50cb1.jpg",
		"https://recipe1.ezmember.co.kr/cache/recipe/2015/05/21/13e78ba36f5772e9d8a0124feb2b02ca1.jpg",
		"https://recipe1.ezmember.co.kr/cache/recipe/2015/05/21/df4f68a06fae89d56fb000ceea1e01e91.jpg"
	],
	"tag": [
		"깐풍기, 끓이기, 두부, 메인반찬, 손님접대, 콩+견과류"
	]
}