{
	"id": "6690043",
	"name": "초간단 딸기식빵케이크",
	"thumbnail": "https://recipe1.ezmember.co.kr/cache/recipe/2015/05/14/d227ca52803819af5bbc95f39fb2e1af1.jpg",
	"url": "https://www.10000recipe.com/recipe/6690043",
	"ingredient_ids": [
		7883,
		19711
	],
	"time": "15",
	"ingre_list": [
		{
			"ingre_name": "식빵",
			"ingre_count": "3",
			"ingre_unit": "장"
		},
		{
			"ingre_name": "딸기",
			"ingre_count": "5",
			"ingre_unit": "개"
		}
	],
	"sauce_list": [
		{
			"ingre_name": "생크림",
			"ingre_count": "",
			"ingre_unit": "약간"
		}
	],
	"recipe": [
		"1. 위에 데코해줄 딸기 2개만 빼고 나머지는 작게 작게 썰어줍니다",
		"2. 빵을 준비한 뒤, 부들부들하게 먹기위해 양끝을 짤라 다듬어주세요. 그리고 생크림을 발라주는데, 달달한게 더좋다하는 분은 꿀을 먼저 바르고 그위에 생크림을 발라주세요.",
		"3. 생크림 바르고>딸기 올리고>빵으로 덮고>생크림 바르고>딸기 올리고>빵으로 덮고를 반복해주면 됩니다.                   ",
		"4. 다하셨으면 잘 눌리라고 반찬통 같은 걸로 잠시 눌러놔주세요.",
		"5. 그런 다음 적당한 크기로 썰고 위에 반으로 자른 딸기를 올려주면 끝! 이때 데코 딸기가 굴러떨어지지 않도록 생크림 한번 콕 찍고 올려주는 센스~"
	],
	"recipe_img": [
		"https://recipe1.ezmember.co.kr/cache/recipe/2015/05/14/07e435ad1af4be74711a35b42d72fdb91.jpg",
		"https://recipe1.ezmember.co.kr/cache/recipe/2015/05/14/bf66b94ddec87bfce66aa30a3dbfb5c01.jpg",
		"https://recipe1.ezmember.co.kr/cache/recipe/2015/05/14/0daa62aecab9c952ae6a8ddb4ee497b91.jpg",
		"https://recipe1.ezmember.co.kr/cache/recipe/2015/05/14/7fb976f4843908e2cbf559cb3cc5298a1.jpg",
		"https://recipe1.ezmember.co.kr/cache/recipe/2015/05/14/9504ea546eb1da41e19e2a3d1dd43ff51.jpg"
	],
	"tag": [
		"딸기, 손님접대, 식빵, 케이크"
	]
}