{
	"id": "6690857",
	"name": "닭가슴살새송이버섯장조림 ",
	"thumbnail": "https://recipe1.ezmember.co.kr/cache/recipe/2015/05/16/18873ccc69b0c8d04fdb6dcb55db8c6e1.jpg",
	"url": "https://www.10000recipe.com/recipe/6690857",
	"ingredient_ids": [
		9181,
		8913
	],
	"time": "60",
	"ingre_list": [
		{
			"ingre_name": "닭가슴살",
			"ingre_count": "250",
			"ingre_unit": "g"
		},
		{
			"ingre_name": "새송이버섯",
			"ingre_count": "3",
			"ingre_unit": "송이"
		}
	],
	"sauce_list": [
		{
			"ingre_name": "간장",
			"ingre_count": "7",
			"ingre_unit": "T"
		},
		{
			"ingre_name": "설탕",
			"ingre_count": "1",
			"ingre_unit": "T"
		},
		{
			"ingre_name": "매실액",
			"ingre_count": "1",
			"ingre_unit": "T"
		},
		{
			"ingre_name": "올리고당",
			"ingre_count": "1",
			"ingre_unit": "T"
		},
		{
			"ingre_name": "맛술",
			"ingre_count": "1",
			"ingre_unit": "T"
		},
		{
			"ingre_name": "후추",
			"ingre_count": "",
			"ingre_unit": "조금"
		},
		{
			"ingre_name": "다시마우린물",
			"ingre_count": "",
			"ingre_unit": ""
		}
	],
	"recipe": [
		"1. 새송이버섯은 물로 가볍게 씻은 후 크기에 따라 조금씩 다르겠지만 저는 3등분후 납작하게 잘랐어요. 뭐 규칙이 있는건 아니니 먹기 좋게 자르면 될거 같아요. 다만 장조림이니 만큼 두께를 얇지 않게 해주세요.",
		"2. 닭가슴살은 미리 한번 데쳐 불순물을 제거해주세요. 따로 썰지 않고 이대로 조릴거에요",
		"3. 조림장을 만들어 볼게요~ 분량의 양념을 섞은후 다시마 우린물을 부어주시는데요. 양은 조림장 만든 양과 동량 혹은 조금 더 넣으시면 돼요.",
		"4. 냄비에 손질해 재료를 넣고 조림장을 부어 주세요.",
		"5. 처음엔 센불에서 조리하시다 끓어 오르면 중불로 줄여 조리하시면 되고요. 끓어오른 거품은 걷어내세요.",
		"6. 이대로 조림장이 어느정도 자작해질 정도로 졸이시면 돼요"
	],
	"recipe_img": [
		"https://recipe1.ezmember.co.kr/cache/recipe/2015/05/16/2dc6316cf64f8de472692ac3ef74ddb91.jpg",
		"https://recipe1.ezmember.co.kr/cache/recipe/2015/05/16/c2eb47e3aeaa97b2458613c8b2d802df1.jpg",
		"https://recipe1.ezmember.co.kr/cache/recipe/2015/05/16/30d52efc76551632146c29091dd08f8e1.jpg",
		"https://recipe1.ezmember.co.kr/cache/recipe/2015/05/16/2ef68e1901c43c1b1ca36d4e10f03a5a1.jpg",
		"https://recipe1.ezmember.co.kr/cache/recipe/2015/05/16/0d511f9d45ce6a8e2ba9b17f5941410b1.jpg",
		"https://recipe1.ezmember.co.kr/cache/recipe/2015/05/16/86f88cef9eaeb307b5c95d641dc0beec1.jpg"
	],
	"tag": [
		"닭가슴살, 닭고기, 밑반찬, 버섯, 버섯조림, 새송이버섯장조림, 새송이버섯조림, 장조림, 조림"
	]
}