{
	"id": "6697217",
	"name": "새송이 버섯구이 ",
	"thumbnail": "https://recipe1.ezmember.co.kr/cache/recipe/2015/05/13/726af09e211767a190cf3d540d7cdc8a1.jpg",
	"url": "https://www.10000recipe.com/recipe/6697217",
	"ingredient_ids": [
		8913
	],
	"time": "30",
	"ingre_list": [
		{
			"ingre_name": "새송이버섯",
			"ingre_count": "2~3개",
			"ingre_unit": "개"
		}
	],
	"sauce_list": [
		{
			"ingre_name": "고추장",
			"ingre_count": "2",
			"ingre_unit": "T"
		},
		{
			"ingre_name": "고춧가루",
			"ingre_count": "1",
			"ingre_unit": "T"
		},
		{
			"ingre_name": "물엿",
			"ingre_count": "1",
			"ingre_unit": "T"
		},
		{
			"ingre_name": "간장",
			"ingre_count": "1",
			"ingre_unit": "T"
		},
		{
			"ingre_name": "다진마늘",
			"ingre_count": "0.",
			"ingre_unit": "T"
		},
		{
			"ingre_name": "참기름",
			"ingre_count": "1",
			"ingre_unit": "T"
		},
		{
			"ingre_name": "다진파",
			"ingre_count": "",
			"ingre_unit": "약간"
		},
		{
			"ingre_name": "물",
			"ingre_count": "2",
			"ingre_unit": "T"
		},
		{
			"ingre_name": "통깨",
			"ingre_count": "",
			"ingre_unit": "약간"
		}
	],
	"recipe": [
		"1. 먼저 새송이버섯은 편으로 썰어주세요. 수분이 빠지면 얇아지니까 너무 얇게는 썰지마시고요.",
		"2. 분량의 양념을 넣어 섞어주세요.",
		"3. 새송이버섯의 수분도 빼줄 겸 말랑해지가 앞뒤로 한번 씩 구워 숨을 죽여주시고요.",
		"4. 고추장양념을 넣어 새송이버섯을 졸이듯 팬에 구워주시면 됩니다."
	],
	"recipe_img": [
		"https://recipe1.ezmember.co.kr/cache/recipe/2015/05/13/aba25ff5e5f1f531ad955c8ef6c9c08d1.jpg",
		"https://recipe1.ezmember.co.kr/cache/recipe/2015/05/13/5fd8a625ce65fdc49c71750c717f74511.jpg",
		"https://recipe1.ezmember.co.kr/cache/recipe/2015/05/13/c3be10e82a6aa2c13b0dbd37a9ba1eea1.jpg",
		"https://recipe1.ezmember.co.kr/cache/recipe/2015/05/13/3b93ab2fe09e9fe75210afad176033051.jpg"
	],
	"tag": [
		"구이, 굽기, 밑반찬, 버섯, 버섯구이, 버섯류, 새송이버섯구이, 일상"
	]
}