{
	"id": "6698779",
	"name": "매콤한 돼지고기깻잎전 맛있게 만들기",
	"thumbnail": "https://recipe1.ezmember.co.kr/cache/recipe/2015/05/14/4c85020f83e37ff80a3caf6370f24bd41.jpg",
	"url": "https://www.10000recipe.com/recipe/6698779",
	"ingredient_ids": [
		51767,
		8158,
		8386,
		8824,
		8316,
		51700,
		13708,
		9456
	],
	"time": "30",
	"ingre_list": [
		{
			"ingre_name": "돼지고기다짐육",
			"ingre_count": "300",
			"ingre_unit": "g"
		},
		{
			"ingre_name": "두부",
			"ingre_count": "1/2",
			"ingre_unit": "모"
		},
		{
			"ingre_name": "당근",
			"ingre_count": "1/4",
			"ingre_unit": "개"
		},
		{
			"ingre_name": "대파",
			"ingre_count": "1",
			"ingre_unit": "개"
		},
		{
			"ingre_name": "청양고추",
			"ingre_count": "2",
			"ingre_unit": "개"
		},
		{
			"ingre_name": "깻잎",
			"ingre_count": "25",
			"ingre_unit": "장"
		},
		{
			"ingre_name": "부침가루",
			"ingre_count": "100",
			"ingre_unit": "ml"
		},
		{
			"ingre_name": "달걀",
			"ingre_count": "5",
			"ingre_unit": "개"
		}
	],
	"sauce_list": [
		{
			"ingre_name": "간장",
			"ingre_count": "1.",
			"ingre_unit": "T"
		},
		{
			"ingre_name": "다진마늘",
			"ingre_count": "1",
			"ingre_unit": "T"
		},
		{
			"ingre_name": "청주",
			"ingre_count": "2",
			"ingre_unit": "T"
		},
		{
			"ingre_name": "맛술",
			"ingre_count": "1",
			"ingre_unit": "T"
		},
		{
			"ingre_name": "후추",
			"ingre_count": "1",
			"ingre_unit": "T"
		}
	],
	"recipe": [
		"1. 돼지고기 다짐육은 가볍게 키친타올로 핏물을 제거한 후 다진마늘, 후추, 맛술, 청주, 간장을 넣고 밑간하고 10분정도 냉장고에서 재워주세요.",
		"2. 야채는 가볍게 당근과 대파 청양고추만 다져서 넣었어요. 대파대신 양파를 넣어도 좋아요. 깻잎은 흐르는 물에 세척해주구요.",
		"3. 두부는 체에 받쳐 물기를 빼준 다음 볼에 돼지고기 다짐육과 야채, 부침가루 3스푼을 넣고 잘 섞어서 여러번 치대주세요.",
		"4. 깻잎 1장당 다짐육을 1스푼 떠서 깻잎 한쪽면에 넣으신후 깻잎을 반달모양으로 만들어주시면 되요.",
		"5. 깻잎 앞뒤로 부침가루를 골고루 입혀주신 후 계란옷으로 마무리",
		"6. 예열된 팬에 노릇노릇 부쳐주면 완성이에요."
	],
	"recipe_img": [
		"https://recipe1.ezmember.co.kr/cache/recipe/2015/05/16/a5a087478f27afd5aee9a9a9ca1778071.jpg",
		"https://recipe1.ezmember.co.kr/cache/recipe/2015/05/16/8db25ccfa431615ea8113d6efb89e18f1.jpg",
		"https://recipe1.ezmember.co.kr/cache/recipe/2015/05/16/aab2c287f01624e136d61e236730efce1.jpg",
		"https://recipe1.ezmember.co.kr/cache/recipe/2015/05/16/6d62fda351010e842d09b30e7862411d1.jpg",
		"https://recipe1.ezmember.co.kr/cache/recipe/2015/05/16/2bfd65e40a047d83b7f5d1121016f32d1.jpg",
		"https://recipe1.ezmember.co.kr/cache/recipe/2015/05/16/eb18b64399ceb197180b9e135665d39c1.jpg"
	],
	"tag": [
		"깻잎전, 돼지고기, 디저트, 부침, 전"
	]
}