{
	"id": "6702851",
	"name": "꽈리고추찜",
	"thumbnail": "https://recipe1.ezmember.co.kr/cache/recipe/2015/05/13/5645a49d58df34c402d053527181bdd61.jpg",
	"url": "https://www.10000recipe.com/recipe/6702851",
	"ingredient_ids": [
		51820,
		8050
	],
	"time": "30",
	"ingre_list": [
		{
			"ingre_name": "꽈리고추",
			"ingre_count": "",
			"ingre_unit": ""
		},
		{
			"ingre_name": "밀가루",
			"ingre_count": "",
			"ingre_unit": ""
		}
	],
	"sauce_list": [
		{
			"ingre_name": "진간장",
			"ingre_count": "4",
			"ingre_unit": "T"
		},
		{
			"ingre_name": "마늘1스푼(약간모자라게)",
			"ingre_count": "1스푼(약간모자라게)",
			"ingre_unit": "T(약간모자라게)"
		},
		{
			"ingre_name": "고춧가루",
			"ingre_count": "1",
			"ingre_unit": "T"
		},
		{
			"ingre_name": "통깨",
			"ingre_count": "1",
			"ingre_unit": "T"
		},
		{
			"ingre_name": "참기름",
			"ingre_count": "1",
			"ingre_unit": "T"
		},
		{
			"ingre_name": "연두",
			"ingre_count": "1/2",
			"ingre_unit": "티T"
		}
	],
	"recipe": [
		"1. 식초를 넣고 한 봉지를 다 물에 살랑살랑 씻어서 꼭지 부분을 데어내었답니다. 한 번에 젓가락으로 먹기에는 없는 게 편하답니다.                   ",
		"2. 다 씻은 꽈리에 구멍을 내줘야 한답니다. 그래야 나중에 뻥.. 터지면서 물이 나오거나 삑 하면서 찔 때 터지는 일 없도록 말이죠 한개한개 다 폭폭 찍어주세요.",
		"3. 밀가루를 적당한 양으로 종이컵 한 컵 정도의 양으로 충분합니다. 물기가 묻어있는 그 상태의 꽈리고추를 바로 봉지 안에 밀가루로 바로 넣어주세요 물기가 어느 정도 있어야지 밀가루가 묻어 난답니다.",
		"4. 밀가루가 들어있는 봉지에 재료를 넣으셨으면 어느 정도 공기가 있는 느낌으로 부풀려 잡아주세요 그래야 자기들끼리 잘 섞인답니다. 이렇게 마구 흔들어 주세요.",
		"5. 그럼 이걸 체에 넣고 마무리는 밀가루를 약간 털어주세요. 너무 심하게 털어버리면 나중에 양념이 안 묻으니 주의주의~",
		"6. 분량대로 양념을 준비해주세요.",
		"7. 체에 올려서 찜통에 5분간 쪄주세요.",
		"8. 이제 큰 볼에 담아서 양념을 위에 올린 다음에 손으로 섞어주세요.  고춧가루 때문에 너무 심하게 막 섞으면 양념이 퍼진다고 해야 하나요? 살살 뒤척뒤척해주세요                   "
	],
	"recipe_img": [
		"https://recipe1.ezmember.co.kr/cache/recipe/2015/05/13/7f316e82b6945deaee051efc331a43481.jpg",
		"https://recipe1.ezmember.co.kr/cache/recipe/2015/05/13/2afa0ef964792e358e7d63a92e4071211.jpg",
		"https://recipe1.ezmember.co.kr/cache/recipe/2015/05/13/92cb9a59484ba33908f885a3a51b4e7f1.jpg",
		"https://recipe1.ezmember.co.kr/cache/recipe/2015/05/13/064c926bb601f293dd726b8a3b1234981.jpg",
		"https://recipe1.ezmember.co.kr/cache/recipe/2015/05/13/0b171d3432adf6991c4b772aefd332851.jpg",
		"https://recipe1.ezmember.co.kr/cache/recipe/2015/05/13/fa9ba1f17bb7fb58a969b70f1c3392911.jpg",
		"https://recipe1.ezmember.co.kr/cache/recipe/2015/05/13/467f81067945650bc264638e97af55a91.jpg",
		"https://recipe1.ezmember.co.kr/cache/recipe/2015/05/13/4ef50bb615b0dbd2acd37cc15605c7361.jpg"
	],
	"tag": [
		"꽈리고추찜, 찜"
	]
}