{
	"id": "6702966",
	"name": "맛있고 간단한 크래미 볶음밥",
	"thumbnail": "https://recipe1.ezmember.co.kr/cache/recipe/2015/04/16/974a3136e2665e8bfc1566897695cc531.jpg",
	"url": "https://www.10000recipe.com/recipe/6702966",
	"ingredient_ids": [
		51723,
		8850,
		8386,
		8676,
		10406,
		9457,
		51686
	],
	"time": "15",
	"ingre_list": [
		{
			"ingre_name": "크래미",
			"ingre_count": "",
			"ingre_unit": ""
		},
		{
			"ingre_name": "호박",
			"ingre_count": "",
			"ingre_unit": ""
		},
		{
			"ingre_name": "당근",
			"ingre_count": "",
			"ingre_unit": ""
		},
		{
			"ingre_name": "양파",
			"ingre_count": "",
			"ingre_unit": ""
		},
		{
			"ingre_name": "굴소스",
			"ingre_count": "",
			"ingre_unit": ""
		},
		{
			"ingre_name": "계란",
			"ingre_count": "",
			"ingre_unit": ""
		},
		{
			"ingre_name": "통깨",
			"ingre_count": "",
			"ingre_unit": ""
		}
	],
	"sauce_list": [],
	"recipe": [
		"1. 먼저 야채는 냉장고에 있는걸로 준비하면 되요 볶음밥은 원래 냉장고 청소할때먹는거니까 ㅋㅋㅋ 울집에는 당근양, 호박군, 양파양이 있네요",
		"2. 얘네들을 잘게 다져놔요 전 스무디차퍼로 착착 다져놨어요 없으면 손으로 착착 다져주삼~",
		"3. 크래미를 대충 썰어놓고",
		"4. 볶음팬에 기름두르고 야채들먼저 볶아줘요",
		"5. 그리고 대충 잘라논 크래미를 넣은뒤",
		"6. 주걱으로 뭉개주면 쉽게 찢어져요~ 크래미는 이런데 맛살은 잘 안찢어지더라구요 맛살로 할때는 손으로 찢어야댐",
		"7. 어느정도 야채가 볶아졌다싶으면 굴소스를 넣어주세요 밥양에 맞춰야 되므로 양은 알아서~",
		"8. 그리고 요기다 밥을 양껏 넣어서 볶아줘요",
		"9. 한쪽으로 밥을 밀고 기름 약간 더 두른뒤 계란하나를 깨서 스크램블을 해주세요                   ",
		"10. 스크램블한 계란과 볶음밥을 합체!!!! 하면"
	],
	"recipe_img": [
		"https://recipe1.ezmember.co.kr/cache/recipe/2015/04/16/5ccffc702668265d404fff4dae1d0e531.jpg",
		"https://recipe1.ezmember.co.kr/cache/recipe/2015/04/16/462a05de368e990dbfddeb6e014ace221.jpg",
		"https://recipe1.ezmember.co.kr/cache/recipe/2015/04/16/1241df7812b901ab152675b896ad8b521.jpg",
		"https://recipe1.ezmember.co.kr/cache/recipe/2015/04/16/bc60d27578a8fac10ec6e125dd10045f1.jpg",
		"https://recipe1.ezmember.co.kr/cache/recipe/2015/04/16/b3b6eccb1577b79a3947d5b248afa76b1.jpg",
		"https://recipe1.ezmember.co.kr/cache/recipe/2015/04/16/16f7e354b249bcb156887ef6edbf41571.jpg",
		"https://recipe1.ezmember.co.kr/cache/recipe/2015/04/16/bc3dc77d9c7fb45f9fe1638dd98ffd5f1.jpg",
		"https://recipe1.ezmember.co.kr/cache/recipe/2015/04/16/521f8eabb852d6e3ee6732a6754d7a291.jpg",
		"https://recipe1.ezmember.co.kr/cache/recipe/2015/04/16/84601cc24a0b1b331f9364248d584ff61.jpg",
		"https://recipe1.ezmember.co.kr/cache/recipe/2015/04/16/c98c085b463c153aae0a8a06c05a24b71.jpg"
	],
	"tag": [
		"밥, 볶음밥, 쌀"
	]
}