{
	"id": "6706065",
	"name": "간단한 아이반찬 햄감자볶음 만드는법",
	"thumbnail": "https://recipe1.ezmember.co.kr/cache/recipe/2015/04/16/f569d19fc6cdf43f9671c6fb45f8e8731.jpg",
	"url": "https://www.10000recipe.com/recipe/6706065",
	"ingredient_ids": [
		7997,
		15272,
		51682,
		51684,
		10438,
		51686
	],
	"time": "15",
	"ingre_list": [
		{
			"ingre_name": "감자",
			"ingre_count": "",
			"ingre_unit": ""
		},
		{
			"ingre_name": "햄",
			"ingre_count": "",
			"ingre_unit": ""
		},
		{
			"ingre_name": "다진마늘",
			"ingre_count": "",
			"ingre_unit": ""
		},
		{
			"ingre_name": "식용유",
			"ingre_count": "",
			"ingre_unit": ""
		},
		{
			"ingre_name": "소금",
			"ingre_count": "",
			"ingre_unit": ""
		},
		{
			"ingre_name": "통깨",
			"ingre_count": "",
			"ingre_unit": ""
		}
	],
	"sauce_list": [],
	"recipe": [
		"1. 감자는 도톰하게 채썰어서 물에 담가주세요 어느정도 녹말을 빼주어야 볶을때 달라붙지 않거든요",
		"2. 그리고 양파와 햄도 길쭉하게 채썰어 준비해둬요 너무 얇게 썰면 볶다가 다 뭉개져서 전 재료들 다 도톰하게 썰었어요",
		"3. 5분정도 물에 담궜다가 물기를 뺀 감자를 기름두른 팬에 넣고 볶아주세요 근데 요게 볶다보면 팬에 막 들러붙을꺼에요 그럴땐 물을 약간씩 넣어주면서 볶아주면 들러붙지 않고 깔끔하게 볶을수 있답니다~",
		"4. 그리고 다진마늘 한수저 넣고",
		"5. 양파도 넣어서 볶아주세요",
		"6. 소금으로 간을 해준뒤",
		"7. 양파가 투명해지면 햄도 함께 넣고 살살 볶아줘요 전 스팸을 사용했더니 요건 잘 부스러지더라구요 스팸으로 할때는 조심조심 섞어준다는 느낌으로~ 그 느낌 뭔지 알죠?ㅋㅋㅋ",
		"8. 감자가 다 익으면 통깨 뿌려서 마무으리~~"
	],
	"recipe_img": [
		"https://recipe1.ezmember.co.kr/cache/recipe/2015/04/16/63a4c771490c36127871e39d44ea7aff1.jpg",
		"https://recipe1.ezmember.co.kr/cache/recipe/2015/04/16/e7729df5a4d66c88d033f1ef9ec4de391.jpg",
		"https://recipe1.ezmember.co.kr/cache/recipe/2015/04/16/7570c0ef6e96da11b94673f2a7af59f41.jpg",
		"https://recipe1.ezmember.co.kr/cache/recipe/2015/04/16/e6d1f79c7cef820db3d42c134b6d52421.jpg",
		"https://recipe1.ezmember.co.kr/cache/recipe/2015/04/16/4801bb2dfe656603ed4f339f979f816f1.jpg",
		"https://recipe1.ezmember.co.kr/cache/recipe/2015/04/16/c41dc19bc06d3c1be223ab3c5d14f6261.jpg",
		"https://recipe1.ezmember.co.kr/cache/recipe/2015/04/16/9161277aac9d0ba509912dbacd47ac4c1.jpg",
		"https://recipe1.ezmember.co.kr/cache/recipe/2015/04/16/9c3da7a4174da0d544000435b16f5f981.jpg"
	],
	"tag": [
		"감자, 감자볶음"
	]
}