{
	"id": "6707763",
	"name": "핑거푸드 소고기밥전",
	"thumbnail": "https://recipe1.ezmember.co.kr/cache/recipe/2015/05/14/77ad225b064095e031b2d147049b50ea1.jpg",
	"url": "https://www.10000recipe.com/recipe/6707763",
	"ingredient_ids": [
		51685,
		9306,
		8873,
		51705
	],
	"time": "30",
	"ingre_list": [
		{
			"ingre_name": "밥",
			"ingre_count": "",
			"ingre_unit": ""
		},
		{
			"ingre_name": "소고기",
			"ingre_count": "",
			"ingre_unit": ""
		},
		{
			"ingre_name": "느타리버섯",
			"ingre_count": "",
			"ingre_unit": ""
		},
		{
			"ingre_name": "다진파",
			"ingre_count": "",
			"ingre_unit": " "
		}
	],
	"sauce_list": [
		{
			"ingre_name": "다진마늘",
			"ingre_count": "",
			"ingre_unit": " "
		},
		{
			"ingre_name": "간장",
			"ingre_count": "",
			"ingre_unit": ""
		},
		{
			"ingre_name": "아가베시럽",
			"ingre_count": "",
			"ingre_unit": ""
		},
		{
			"ingre_name": "밀가루",
			"ingre_count": "",
			"ingre_unit": ""
		}
	],
	"recipe": [
		"1. 소고기는 찬물에 담가 핏물을 뺀뒤 다져줍니다.                   ",
		"2. 버섯은 잘게 다져줍니다. 볼에 밥, 소고기, 느타리버섯, 양파, 마늘을 넣고 간장과 아가베시럽, 참기름을 약간 넣어줍니다. (간장2 : 아가베시럽1)                   ",
		"3. 밥전 반죽을 한입크기로 만들어 팬에서 구워주면 완성입니다.                   "
	],
	"recipe_img": [
		"https://recipe1.ezmember.co.kr/cache/recipe/2015/05/14/4a62a4c83c4723eac258330b770d5c441.jpg",
		"https://recipe1.ezmember.co.kr/cache/recipe/2015/05/14/db02dc2012598c5737a24091504b1dce1.jpg",
		"https://recipe1.ezmember.co.kr/cache/recipe/2015/05/14/5e83097e9e23635417f718f1b343812b1.jpg"
	],
	"tag": [
		"밥, 밥전, 부침, 소고기"
	]
}