{
	"id": "6711683",
	"name": "초코 버터링 쿠키",
	"thumbnail": "https://recipe1.ezmember.co.kr/cache/recipe/2015/05/14/c1566363f204af1808c8ad215342d5601.jpg",
	"url": "https://www.10000recipe.com/recipe/6711683",
	"ingredient_ids": [
		10267,
		51710,
		9456,
		51687,
		51766,
		51712
	],
	"time": "30",
	"ingre_list": [
		{
			"ingre_name": "버터",
			"ingre_count": "80",
			"ingre_unit": "g"
		},
		{
			"ingre_name": "슈가파우더",
			"ingre_count": "70",
			"ingre_unit": "g"
		},
		{
			"ingre_name": "달걀",
			"ingre_count": "1",
			"ingre_unit": "개"
		},
		{
			"ingre_name": "박력분",
			"ingre_count": "85",
			"ingre_unit": "g"
		},
		{
			"ingre_name": "코코아가루",
			"ingre_count": "15",
			"ingre_unit": "g"
		},
		{
			"ingre_name": "아몬드가루",
			"ingre_count": "40",
			"ingre_unit": "g"
		}
	],
	"sauce_list": [],
	"recipe": [
		"1. 실온의 버터를 크림화 해준 다음 슈가파우더를 넣고 잘 섞어주세요. 쿠키는 휘핑을 너무 많이 하게 되면 반죽이 퍼져버리니 주의하시기 바랍니다.",
		"2. 실온의 달걀을 3~4회 정도 나눠 넣어가며 분리되지 않게 잘 섞어주세요.",
		"3. 박력분, 코코아가루, 아몬드가루를 체쳐 넣고 주걱으로 가르듯 잘 섞어주세요.",
		"4. 깍지를 끼운 짤주머니에 반죽을 넣고 팬에 간격을 두고 적당한 모양으로 짜준 다음 170~180도로 예열된 오븐에 10~15분 정도 구워주세요. 오븐에 따라 온도가 달라지니 조절하세요. 모양은 링, 장미, 8자 원하시는대로 해주시면 됩니다.오븐"
	],
	"recipe_img": [
		"https://recipe1.ezmember.co.kr/cache/recipe/2015/05/14/55b0f37c33e2ec0abea63b12d3c2bb991.jpg",
		"https://recipe1.ezmember.co.kr/cache/recipe/2015/05/14/4e428dc38d378501d2674c63e640a5001.jpg",
		"https://recipe1.ezmember.co.kr/cache/recipe/2015/05/14/e95138921239118b3ea0e085588f95e71.jpg",
		"https://recipe1.ezmember.co.kr/cache/recipe/2015/05/14/f43de7af20f01a27decd7b158c6978531.jpg"
	],
	"tag": [
		"간식, 굽기, 밀가루, 버터링쿠키, 버터쿠키, 초코쿠키, 쿠키"
	]
}