{
	"id": "6711697",
	"name": "달래 오이무침",
	"thumbnail": "https://recipe1.ezmember.co.kr/cache/recipe/2015/05/06/bdf2ddc05206714a3d6e39580f78e8891.jpg",
	"url": "https://www.10000recipe.com/recipe/6711697",
	"ingredient_ids": [
		8382,
		8710
	],
	"time": "30",
	"ingre_list": [
		{
			"ingre_name": "달래",
			"ingre_count": "50",
			"ingre_unit": "g"
		},
		{
			"ingre_name": "오이",
			"ingre_count": "1",
			"ingre_unit": "개"
		}
	],
	"sauce_list": [
		{
			"ingre_name": "간장",
			"ingre_count": "1",
			"ingre_unit": "T"
		},
		{
			"ingre_name": "고추가루",
			"ingre_count": "1",
			"ingre_unit": "T"
		},
		{
			"ingre_name": "식초",
			"ingre_count": "1",
			"ingre_unit": "T"
		},
		{
			"ingre_name": "올리고당",
			"ingre_count": "1",
			"ingre_unit": "T"
		},
		{
			"ingre_name": "참기름",
			"ingre_count": "",
			"ingre_unit": "약간"
		},
		{
			"ingre_name": "통깨",
			"ingre_count": "",
			"ingre_unit": "약간"
		}
	],
	"recipe": [
		"1. 달래는 둥근 뿌리부분을 감싼 껍질을 벗겨주시고 손질해 주어야해요.                   ",
		"2. 달래 뿌리부분에 흙도 박혀있고하니 달래는 손질후 특히 뿌리부분을 꼼꼼하게 씻어주어야 한답니다~",
		"3. 달래는 뿌리에 영양소가 많다고 하니 절대 버리지 말고 꼼꼼히 손질해서 씻어주시고 오이도 깨끗이 씻어 반으로 가른후 어슷썰어 준비합니다.",
		"4. 준비된 달래와 오이에 양념재료를 모두 넣고 버물버물 무쳐내기만 하면 완성이에요~                   "
	],
	"recipe_img": [
		"https://recipe1.ezmember.co.kr/cache/recipe/2015/05/06/7e5a978fdf6493759c8c1d5aad263a5d1.jpg",
		"https://recipe1.ezmember.co.kr/cache/recipe/2015/05/06/92560a333945618a3bcf6c46d40446011.jpg",
		"https://recipe1.ezmember.co.kr/cache/recipe/2015/05/06/1628f428ecaed3a9d82f7308a4d0808e1.jpg",
		"https://recipe1.ezmember.co.kr/cache/recipe/2015/05/06/74ea78306e866b843cdd74d7e904e68c1.jpg"
	],
	"tag": [
		"다이어트, 무침, 오이무침"
	]
}