{
	"id": "6711973",
	"name": "훈제오리 부추무침",
	"thumbnail": "https://recipe1.ezmember.co.kr/cache/recipe/2015/05/11/1a7084154791adfd807da4905bcc64be1.jpg",
	"url": "https://www.10000recipe.com/recipe/6711973",
	"ingredient_ids": [
		18,
		8544
	],
	"time": "30",
	"ingre_list": [
		{
			"ingre_name": "훈제오리",
			"ingre_count": "600",
			"ingre_unit": "g"
		},
		{
			"ingre_name": "부추",
			"ingre_count": "130",
			"ingre_unit": "g"
		}
	],
	"sauce_list": [
		{
			"ingre_name": "간장",
			"ingre_count": "3",
			"ingre_unit": "T"
		},
		{
			"ingre_name": "식초",
			"ingre_count": "2",
			"ingre_unit": "T"
		},
		{
			"ingre_name": "매실액",
			"ingre_count": "1",
			"ingre_unit": "T"
		},
		{
			"ingre_name": "설탕",
			"ingre_count": "1",
			"ingre_unit": "T"
		},
		{
			"ingre_name": "고추가루",
			"ingre_count": "1",
			"ingre_unit": "T"
		}
	],
	"recipe": [
		"1. 부추 130g 한줌 잘 씻어서 좌로 정렬해서 길이 5등분으로 잘라줬어요.",
		"2. 양파도 반개 얇게 썰어서 같이 볼에 넣어 대기합니다.",
		"3. 이제 부추무침 양념장 만들어봅니다. 분량의 양념 넣고 잘 섞어 주세요.",
		"4. 이 후라이팬에 훈제 오리와 통마늘이 있으면 편으로 썰어서 같이 한번 구워주세요.",
		"5. 고기 한쪽으로 치우면서 키친타올로 기름 한번씩 닦아주면서 구워주세요.",
		"6. 아까 준비해 둔 부추에 양념장 넣어서 살살 털면서 버무려 주시면 되세요",
		"7. 손님접대 요리로도 손색없는 초간단 요리 완성입니다."
	],
	"recipe_img": [
		"https://recipe1.ezmember.co.kr/cache/recipe/2015/05/11/0e1d85aa9d3c7d692b84e637428489661.jpg",
		"https://recipe1.ezmember.co.kr/cache/recipe/2015/05/11/43aafa12c064677841860458499c79f41.jpg",
		"https://recipe1.ezmember.co.kr/cache/recipe/2015/05/11/0d0020125507b538dd10bb72168808851.jpg",
		"https://recipe1.ezmember.co.kr/cache/recipe/2015/05/11/994335bdfa2874b90525d1b5c58781421.jpg",
		"https://recipe1.ezmember.co.kr/cache/recipe/2015/05/11/4498ff700c068c3eb6e3d43b35bcf42c1.jpg",
		"https://recipe1.ezmember.co.kr/cache/recipe/2015/05/11/c6f2a0a7ebe27b74149996e92564e1451.jpg",
		"https://recipe1.ezmember.co.kr/cache/recipe/2015/05/11/bc4d80cabb1b54931f95be622b7d4d391.jpg"
	],
	"tag": [
		"무침, 부추무침, 손님접대, 오리, 육류, 훈제오리부추무침"
	]
}