{
	"id": "6714932",
	"name": "브로콜리 마늘볶음",
	"thumbnail": "https://recipe1.ezmember.co.kr/cache/recipe/2015/05/07/a40eb7b4302adcbe1afeafd623f9709b1.jpg",
	"url": "https://www.10000recipe.com/recipe/6714932",
	"ingredient_ids": [
		8548,
		8427,
		13693
	],
	"time": "30",
	"ingre_list": [
		{
			"ingre_name": "브로콜리",
			"ingre_count": "1/2",
			"ingre_unit": "송이"
		},
		{
			"ingre_name": "통마늘",
			"ingre_count": "10",
			"ingre_unit": "알"
		},
		{
			"ingre_name": "카놀라유",
			"ingre_count": "1/2",
			"ingre_unit": "T"
		}
	],
	"sauce_list": [
		{
			"ingre_name": "볶음소금",
			"ingre_count": "2/3",
			"ingre_unit": "작은술"
		},
		{
			"ingre_name": "백후추",
			"ingre_count": "",
			"ingre_unit": "약간"
		},
		{
			"ingre_name": "참기름",
			"ingre_count": "1",
			"ingre_unit": "작은술"
		}
	],
	"recipe": [
		"1. 브로콜리를 준비하시구요~ 송이송이 칼로 작게 잘라줍니다.                   ",
		"2. 통마늘도 준비하시구요. 통마늘은 익는데 시간이 걸리므로 편썰어주는데, 약간 도톰하게 썰어 주어야 나중에 익었을 때 부서지지 않는답니다.                   ",
		"3. 브로콜리는 한번 데쳐서 볶아줄 것이므로 끓는 물에 천일염 1큰술을 넣어주고 2분 정도 데쳐줍니다. 다시 볶아주기 때문에 너무 익히지 않는 것이 좋구요. 찬물에 담가서 열기를 빼주고 물기를 꼭 짜줍니다.",
		"4. 팬을 달구고 카놀라유를 반큰술을 넣어줍니다. 마늘을 볶아주는데 너무 센불에서 익히면 타기 때문에 기름 온도만 약간 올라오면 불을 낮춰서 볶아줍니다. 마늘 향이 나면 데친 브로콜리를 넣어서 같이 볶아주고요.",
		"5. 볶음소금 3분의 2작은술과 백후추 약간, 참기름 1 작은술을 넣어 완성합니다.",
		"6. 검은깨를 뿌려주면 되구요. 브로콜리 마늘볶음이 완성 되었습니다.                   "
	],
	"recipe_img": [
		"https://recipe1.ezmember.co.kr/cache/recipe/2015/05/07/b0561e8d007a3b9c7ae9c797d87b2f5b1.jpg",
		"https://recipe1.ezmember.co.kr/cache/recipe/2015/05/07/d9aa6b448571b3db508a33e41e1dfc1d1.jpg",
		"https://recipe1.ezmember.co.kr/cache/recipe/2015/05/07/bcfd78dfaa9bac92ad49a081524cc2cf1.jpg",
		"https://recipe1.ezmember.co.kr/cache/recipe/2015/05/07/a4ae5c705bfcbc0e643848463aed370e1.jpg",
		"https://recipe1.ezmember.co.kr/cache/recipe/2015/05/07/a85dfd10a466016d9dcc3c0fa7aa716f1.jpg",
		"https://recipe1.ezmember.co.kr/cache/recipe/2015/05/07/753c5c9a15e52893192ced08b89da50c1.jpg"
	],
	"tag": [
		"브로콜리"
	]
}