{
	"id": "6718479",
	"name": "진미채볶음 만들기",
	"thumbnail": "https://recipe1.ezmember.co.kr/cache/recipe/2015/04/21/6868b13ae83d41caeda86533f10b22051.jpg",
	"url": "https://www.10000recipe.com/recipe/6718479",
	"ingredient_ids": [
		51769
	],
	"time": "15",
	"ingre_list": [
		{
			"ingre_name": "진미채",
			"ingre_count": "200",
			"ingre_unit": "g"
		}
	],
	"sauce_list": [
		{
			"ingre_name": "고추장",
			"ingre_count": "3",
			"ingre_unit": "T"
		},
		{
			"ingre_name": "간장",
			"ingre_count": "2",
			"ingre_unit": "T"
		},
		{
			"ingre_name": "물엿",
			"ingre_count": "4",
			"ingre_unit": "T"
		},
		{
			"ingre_name": "맛술",
			"ingre_count": "4",
			"ingre_unit": "T"
		},
		{
			"ingre_name": "마요네즈",
			"ingre_count": "4",
			"ingre_unit": "T"
		},
		{
			"ingre_name": "설탕",
			"ingre_count": "1",
			"ingre_unit": "T"
		},
		{
			"ingre_name": "고추씨기름",
			"ingre_count": "2",
			"ingre_unit": "T"
		}
	],
	"recipe": [
		"1. 진미채는 물에 잠길 정도로 담가 한번 씻어 물기를 제거해 주세요. 먹기 좋게 잘라 준비해 주시구요~",
		"2. 나머지재료를 모두 팬에 넣어 섞어 주세요.",
		"3. 바글바글 끓여 주세요.",
		"4. 진미채를 넣어 섞어 주시면 완성!!"
	],
	"recipe_img": [
		"https://recipe1.ezmember.co.kr/cache/recipe/2015/04/21/ff1d0cb3b8a527d1b5747c8c6205e8221.jpg",
		"https://recipe1.ezmember.co.kr/cache/recipe/2015/04/21/38efdd353b0d10643958ac507b3789fb1.jpg",
		"https://recipe1.ezmember.co.kr/cache/recipe/2015/04/21/303ec82a43a5ebc94bfaeef58653c53f1.jpg",
		"https://recipe1.ezmember.co.kr/cache/recipe/2015/04/21/3ce979119f0241f28a1a9f8033c1f4ba1.jpg"
	],
	"tag": [
		"건어물류, 진미채, 진미채볶음"
	]
}