{
	"id": "6720605",
	"name": "초간단 딸기롤 샌드위치 만들기",
	"thumbnail": "https://recipe1.ezmember.co.kr/cache/recipe/2015/05/08/7ca25bf8662aaf434c94317d2d49c51f1.JPG",
	"url": "https://www.10000recipe.com/recipe/6720605",
	"ingredient_ids": [
		7883,
		19711
	],
	"time": "15",
	"ingre_list": [
		{
			"ingre_name": "식빵",
			"ingre_count": "3",
			"ingre_unit": "장"
		},
		{
			"ingre_name": "딸기",
			"ingre_count": "12",
			"ingre_unit": "개"
		}
	],
	"sauce_list": [
		{
			"ingre_name": "마요네즈or크림치즈",
			"ingre_count": "",
			"ingre_unit": "조금"
		},
		{
			"ingre_name": "설탕",
			"ingre_count": "",
			"ingre_unit": "조금"
		}
	],
	"recipe": [
		"1. 먼저 딸기는 깨끗이 씻어서 앞뒤로 다듬어주시고, 식빵 가장자리를 잘라준 다음, 밀대로 밀어주세요.                   ",
		"2. 식빵 위에 먼저 마요네즈 얇게 펴바른 뒤, 설탕을 솔솔 뿌려주시고, 그 위에 일정 두께로 다듬어놓은 딸기를 식빵 끝부분에 줄줄이 얹어주세요.                   ",
		"3. 딸기를 잘 감싸면서 돌돌 말아준 다음, 랩으로 한번 더 돌돌 말아주세요.                   ",
		"4. 랩으로 식빵 끝까지 잘 감싸준 다음 10분 정도 고정 시켜준 뒤, 잘 드는 칼로 잘라주시면 끝!                   "
	],
	"recipe_img": [
		"https://recipe1.ezmember.co.kr/cache/recipe/2015/05/11/e064ab280a843fd7ed4a0e3f55448e151.JPG",
		"https://recipe1.ezmember.co.kr/cache/recipe/2015/05/11/511c0752026247c817760ec16a5e2a5f1.JPG",
		"https://recipe1.ezmember.co.kr/cache/recipe/2015/05/11/6ebbf739d694ddac0b8dabf10115019b1.JPG",
		"https://recipe1.ezmember.co.kr/cache/recipe/2015/05/11/2b8016072f9a5f0303815c19af44c77f1.JPG"
	],
	"tag": [
		"과일류, 딸기, 롤, 롤샌드위치, 비빔, 샌드위치"
	]
}