{
	"id": "6722240",
	"name": "애호박 새우젓볶음",
	"thumbnail": "https://recipe1.ezmember.co.kr/cache/recipe/2015/04/22/9e9b9e8292c3ef11631962ce81e79c2b1.jpg",
	"url": "https://www.10000recipe.com/recipe/6722240",
	"ingredient_ids": [
		8855,
		8386,
		8676
	],
	"time": "15",
	"ingre_list": [
		{
			"ingre_name": "애호박",
			"ingre_count": "1",
			"ingre_unit": "개"
		},
		{
			"ingre_name": "당근",
			"ingre_count": "",
			"ingre_unit": "약간"
		},
		{
			"ingre_name": "양파",
			"ingre_count": "1/2",
			"ingre_unit": "개"
		}
	],
	"sauce_list": [
		{
			"ingre_name": "새우젓",
			"ingre_count": "1",
			"ingre_unit": "T"
		},
		{
			"ingre_name": "다진마늘",
			"ingre_count": "",
			"ingre_unit": " "
		},
		{
			"ingre_name": "검은깨",
			"ingre_count": "",
			"ingre_unit": ""
		},
		{
			"ingre_name": "식용유",
			"ingre_count": "",
			"ingre_unit": ""
		}
	],
	"recipe": [
		"1. 이렇게 준비했어요.",
		"2. 팬에 식용유 두르고 다진 마늘 1ts 넣고 살짝 볶아줍니다. 볶음 요리할 때 다진 마늘은 빠지지 않고 사용하는 것 같은데요. 전 한꺼번에 많이 다져둔 채 냉동해 두었다가 꺼내 쓰고 있어요.",
		"3. 당근-애호박 순서대로 볶아요. 사실, 애호박이 생각보다 익는데 시간이 좀 걸리니까 애호박볶음 할 땐 그냥 한 번에 같이 넣어도 괜찮은거 같아요.                   ",
		"4. 살짝 익어갈 때 양파를 넣었어요. 애호박을 제외한 그 외의 야채가 아삭한 식감이 나는 걸 좋아한다면 호박이 투명한 빛깔이 날 때 넣으면 됩니다.",
		"5. 야채들 다 익을 즈음 준비해 둔 새우젓을 꺼냅니다. 밥숟가락으로 딱 1큰술이면 적당한 간으로 완성. 일단 한 큰술 넣고 섞어가며 마무리로 볶아준 후 맛을 본 다음.. '난 더 짠맛을 원해!' 이런다면 그때 더 넣어도 늦지 않습니다.                   "
	],
	"recipe_img": [
		"https://recipe1.ezmember.co.kr/cache/recipe/2015/04/22/d92f71176b7a6b22ac4e685aefc262591.jpg",
		"https://recipe1.ezmember.co.kr/cache/recipe/2015/04/22/4c01225a7ab7619bd4ed272a9da263b31.jpg",
		"https://recipe1.ezmember.co.kr/cache/recipe/2015/04/22/958c852a6e1140d564a7aa23a203159f1.jpg",
		"https://recipe1.ezmember.co.kr/cache/recipe/2015/04/22/3a47928773d819e98e2cd90504ec4fcc1.jpg",
		"https://recipe1.ezmember.co.kr/cache/recipe/2015/04/22/16e3f1c33c21fa10f8b596bc2cc0226a1.jpg"
	],
	"tag": [
		"새우볶음, 애호박볶음"
	]
}