{
	"id": "6723751",
	"name": "고추가루 없이 간단 오이무침",
	"thumbnail": "https://recipe1.ezmember.co.kr/cache/recipe/2015/05/07/44d24c42ce68edfb2fdc840691c2dd891.jpg",
	"url": "https://www.10000recipe.com/recipe/6723751",
	"ingredient_ids": [
		8710
	],
	"time": "15",
	"ingre_list": [
		{
			"ingre_name": "오이",
			"ingre_count": "1",
			"ingre_unit": "개"
		}
	],
	"sauce_list": [
		{
			"ingre_name": "소금",
			"ingre_count": "",
			"ingre_unit": ""
		},
		{
			"ingre_name": "매실액기스",
			"ingre_count": "1",
			"ingre_unit": ""
		},
		{
			"ingre_name": "설탕",
			"ingre_count": "",
			"ingre_unit": ""
		},
		{
			"ingre_name": "식초",
			"ingre_count": "",
			"ingre_unit": "약간"
		},
		{
			"ingre_name": "참기름",
			"ingre_count": "",
			"ingre_unit": ""
		},
		{
			"ingre_name": "통깨",
			"ingre_count": "",
			"ingre_unit": ""
		}
	],
	"recipe": [
		"1. 오이는 굵은 소금으로 박박 닦아 주시구요. 중간중간 필러로 깍아 주었습니다. 이렇게 해주면 잘라 주었을때 모양이 더 이쁘더라구요.",
		"2. 오이를 얇게 썰어주었어요.",
		"3. 오이 1개당 소금 이정도 약간만 넣어서 절여 주겠습니다.",
		"4. 오이 수분이 나오면 물을 꼬옥 짜서 준비해 주세요. 손바닥으로 꾹꾹 눌러주면서 수분감을 제거해 주세요.",
		"5. 여기에 매실액을 1스푼 넣어주겠습니다.",
		"6. 설탕도 조금 넣어주세요 매실액 넣었으니 맛보시면서 조절해서 넣어주세요.",
		"7. 매실액이 새콤한 맛이 강하다면 식초는 생략해 주셔도 되구요, 새콤한 맛이 너무 약하다 싶으면 식초 조금 넣어주세요. 그리고 마지막 통깨와 참기름도 반스푼 1개 기준이라 조금씩만 넣어 준답니다."
	],
	"recipe_img": [
		"https://recipe1.ezmember.co.kr/cache/recipe/2015/05/07/ad7d66e2a4a03a19eace06852ac4dc171.jpg",
		"https://recipe1.ezmember.co.kr/cache/recipe/2015/05/07/3c9719a3d129f22c85e6b00fe24f8c301.jpg",
		"https://recipe1.ezmember.co.kr/cache/recipe/2015/05/07/17303750792a74d001cab7aa835e54b91.jpg",
		"https://recipe1.ezmember.co.kr/cache/recipe/2015/05/07/331d63ef0f5c964554e048adc918881a1.jpg",
		"https://recipe1.ezmember.co.kr/cache/recipe/2015/05/07/c09a18f8d17fc879ca2c73085ba5f4251.jpg",
		"https://recipe1.ezmember.co.kr/cache/recipe/2015/05/07/56be0717a31631ef9988daa1db6145af1.jpg",
		"https://recipe1.ezmember.co.kr/cache/recipe/2015/05/07/6f67cb9c05685405c2dd95aef30cd3aa1.jpg"
	],
	"tag": [
		"무침, 밑반찬, 오이무침, 채소류, 초스피드"
	]
}