{
	"id": "6725558",
	"name": "달콤바삭한 식빵 파이 ",
	"thumbnail": "https://recipe1.ezmember.co.kr/cache/recipe/2015/05/07/3ef64472c21f11e1d96c59145d2e3edb1.jpg",
	"url": "https://www.10000recipe.com/recipe/6725558",
	"ingredient_ids": [
		7883
	],
	"time": "30",
	"ingre_list": [
		{
			"ingre_name": "식빵",
			"ingre_count": "4-6장",
			"ingre_unit": "장"
		}
	],
	"sauce_list": [
		{
			"ingre_name": "과일쨈",
			"ingre_count": "",
			"ingre_unit": ""
		},
		{
			"ingre_name": "초콜릿",
			"ingre_count": "",
			"ingre_unit": ""
		}
	],
	"recipe": [
		"1. 식빵은 밀대로 밀어 얇게 펴준 다음 테투리부분을 잘라주세요. 적당히 4등분정도로 자른다음 쿠키틀로 눌러 모양을 내주세요.",
		"2. 모양을 내지 않은 식빵에는 각각 취향에 맞는 쨈과 녹인 초콜릿을 발라주세요.",
		"3. 그위에 모양을 내준 식빵을 올려준 빈곳을 쨈이나 초콜릿으로 채워주세요.",
		"4. 찍어낸 모양들은 이렇게 모양을 내어 주셔도 되요.",
		"5. 170˚C 예열된 오븐에 7분간 구워주시면 완성이에요.오븐"
	],
	"recipe_img": [
		"https://recipe1.ezmember.co.kr/cache/recipe/2015/05/07/bfd5d1886515c629fa9f08fcc8c26e5e1.jpg",
		"https://recipe1.ezmember.co.kr/cache/recipe/2015/05/07/3ea4ccf0567e9671c43028d3ae4aa8cb1.jpg",
		"https://recipe1.ezmember.co.kr/cache/recipe/2015/05/07/3d767f07ccecf3546a9ac9b200b7c5351.jpg",
		"https://recipe1.ezmember.co.kr/cache/recipe/2015/05/07/eff254177abd6cd174f72c41a5b1a05b1.jpg",
		"https://recipe1.ezmember.co.kr/cache/recipe/2015/05/07/e7ee01b76e89c9e8f8c74b32c7ddad691.jpg"
	],
	"tag": [
		"밀가루, 식빵, 파이"
	]
}