{
	"id": "6727692",
	"name": "참치마요주먹밥",
	"thumbnail": "https://recipe1.ezmember.co.kr/cache/recipe/2015/04/24/6cac4d1e21087f8753c979dbcbb8e4ec1.jpg",
	"url": "https://www.10000recipe.com/recipe/6727692",
	"ingredient_ids": [
		15272,
		8386,
		8676,
		8855,
		9456,
		18025
	],
	"time": "30",
	"ingre_list": [
		{
			"ingre_name": "햄",
			"ingre_count": "",
			"ingre_unit": ""
		},
		{
			"ingre_name": "당근",
			"ingre_count": "",
			"ingre_unit": ""
		},
		{
			"ingre_name": "양파",
			"ingre_count": "",
			"ingre_unit": ""
		},
		{
			"ingre_name": "애호박",
			"ingre_count": "",
			"ingre_unit": ""
		},
		{
			"ingre_name": "달걀",
			"ingre_count": "2",
			"ingre_unit": "개"
		},
		{
			"ingre_name": "참치",
			"ingre_count": "1",
			"ingre_unit": "캔"
		}
	],
	"sauce_list": [
		{
			"ingre_name": "마요네즈",
			"ingre_count": "",
			"ingre_unit": ""
		},
		{
			"ingre_name": "김가루",
			"ingre_count": "",
			"ingre_unit": ""
		}
	],
	"recipe": [
		"1. 먼저 볶음밥을 만들거에요. 너무 크게썰면 밥뭉칠때 자꾸 튀어나오더라구요. 씹히는맛이 아예없음 또안되니 일반 볶음밥할때보다 약간 작게작게 썰어주시고, 한꺼번에 달달 볶아주세요~",
		"2. 볶아진 야채는 한쪽으로 몰아놓고, 반틈에 스크램블~ 밥넣어 볶아 볶음밥 완성했어요. 참치에도 약간 짠맛이잇고 김가루를 조미김으로 만들거라 따로 간은 아무것도 안햇어요.",
		"3. 참치는 기름을 빼서 준비해준뒤~ 마요네즈 뿌직뿌직해서 섞어주세요.",
		"4. 김가루는 일반 조미김 이용해서~ 봉지에 김담고 조물딱조물딱 해주면 김가루 완성!",
		"5. 밥을 잘 뭉쳐서~ 중간부분을 살짝 파이게 만들어준뒤, 참치마요를 넣고~ 그위를 다시 밥으로 덮어 조물조물 주먹밥모양을 만들어주면 됩니다.",
		"6. 김가루위에서 또르르~ 굴려준다음 손으로 한번더 꾹꾹 눌러주세요! 김가루는 많이 묻힐수록 맛나니깐여~ 주먹밥에 잘붙도록 굴리고 꼭꼭 눌러주고 굴리고 꼭꼭 눌러주고를 2번씩 반복하면 완성!"
	],
	"recipe_img": [
		"https://recipe1.ezmember.co.kr/cache/recipe/2015/04/24/f4bb837ddaf36698edb5141b5deee4281.jpg",
		"https://recipe1.ezmember.co.kr/cache/recipe/2015/04/24/81534de93a52056268959012065310781.jpg",
		"https://recipe1.ezmember.co.kr/cache/recipe/2015/04/24/23146f2aed4a2516b8974e3fab18a2801.jpg",
		"https://recipe1.ezmember.co.kr/cache/recipe/2015/04/24/69f1b33358fca7b891fff4c9ddb1d4da1.jpg",
		"https://recipe1.ezmember.co.kr/cache/recipe/2015/04/24/5e3b4a17e9e2cc962356f904c647505f1.jpg",
		"https://recipe1.ezmember.co.kr/cache/recipe/2015/04/24/9752eb7571e7cf83d59114a168e085ad1.jpg"
	],
	"tag": [
		"가공식품류, 밥+죽+떡, 삼각김밥, 주먹밥, 참치주먹밥"
	]
}