{
	"id": "6729350",
	"name": "아기 토마토 스파게티",
	"thumbnail": "https://recipe1.ezmember.co.kr/cache/recipe/2015/05/06/781aeff5b7e63bc83bbe5a363e7a5cf51.JPG",
	"url": "https://www.10000recipe.com/recipe/6729350",
	"ingredient_ids": [
		43241,
		17936,
		8905,
		8676,
		8548,
		20939,
		10722,
		10267
	],
	"time": "15",
	"ingre_list": [
		{
			"ingre_name": "토마토",
			"ingre_count": "1",
			"ingre_unit": "개"
		},
		{
			"ingre_name": "새우살",
			"ingre_count": "100",
			"ingre_unit": "g"
		},
		{
			"ingre_name": "양송이버섯",
			"ingre_count": "30",
			"ingre_unit": "g"
		},
		{
			"ingre_name": "양파",
			"ingre_count": "30",
			"ingre_unit": "g"
		},
		{
			"ingre_name": "브로콜리",
			"ingre_count": "20",
			"ingre_unit": "g"
		},
		{
			"ingre_name": "스파게티면",
			"ingre_count": "80",
			"ingre_unit": "g"
		},
		{
			"ingre_name": "마늘",
			"ingre_count": "1",
			"ingre_unit": "쪽"
		},
		{
			"ingre_name": "버터",
			"ingre_count": "",
			"ingre_unit": "약간"
		}
	],
	"sauce_list": [],
	"recipe": [
		"1. 토마토는 윗부분에 열십자로 칼집을 내서 끓는물에 데쳐주세요. 찬물에 헹궈 껍질을 벗겨주고 토마토를 데친물에 브로콜리도 살짝 데쳐줍니다. 그리고 바로 면도 넣고 9분정도 삶아주었어요.",
		"2. 껍질을 벗긴 토마토를 다지기에 넣고 갈아줍니다.",
		"3. 양파와 마늘도 다져주고 브로콜리는 꽃부분만 잘라주세요. 새우살과 양송이버섯은 아기가 먹기좋은 크기로 잘라주세요.",
		"4. 팬에 올리브유를 두르고 다진 양파와 마늘을 넣고 볶다가 갈아놓은 토마토를 넣어줍니다.                   ",
		"5. 새우살과 양송이버섯을 넣고 볶아줍니다.",
		"6. 버터 조금넣고 볶으면 완성!!"
	],
	"recipe_img": [
		"https://recipe1.ezmember.co.kr/cache/recipe/2015/05/07/dd5e42a0da1d72cd72a0993c23ebbde91.JPG",
		"https://recipe1.ezmember.co.kr/cache/recipe/2015/05/07/95cf7dfe2da08982c7152b0c1e9f79341.JPG",
		"https://recipe1.ezmember.co.kr/cache/recipe/2015/05/07/a59159188ceed204519511fd879514b61.JPG",
		"https://recipe1.ezmember.co.kr/cache/recipe/2015/05/07/f2d1298599899804541aca02d82948941.JPG",
		"https://recipe1.ezmember.co.kr/cache/recipe/2015/05/07/03e8086b9253be9cb5c05a81996019731.JPG",
		"https://recipe1.ezmember.co.kr/cache/recipe/2015/05/07/6e64301151e62c5c4a3087e25141fd3e1.JPG"
	],
	"tag": [
		"면+만두, 스파게티, 토마토, 토마토스파게티"
	]
}