{
	"id": "6733947",
	"name": "구수한 근대 된장국",
	"thumbnail": "https://recipe1.ezmember.co.kr/cache/recipe/2015/05/06/47bc049ceb0e64aa28fa4b4c6f15f74c1.jpg",
	"url": "https://www.10000recipe.com/recipe/6733947",
	"ingredient_ids": [
		8341,
		18763,
		18742,
		11266,
		11101,
		10722,
		8158
	],
	"time": "60",
	"ingre_list": [
		{
			"ingre_name": "근대",
			"ingre_count": "1",
			"ingre_unit": "묶음"
		},
		{
			"ingre_name": "된장",
			"ingre_count": "2",
			"ingre_unit": ""
		},
		{
			"ingre_name": "고추장",
			"ingre_count": "1",
			"ingre_unit": ""
		},
		{
			"ingre_name": "멸치",
			"ingre_count": "",
			"ingre_unit": ""
		},
		{
			"ingre_name": "다시마",
			"ingre_count": "",
			"ingre_unit": ""
		},
		{
			"ingre_name": "마늘",
			"ingre_count": "",
			"ingre_unit": ""
		},
		{
			"ingre_name": "두부",
			"ingre_count": "1/2",
			"ingre_unit": "모"
		}
	],
	"sauce_list": [],
	"recipe": [
		"1. 멸치와 다시마를 넣고 육수룰 내주세요. 육수가 우러나면 건져 내시면 됩니다.",
		"2. 근대는 먹기 좋게 잘라서 준비해요. 근대 줄기 쪽 끝부부만 살짝 썰어서 버리고 그대로 쓰시면 되요. 두부도 네모 네모 한입 크기로 자릅니다. 파릇 파릇한 근대를 원하시면 한번 데쳐서 끓이셔도 되요.",
		"3. 육수가 보글보글 끓으면 된장이랑 고추장, 마늘을 넣고 한소끔 더 끓여주세요.                   ",
		"4. 이제 근대와 두부를 넣어주세요.  간은 된장으로만 하셔도 되고요 싱거우시면 소금간 조금만 해주세요."
	],
	"recipe_img": [
		"https://recipe1.ezmember.co.kr/cache/recipe/2015/05/06/ede01164f732299f42707d5fdf0e9a311.jpg",
		"https://recipe1.ezmember.co.kr/cache/recipe/2015/05/06/98d9025f2fe6ffdbc080ffc29a147c2c1.jpg",
		"https://recipe1.ezmember.co.kr/cache/recipe/2015/05/06/aa6f50ea53c5e9dc127b553a3c43db8d1.jpg",
		"https://recipe1.ezmember.co.kr/cache/recipe/2015/05/06/141eb3a2669aeed754d6192dd4780ad11.jpg"
	],
	"tag": [
		"국+탕, 국, 된장국"
	]
}