{
	"id": "6733300",
	"name": "참치 알리올리오 볶음밥 ",
	"thumbnail": "https://recipe1.ezmember.co.kr/cache/recipe/2015/05/07/08e763f260da46e353e842819b350ded1.jpg",
	"url": "https://www.10000recipe.com/recipe/6733300",
	"ingredient_ids": [
		51685,
		10722,
		18025,
		10278,
		9456
	],
	"time": "15",
	"ingre_list": [
		{
			"ingre_name": "밥",
			"ingre_count": "1",
			"ingre_unit": "공기"
		},
		{
			"ingre_name": "마늘",
			"ingre_count": "5",
			"ingre_unit": "개"
		},
		{
			"ingre_name": "참치",
			"ingre_count": "2",
			"ingre_unit": "T"
		},
		{
			"ingre_name": "올리브유",
			"ingre_count": "",
			"ingre_unit": "약간"
		},
		{
			"ingre_name": "달걀",
			"ingre_count": "1",
			"ingre_unit": "개"
		}
	],
	"sauce_list": [
		{
			"ingre_name": "소금",
			"ingre_count": "",
			"ingre_unit": "약간"
		}
	],
	"recipe": [
		"1. 팬에 올리브유를 두르고 팬이 달궈지면 얇게 채 썬 마늘을 넣고 볶아주세요.",
		"2. 마늘이 익는 동안 달걀을 곱게 풀고 굴소스 1큰술 또는 소금을 넣어 한번 더 섞어주세요.",
		"3. 마늘이 노릇노릇하게 익으면 밥을 넣고 볶아줍니다.",
		"4. 밥이 어느 정도 볶아지면 참치를 넣어 볶아주세요.",
		"5. 참치까지 고루 볶아지면 달걀을 넣고 여러번 뒤적거려 줍니다. 달걀이 다 익으면 완성!",
		"6. 완성된 참치 알리올리오 볶음밥입니다~"
	],
	"recipe_img": [
		"https://recipe1.ezmember.co.kr/cache/recipe/2015/05/07/7febcfb9c4f70ff0648c1628617983ea1.jpg",
		"https://recipe1.ezmember.co.kr/cache/recipe/2015/05/07/5a1c3951ef812d742cbd4828254c119a1.jpg",
		"https://recipe1.ezmember.co.kr/cache/recipe/2015/05/07/53238bbaad28319f794a6d5be02afc011.jpg",
		"https://recipe1.ezmember.co.kr/cache/recipe/2015/05/07/5899213e98bf797c1f95b724e818dcb91.jpg",
		"https://recipe1.ezmember.co.kr/cache/recipe/2015/05/07/829b730f6bebdab5812333e93d9097361.jpg",
		"https://recipe1.ezmember.co.kr/cache/recipe/2015/05/07/b30b069cad99d9ae60e566860b7ecff71.jpg"
	],
	"tag": [
		"가공식품류, 밥+죽+떡, 밥, 볶음, 볶음밥, 알리오올리오, 초스피드"
	]
}