{
	"id": "6735542",
	"name": "카레감자채볶음",
	"thumbnail": "https://recipe1.ezmember.co.kr/cache/recipe/2015/05/05/36d28c71b2a68008198556da804d91331.jpg",
	"url": "https://www.10000recipe.com/recipe/6735542",
	"ingredient_ids": [
		7997,
		8386,
		8676
	],
	"time": "30",
	"ingre_list": [
		{
			"ingre_name": "감자",
			"ingre_count": "3",
			"ingre_unit": "개"
		},
		{
			"ingre_name": "당근",
			"ingre_count": "",
			"ingre_unit": "조금"
		},
		{
			"ingre_name": "양파",
			"ingre_count": "1/2",
			"ingre_unit": "개"
		}
	],
	"sauce_list": [
		{
			"ingre_name": "다진마늘",
			"ingre_count": "1/3",
			"ingre_unit": "T"
		},
		{
			"ingre_name": "소금",
			"ingre_count": "1/2",
			"ingre_unit": "T"
		},
		{
			"ingre_name": "물",
			"ingre_count": "3",
			"ingre_unit": "T"
		},
		{
			"ingre_name": "카레가루",
			"ingre_count": "1",
			"ingre_unit": "T"
		},
		{
			"ingre_name": "통깨",
			"ingre_count": "1",
			"ingre_unit": "T"
		},
		{
			"ingre_name": "식용유",
			"ingre_count": "",
			"ingre_unit": "조금"
		}
	],
	"recipe": [
		"1. 감자는 채 썰어서 찬물에 약 10분정도 담가주세요. 전분끼를 빼주셔야 하니까요.",
		"2. 그사이에 양파와 당근을 채썰어서 준비해주시구요.",
		"3. 감자는 끓는물에 센불에서 약 5~10분정도 사이로 데쳐서 찬물로 헹궈서 채에 받쳐서 물기를 빼주시구요.",
		"4. 예열된 팬에 기름을 두른후 식용유를 충분히 넣은 다음 양파와 당근을 넣고 먼저 볶아주세요.",
		"5. 양파의 볶은향이 올라오기 시작하면 감자와 소금 1/2T스푼을 넣고 볶아주세요. 소금은 티스푼으로 넣었구요.",
		"6. 감자는 미리 데쳐져서 익은 상태이기 때문에 양파와 당근, 카레 1스푼과 물 3스푼을 넣고 섞어가며 볶아주시면 되요. 카레가루는 밥수저 계량 기준이에요.",
		"7. 물을 넣지 않고 카레가루만 넣게 되면 다소 뻣뻣함이 느껴져서 식감이 별로이니 물을 넣어주면 볶은 감자의 식감도 촉촉해지면서 카레가루가 잘 베여요.",
		"8. 완성된 볶음에 통깨가루 조금 뿌려주면 끝."
	],
	"recipe_img": [
		"https://recipe1.ezmember.co.kr/cache/recipe/2015/05/06/383c507f71b81a6aa5cb28bfd96b538e1.jpg",
		"https://recipe1.ezmember.co.kr/cache/recipe/2015/05/06/217afe98362f7b5ff52d5989fbc25a2e1.jpg",
		"https://recipe1.ezmember.co.kr/cache/recipe/2015/05/06/5e623880c71607019a51fbfbb25355421.jpg",
		"https://recipe1.ezmember.co.kr/cache/recipe/2015/05/06/d4d8ca5f039ef006f4ad8c0d830e7b4d1.jpg",
		"https://recipe1.ezmember.co.kr/cache/recipe/2015/05/06/1a217fef09ac2a5f21201ade45ccb54d1.jpg",
		"https://recipe1.ezmember.co.kr/cache/recipe/2015/05/06/70ac807aff0e2e957afc9682620e30681.jpg",
		"https://recipe1.ezmember.co.kr/cache/recipe/2015/05/06/0348800b922ee4b1d0997028602f53aa1.jpg",
		"https://recipe1.ezmember.co.kr/cache/recipe/2015/05/06/a4e46d617c4c0923b40357e317bd13eb1.jpg"
	],
	"tag": [
		"감자, 감자볶음, 감자채볶음, 카레"
	]
}