{
	"id": "6735849",
	"name": "김치콩나물국",
	"thumbnail": "https://recipe1.ezmember.co.kr/cache/recipe/2015/05/05/2f9f888581dcc25dd85c640ee3b678761.jpg",
	"url": "https://www.10000recipe.com/recipe/6735849",
	"ingredient_ids": [
		8349,
		8792,
		8158,
		51692,
		51689,
		8824
	],
	"time": "30",
	"ingre_list": [
		{
			"ingre_name": "김치",
			"ingre_count": "170",
			"ingre_unit": "g"
		},
		{
			"ingre_name": "콩나물",
			"ingre_count": "200",
			"ingre_unit": "g"
		},
		{
			"ingre_name": "두부",
			"ingre_count": "1/2",
			"ingre_unit": "모"
		},
		{
			"ingre_name": "청량고추",
			"ingre_count": "1",
			"ingre_unit": "개"
		},
		{
			"ingre_name": "홍고추",
			"ingre_count": "1/2",
			"ingre_unit": "개"
		},
		{
			"ingre_name": "대파",
			"ingre_count": "1/2",
			"ingre_unit": "대"
		}
	],
	"sauce_list": [
		{
			"ingre_name": "김치국물",
			"ingre_count": "1",
			"ingre_unit": "국자"
		},
		{
			"ingre_name": "다진마늘",
			"ingre_count": "1",
			"ingre_unit": "T"
		},
		{
			"ingre_name": "국간장",
			"ingre_count": "1",
			"ingre_unit": "T"
		},
		{
			"ingre_name": "소금",
			"ingre_count": "",
			"ingre_unit": "약간"
		},
		{
			"ingre_name": "멸치다시육수",
			"ingre_count": "6",
			"ingre_unit": "컵"
		}
	],
	"recipe": [
		"1. 멸치다시육수를 준비해 주었어요~  저는 다시마랑 멸치 그리고 파뿌리 양파껍질 넣어서 육수 내주었답니다.",
		"2. 콩나물은 깨끗이 씻어서 사용합니다. 뿌리도 같이 사용할께요 뿌리에는 숙취해소에 좋은 아스파라긴산이 풍부하다고 하네요.",
		"3. 김치는 한주먹정도 콩나물은 한봉지에서 조금 작게 넣어주었어요.                   ",
		"4. 육수에 김치를 넣고 먼저 보글보글~~ 김치는 푹익어야 깊은맛이 나는거같아요.",
		"5. 여기에 김치국물을 1국자 정도 넣어주세요. 큰 국자라서 요정도 넣어주었어요. 김치맛에따라 가감해서 넣어주세요.",
		"6. 푹끓인뒤에 콩나물 넣고 냄비뚜껑 닫고 끓여주세요. 뚜껑을 닫은뒤에 중간에 열면 비린내가 날수 있으니 뚜껑닫고 5분간 푹 끓여주세요 ~",
		"7. 뚜껑닫고 5분간 푹 끓인뒤에 뚜껑열고 두부를 넣어주세요 ~",
		"8. 여기에 다진마늘 1큰술 국간장 1 넣어주시구 나머지 간은 소금으로 맞춰주세요.",
		"9. 마지막 고추랑 대파 넉넉히 넣어주시면 완성!"
	],
	"recipe_img": [
		"https://recipe1.ezmember.co.kr/cache/recipe/2015/05/06/da23cdea322a2b5ea7145c47eb8913831.jpg",
		"https://recipe1.ezmember.co.kr/cache/recipe/2015/05/06/d9208d904580157effd54b90a7b631fc1.jpg",
		"https://recipe1.ezmember.co.kr/cache/recipe/2015/05/06/cfbe61b424a74693b914c52533dcc7b91.jpg",
		"https://recipe1.ezmember.co.kr/cache/recipe/2015/05/06/82f054e46cffb0b72ba78a23599542e31.jpg",
		"https://recipe1.ezmember.co.kr/cache/recipe/2015/05/06/6bc759d9e995c376981dd1fdc4c1c0281.jpg",
		"https://recipe1.ezmember.co.kr/cache/recipe/2015/05/06/3147b8bd27b415483fd70bee63ecfc8c1.jpg",
		"https://recipe1.ezmember.co.kr/cache/recipe/2015/05/06/4b4d0fc5206b38844f539955933f50a61.jpg",
		"https://recipe1.ezmember.co.kr/cache/recipe/2015/05/06/b8f37b392ef94b709d55f8a197dbd3751.jpg",
		"https://recipe1.ezmember.co.kr/cache/recipe/2015/05/06/7b9ca7fb29275d6cc3ba173b6b676ab91.jpg"
	],
	"tag": [
		"국+탕, 국, 김치, 김치콩나물국, 나물, 콩나물국"
	]
}