{
	"id": "6738007",
	"name": "크림치즈 쿠키",
	"thumbnail": "https://recipe1.ezmember.co.kr/cache/recipe/2015/05/05/04096dc184cea643ab2141d3958762171.jpg",
	"url": "https://www.10000recipe.com/recipe/6738007",
	"ingredient_ids": [
		51687,
		8084,
		10438,
		51707,
		10267,
		10240,
		51726
	],
	"time": "90",
	"ingre_list": [
		{
			"ingre_name": "박력분",
			"ingre_count": "80",
			"ingre_unit": ""
		},
		{
			"ingre_name": "설탕",
			"ingre_count": "35",
			"ingre_unit": ""
		},
		{
			"ingre_name": "소금",
			"ingre_count": "1",
			"ingre_unit": "꼬집"
		},
		{
			"ingre_name": "생크림",
			"ingre_count": "10",
			"ingre_unit": ""
		},
		{
			"ingre_name": "버터",
			"ingre_count": "30",
			"ingre_unit": ""
		},
		{
			"ingre_name": "크림치즈",
			"ingre_count": "35",
			"ingre_unit": ""
		},
		{
			"ingre_name": "바닐라익스트랙",
			"ingre_count": "1/2",
			"ingre_unit": "Ts"
		}
	],
	"sauce_list": [],
	"recipe": [
		"1. 실온버터와 크림치즈는 부드럽게 풀어줍니다. 설탕과 소금 약간을 넣고 섞어주세요. 생크림과 바닐라익스트랙도 넣어줍니다.                   ",
		"2. 박력분을 체쳐 넣어 섞어줍니다. 반죽을 냉장고에 넣어 1시간 정도 굳혀줍니다. 꺼낸 반죽은 아래위 비닐을 깔고 밀대로 밀어 쿠키커터와 스탬프로 찍어 줍니다. 반죽이 질면 덧가루 약간 뿌려가면서 작업해주세요.                   ",
		"3. 예열오븐 170도에서 12분정도 구워줍니다.오븐"
	],
	"recipe_img": [
		"https://recipe1.ezmember.co.kr/cache/recipe/2015/05/06/903232e639abfa126d0a0c29e544b84a1.jpg",
		"https://recipe1.ezmember.co.kr/cache/recipe/2015/05/06/3836a04ecda3c09eb52cff252d49435a1.jpg",
		"https://recipe1.ezmember.co.kr/cache/recipe/2015/05/06/b6e86d9bc5db341c4a97a93de13ea2c01.jpg"
	],
	"tag": [
		"간식, 굽기, 밀가루, 쿠키"
	]
}