{
	"id": "6739157",
	"name": "차돌박이 파스타 ",
	"thumbnail": "https://recipe1.ezmember.co.kr/cache/recipe/2015/05/05/f898a7e9e03e179c2c6b7ad65fd946321.jpg",
	"url": "https://www.10000recipe.com/recipe/6739157",
	"ingredient_ids": [
		9374,
		8676,
		51692,
		51689,
		8427
	],
	"time": "30",
	"ingre_list": [
		{
			"ingre_name": "차돌박이",
			"ingre_count": "15",
			"ingre_unit": "장"
		},
		{
			"ingre_name": "양파",
			"ingre_count": "1/2",
			"ingre_unit": "개"
		},
		{
			"ingre_name": "청량고추",
			"ingre_count": "2",
			"ingre_unit": "개"
		},
		{
			"ingre_name": "홍고추",
			"ingre_count": "1",
			"ingre_unit": "개"
		},
		{
			"ingre_name": "통마늘",
			"ingre_count": "5",
			"ingre_unit": "톨"
		}
	],
	"sauce_list": [
		{
			"ingre_name": "간장",
			"ingre_count": "2",
			"ingre_unit": "T"
		},
		{
			"ingre_name": "굴소스",
			"ingre_count": "1",
			"ingre_unit": "T"
		},
		{
			"ingre_name": "맛술",
			"ingre_count": "1",
			"ingre_unit": "T"
		},
		{
			"ingre_name": "다진마늘",
			"ingre_count": "1",
			"ingre_unit": "T"
		},
		{
			"ingre_name": "후추",
			"ingre_count": "",
			"ingre_unit": "약간"
		}
	],
	"recipe": [
		"1. 파스타면을 제일 먼저 삶습니다. 물을 넉넉하게 담아 끓여주시고 파스타를 넣어주세요. 7분 : 단단한 식감을 원할때 8분 : 쫄깃하고 탄력있는 식감 9분 : 부드럽고 통통한 면을 원할때",
		"2. 마늘은 편으로 썰고 양파도 적당히, 고추도 얇게 썰어주세요. 특히 고추는 얇게 썰어주셔야 입에서 겉돌지 않고 면에 착착 감깁니다.",
		"3. 간장 2숟갈, 굴소스 1숟갈, 맛술 1숟갈, 다진마늘 1숟갈, 후추약간을 넣어 소스를 만들어주세요. 다 삶아진 면은 건져서 올리브유를 살짝 넣어 비벼놓으시면 됩니다.",
		"4. 재료 준비가 끝났다면 기름을 두른팬에 마늘과 고추를 먼저 넣어 볶아 향을 내주세요. 그다음 양파도 넣어주세요.",
		"5. 차돌박이까지 넣어 반 정도 볶은뒤, 면을 넣고 미리 만들어둔 소스를 넣고 함께 볶아주시 면됩니다. 소스는 입맛에 따라 약간씩 넣으며 가감하세요."
	],
	"recipe_img": [
		"https://recipe1.ezmember.co.kr/cache/recipe/2015/05/06/aa4f0eef67623b3c27b27abc6eb7fda51.jpg",
		"https://recipe1.ezmember.co.kr/cache/recipe/2015/05/06/a6e784f322e226a432555b36c8a127211.jpg",
		"https://recipe1.ezmember.co.kr/cache/recipe/2015/05/06/b1b66d7c336a9aa484d770db140964cb1.jpg",
		"https://recipe1.ezmember.co.kr/cache/recipe/2015/05/06/0707d63d02a855009d22afe031c508ac1.jpg",
		"https://recipe1.ezmember.co.kr/cache/recipe/2015/05/06/8b96bdb426e8f3eb6c23dd60c9167c351.jpg"
	],
	"tag": [
		"가공식품류, 면+만두, 볶음, 손님접대, 파스타"
	]
}