{
	"id": "6740535",
	"name": "얼큰한 두부찌개",
	"thumbnail": "https://recipe1.ezmember.co.kr/cache/recipe/2015/05/01/7b1d02818a538b195f6473ee236177931.jpg",
	"url": "https://www.10000recipe.com/recipe/6740535",
	"ingredient_ids": [
		8158,
		8676,
		8306,
		8824
	],
	"time": "30",
	"ingre_list": [
		{
			"ingre_name": "두부",
			"ingre_count": "1",
			"ingre_unit": "모"
		},
		{
			"ingre_name": "양파",
			"ingre_count": "1/2",
			"ingre_unit": "개"
		},
		{
			"ingre_name": "고추",
			"ingre_count": "2",
			"ingre_unit": "개"
		},
		{
			"ingre_name": "대파",
			"ingre_count": "1/2",
			"ingre_unit": "개"
		}
	],
	"sauce_list": [
		{
			"ingre_name": "간장",
			"ingre_count": "3",
			"ingre_unit": "T"
		},
		{
			"ingre_name": "국간장1+1/2스푼",
			"ingre_count": "1+1/2",
			"ingre_unit": "T"
		},
		{
			"ingre_name": "고추가루",
			"ingre_count": "2",
			"ingre_unit": "T"
		},
		{
			"ingre_name": "고추장",
			"ingre_count": "1",
			"ingre_unit": "T"
		},
		{
			"ingre_name": "설탕",
			"ingre_count": "1",
			"ingre_unit": "T"
		},
		{
			"ingre_name": "다진마늘",
			"ingre_count": "1",
			"ingre_unit": "T"
		},
		{
			"ingre_name": "들기름",
			"ingre_count": "1",
			"ingre_unit": "T"
		}
	],
	"recipe": [
		"1. 두부한모를 먹기 좋게 잘라 줍니다.",
		"2. 뚝배기라서 두부가 아래 눌러붙어버릴거같더라구요. 그래서 아래 양파를 살짝 깔고 두부를 올려줬어요",
		"3. 양념장을 만들어 주세요.",
		"4. 대파와 청양고추는 어슷썰어주고요, 양파는 먹기좋게 썷어주세요.",
		"5. 두부 넣은 매비에 야채를 올리고 가운데 양념장을 넣어 주세요. 센불에서 5분 보글보글 끓여주고 팔팔 끓으면 중불에서 20분정도 조리시면 됩니다.                   "
	],
	"recipe_img": [
		"https://recipe1.ezmember.co.kr/cache/recipe/2015/05/04/77ee6a4690068ba3438c9ab80ef2e14e1.jpg",
		"https://recipe1.ezmember.co.kr/cache/recipe/2015/05/04/af71609ecfbdac6cc08cd7eebe1f19131.jpg",
		"https://recipe1.ezmember.co.kr/cache/recipe/2015/05/04/c9949bf87375cb9176aa7c26d92aabe51.jpg",
		"https://recipe1.ezmember.co.kr/cache/recipe/2015/05/04/65857849744f964ec225ed420e4e24711.jpg",
		"https://recipe1.ezmember.co.kr/cache/recipe/2015/05/04/16558461e6f0f9a014caeb21b1a933541.jpg"
	],
	"tag": [
		"끓이기, 두부, 두부찌개, 일상, 찌개, 콩+견과류, 탕"
	]
}