{
	"id": "6742306",
	"name": "삼겹살 채소말이",
	"thumbnail": "https://recipe1.ezmember.co.kr/cache/recipe/2015/05/04/50b8b4c121269d1e29797c098d959fc8.jpg",
	"url": "https://www.10000recipe.com/recipe/6742306",
	"ingredient_ids": [
		51709,
		8827,
		8710,
		8314
	],
	"time": "30",
	"ingre_list": [
		{
			"ingre_name": "대패삼겹살",
			"ingre_count": "7~8장",
			"ingre_unit": "장"
		},
		{
			"ingre_name": "파프리카",
			"ingre_count": "1/2",
			"ingre_unit": "개"
		},
		{
			"ingre_name": "오이",
			"ingre_count": "1/2",
			"ingre_unit": "개"
		},
		{
			"ingre_name": "오이고추",
			"ingre_count": "2",
			"ingre_unit": "개"
		}
	],
	"sauce_list": [
		{
			"ingre_name": "진간장",
			"ingre_count": "2",
			"ingre_unit": "숟가락"
		},
		{
			"ingre_name": "올리고당",
			"ingre_count": "2",
			"ingre_unit": "숟가락"
		},
		{
			"ingre_name": "물",
			"ingre_count": "3",
			"ingre_unit": "숟가락"
		}
	],
	"recipe": [
		"1. 식탁 위에 있던 파프리카, 오이(씨 제거), 오이고추는 곱게 채 썬다. 삼겹살에 썰어 둔 채소를 올리고 돌돌 말아준다.",
		"2. 말아 둔 삼겹살을 먼저 프라이팬에 노릇노릇 구워준다. 만들어 놓은 간장소스를 부어준다.",
		"3. 어슷하게 썰어주면 색이 고운 삼겹살 말이가 완성됩니다."
	],
	"recipe_img": [
		"https://recipe1.ezmember.co.kr/cache/recipe/2015/05/05/2a030be3c16bb9afa569de854f600e87.jpg",
		"https://recipe1.ezmember.co.kr/cache/recipe/2015/05/05/1fb05244d78e600d9604b14af560155c.jpg",
		"https://recipe1.ezmember.co.kr/cache/recipe/2015/05/05/7429dd64295e27cb3a98604b2d60a2e5.jpg"
	],
	"tag": [
		"돼지고기, 말이, 삼겹살, 손님접대"
	]
}