{
	"id": "6744531",
	"name": "핑거푸드 에그샐러드 ",
	"thumbnail": "https://recipe1.ezmember.co.kr/cache/recipe/2015/05/04/29035134e57099000e278c478d152e5f1.jpg",
	"url": "https://www.10000recipe.com/recipe/6744531",
	"ingredient_ids": [
		9457,
		51753,
		51755,
		8544
	],
	"time": "30",
	"ingre_list": [
		{
			"ingre_name": "계란",
			"ingre_count": "6",
			"ingre_unit": "개"
		},
		{
			"ingre_name": "빨간파프리카",
			"ingre_count": "70",
			"ingre_unit": "g"
		},
		{
			"ingre_name": "노란파프리카",
			"ingre_count": "70",
			"ingre_unit": "g"
		},
		{
			"ingre_name": "부추",
			"ingre_count": "",
			"ingre_unit": "약간"
		}
	],
	"sauce_list": [],
	"recipe": [
		"1. 냄비에 계란이 2/3정도 잠길 정도로 물을 넣고 소금 약간을 넣어 계란을 삶아줍니다. 다 삶아진 계란은 찬물에 씻어 껍질을 벗겨주세요.",
		"2. 분량의 드레싱 재료를 모두 넣고 골고루 섞어주세요. 매콤하게 드시고 싶으시면 머스터드 대신에 씨겨자를 넣어주셔도 된답니다.",
		"3. 계란을 반으로 자르고 노른자만 빼주세요. 흰자는 랩을 씌워 둡니다.",
		"4. 계란노른자를 으깬 뒤 파프리카와 부추, 드레싱을 모두 넣어 골고루 섞어줍니다.",
		"5. 섞어 놓은 재료를 짤주머니에 넣고 달걀흰자위에 짜서 넣어주세요. 기호에 따라 위에 후추를 약간 뿌려주셔도 좋습니다.",
		"6. 달걀노른자와 드레싱을 섞어 다시 달걀흰자에 올려 본 핑거푸드 에그샐러드! 어린잎채소를 곁들이고 위에 하나씩 올리면 완성!"
	],
	"recipe_img": [
		"https://recipe1.ezmember.co.kr/cache/recipe/2015/05/06/b669b08250217a58472b8dee6ea70fd11.jpg",
		"https://recipe1.ezmember.co.kr/cache/recipe/2015/05/06/7734162a3861fb7e0fcb26c1ce2cfd8a1.jpg",
		"https://recipe1.ezmember.co.kr/cache/recipe/2015/05/06/22b0a834dc2623a988cbc2fc7c7be3721.jpg",
		"https://recipe1.ezmember.co.kr/cache/recipe/2015/05/06/8ddec83b786815038973c8560f9e47081.jpg",
		"https://recipe1.ezmember.co.kr/cache/recipe/2015/05/06/b0b8beb68bde12c8d8d95846e9a8a8f41.jpg",
		"https://recipe1.ezmember.co.kr/cache/recipe/2015/05/06/e75c00e7341b6ffcdc8175d92c0fd5f01.jpg"
	],
	"tag": [
		"계란, 달걀+유제품, 달걀, 샐러드, 술안주, 에그"
	]
}