{
	"id": "6746779",
	"name": "베이컨 숙주볶음",
	"thumbnail": "https://recipe1.ezmember.co.kr/cache/recipe/2015/05/04/c0e9c34fcb8d385e05f469a226cf07641.jpg",
	"url": "https://www.10000recipe.com/recipe/6746779",
	"ingredient_ids": [
		9298,
		51715,
		8676,
		8824
	],
	"time": "15",
	"ingre_list": [
		{
			"ingre_name": "베이컨",
			"ingre_count": "",
			"ingre_unit": ""
		},
		{
			"ingre_name": "숙주",
			"ingre_count": "",
			"ingre_unit": ""
		},
		{
			"ingre_name": "양파",
			"ingre_count": "",
			"ingre_unit": ""
		},
		{
			"ingre_name": "대파",
			"ingre_count": "",
			"ingre_unit": ""
		}
	],
	"sauce_list": [
		{
			"ingre_name": "설탕",
			"ingre_count": "",
			"ingre_unit": ""
		},
		{
			"ingre_name": "소금",
			"ingre_count": "",
			"ingre_unit": ""
		},
		{
			"ingre_name": "간장",
			"ingre_count": "",
			"ingre_unit": ""
		}
	],
	"recipe": [
		"1. 팬에 중불로 올리고 기름 살짝 두르세요. 그 다음에 썰어둔 양파를 살짝 볶아주시구요.                   ",
		"2. 베이컨을 한입 크기만큼 썰어내고 잘 떼어 내신다음 팬에 넣고 같이 볶아주세요.",
		"3. 요렇게 달달 볶아 주다가 베이컨이 어느정도 익은거같다 싶으면, 파를 쫑쫑 썰어서 넣어주시고 잘 씻어두고 다듬어진 숙주를 넣으시면 됩니다.                   ",
		"4. 이렇게 숙주가 숨이 죽을때까지 볶다가 간장 한스푼 소금 0.5스푼 설탕 0.5스푼 넣으시고 조금만 더 볶아주시면 끝!"
	],
	"recipe_img": [
		"https://recipe1.ezmember.co.kr/cache/recipe/2015/05/04/0223e9607212a26f5abc82dab3d08b091.jpg",
		"https://recipe1.ezmember.co.kr/cache/recipe/2015/05/04/e4f9161817b9d3ed0f9e90adad19b9371.jpg",
		"https://recipe1.ezmember.co.kr/cache/recipe/2015/05/04/8e23479ce4671a6d145159a823a808761.jpg",
		"https://recipe1.ezmember.co.kr/cache/recipe/2015/05/04/d1d94aaa2b32ae4d617d46609c1d7ec61.jpg"
	],
	"tag": [
		"가공식품류, 메인반찬, 초스피드"
	]
}