{
	"id": "6748052",
	"name": "곰돌이(리락쿠마) 캐릭터 도시락",
	"thumbnail": "https://recipe1.ezmember.co.kr/cache/recipe/2015/05/06/c97e597cd434f440de7ff7fe2da97ab71.JPG",
	"url": "https://www.10000recipe.com/recipe/6748052",
	"ingredient_ids": [
		51685,
		8676,
		9457,
		10152,
		28988
	],
	"time": "30",
	"ingre_list": [
		{
			"ingre_name": "밥",
			"ingre_count": "2",
			"ingre_unit": "공기"
		},
		{
			"ingre_name": "양파",
			"ingre_count": "1/2",
			"ingre_unit": "개"
		},
		{
			"ingre_name": "계란",
			"ingre_count": "5",
			"ingre_unit": "개"
		},
		{
			"ingre_name": "김",
			"ingre_count": "",
			"ingre_unit": ""
		},
		{
			"ingre_name": "슬라이스치즈",
			"ingre_count": "1",
			"ingre_unit": "개"
		}
	],
	"sauce_list": [
		{
			"ingre_name": "우스타소스",
			"ingre_count": "2",
			"ingre_unit": "T"
		},
		{
			"ingre_name": "굴소스",
			"ingre_count": "1/2",
			"ingre_unit": "T"
		},
		{
			"ingre_name": "케찹",
			"ingre_count": "2",
			"ingre_unit": "T"
		},
		{
			"ingre_name": "소금",
			"ingre_count": "",
			"ingre_unit": "조금"
		}
	],
	"recipe": [
		"1. 먼저 계란은 체에 내려주세요. 체에 내려주면 알끈이 풀어져 지단 부치기가 좋아요. 작은 팬에 계란지단을 부쳐주세요. 지단은 곰돌이 이불과 베게를 만들어 줄 용도에요.                   ",
		"2. 1/3부분을 가위로 일직선으로 잘라서 1/3부분은 접어서 베게, 2/3는 펼쳐진 모양으로 이불을 만들어 줍니다. 동그란 팬으로 부쳐주시면 동그란이불, 네모팬으로 부쳐주시면 네모난 이불이 되요. 양파는 최대한 얇게 썰어서 준비해주세요                   ",
		"3. 밥 2공기를 넣어주세요. 곰돌이 색깔과 맛을 위해 소스를 부어주세요. 먼저 우스타소스 2T 부어주세요. 케찹 2T 부어주세요.                   ",
		"4. 굴소스 1/2T 부어주세요. 모두 섞어주셨으면 불을 내려주세요. 위생장갑을 끼고 따뜻할때 밥을 뭉쳐서 머리와 몸통을 만들어주세요. 밥이 식으면 접착력이 떨어져서 따뜻할때 (너무 뜨거우면 손이 밥을 쥘 때 뜨거우니 미지근할때) 뭉쳐주세요.                   ",
		"5. 귀모양을 만들어줍니다. 치즈를 잘라 귀와 입을 만들어줍니다. 김으로 눈, 코, 입을 만들어줍니다. 시중에 리락쿠마 펀칭기가 판매해요. 저는 가끔씩 만들것 같아 펀칭기대신 직접 가위로 잘라주었어요.                   ",
		"6. 접시에 담아 곰돌이를 눕혀주고 계란으로 베게와 이불을 만들어줍니다. 두 팔을 만들어주시면 완성!                   "
	],
	"recipe_img": [
		"https://recipe1.ezmember.co.kr/cache/recipe/2015/05/06/fbd198ee5fc86ba69887acbfefb283591.JPG",
		"https://recipe1.ezmember.co.kr/cache/recipe/2015/05/06/df0afd822c979acade78f9fa9683189e1.JPG",
		"https://recipe1.ezmember.co.kr/cache/recipe/2015/05/06/8b92eb46bef6c5df068da74b31f28df81.JPG",
		"https://recipe1.ezmember.co.kr/cache/recipe/2015/05/06/36fdd06027c482acfa9e5af957fd51321.JPG",
		"https://recipe1.ezmember.co.kr/cache/recipe/2015/05/06/4c7908f08cabdd3f93da5a6537bf6f411.JPG",
		"https://recipe1.ezmember.co.kr/cache/recipe/2015/05/06/f9fbdef02cfb4d4a823824c194b59fbe1.JPG"
	],
	"tag": [
		"도시락"
	]
}