{
	"id": "6748127",
	"name": "고소한 크림치즈호두빵 만들기",
	"thumbnail": "https://recipe1.ezmember.co.kr/cache/recipe/2015/05/04/c415d32dfad8a0b934ba91dd9fc9b7d31.jpg",
	"url": "https://www.10000recipe.com/recipe/6748127",
	"ingredient_ids": [],
	"time": "90",
	"ingre_list": [],
	"sauce_list": [],
	"recipe": [
		"1. 반죽기 9번 코스로 빵생지 만들고, 분량의 재료로 크림치즈 필링도 미리 만들어주세요.",
		"2. 1차 발효까지 완료된 빵생지는 8등분하여 둥글리기 후 10분간 중간 발효해요.",
		"3. 넓게 편 반죽에 크림치즈 필링을 40g정도 넣고 잘 오무려 마무리해줍니다.",
		"4. 팬닝 후 30분간 2차 발효해주세요.",
		"5. 빵빵하게 발효된 반죽 한가운데에 통호두 하나씩 얹어주세요.",
		"6. 다른 오븐팬으로 빵반죽들을 지그시 눌러주세요.",
		"7. 팬을 얹은 채로 180도 예열오븐에서 15분 구워주시면 완성입니다.오븐"
	],
	"recipe_img": [
		"https://recipe1.ezmember.co.kr/cache/recipe/2015/05/04/59d4164baf14b0230235b61016f411a51.jpg",
		"https://recipe1.ezmember.co.kr/cache/recipe/2015/05/04/d7c1411f955e39d3a2e1ce0fe4a9b9b71.jpg",
		"https://recipe1.ezmember.co.kr/cache/recipe/2015/05/04/1e349086bceaf9b0189c56a458df3e691.jpg",
		"https://recipe1.ezmember.co.kr/cache/recipe/2015/05/04/2ab89fb33563efbfb51dbed54b816b1a1.jpg",
		"https://recipe1.ezmember.co.kr/cache/recipe/2015/05/04/60477b35d5f3015c526d81c2dfff4e2c1.jpg",
		"https://recipe1.ezmember.co.kr/cache/recipe/2015/05/04/c25e4389c0027c36671d81be2bc2b70f1.jpg",
		"https://recipe1.ezmember.co.kr/cache/recipe/2015/05/04/f1f31f1b8b34ed62bd311a0d6a6514681.jpg"
	],
	"tag": [
		"굽기, 밀가루, 빵"
	]
}