{
	"id": "6751996",
	"name": "맥주 안주로 좋은 허니버터 또띠아칩",
	"thumbnail": "https://recipe1.ezmember.co.kr/cache/recipe/2015/05/07/4d6f9f92801b9083ea5f454248f6d3501.jpg",
	"url": "https://www.10000recipe.com/recipe/6751996",
	"ingredient_ids": [
		12478,
		51781,
		51702
	],
	"time": "15",
	"ingre_list": [
		{
			"ingre_name": "또띠아",
			"ingre_count": "2",
			"ingre_unit": "장"
		},
		{
			"ingre_name": "아몬드슬라이스",
			"ingre_count": "1",
			"ingre_unit": "줌"
		},
		{
			"ingre_name": "파슬리가루",
			"ingre_count": "",
			"ingre_unit": "약간"
		}
	],
	"sauce_list": [
		{
			"ingre_name": "버터",
			"ingre_count": "1",
			"ingre_unit": "T"
		},
		{
			"ingre_name": "꿀",
			"ingre_count": "2",
			"ingre_unit": "T"
		}
	],
	"recipe": [
		"1. 버터를 녹이고 꿀, 파슬리가루도 약간 넣어주었답니다. 더 달콤한것을 원하시면 설탕 1-2큰술 더 넣어주세요.",
		"2. 또띠아피는 8등분하여 팬위에 올려주세요.",
		"3. 만들어 두었던 버터 소스를 바른뒤 아몬드 슬라이스를 올려주세요.                   ",
		"4. 200도 예열된 오븐에서 5분 구워 주면 완성됩니다.오븐"
	],
	"recipe_img": [
		"https://recipe1.ezmember.co.kr/cache/recipe/2015/05/07/040e05425d926f502bb9cf55fb3763211.jpg",
		"https://recipe1.ezmember.co.kr/cache/recipe/2015/05/07/1b892b81eebf68f0e9009134aa68ed531.jpg",
		"https://recipe1.ezmember.co.kr/cache/recipe/2015/05/07/31609367fcefb6ca6aced98cd04cbbb11.jpg",
		"https://recipe1.ezmember.co.kr/cache/recipe/2015/05/07/b2208f45360f2ba93da4a60b2f1630401.jpg"
	],
	"tag": [
		"굽기, 또띠아, 또띠아칩, 밀가루, 술안주, 칩"
	]
}