{
	"id": "6752069",
	"name": "팽이버섯전 만들기",
	"thumbnail": "https://recipe1.ezmember.co.kr/cache/recipe/2015/05/06/560dd4669b8e4db9e1e7457b9e9a7caf1.jpg",
	"url": "https://www.10000recipe.com/recipe/6752069",
	"ingredient_ids": [
		8917,
		9457,
		8820,
		8306
	],
	"time": "30",
	"ingre_list": [
		{
			"ingre_name": "팽이버섯",
			"ingre_count": "1/2",
			"ingre_unit": "단"
		},
		{
			"ingre_name": "계란",
			"ingre_count": "3",
			"ingre_unit": "알"
		},
		{
			"ingre_name": "파",
			"ingre_count": "",
			"ingre_unit": ""
		},
		{
			"ingre_name": "고추",
			"ingre_count": "",
			"ingre_unit": ""
		}
	],
	"sauce_list": [
		{
			"ingre_name": "소금",
			"ingre_count": "",
			"ingre_unit": ""
		}
	],
	"recipe": [
		"1. 먼저 팽이버섯을 결대로 찢고, 깨끗하게 씻어 물기를 빼주세요.",
		"2. 계란은 쫑쫑쫑 썰어놓은 대파와 함께 섞어줍니다 필요하다면 여기서 소금간을 약간 해주세요!",
		"3. 그냥 저대로 드셔도 되지만 매운걸 좋아해서요~ 청량꼬추 쫑쫑 다지고 예쁘라고 홍고추도 같이 준비해주었습니다.",
		"4. 씻어놓은 팽이버섯을 계란물에 푹 적셔서~ 팬에 구워주시기만하면 끝이에요.",
		"5. 예쁘라고 위에 고추도 솔솔 뿌려주고~",
		"6. 팽이버섯 틈새가 비지않게, 계란물을 푹 적셔서 예쁘게 펴서 올려주시는게 포인트 입니다 안그러면 뒤집다가 찢어지거든요~",
		"7. 초간단반찬 팽이버섯전 완성!!"
	],
	"recipe_img": [
		"https://recipe1.ezmember.co.kr/cache/recipe/2015/05/06/813f91e791569f48ae9d3e6a4e1e68801.jpg",
		"https://recipe1.ezmember.co.kr/cache/recipe/2015/05/06/99172e68173cac460ad48a659a3994df1.jpg",
		"https://recipe1.ezmember.co.kr/cache/recipe/2015/05/06/732ae1480a9e41d847ed4cbda7cb4a4e1.jpg",
		"https://recipe1.ezmember.co.kr/cache/recipe/2015/05/06/f1967f5e1264da17eb8ad475b53eac221.jpg",
		"https://recipe1.ezmember.co.kr/cache/recipe/2015/05/06/adb72f27a377aa3dd34a74a2d78f4d461.jpg",
		"https://recipe1.ezmember.co.kr/cache/recipe/2015/05/06/51c793958cfdba1559abd0ecb0f02e291.jpg",
		"https://recipe1.ezmember.co.kr/cache/recipe/2015/05/06/72a8e3291505e51e816f8c8ecaab90d51.jpg"
	],
	"tag": [
		"버섯류, 버섯전, 부침, 부침개, 전, 초스피드, 팽이버섯전"
	]
}