{
	"id": "6752313",
	"name": "김달래비빔밥 만들기",
	"thumbnail": "https://recipe1.ezmember.co.kr/cache/recipe/2015/05/06/2295e170fa4ec6efb6ebf0d6fb1d11ce1.jpg",
	"url": "https://www.10000recipe.com/recipe/6752313",
	"ingredient_ids": [
		51685,
		10152,
		8382,
		9456,
		51686
	],
	"time": "30",
	"ingre_list": [
		{
			"ingre_name": "밥",
			"ingre_count": "1",
			"ingre_unit": "공기"
		},
		{
			"ingre_name": "김",
			"ingre_count": "2",
			"ingre_unit": "장"
		},
		{
			"ingre_name": "달래",
			"ingre_count": "1/2",
			"ingre_unit": "줌"
		},
		{
			"ingre_name": "달걀",
			"ingre_count": "1",
			"ingre_unit": "개"
		},
		{
			"ingre_name": "통깨",
			"ingre_count": "",
			"ingre_unit": "약간"
		}
	],
	"sauce_list": [
		{
			"ingre_name": "간장",
			"ingre_count": "2",
			"ingre_unit": "T"
		},
		{
			"ingre_name": "참치액",
			"ingre_count": "1",
			"ingre_unit": "T"
		},
		{
			"ingre_name": "황설탕",
			"ingre_count": "1",
			"ingre_unit": "T"
		},
		{
			"ingre_name": "참기름",
			"ingre_count": "1",
			"ingre_unit": "T"
		}
	],
	"recipe": [
		"1. 달래부터 손질하는데요. 뿌리 부분에 스펀지같은 부분부터 벗겨주고, 누런 잎을 제거하고 검은 티같은 걸 골라냅니다. 찬물에 5분 정도 담가서 흙이나 이물질들을 제거하고 흐르는 물에서 세척한 뒤에 체에 받쳐서 물기를 제거 합니다. 3-4cm 길이로 잘라주고 머리 부분은 칼로 눌러 주면 먹기도 편할 뿐만 아니라 달래의 향이 더 많이 난답니다.",
		"2. 양념장을 만드는데, 간장 2큰술, 참치액 1큰술, 황설탕 1큰술, 참기름 1큰술을 넣어서 설탕이 잘 녹도록 저어줍니다. 설탕 양은 기호에 따라 조금 줄이셔도 되구요. 참치액은 깊은 맛을 내주는데, 대형 마트에서 구입할 수 있답니다",
		"3. 손질한 달래에 양념장 2큰술을 넣고 버무려줍니다.",
		"4. 김은 색상이 파랗게 날 때까지 약한 불에서 살짝 구워준 뒤에 비닐 봉지에 넣어서 부숴줍니다.",
		"5. 만들어 놓은 양념장을 2큰술 정도 넣어 버무려줍니다. 김은 양념을 미리 해 놓으면 풀처럼 녹을 수도 있으니 가장 나중에 요리하는 것이 포인트입니다. 먹기 직전에 양념하세요",
		"6. 달걀 후라이도 하나 해주시구요. 전 완숙을 시켰습니다만, 반숙으로 하셔도 좋답니다.",
		"7. 그릇에 밥 공기를 담아주세요. 밥은 따뜻해야 잘 비벼지니 참고하시구요. 달걀 후라이를 밥 위에 올려주세요.",
		"8. 양념한 달래를 올려주세요. 김 양념한 것도 올려서 김달래 비빔밥을 완성했습니다~~"
	],
	"recipe_img": [
		"https://recipe1.ezmember.co.kr/cache/recipe/2015/05/06/3da3b88254ba358b21862e630210979c1.jpg",
		"https://recipe1.ezmember.co.kr/cache/recipe/2015/05/06/b476bce31e51a0f817e04315108c9fe11.jpg",
		"https://recipe1.ezmember.co.kr/cache/recipe/2015/05/06/13c4eb75da2b6e2f90bd30e2bcd60edc1.jpg",
		"https://recipe1.ezmember.co.kr/cache/recipe/2015/05/06/57833c660e42a6cd2d026d0892f78a7f1.jpg",
		"https://recipe1.ezmember.co.kr/cache/recipe/2015/05/06/5fc6eda9ef92f3f799848feaf9ea7c041.jpg",
		"https://recipe1.ezmember.co.kr/cache/recipe/2015/05/06/42a1eeeeeb2104487bb9741d7c6e8a4b1.jpg",
		"https://recipe1.ezmember.co.kr/cache/recipe/2015/05/06/bf249ee00c0455ec67f3d6910dec63771.jpg",
		"https://recipe1.ezmember.co.kr/cache/recipe/2015/05/06/acc3639013f6dc603a70a20cb4d66f171.jpg"
	],
	"tag": [
		"밥, 비빔, 비빔밥"
	]
}