{
	"id": "6760967",
	"name": "사이드메뉴로 최고인 콘샐러드 ",
	"thumbnail": "https://recipe1.ezmember.co.kr/cache/recipe/2015/05/11/c11fbf39245823188c46a716ddcb8add1.jpg",
	"url": "https://www.10000recipe.com/recipe/6760967",
	"ingredient_ids": [
		51791,
		51752,
		51754,
		8676
	],
	"time": "30",
	"ingre_list": [
		{
			"ingre_name": "옥수수통조림",
			"ingre_count": "1",
			"ingre_unit": "캔"
		},
		{
			"ingre_name": "빨강파프리카",
			"ingre_count": "1/4",
			"ingre_unit": "개"
		},
		{
			"ingre_name": "노랑파프리카",
			"ingre_count": "1/4",
			"ingre_unit": "개"
		},
		{
			"ingre_name": "양파",
			"ingre_count": "1/4",
			"ingre_unit": "개"
		}
	],
	"sauce_list": [
		{
			"ingre_name": "마요네즈2+1/2큰술",
			"ingre_count": "2+1/2",
			"ingre_unit": "T"
		},
		{
			"ingre_name": "설탕",
			"ingre_count": "1/2",
			"ingre_unit": "T"
		},
		{
			"ingre_name": "레모즙",
			"ingre_count": "1/2",
			"ingre_unit": "T"
		},
		{
			"ingre_name": "소금",
			"ingre_count": "2",
			"ingre_unit": "꼬집"
		},
		{
			"ingre_name": "후춧가루",
			"ingre_count": "",
			"ingre_unit": "약간"
		}
	],
	"recipe": [
		"1. 옥수수는 체에 받쳐 국물을 제거하고 물에 한번 헹궈 주세요.",
		"2. 양파는 잘게 다져 줍니다.",
		"3. 파프리카도 잘게 다녀 줍니다. 옥수수와 양파는 물기를 완전히 제거해 줍니다.",
		"4. 모든 재료를 볼에 넣고 드레싱과 함께 버무려 줍니다."
	],
	"recipe_img": [
		"https://recipe1.ezmember.co.kr/cache/recipe/2015/05/11/6ca01f839c10ac4a7f2f0e4e0a49d6e61.jpg",
		"https://recipe1.ezmember.co.kr/cache/recipe/2015/05/11/0d4dffbea5bef144f7869dfb68f2ef0e1.jpg",
		"https://recipe1.ezmember.co.kr/cache/recipe/2015/05/11/95df812ebd376063d6aa75fe053edd481.jpg",
		"https://recipe1.ezmember.co.kr/cache/recipe/2015/05/11/f3f69732286bc4b95efa42c09fa9ec661.jpg"
	],
	"tag": [
		"비빔, 샐러드, 옥수수, 콘샐러드"
	]
}