{
	"id": "6761263",
	"name": "돈등심 강정",
	"thumbnail": "https://recipe1.ezmember.co.kr/cache/recipe/2015/05/11/5c78e0c17846a775b8781b0f3793caf11.jpg",
	"url": "https://www.10000recipe.com/recipe/6761263",
	"ingredient_ids": [
		9231,
		21116,
		42888,
		8824,
		51738,
		10424,
		51682,
		51784,
		10438,
		10493
	],
	"time": "90",
	"ingre_list": [
		{
			"ingre_name": "돼지고기등심",
			"ingre_count": "",
			"ingre_unit": ""
		},
		{
			"ingre_name": "사과",
			"ingre_count": "",
			"ingre_unit": ""
		},
		{
			"ingre_name": "양배추",
			"ingre_count": "",
			"ingre_unit": ""
		},
		{
			"ingre_name": "대파",
			"ingre_count": "",
			"ingre_unit": ""
		},
		{
			"ingre_name": "전분가루",
			"ingre_count": "",
			"ingre_unit": ""
		},
		{
			"ingre_name": "맛술",
			"ingre_count": "",
			"ingre_unit": ""
		},
		{
			"ingre_name": "다진마늘",
			"ingre_count": "",
			"ingre_unit": ""
		},
		{
			"ingre_name": "다진생강",
			"ingre_count": "",
			"ingre_unit": ""
		},
		{
			"ingre_name": "소금",
			"ingre_count": "",
			"ingre_unit": ""
		},
		{
			"ingre_name": "후추",
			"ingre_count": "",
			"ingre_unit": ""
		}
	],
	"sauce_list": [
		{
			"ingre_name": "물",
			"ingre_count": "",
			"ingre_unit": ""
		},
		{
			"ingre_name": "간장",
			"ingre_count": "",
			"ingre_unit": ""
		},
		{
			"ingre_name": "설탕",
			"ingre_count": "",
			"ingre_unit": ""
		},
		{
			"ingre_name": "다진마늘",
			"ingre_count": "",
			"ingre_unit": ""
		},
		{
			"ingre_name": "다진생강",
			"ingre_count": "",
			"ingre_unit": ""
		},
		{
			"ingre_name": "전분가루",
			"ingre_count": "",
			"ingre_unit": ""
		}
	],
	"recipe": [
		"1. 돼지고기 등심은 길쭉하게 먹기 좋은 크기로 썰어줍니다.",
		"2. 맛술 2스푼, 다진마늘 1/2스푼, 다진생강, 소금, 후추를 조금씩 넣고 밑간을 해둡니다. (밥숟가락 계량)",
		"3. 골고루 섞어가며 조물조물 해준 다음 잠시 그대로 놓아둡니다.",
		"4. 양배추와 사과, 대파는 가늘게 채썰어 준비합니다.(양배추는 잎부분만 사용합니다 )",
		"5. 비닐백에 전분가루를 담아줍니다. 그리고 밑간해 둔 등심을 넣고, 비닐백 입구를 잘 오므린다음, 흔들어 줍니다.",
		"6. 팬에 기름을 넉넉히 넣고 가열한 다음, 전분가루 옷을 입은 등심을 튀겨줍니다.",
		"7. 노릇하게 잘 익을 때까지 저어가면서 튀겨주신 후에 종이호일에 담아 기름기를 빼주세요.",
		"8. 물 한컵(200ml), 간장 반컵(100ml), 설탕 2스푼, 다진마늘 1/2스푼, 다진생강을 조금 넣고 끓이다가, 전분 2스푼을 푼 물을 넣어 농도를 맞춰줍니다.  너무 오래 끓이면 소스가 짜질 수 있으니, 한번 부글부글 끓고나면 전분물을 넣어 농도를 맞춰주세요.",
		"9. 이렇게 만들어진 강정소스에 튀겨낸 등심을 넣고 다시 한번 볶아줍니다.",
		"10. 소스가 골고루 잘 묻도록 뒤적뒤적 합니다.",
		"11. 채썰어둔 양배추와 사과, 대파를 잘 섞어서 접시에 듬뿍 담아준 다음 그 위에 등심강정을 올려주고 깨를 뿌려줍니다."
	],
	"recipe_img": [
		"https://recipe1.ezmember.co.kr/cache/recipe/2015/05/11/206f2b4e72f18ca401e9bce2125bb8e51.jpg",
		"https://recipe1.ezmember.co.kr/cache/recipe/2015/05/11/cd207f899aaf27306970a5533afce91f1.jpg",
		"https://recipe1.ezmember.co.kr/cache/recipe/2015/05/11/ed28a4a51fe8dea648eb9ad5fbaf9eb61.jpg",
		"https://recipe1.ezmember.co.kr/cache/recipe/2015/05/11/d82541ed1eefacadbbd885655f1100ee1.jpg",
		"https://recipe1.ezmember.co.kr/cache/recipe/2015/05/11/444d646d526a635f4ac10446de7107051.jpg",
		"https://recipe1.ezmember.co.kr/cache/recipe/2015/05/11/f61aefcfaf8eff6158980291781f0c251.jpg",
		"https://recipe1.ezmember.co.kr/cache/recipe/2015/05/11/acd5402da730dc4c8698ca3b035caf291.jpg",
		"https://recipe1.ezmember.co.kr/cache/recipe/2015/05/11/c4ae132e50fa4688d44662737c8172281.jpg",
		"https://recipe1.ezmember.co.kr/cache/recipe/2015/05/11/f417e51c87b6ad243826b5a10319165d1.jpg",
		"https://recipe1.ezmember.co.kr/cache/recipe/2015/05/11/4124c9cd995a27378666bf93c37240e41.jpg",
		"https://recipe1.ezmember.co.kr/cache/recipe/2015/05/11/f62f4b7265306eee75b81a59c875c9e61.jpg"
	],
	"tag": [
		"강정, 디저트, 술안주, 육류"
	]
}