{
	"id": "6762527",
	"name": "전자렌지로 푸딩만들기",
	"thumbnail": "https://recipe1.ezmember.co.kr/cache/recipe/2015/05/13/2631fb3c281cbf2a727d4d5db020f0671.jpg",
	"url": "https://www.10000recipe.com/recipe/6762527",
	"ingredient_ids": [
		9457,
		10230,
		8084,
		51683
	],
	"time": "2이상",
	"ingre_list": [
		{
			"ingre_name": "계란",
			"ingre_count": "",
			"ingre_unit": ""
		},
		{
			"ingre_name": "우유",
			"ingre_count": "",
			"ingre_unit": ""
		},
		{
			"ingre_name": "설탕",
			"ingre_count": "",
			"ingre_unit": ""
		},
		{
			"ingre_name": "물",
			"ingre_count": "",
			"ingre_unit": ""
		}
	],
	"sauce_list": [],
	"recipe": [
		"1. 계란 3알을 우선 휘휘 저어주고~ 거기에 설탕을 다섯스푼을 넣어준다!                   ",
		"2. 계란, 우유, 설탕 믹스를 유리병에 담아 전자렌지에 3분! 설탕을 푼 계란에 우유 500ml짜리를 약 반정도 넣어준다!전자레인지                   ",
		"3. 이렇게 꺼내보면~ 캬라멜 시럽이 완성.. 전자렌지에서 푸딩을 꺼내보면~ 달큰한 향이 아주아주 굿~ 이 푸딩을 주방용 수건으로 잘 감싸주어 10분정도 둔다! 10분을 기다리는 동안~ 설탕 3스푼, 물 3스푼을 넣어주고 전자렌지에 2분!                   ",
		"4. 시럽같지가 않고 반 시럽, 반 엿 처럼 되어버린.... 캬라멜 시럽을 푸딩 위에 슥 올려주면.... 준비 완료!                   ",
		"5. 이렇게 준비된 푸딩은 바로 먹는 것이 아닌 우선 냉장고에 넣어 차갑게 식혀준다! 푸딩만들기 완성! 냉장고에서 3시간 정도 두고 꺼낸 푸딩~ 냉장고에 두는 동안 캬라멜 시럽이 녹으면서 푸딩에 스르르 잘 퍼졌다는! 달큰한 냄새가 아주 그냥~~굿!                   "
	],
	"recipe_img": [
		"https://recipe1.ezmember.co.kr/cache/recipe/2015/05/13/ce9f10666f06af37f8f3943c58dc69fc1.jpg",
		"https://recipe1.ezmember.co.kr/cache/recipe/2015/05/13/9c3330466493c24ad5f309cfb724caa41.jpg",
		"https://recipe1.ezmember.co.kr/cache/recipe/2015/05/13/ca7b974299c9bf8aeba3d7aba5ad2fca1.jpg",
		"https://recipe1.ezmember.co.kr/cache/recipe/2015/05/13/56a15f9754086a65f7111b019c4ce6a51.jpg",
		"https://recipe1.ezmember.co.kr/cache/recipe/2015/05/13/1610aa94906c6b71b62240dc5b5857c81.jpg"
	],
	"tag": [
		"달걀+유제품, 디저트, 푸딩"
	]
}