{
	"id": "6762609",
	"name": "어묵 매운탕 ",
	"thumbnail": "https://recipe1.ezmember.co.kr/cache/recipe/2015/05/11/ecd187eca6d076fb109644c9fde017741.jpg",
	"url": "https://www.10000recipe.com/recipe/6762609",
	"ingredient_ids": [
		10136,
		8158,
		8646,
		8316,
		8917,
		11101
	],
	"time": "30",
	"ingre_list": [
		{
			"ingre_name": "어묵",
			"ingre_count": "",
			"ingre_unit": ""
		},
		{
			"ingre_name": "두부",
			"ingre_count": "",
			"ingre_unit": ""
		},
		{
			"ingre_name": "쑥갓",
			"ingre_count": "",
			"ingre_unit": ""
		},
		{
			"ingre_name": "청양고추",
			"ingre_count": "",
			"ingre_unit": ""
		},
		{
			"ingre_name": "팽이버섯",
			"ingre_count": "",
			"ingre_unit": ""
		},
		{
			"ingre_name": "다시마",
			"ingre_count": "",
			"ingre_unit": ""
		}
	],
	"sauce_list": [
		{
			"ingre_name": "고춧가루",
			"ingre_count": "2",
			"ingre_unit": "T"
		},
		{
			"ingre_name": "간장",
			"ingre_count": "1",
			"ingre_unit": "T"
		},
		{
			"ingre_name": "가쓰오장국",
			"ingre_count": "3",
			"ingre_unit": "T"
		},
		{
			"ingre_name": "다진마늘",
			"ingre_count": "1",
			"ingre_unit": "T"
		},
		{
			"ingre_name": "후추",
			"ingre_count": "2",
			"ingre_unit": "번톡톡"
		}
	],
	"recipe": [
		"1. 고추가루 두큰술, 간장 한큰술, 가쓰오장국 세큰술, 다진마늘 한큰술, 후추 두번! 이렇게 양념장을 우선 만들어줍니다.",
		"2. 냉동실에 멸치는 국물을 내면 맛이 없어 다시마로만 이용해서 육수를 끓입니다.",
		"3. 재료를 넣고 팔팔 끓여주다가 양념장을 넣고 팔팔 끓여줍니다.",
		"4. 두부는 처음부터 넣으면 모양도 망가지고 보기 않좋을까봐 어느정도 끓여 주다가 마지막에 넣고 끓여줍니다."
	],
	"recipe_img": [
		"https://recipe1.ezmember.co.kr/cache/recipe/2015/05/11/d0e3169d045a1e79ac82389ee53b50e71.jpg",
		"https://recipe1.ezmember.co.kr/cache/recipe/2015/05/11/bf0d24eee37e39328d37cfba39be02111.jpg",
		"https://recipe1.ezmember.co.kr/cache/recipe/2015/05/11/75511228da1c03e089b2aef51dcd4b4d1.jpg",
		"https://recipe1.ezmember.co.kr/cache/recipe/2015/05/11/6644a788b616075ed0c3ae68df400dc91.jpg"
	],
	"tag": [
		"국+탕, 어묵탕"
	]
}