{
	"id": "6762181",
	"name": "자취생요리 간장 파스타",
	"thumbnail": "https://recipe1.ezmember.co.kr/cache/recipe/2015/05/14/aa06bb6baf1d652d032f86f3400eb1471.jpg",
	"url": "https://www.10000recipe.com/recipe/6762181",
	"ingredient_ids": [
		51812,
		8676,
		8316,
		15272,
		51725,
		10278
	],
	"time": "60",
	"ingre_list": [
		{
			"ingre_name": "파스타면",
			"ingre_count": "",
			"ingre_unit": ""
		},
		{
			"ingre_name": "양파",
			"ingre_count": "",
			"ingre_unit": ""
		},
		{
			"ingre_name": "청양고추",
			"ingre_count": "",
			"ingre_unit": ""
		},
		{
			"ingre_name": "햄",
			"ingre_count": "",
			"ingre_unit": ""
		},
		{
			"ingre_name": "버섯",
			"ingre_count": "",
			"ingre_unit": ""
		},
		{
			"ingre_name": "올리브유",
			"ingre_count": "",
			"ingre_unit": ""
		}
	],
	"sauce_list": [
		{
			"ingre_name": "간장",
			"ingre_count": "",
			"ingre_unit": ""
		},
		{
			"ingre_name": "다진마늘",
			"ingre_count": "",
			"ingre_unit": ""
		},
		{
			"ingre_name": "올리고당",
			"ingre_count": "",
			"ingre_unit": ""
		}
	],
	"recipe": [
		"1. 파스타면을 삶아준다.",
		"2. 간장 3스푼, 올리고당 6스푼, 다진마늘 1스푼를 섞어 소스를 만든다.",
		"3. 올리브유를 듬뿍 두른 팬에 야채와 햄, 버섯을 넣어주고 양파가 반투명해질때 까지 볶아준다.",
		"4. 이어서 면과 간장 소스를 넣고 달달달 잘 양념이 잘 베이도록 볶아준다."
	],
	"recipe_img": [
		"https://recipe1.ezmember.co.kr/cache/recipe/2015/05/14/0c76ff8c209458da09f503891e30251a1.jpg",
		"https://recipe1.ezmember.co.kr/cache/recipe/2015/05/14/f02c5d6f0958955c67117f59501900c51.jpg",
		"https://recipe1.ezmember.co.kr/cache/recipe/2015/05/14/62c6ddcb8d3df8822791f04d0dc57ff31.jpg",
		"https://recipe1.ezmember.co.kr/cache/recipe/2015/05/14/7285b57c81252addf91961dcbfaad1631.jpg"
	],
	"tag": [
		"면+만두, 밀가루, 볶음, 일상, 파스타"
	]
}