{
	"id": "6764031",
	"name": "오징어 오이무침 ",
	"thumbnail": "https://recipe1.ezmember.co.kr/cache/recipe/2015/05/12/ac6b4a053ee059fdb10f3e35577e9c231.jpg",
	"url": "https://www.10000recipe.com/recipe/6764031",
	"ingredient_ids": [
		8710,
		10107,
		8676
	],
	"time": "30",
	"ingre_list": [
		{
			"ingre_name": "오이",
			"ingre_count": "1",
			"ingre_unit": "개"
		},
		{
			"ingre_name": "오징어",
			"ingre_count": "1",
			"ingre_unit": "마리"
		},
		{
			"ingre_name": "양파",
			"ingre_count": "1/2",
			"ingre_unit": "개"
		}
	],
	"sauce_list": [
		{
			"ingre_name": "고추장",
			"ingre_count": "1",
			"ingre_unit": "T"
		},
		{
			"ingre_name": "고춧가루",
			"ingre_count": "1",
			"ingre_unit": "T"
		},
		{
			"ingre_name": "식초",
			"ingre_count": "1",
			"ingre_unit": "T"
		},
		{
			"ingre_name": "다진마늘",
			"ingre_count": "1",
			"ingre_unit": "T"
		},
		{
			"ingre_name": "매실액",
			"ingre_count": "1",
			"ingre_unit": "T"
		},
		{
			"ingre_name": "설탕",
			"ingre_count": "1",
			"ingre_unit": "T"
		},
		{
			"ingre_name": "맛술",
			"ingre_count": "1",
			"ingre_unit": "T"
		},
		{
			"ingre_name": "통깨",
			"ingre_count": "1",
			"ingre_unit": "T"
		}
	],
	"recipe": [
		"1. 끓는물에 통째로 삶기보다는 저수분으로 오징어 삶기!  예열된 냄비에 오징어와 물 10ml 정도와 소금 한꼬집을 넣고 약 1분정도 오징어를 뒤집어서 데쳐주세요. 물기가 생기지 않고 오징어 살도 쫄깃하니 맛있어요.",
		"2. 오이는 겉 돌기부분을 굵은소금으로 박박 씻어주시구요. 어숫썰기 한다음 2등분해서 썰어주세요. 양파는 채썰기",
		"3. 양념장은 레시대로 만들어주시구요.",
		"4. 오징어는 데친다음 썰어서 준비해주시구요. 볼에 야채와 오징어를 담고 양념을 넣은후 조물조물 버무려주세요."
	],
	"recipe_img": [
		"https://recipe1.ezmember.co.kr/cache/recipe/2015/05/12/0d749a29534a6a6441ddd352d4d9989e1.jpg",
		"https://recipe1.ezmember.co.kr/cache/recipe/2015/05/12/6ee4e2bcaa2115feda115d95b3a5cb351.jpg",
		"https://recipe1.ezmember.co.kr/cache/recipe/2015/05/12/fd6cfc7027ca46d1256772c4780ab1841.jpg",
		"https://recipe1.ezmember.co.kr/cache/recipe/2015/05/12/aebc60625e23ff3be5e2dd1112b32d181.jpg"
	],
	"tag": [
		"무침, 오이무침, 오징어, 해물류"
	]
}