{
	"id": "6766806",
	"name": "호두당근케이크",
	"thumbnail": "https://recipe1.ezmember.co.kr/cache/recipe/2015/05/13/c0d8b1257cc031fb5050d037601cefae1.jpg",
	"url": "https://www.10000recipe.com/recipe/6766806",
	"ingredient_ids": [
		9456,
		8084,
		51684,
		8386,
		51719,
		51699,
		10397,
		8251,
		10240,
		8084,
		51707
	],
	"time": "60",
	"ingre_list": [
		{
			"ingre_name": "달걀",
			"ingre_count": "2",
			"ingre_unit": "개"
		},
		{
			"ingre_name": "설탕",
			"ingre_count": "150",
			"ingre_unit": "g"
		},
		{
			"ingre_name": "식용유",
			"ingre_count": "90",
			"ingre_unit": "g"
		},
		{
			"ingre_name": "당근",
			"ingre_count": "150",
			"ingre_unit": "g"
		},
		{
			"ingre_name": "밀가루박력분",
			"ingre_count": "140",
			"ingre_unit": "g"
		},
		{
			"ingre_name": "베이킹파우더",
			"ingre_count": "1",
			"ingre_unit": "작은술"
		},
		{
			"ingre_name": "계피가루",
			"ingre_count": "1/2",
			"ingre_unit": "작은술"
		},
		{
			"ingre_name": "호두",
			"ingre_count": "50",
			"ingre_unit": "g"
		},
		{
			"ingre_name": "크림치즈",
			"ingre_count": "200",
			"ingre_unit": "g"
		},
		{
			"ingre_name": "설탕",
			"ingre_count": "40",
			"ingre_unit": "g"
		},
		{
			"ingre_name": "생크림",
			"ingre_count": "150",
			"ingre_unit": "g"
		}
	],
	"sauce_list": [],
	"recipe": [
		"1. 당근은 미리 갈아서 준비하세요.",
		"2. 볼에 달걀과 설탕을 넣고 잘 불어준 다음 식용유를 넣고 분리되지 않게 잘 섞어주세요.",
		"3. 갈아둔 당근을 함께 넣고 섞어주세요.",
		"4. 박력분, 베이킹파우더, 계피가루를 체쳐 넣고 호두도 다져서 넣고 섞어준 다음 틀에 반죽을 붓고 180도로 예열된 오븐에서 35~40분 정도 구워주세요.오븐",
		"5. 실온의 크림치즈를 풀어주고 설탕을 넣고 잘 섞은 다음 다른볼에 생크림을 휘핑한다음 크림치즈에 1/3씩 나눠 섞어 식은 시트 사이사이에 발라주세요.",
		"6. 크림치즈와 시트가 참 잘어울리는 케이크예요."
	],
	"recipe_img": [
		"https://recipe1.ezmember.co.kr/cache/recipe/2015/05/14/c25ade175e93cd02d4be9e2fe71255651.jpg",
		"https://recipe1.ezmember.co.kr/cache/recipe/2015/05/14/af157b322d5ebc1abee04ca3e801614f1.jpg",
		"https://recipe1.ezmember.co.kr/cache/recipe/2015/05/14/0a1913755d5abbe2f562f6f01d0653341.jpg",
		"https://recipe1.ezmember.co.kr/cache/recipe/2015/05/14/af6987c0e4b02a2827b7243f196c03271.jpg",
		"https://recipe1.ezmember.co.kr/cache/recipe/2015/05/14/06b270e2b957f8f54baeb35193457bdc1.jpg",
		"https://recipe1.ezmember.co.kr/cache/recipe/2015/05/14/31caf6f04222cc69a944eff8fbf71cea1.jpg"
	],
	"tag": [
		"간식, 굽기, 밀가루, 케이크"
	]
}