{
	"id": "6766906",
	"name": "두툼한 데리야끼 삼겹살 곁들인 투움바 파스타 ",
	"thumbnail": "https://recipe1.ezmember.co.kr/cache/recipe/2015/05/13/90bf5396361aff02f7e9dd20cab389491.jpg",
	"url": "https://www.10000recipe.com/recipe/6766906",
	"ingredient_ids": [
		20939,
		9240,
		8873,
		8676,
		51682,
		10392,
		8084,
		51683,
		51682
	],
	"time": "60",
	"ingre_list": [
		{
			"ingre_name": "스파게티면",
			"ingre_count": "160",
			"ingre_unit": "g"
		},
		{
			"ingre_name": "삼겹살",
			"ingre_count": "2",
			"ingre_unit": "줄"
		},
		{
			"ingre_name": "느타리버섯",
			"ingre_count": "1",
			"ingre_unit": "줌"
		},
		{
			"ingre_name": "양파",
			"ingre_count": "1",
			"ingre_unit": "개"
		},
		{
			"ingre_name": "다진마늘",
			"ingre_count": "1",
			"ingre_unit": "T"
		},
		{
			"ingre_name": "간장",
			"ingre_count": "4",
			"ingre_unit": "T"
		},
		{
			"ingre_name": "설탕",
			"ingre_count": "4",
			"ingre_unit": "T"
		},
		{
			"ingre_name": "물",
			"ingre_count": "4",
			"ingre_unit": "T"
		},
		{
			"ingre_name": "다진마늘",
			"ingre_count": "1",
			"ingre_unit": "T"
		}
	],
	"sauce_list": [
		{
			"ingre_name": "생크림",
			"ingre_count": "250",
			"ingre_unit": "ml"
		},
		{
			"ingre_name": "우유",
			"ingre_count": "150",
			"ingre_unit": "ml"
		},
		{
			"ingre_name": "쪽파",
			"ingre_count": "2",
			"ingre_unit": "대"
		},
		{
			"ingre_name": "청양고추",
			"ingre_count": "3",
			"ingre_unit": "개"
		},
		{
			"ingre_name": "케찹",
			"ingre_count": "2",
			"ingre_unit": "T"
		},
		{
			"ingre_name": "간장",
			"ingre_count": "2",
			"ingre_unit": "T"
		},
		{
			"ingre_name": "고춧가루",
			"ingre_count": "1/2",
			"ingre_unit": "T"
		},
		{
			"ingre_name": "후춧가루",
			"ingre_count": "",
			"ingre_unit": "약간"
		},
		{
			"ingre_name": "소금",
			"ingre_count": "",
			"ingre_unit": "약간"
		}
	],
	"recipe": [
		"1. 데리야끼 소스 재료를 넣고 잘 섞어 설탕을 잘 녹여준 다음 불에 얹어 바글바글 끓여 준비하세요.",
		"2. 다른 팬에 삼겹살을 노릇하게 구워낸 다음 팬에 남은 기름기를 모두 닦아 주세요.",
		"3. 끓여둔 데리야끼 소스를 부어 삼겹살에 잘 스며들도록 졸여주세요. 다진마늘은 미리 체에 걸러주셔도 좋아요.",
		"4. 끓는물에 소금 약간 넣어 스파게티 면을 7~8분 정도 삶아주세요.",
		"5. 식용유 두른 팬에 다진마늘을 넣고 볶다가 채썬 양파와 버섯을 넣어주세요.",
		"6. 스파게티 소스 재료를 넣고 잘 섞은 다음 끓여서 준비해두세요. 생크림에 파를 하룻저녁 재워 둔 다음 소스를 만들면 감칠맛이 돈답니다.",
		"7. 준비해둔 소스를 끓인 다음 스파게티 면을 넣고 소스가 잘베도록 졸여 삼겹살을 곁들여 내세요."
	],
	"recipe_img": [
		"https://recipe1.ezmember.co.kr/cache/recipe/2015/05/13/b9dfa4843748201267246974488143e11.jpg",
		"https://recipe1.ezmember.co.kr/cache/recipe/2015/05/13/8cc714097d518791e44745db129928591.jpg",
		"https://recipe1.ezmember.co.kr/cache/recipe/2015/05/13/73e04fdebfa6bec0b1de658cac75d3241.jpg",
		"https://recipe1.ezmember.co.kr/cache/recipe/2015/05/13/b1b6ebef3b7ad8e68fb4f090e1fd0d181.jpg",
		"https://recipe1.ezmember.co.kr/cache/recipe/2015/05/13/eef93ab11755197b4c1f0f83e06788a11.jpg",
		"https://recipe1.ezmember.co.kr/cache/recipe/2015/05/13/42d692b978c0e129a0bd190fcfa587af1.jpg",
		"https://recipe1.ezmember.co.kr/cache/recipe/2015/05/13/4579309fac46aa1204d05fe431b944d41.jpg"
	],
	"tag": [
		"면+만두, 밀가루, 삼겹살, 손님접대, 파스타"
	]
}