{
	"id": "6767040",
	"name": "간단한 아욱 된장국",
	"thumbnail": "https://recipe1.ezmember.co.kr/cache/recipe/2015/05/13/c5ef22a3e22c8583618b2c4e167ed5d61.jpg",
	"url": "https://www.10000recipe.com/recipe/6767040",
	"ingredient_ids": [
		8656,
		8676,
		51809,
		51764,
		51689,
		51691,
		8820
	],
	"time": "60",
	"ingre_list": [
		{
			"ingre_name": "아욱",
			"ingre_count": "1",
			"ingre_unit": "단"
		},
		{
			"ingre_name": "양파",
			"ingre_count": "40",
			"ingre_unit": "g"
		},
		{
			"ingre_name": "쌀뜨물",
			"ingre_count": "3",
			"ingre_unit": "컵"
		},
		{
			"ingre_name": "멸치육수",
			"ingre_count": "3",
			"ingre_unit": "컵"
		},
		{
			"ingre_name": "홍고추",
			"ingre_count": "1/2",
			"ingre_unit": "개"
		},
		{
			"ingre_name": "청고추",
			"ingre_count": "1",
			"ingre_unit": "개"
		},
		{
			"ingre_name": "파",
			"ingre_count": "30",
			"ingre_unit": "g"
		}
	],
	"sauce_list": [
		{
			"ingre_name": "된장",
			"ingre_count": "2",
			"ingre_unit": "T"
		},
		{
			"ingre_name": "고추장",
			"ingre_count": "1",
			"ingre_unit": "작은술"
		},
		{
			"ingre_name": "고춧가루",
			"ingre_count": "1",
			"ingre_unit": "T"
		}
	],
	"recipe": [
		"1. 냄비에 쌀뜨물 3컵, 멸치육수 3컵을 붓는다.",
		"2. 아욱손질법은 줄기 끝의 두꺼운 부분을 꺾어 섬유질을 벗긴다.",
		"3. 굵은소금을 3큰술 넣어 치대듯이 바락바락 주물러 풋내와 쓴맛을 뺀다. 풀물이 나오지 않을 때까지 여러 번 헹궈 물기를 꼭 짠다.",
		"4. 된장 2큰술, 고추장 1작은술을 넣고 푼다.",
		"5. 된장이 끓어오르면 아욱, 양파, 다진 마늘을 넣고 5분 정도 끓여 준다.",
		"6. 홍고추, 청고추, 송송 썬 대파, 고춧가루를 넣고 휘리릭 끓인다. 부족한 간은 소금으로 한다."
	],
	"recipe_img": [
		"https://recipe1.ezmember.co.kr/cache/recipe/2015/05/13/78377144641deb6537c752d25c14538f1.jpg",
		"https://recipe1.ezmember.co.kr/cache/recipe/2015/05/13/90a7a08d5b7f8bd395e6335cddcfaca11.jpg",
		"https://recipe1.ezmember.co.kr/cache/recipe/2015/05/13/c3d449171756d9b36a648e41c9806b9e1.jpg",
		"https://recipe1.ezmember.co.kr/cache/recipe/2015/05/13/84dd9fc1bc1fafa15faea11b697041211.jpg",
		"https://recipe1.ezmember.co.kr/cache/recipe/2015/05/13/a240cbfd112b0bca7423c282bc9d29a91.jpg",
		"https://recipe1.ezmember.co.kr/cache/recipe/2015/05/13/6bc86cb0dbecb523ce9c8d76f01239c71.jpg"
	],
	"tag": [
		"국+탕, 국, 끓이기, 된장국, 채소류"
	]
}