{
	"id": "6768297",
	"name": "참치 오믈렛",
	"thumbnail": "https://recipe1.ezmember.co.kr/cache/recipe/2015/05/13/7597323634b46f53d4022ffa0a9eff221.jpg",
	"url": "https://www.10000recipe.com/recipe/6768297",
	"ingredient_ids": [
		9457,
		51720,
		8627,
		28988,
		10286,
		10438,
		10282
	],
	"time": "15",
	"ingre_list": [
		{
			"ingre_name": "계란",
			"ingre_count": "3",
			"ingre_unit": "개"
		},
		{
			"ingre_name": "참치캔",
			"ingre_count": "1",
			"ingre_unit": "개"
		},
		{
			"ingre_name": "시금치",
			"ingre_count": "60",
			"ingre_unit": "g"
		},
		{
			"ingre_name": "슬라이스치즈",
			"ingre_count": "1",
			"ingre_unit": "장"
		},
		{
			"ingre_name": "포도씨유",
			"ingre_count": "1",
			"ingre_unit": "작은술"
		},
		{
			"ingre_name": "소금",
			"ingre_count": "",
			"ingre_unit": "약간"
		},
		{
			"ingre_name": "참기름",
			"ingre_count": "",
			"ingre_unit": "약간"
		}
	],
	"sauce_list": [
		{
			"ingre_name": "케찹",
			"ingre_count": "",
			"ingre_unit": "적당히"
		},
		{
			"ingre_name": "머스터드소스",
			"ingre_count": "",
			"ingre_unit": "적당히"
		}
	],
	"recipe": [
		"1. 시금치는 깨끗이 씻어 물기 털어 내고 가닥가닥 떼어준 뒤 긴것은 이등분해줍니다.",
		"2. 계란은 참기름, 소금과 함께 미니 다지기에 넣어 알끈 없이 믹싱해주고~ 다지기 대신 체에 걸러도 되고 베보자기에 넣고 꾹 짜서 알끈을 제거해도 됩니다.",
		"3. 달궈진 팬에 시금치와 참치캔을 넣고 시금치가 숨이 죽을때까지 볶아줍니다. 참치에 어느정도 간이 돼있어 따로 소금간은 하지 않아도 되구요. 참치캔 자체에 들어있는 기름을 이용해 볶아주니 참치향이 시금치에 배어 더 고소하고 담백합니다.",
		"4. 볶은 참치와 시금치를 접시에 옮겨두고, 키친타월을 이용해 팬을 닦은 뒤~ 포도씨유를 약간 두르고 중약불에서 달걀물을 부어 70%정도 익으면 볶아둔 참치와 시금치를 올리고, 치즈도 한장 올린 뒤 반을 접어 앞뒤로 골고루 익혀줍니다.",
		"5. 마지막으로 오믈렛과 어울릴만한 소스 좔좔 뿌려주면(저는 케챱과 머스터드 소스를 뿌려주었어요.) 참치오믈렛 만들기 완성!"
	],
	"recipe_img": [
		"https://recipe1.ezmember.co.kr/cache/recipe/2015/05/14/737a648f5cd967540088fe9013e99c1d1.jpg",
		"https://recipe1.ezmember.co.kr/cache/recipe/2015/05/14/4b5a1ab90598c6eee527b13f498c22961.jpg",
		"https://recipe1.ezmember.co.kr/cache/recipe/2015/05/14/445dce7e9e0fa8e8c32aeedb26e581771.jpg",
		"https://recipe1.ezmember.co.kr/cache/recipe/2015/05/14/ee0291b5eebb213f1a08c57a9d63b74e1.jpg",
		"https://recipe1.ezmember.co.kr/cache/recipe/2015/05/14/c1b426576cc6033a08c2a730fad7c9b91.jpg"
	],
	"tag": [
		"달걀+유제품, 양식, 오므라이스, 오믈렛"
	]
}