{
	"id": "6768245",
	"name": "참치 깻잎 쌈밥",
	"thumbnail": "https://recipe1.ezmember.co.kr/cache/recipe/2015/05/13/20d6cd5b9c722277627558db5db5fde81.jpg",
	"url": "https://www.10000recipe.com/recipe/6768245",
	"ingredient_ids": [
		51700,
		18025,
		8386,
		8850,
		8913,
		8676,
		8827,
		51685
	],
	"time": "30",
	"ingre_list": [
		{
			"ingre_name": "깻잎",
			"ingre_count": "",
			"ingre_unit": ""
		},
		{
			"ingre_name": "참치",
			"ingre_count": "1",
			"ingre_unit": "캔"
		},
		{
			"ingre_name": "당근",
			"ingre_count": "",
			"ingre_unit": ""
		},
		{
			"ingre_name": "호박",
			"ingre_count": "",
			"ingre_unit": ""
		},
		{
			"ingre_name": "새송이버섯",
			"ingre_count": "",
			"ingre_unit": ""
		},
		{
			"ingre_name": "양파",
			"ingre_count": "",
			"ingre_unit": ""
		},
		{
			"ingre_name": "파프리카",
			"ingre_count": "",
			"ingre_unit": ""
		},
		{
			"ingre_name": "밥",
			"ingre_count": "",
			"ingre_unit": ""
		}
	],
	"sauce_list": [
		{
			"ingre_name": "된장",
			"ingre_count": "1/2",
			"ingre_unit": "T"
		},
		{
			"ingre_name": "쌈장",
			"ingre_count": "1/2",
			"ingre_unit": "T"
		}
	],
	"recipe": [
		"1. 다진 채소를 기름약간두르고 볶아주세요.",
		"2. 야채가 볶아지면 참치 기름을 뺀 참치 통조림을 넣어주고, 된장과 쌈장을 함께 넣어주세요. 각 반스푼씩 넣어주심 됩니다 .                   ",
		"3. 넣어서 살짝 볶듯이 채소와 쌈장 된장을 잘 섞어요.",
		"4. 깻잎은 뜨거운물에 살짝 데쳐 물기를 꾹 눌러 준비합니다 .",
		"5. 밥에 요렇게 한스푼 넣고 동그랗게 한 다음 깻잎은 두장을 맞닿아 겹치게 한 뒤                   ",
		"6. 돌돌 말아 주면 완성!"
	],
	"recipe_img": [
		"https://recipe1.ezmember.co.kr/cache/recipe/2015/05/14/6a92d4089a7e54c912c6efda500534061.jpg",
		"https://recipe1.ezmember.co.kr/cache/recipe/2015/05/14/5d73d6e9857f32ce26b02bcaedc9c1a51.jpg",
		"https://recipe1.ezmember.co.kr/cache/recipe/2015/05/14/f8189d5e5ffcbf1d566fc484df6ee0111.jpg",
		"https://recipe1.ezmember.co.kr/cache/recipe/2015/05/14/e32ef14a2f2afece1ed6e2cee4f28e651.jpg",
		"https://recipe1.ezmember.co.kr/cache/recipe/2015/05/14/5622563d49b5c1c2429622d3856698011.jpg",
		"https://recipe1.ezmember.co.kr/cache/recipe/2015/05/14/f2d9a2a4c739b68d759343099fc2d39f1.jpg"
	],
	"tag": [
		"밥+죽+떡, 밥, 쌈밥, 채소류"
	]
}