{
	"id": "6772181",
	"name": "오이소박이 만들기",
	"thumbnail": "https://recipe1.ezmember.co.kr/cache/recipe/2015/05/15/b3dbe63676110094facf1da963279fd51.JPG",
	"url": "https://www.10000recipe.com/recipe/6772181",
	"ingredient_ids": [
		8710,
		8544,
		8386,
		8676
	],
	"time": "60",
	"ingre_list": [
		{
			"ingre_name": "오이",
			"ingre_count": "7",
			"ingre_unit": "개"
		},
		{
			"ingre_name": "부추",
			"ingre_count": "1",
			"ingre_unit": "줌"
		},
		{
			"ingre_name": "당근",
			"ingre_count": "1/3",
			"ingre_unit": "개"
		},
		{
			"ingre_name": "양파",
			"ingre_count": "1/2",
			"ingre_unit": "개"
		}
	],
	"sauce_list": [
		{
			"ingre_name": "굵은소금",
			"ingre_count": "1/2",
			"ingre_unit": "종이컵"
		},
		{
			"ingre_name": "고춧가루",
			"ingre_count": "8",
			"ingre_unit": "T"
		},
		{
			"ingre_name": "다진마늘",
			"ingre_count": "2",
			"ingre_unit": "T"
		},
		{
			"ingre_name": "까나리액젓",
			"ingre_count": "3",
			"ingre_unit": "T"
		},
		{
			"ingre_name": "매실액",
			"ingre_count": "3",
			"ingre_unit": "T"
		},
		{
			"ingre_name": "설탕",
			"ingre_count": "1",
			"ingre_unit": "T"
		}
	],
	"recipe": [
		"1. 오이 7개 굵은 소금으로 문지르고 꼭지떼서 깨끗이 씻어 준비, 부추 한줌도 다듬고 씻어서 준비해주세요. 양파반개, 당근 3분의 1개 준비해주세요.",
		"2. 오이는 3등분해서 맨아래 1cm남기고 열십자로 만들어 갈라주세요.",
		"3. 굵은소금을 종이컵으로 반컵 준비해서, 물 2리터와 같이 팔팔 끓여주세요.",
		"4. 소금물이 완성되면 뜨거운 소금물 그대로 오이가 푹잠기게 부워주세요. 이렇게 뜨거운 소금물을 붜줘야 오이소박이가 아삭하답니다",
		"5. 1시간 정도 절이고~~ 오이 하나 꺼내서 부드럽게 휘어지면 다 절여진 거에요. 다 절여진 오이는 소쿠리에 담아 물기를 빼놓으세요.",
		"6. 오이소박이 속에 들어갈 속을 준비할게요.부추는 3cm길이로 썰고, 양파랑 당근은 채썰어서 준비해주세요. 커다란 그릇에 부추, 당근, 양파 담고~ 고춧가루 8스푼, 다진마늘 2스푼, 까나리액젓 3스푼, 매실액 3스푼, 설탕 1스푼 넣어주세요~ 양념이 골고루 베이게 섞어주세요. 야채가 숨이 좀 죽으면 그때 속을 집어넣으시면 됩니다.",
		"7. 오이랑 속을 같이 그릇에 담고, 속을 넣습니다.",
		"8. 요렇게 차곡차곡 가지런하게 담아서 남은 양념은 위에 덮어주세요. 뚜껑을 덮어주시면 내일은 맛나게 먹을수 있을거에요~"
	],
	"recipe_img": [
		"https://recipe1.ezmember.co.kr/cache/recipe/2015/05/15/93f75dcbe63389bbab06fc3b7e044b991.JPG",
		"https://recipe1.ezmember.co.kr/cache/recipe/2015/05/15/01bb90af01ba5bb846e4ab8dbb51013a1.JPG",
		"https://recipe1.ezmember.co.kr/cache/recipe/2015/05/15/6435860f0f5d61a6e5b060c67ea99ba71.JPG",
		"https://recipe1.ezmember.co.kr/cache/recipe/2015/05/15/0cf20c2f65e23a80e5c5ae7fcb07ed981.JPG",
		"https://recipe1.ezmember.co.kr/cache/recipe/2015/05/15/e9c298d2454f0b7903c6bf5f18568d971.JPG",
		"https://recipe1.ezmember.co.kr/cache/recipe/2015/05/15/e168203b3af9461b918903eb7ef34c9c1.JPG",
		"https://recipe1.ezmember.co.kr/cache/recipe/2015/05/15/d33ab9d40efc346320cf1b282295a8361.JPG",
		"https://recipe1.ezmember.co.kr/cache/recipe/2015/05/15/1cedbf40b19d7e69cfdbfe27ab4d75371.JPG"
	],
	"tag": [
		"김치+젓갈+장류, 오이소박이"
	]
}