{
	"id": "6773015",
	"name": "애호박 새우젓 볶음",
	"thumbnail": "https://recipe1.ezmember.co.kr/cache/recipe/2015/05/16/980a1928d64351304036805d311da02f1.jpg",
	"url": "https://www.10000recipe.com/recipe/6773015",
	"ingredient_ids": [
		8855,
		10722,
		8676,
		8824
	],
	"time": "15",
	"ingre_list": [
		{
			"ingre_name": "애호박",
			"ingre_count": "",
			"ingre_unit": ""
		},
		{
			"ingre_name": "마늘",
			"ingre_count": "",
			"ingre_unit": ""
		},
		{
			"ingre_name": "양파",
			"ingre_count": "",
			"ingre_unit": ""
		},
		{
			"ingre_name": "대파",
			"ingre_count": "",
			"ingre_unit": ""
		}
	],
	"sauce_list": [
		{
			"ingre_name": "고춧가루",
			"ingre_count": "",
			"ingre_unit": ""
		},
		{
			"ingre_name": "후추",
			"ingre_count": "",
			"ingre_unit": ""
		},
		{
			"ingre_name": "마늘",
			"ingre_count": "",
			"ingre_unit": ""
		},
		{
			"ingre_name": "맛술",
			"ingre_count": "",
			"ingre_unit": ""
		},
		{
			"ingre_name": "새우젓",
			"ingre_count": "",
			"ingre_unit": ""
		}
	],
	"recipe": [
		"1. 애호박은 반으로 가른 후 다시 반으로 갈라 부채꼴 모양으로 1센티 두께로 썰어요.",
		"2. 냄비에 애호박과 양파 반개를 썰어서 넣고 새우젓을 반 수저 정도 넣어요. (새우젓이 보이는게 싫다면 도마에서 다져서 넣어도 되요.)",
		"3. 새우젓의 비린내가 나지 않도록 맛술을 조금 넣고 고춧가루, 후추, 마늘을 넣었어요.",
		"4. 골고루 뒤적뒤적 한 후에 물을 자작하게 부어줘요. 요건 국물이 약간 있게 해서 밥도 비벼 먹고 하는거라 호박 윗부분이 살짝 드러날 정도로 물을 부어주면 되요.",
		"5. 냄비 뚜껑을 덮어서 보글보글 끓여주니 호박이 물렁하게 익었어요. 이 때 간을 보고 소금으로 간을 맞춘 후 대파를 넣고 불을 끄면 되요."
	],
	"recipe_img": [
		"https://recipe1.ezmember.co.kr/cache/recipe/2015/05/18/f98e63602958883e3d128d4a2f9d85361.JPG",
		"https://recipe1.ezmember.co.kr/cache/recipe/2015/05/18/068a4b6b48470fc65b600bced8e6772a1.JPG",
		"https://recipe1.ezmember.co.kr/cache/recipe/2015/05/18/a24f22dac1d5309e4f08c8c46326368f1.JPG",
		"https://recipe1.ezmember.co.kr/cache/recipe/2015/05/18/e5c716a3d5fe121747b0eaf90d599cb91.JPG",
		"https://recipe1.ezmember.co.kr/cache/recipe/2015/05/18/2189939974917f8dccc129c9ae1474ee1.JPG"
	],
	"tag": [
		"밑반찬, 볶음, 새우볶음, 애호박볶음, 채소류"
	]
}