{
	"id": "6773288",
	"name": "두부 맛살전",
	"thumbnail": "https://recipe1.ezmember.co.kr/cache/recipe/2015/05/16/61ffbfb5baac2513b03a43193e0d6b941.jpg",
	"url": "https://www.10000recipe.com/recipe/6773288",
	"ingredient_ids": [
		51745,
		8158,
		9457,
		13708
	],
	"time": "15",
	"ingre_list": [
		{
			"ingre_name": "맛살",
			"ingre_count": "1.",
			"ingre_unit": "개"
		},
		{
			"ingre_name": "두부",
			"ingre_count": "1/4",
			"ingre_unit": "개"
		},
		{
			"ingre_name": "계란",
			"ingre_count": "1",
			"ingre_unit": "개"
		},
		{
			"ingre_name": "부침가루",
			"ingre_count": "1",
			"ingre_unit": "T"
		}
	],
	"sauce_list": [
		{
			"ingre_name": "간장",
			"ingre_count": "1/2",
			"ingre_unit": "T"
		},
		{
			"ingre_name": "참기름",
			"ingre_count": "",
			"ingre_unit": ""
		},
		{
			"ingre_name": "깨소금",
			"ingre_count": "",
			"ingre_unit": ""
		}
	],
	"recipe": [
		"1. 맛살을 칼로 다져줍니다.",
		"2. 두부1/4 모와 계란 하나를 섞어줍니다.",
		"3. 이때 두부는 으깨듯이 하잖아요. 두부는 금세 물기가 생기니까 미리 만들어 두거나 그러면 안되고요. 으깨며 섞은 후 바로 전 만들기로 들어가야 해요~ 간을 하지 않아도 되지만 살짝 간을 하면 더 맛있어요.",
		"4. 간장과 참기름과 깨를 반죽에 섞어줍니다.",
		"5. 달군 팬에 기름을 두르고 앞뒤로 노릇하게 구워주면 완성입니다."
	],
	"recipe_img": [
		"https://recipe1.ezmember.co.kr/cache/recipe/2015/05/16/ce7d8653202dbb15194e25acdf934d531.jpg",
		"https://recipe1.ezmember.co.kr/cache/recipe/2015/05/16/596dcd9b0ec7b4064214cb7cd43e8b621.jpg",
		"https://recipe1.ezmember.co.kr/cache/recipe/2015/05/16/5ed25ecf4d55d8f073673fad08822f281.jpg",
		"https://recipe1.ezmember.co.kr/cache/recipe/2015/05/16/7f9bb70eac27c1d2cdc32c10a939f8b11.jpg",
		"https://recipe1.ezmember.co.kr/cache/recipe/2015/05/16/ee87221a711bef62585dd05e81be42c51.jpg"
	],
	"tag": [
		"가공식품류, 두부, 두부전, 부침"
	]
}