{
	"id": "6775347",
	"name": "(힐링캠프)백종원 애호박전 만들기",
	"thumbnail": "https://recipe1.ezmember.co.kr/cache/recipe/2015/05/17/a785fd0547a47db20e909f8a5993ade51.jpg",
	"url": "https://www.10000recipe.com/recipe/6775347",
	"ingredient_ids": [
		8855,
		51786,
		8316,
		51739
	],
	"time": "30",
	"ingre_list": [
		{
			"ingre_name": "애호박",
			"ingre_count": "1",
			"ingre_unit": "개"
		},
		{
			"ingre_name": "건새우",
			"ingre_count": "1",
			"ingre_unit": "줌"
		},
		{
			"ingre_name": "청양고추",
			"ingre_count": "1",
			"ingre_unit": "개"
		},
		{
			"ingre_name": "전분",
			"ingre_count": "6",
			"ingre_unit": "T"
		}
	],
	"sauce_list": [
		{
			"ingre_name": "소금",
			"ingre_count": "1",
			"ingre_unit": "T"
		}
	],
	"recipe": [
		"1. 건새우는 믹서에 갈아주세요.",
		"2. 애호박은 얇게 채썰어 주세요.",
		"3. 청양고추도 다져서 넣어주고 소금 1t를 넣어준 후 10분간 절여주세요.",
		"4. 새우가루와 전분가루를 넣고 섞어줍니다. 물을 넣지 않아도 소금에 절여진 호박 수분때문에 잘 섞어져요.",
		"5. 달군 후라이팬에 기름을 두르고 호박전을 부쳐주면되는데요. 넓게 한장으로 부쳐도 되는데,, 저는 전의 바삭한게 좋고 먹기도 좋게 한수저씩 떠서 부쳤어요.",
		"6. 노릇노릇 바삭한 애호박전 완성."
	],
	"recipe_img": [
		"https://recipe1.ezmember.co.kr/cache/recipe/2015/05/27/24761aecfcae4aaf17a22e844bb01db91.jpg",
		"https://recipe1.ezmember.co.kr/cache/recipe/2015/05/27/89ec6a5eb0ec6f4e02e0d1e66d1352f31.jpg",
		"https://recipe1.ezmember.co.kr/cache/recipe/2015/05/27/5e504d29f8a9eb613e38dfdbc978472a1.jpg",
		"https://recipe1.ezmember.co.kr/cache/recipe/2015/05/27/456675f3814f3bd21ac6b80e6ed6d7131.jpg",
		"https://recipe1.ezmember.co.kr/cache/recipe/2015/05/27/7ff6a7012f39a101dc95017d8dce665b1.jpg",
		"https://recipe1.ezmember.co.kr/cache/recipe/2015/05/27/95d1381e0d5c09738fc6927a0d877bb91.jpg"
	],
	"tag": [
		"부침, 부침개, 애호박전, 전, 호박전"
	]
}