{
	"id": "6775734",
	"name": "진미채볶음",
	"thumbnail": "https://recipe1.ezmember.co.kr/cache/recipe/2015/05/17/cdfdfb47b28cf38efd1ba5aa5bb803281.jpg",
	"url": "https://www.10000recipe.com/recipe/6775734",
	"ingredient_ids": [
		51769
	],
	"time": "30",
	"ingre_list": [
		{
			"ingre_name": "진미채",
			"ingre_count": "",
			"ingre_unit": ""
		}
	],
	"sauce_list": [
		{
			"ingre_name": "올리고당",
			"ingre_count": "2",
			"ingre_unit": "T"
		},
		{
			"ingre_name": "고추장",
			"ingre_count": "1.",
			"ingre_unit": "T"
		},
		{
			"ingre_name": "다진마늘",
			"ingre_count": "1",
			"ingre_unit": "T"
		},
		{
			"ingre_name": "고춧가루",
			"ingre_count": "1",
			"ingre_unit": "T"
		},
		{
			"ingre_name": "간장",
			"ingre_count": "0.",
			"ingre_unit": "T"
		},
		{
			"ingre_name": "미림",
			"ingre_count": "1",
			"ingre_unit": "T"
		},
		{
			"ingre_name": "매실엑기스",
			"ingre_count": "1",
			"ingre_unit": "T"
		},
		{
			"ingre_name": "통깨",
			"ingre_count": "",
			"ingre_unit": "살짝"
		}
	],
	"recipe": [
		"1. 올리고당은 진미채에 미리 버무려놓으면 부드럽답니다.",
		"2. 고추장 1.5T 다진마늘 1T 고추가루 1T 간장 0.5T 미림 1T 매실엑기스 1T 양념장 준비하고",
		"3. 팬에 올리브유 두르고 양념장 넣어 바글바글 끓어오르면 올리고당에 버무려놓은 진미채를 넣어줍니다",
		"4. 이때 불은 꺼주세요. 양념장에 진미채를 함께 볶는게 아니라 끓어오른 양념장에 버무린다는 느낌으로 만들어주는게 포인트!"
	],
	"recipe_img": [
		"https://recipe1.ezmember.co.kr/cache/recipe/2015/05/18/60f2c148f66ef1c40b58816212f3ecf71.jpg",
		"https://recipe1.ezmember.co.kr/cache/recipe/2015/05/18/37257140f0e5099481a2c8b150fb7eae1.jpg",
		"https://recipe1.ezmember.co.kr/cache/recipe/2015/05/18/feded7cd2783b541d8d238a11621f0d21.jpg",
		"https://recipe1.ezmember.co.kr/cache/recipe/2015/05/18/e1e011e02d1d10b84e6858ee595432931.jpg"
	],
	"tag": [
		"건어물류, 진미채, 진미채볶음"
	]
}