{
	"id": "6775213",
	"name": "대패삼겹살로 바싹불고기 만들기",
	"thumbnail": "https://recipe1.ezmember.co.kr/cache/recipe/2015/05/17/6b6f7655e3136956f4f0861eafdab8621.jpg",
	"url": "https://www.10000recipe.com/recipe/6775213",
	"ingredient_ids": [
		51709
	],
	"time": "30",
	"ingre_list": [
		{
			"ingre_name": "대패삼겹살",
			"ingre_count": "400",
			"ingre_unit": "g"
		}
	],
	"sauce_list": [
		{
			"ingre_name": "간장",
			"ingre_count": "5",
			"ingre_unit": "T"
		},
		{
			"ingre_name": "청주",
			"ingre_count": "4",
			"ingre_unit": "T"
		},
		{
			"ingre_name": "다진마늘",
			"ingre_count": "1",
			"ingre_unit": "T"
		},
		{
			"ingre_name": "생강즙",
			"ingre_count": "1/2",
			"ingre_unit": "T"
		},
		{
			"ingre_name": "매실청",
			"ingre_count": "1",
			"ingre_unit": "T"
		},
		{
			"ingre_name": "올리고당",
			"ingre_count": "1",
			"ingre_unit": "T"
		},
		{
			"ingre_name": "후추",
			"ingre_count": "1/2",
			"ingre_unit": "작은술"
		},
		{
			"ingre_name": "참기름",
			"ingre_count": "1/2",
			"ingre_unit": "T"
		},
		{
			"ingre_name": "식초",
			"ingre_count": "1",
			"ingre_unit": "T"
		},
		{
			"ingre_name": "매실청",
			"ingre_count": "1/2",
			"ingre_unit": "T"
		},
		{
			"ingre_name": "설탕",
			"ingre_count": "1/3",
			"ingre_unit": "T"
		},
		{
			"ingre_name": "고춧가루",
			"ingre_count": "1/2",
			"ingre_unit": "T"
		},
		{
			"ingre_name": "참기름",
			"ingre_count": "1/2",
			"ingre_unit": "T"
		},
		{
			"ingre_name": "갈은깨",
			"ingre_count": "1/2",
			"ingre_unit": "T"
		}
	],
	"recipe": [
		"1. 간장 5큰술, 청주 4큰술, 다진마늘 1큰술, 생강즙 1/2큰술, 매실청 1큰술, 올리고당 1큰술, 후추 1/2작은술, 참기름 1/2큰술 을 넣고 고루 섞어 고기 양념을 만들어 주었습니다.",
		"2. 대패 삼겹살 400g 을 넣고 고루 버무려 잠시 재워 줍니다. 대파를 채썰고 하는 동안 잠시 재워 주었지요.",
		"3. 달군 팬에 양념에 버무린 삼겹살을 넣고 저어주면서 계속 볶아 주세요. 고기 양념이 쏙 배어 들고 색이 짙어 질때까지 노릇하니 볶아 주세요.",
		"4. 대파 1대는 곱게 채썰어 찬물에 흔들어 씻어 건져 탈수기에 돌려 물기를 최대한 빼 줍니다 고기가 다 볶아 지면 준비한 파채를 그릇에 담고 식초 1큰술, 매실청 1/2큰술, 설탕 1/3큰술, 고추가루 1/2큰술, 참기름 1/2큰술, 갈은깨 1/2큰술 을 넣고 고루 버무려 줍니다. 파채는 먹기 전에 바로 버무려 드세요. 고기 양념을 짭쪼름하게 해서 파채에는 따로 간을 하지 않았습다. 파채를 고기와 함께 그릇에 담아 줍니다."
	],
	"recipe_img": [
		"https://recipe1.ezmember.co.kr/cache/recipe/2015/05/18/8daf501be4d7cdb57676cfb847dc0ce51.jpg",
		"https://recipe1.ezmember.co.kr/cache/recipe/2015/05/18/ae6ca2f2fa1a2ff68af9875e39bc4aa21.jpg",
		"https://recipe1.ezmember.co.kr/cache/recipe/2015/05/18/3a9e3c7f7af4b4610e5ec6084af649dc1.jpg",
		"https://recipe1.ezmember.co.kr/cache/recipe/2015/05/18/dd5a13d0ee2bf3af0a8e85a418b4be3b1.jpg"
	],
	"tag": [
		"돼지고기, 메인반찬, 볶음, 불고기, 삼겹살"
	]
}