{
	"id": "6775084",
	"name": "카레 진미채볶음",
	"thumbnail": "https://recipe1.ezmember.co.kr/cache/recipe/2015/05/18/6fc40e7115ba0b5a364b20b746aab27c1.jpg",
	"url": "https://www.10000recipe.com/recipe/6775084",
	"ingredient_ids": [
		51769
	],
	"time": "15",
	"ingre_list": [
		{
			"ingre_name": "진미채",
			"ingre_count": "200",
			"ingre_unit": "g"
		}
	],
	"sauce_list": [
		{
			"ingre_name": "카레가루",
			"ingre_count": "4",
			"ingre_unit": "T"
		},
		{
			"ingre_name": "올리고당",
			"ingre_count": "2",
			"ingre_unit": "T"
		},
		{
			"ingre_name": "마요네즈",
			"ingre_count": "1",
			"ingre_unit": "T"
		},
		{
			"ingre_name": "맛술(or미림)",
			"ingre_count": "1",
			"ingre_unit": "T"
		},
		{
			"ingre_name": "설탕",
			"ingre_count": "0.",
			"ingre_unit": "T"
		},
		{
			"ingre_name": "흑임자",
			"ingre_count": "0.",
			"ingre_unit": "T"
		},
		{
			"ingre_name": "물",
			"ingre_count": "1",
			"ingre_unit": "종이컵"
		}
	],
	"recipe": [
		"1. 진미채는 물에 씻어서 물기를 꽉 짜서 준비합니다.",
		"2. 분량의 카레가루와 물을 종이컵으로 1컵을 넣어 잘 풀어주고 끓여줍니다.",
		"3. 카레가 끓으면 진미채를 넣고 골고루 섞어주듯 볶아주세요. 분량의 올리고당과 마요네즈, 설탕, 청주를 넣고 빠르게 볶아줍니다. 혹시라도 물이 약간 부족하면 살짝 더 넣어주셔도 된답니다.",
		"4. 다 볶아지면 불을 끄고 흑임자를 뿌려주세요. 흑임자가 없으면 일반 통깨를 뿌려주셔도 된답니다.",
		"5. 슥슥 섞어주시면 완성!"
	],
	"recipe_img": [
		"https://recipe1.ezmember.co.kr/cache/recipe/2015/05/18/c48ac9833df93323bc2f88d2208b998c1.jpg",
		"https://recipe1.ezmember.co.kr/cache/recipe/2015/05/18/0420a29d38eb0b48c7d171f3c10c5ab51.jpg",
		"https://recipe1.ezmember.co.kr/cache/recipe/2015/05/18/09a9ff20efb299ba9e0787dc790e39881.jpg",
		"https://recipe1.ezmember.co.kr/cache/recipe/2015/05/18/eebbcaff834dd36db5a20fac1d4a70111.jpg",
		"https://recipe1.ezmember.co.kr/cache/recipe/2015/05/18/a0727e3236ceeae573a23ed732ffbac91.jpg"
	],
	"tag": [
		"건어물류, 진미채, 진미채볶음, 카레, 커리"
	]
}