{
	"id": "6776644",
	"name": "어묵파프리카 간장조림",
	"thumbnail": "https://recipe1.ezmember.co.kr/cache/recipe/2015/05/18/172dbefdec808f91521572adae34d3f11.jpg",
	"url": "https://www.10000recipe.com/recipe/6776644",
	"ingredient_ids": [
		51727,
		51752,
		51754,
		51686
	],
	"time": "30",
	"ingre_list": [
		{
			"ingre_name": "사각어묵",
			"ingre_count": "2",
			"ingre_unit": "장"
		},
		{
			"ingre_name": "빨강파프리카",
			"ingre_count": "1/2",
			"ingre_unit": "개"
		},
		{
			"ingre_name": "노랑파프리카",
			"ingre_count": "1/2",
			"ingre_unit": "개"
		},
		{
			"ingre_name": "통깨",
			"ingre_count": "1/2",
			"ingre_unit": "작은술"
		}
	],
	"sauce_list": [
		{
			"ingre_name": "간장",
			"ingre_count": "1",
			"ingre_unit": "T"
		},
		{
			"ingre_name": "다진마늘",
			"ingre_count": "1",
			"ingre_unit": "T"
		},
		{
			"ingre_name": "미림",
			"ingre_count": "1",
			"ingre_unit": "T"
		},
		{
			"ingre_name": "올리고당",
			"ingre_count": "1",
			"ingre_unit": "T"
		},
		{
			"ingre_name": "물",
			"ingre_count": "2",
			"ingre_unit": "T"
		},
		{
			"ingre_name": "오일",
			"ingre_count": "1/2",
			"ingre_unit": "T"
		},
		{
			"ingre_name": "후춧가루",
			"ingre_count": "",
			"ingre_unit": ""
		}
	],
	"recipe": [
		"1. 어묵은 채썰어 끓는물을 끼얹어 여분의 불순을 제거해 물기를 빼주세요. 파프리카들도 어묵의 굵기에 맞춰 채썰어주세요. 분량의 간장양념을 만들어 팬에 담고, 올리고당을 완전히 녹인 뒤 불을 켜고 끓여주세요.",
		"2. 간장양념이 끓으면 어묵을 넣고 조려주세요.",
		"3. 어묵에 간장양념이 잘 배이면 채썰어둔 파프리카들과 통깨를 넣고 센불에서 휘리릭~~~ 국물없이 조려주세요.",
		"4. 넘 간단하지요? 어묵파프리카간장조림 완성!"
	],
	"recipe_img": [
		"https://recipe1.ezmember.co.kr/cache/recipe/2015/05/18/c645be075870ba3eef7935b2f1b914331.jpg",
		"https://recipe1.ezmember.co.kr/cache/recipe/2015/05/18/3ac2e56282b97d702393263e71d635a91.jpg",
		"https://recipe1.ezmember.co.kr/cache/recipe/2015/05/18/8ce57dfa76f1b7cd28f400abb783c7d61.jpg",
		"https://recipe1.ezmember.co.kr/cache/recipe/2015/05/18/90df8b3706bfc59fda9fec24b47cf7ca1.jpg"
	],
	"tag": [
		"밑반찬, 어묵조림, 일상, 장조림, 조림, 채소류"
	]
}