{
	"id": "6778614",
	"name": "탱글탱글 부드러운 계란찜",
	"thumbnail": "https://recipe1.ezmember.co.kr/cache/recipe/2015/05/18/11d72b0a0935a446596d281ad924606f1.jpg",
	"url": "https://www.10000recipe.com/recipe/6778614",
	"ingredient_ids": [
		9457,
		51683
	],
	"time": "10",
	"ingre_list": [
		{
			"ingre_name": "계란",
			"ingre_count": "1",
			"ingre_unit": "개"
		},
		{
			"ingre_name": "물",
			"ingre_count": "",
			"ingre_unit": ""
		}
	],
	"sauce_list": [],
	"recipe": [
		"1. 일단 계란과 동일양의 물을 준비합니다. 물대신 우유를 넣으면 더 부드럽다는데~전 비리더라고요. 신랑도 우유보단 물 넣은것이 더 맛나대요. 우유안넣어도 입에 넣으면 스르륵 녹듯이 부드러우니까 전 안넣는것을 더 강추.",
		"2. 물과 계란(같은 비율 1:1)을 합쳐지도록 져어주세요. 소금 살짝 쳐주세요. 대충 섞이면되요. 팔아프게 안저어도 되요. 소금은 계란물 살짝 찍어 먹어봐서 살짝 짭짤할정도로. 저는 티스푼의 1/2정도 넣어요. 계란은 왕란이구요.",
		"3. 거름망에 거른다 거름망에 거르면 완전 부드러운 찜을 할수있어요. 진짜 푸딩같아요.",
		"4. 거름망 거르는것 3회해주기. 이렇게 알끈같은거가 다 분리되니 식감이 살지요.",
		"5. 물에 중탕해주기. 강불(뚜껑 덮지 마세요) 처음부터 같이 끓이는거예요. 물양은 컵이 반쯤잠길 정도면 되요.",
		"6. 물이 보글 보글 끓으면 불을 꺼주세요.",
		"7. 불을 끈 냄비에 뚜껑 덮고 7분기다리기 뚜껑을 덮고 오로지 잔열에 의해 서서히 익히는거예요. 딱 7분만 기다리면 완성된답니다."
	],
	"recipe_img": [
		"https://recipe1.ezmember.co.kr/cache/recipe/2015/05/19/8ff3435415141f9f7475ba00fde6c3db1.jpg",
		"https://recipe1.ezmember.co.kr/cache/recipe/2015/05/19/3d7b4759bda69828301a6abfc21d11f51.jpg",
		"https://recipe1.ezmember.co.kr/cache/recipe/2015/05/19/cc85dc3f08d5681833b0515a6804423b1.jpg",
		"https://recipe1.ezmember.co.kr/cache/recipe/2015/05/19/4247aaca2021223fcf6b1e18b63cc8a61.jpg",
		"https://recipe1.ezmember.co.kr/cache/recipe/2015/05/19/d2e19141de1f131d75035f065959ef451.jpg",
		"https://recipe1.ezmember.co.kr/cache/recipe/2015/05/19/dfd50a5d5e95c433ef9e9c3f037630ab1.jpg",
		"https://recipe1.ezmember.co.kr/cache/recipe/2015/05/19/bacf1cc9cfa98058b153e60506f86e7b1.jpg"
	],
	"tag": [
		"계란, 계란찜, 달걀+유제품, 달걀, 밑반찬, 에그, 일상, 찜"
	]
}