{
	"id": "6779795",
	"name": "매콤달콤 낙지볶음",
	"thumbnail": "https://recipe1.ezmember.co.kr/cache/recipe/2015/05/19/1e0560415edfdacedcce2f1d564785dc1.jpg",
	"url": "https://www.10000recipe.com/recipe/6779795",
	"ingredient_ids": [
		11028,
		8676,
		8386,
		8316,
		8824,
		51757,
		10257,
		51682,
		51683
	],
	"time": "30",
	"ingre_list": [
		{
			"ingre_name": "낙지",
			"ingre_count": "7",
			"ingre_unit": "마리"
		},
		{
			"ingre_name": "양파",
			"ingre_count": "2",
			"ingre_unit": "개"
		},
		{
			"ingre_name": "당근",
			"ingre_count": "1",
			"ingre_unit": "개"
		},
		{
			"ingre_name": "청양고추",
			"ingre_count": "1",
			"ingre_unit": "개"
		},
		{
			"ingre_name": "대파",
			"ingre_count": "15",
			"ingre_unit": "g"
		},
		{
			"ingre_name": "오일",
			"ingre_count": "1",
			"ingre_unit": "T"
		},
		{
			"ingre_name": "고추기름",
			"ingre_count": "5",
			"ingre_unit": "T"
		},
		{
			"ingre_name": "다진마늘",
			"ingre_count": "1",
			"ingre_unit": "T"
		},
		{
			"ingre_name": "물",
			"ingre_count": "2/3",
			"ingre_unit": "C"
		}
	],
	"sauce_list": [
		{
			"ingre_name": "간장",
			"ingre_count": "3",
			"ingre_unit": "T"
		},
		{
			"ingre_name": "고추장",
			"ingre_count": "3",
			"ingre_unit": "T"
		},
		{
			"ingre_name": "고춧가루",
			"ingre_count": "3",
			"ingre_unit": "T"
		},
		{
			"ingre_name": "설탕",
			"ingre_count": "3",
			"ingre_unit": "T"
		},
		{
			"ingre_name": "참기름",
			"ingre_count": "1",
			"ingre_unit": "T"
		},
		{
			"ingre_name": "청주",
			"ingre_count": "2",
			"ingre_unit": "T"
		}
	],
	"recipe": [
		"1. 어른숟가락 기준으로 간장 3, 고추장 3, 고춧가루 3, 설탕 3, 참기름 1, 청주 2를 섞어주세요. 뻑뻑한 양념장이 준비될꺼에요.",
		"2. 이제 달군 웍에 오일 1숟가락과 고추기름 5숟가락을 넣고 다진마늘 1숟가락을 볶아요. 탈 수 있으니 마구마구 휙휙. 그리고 여기에 당근 1개와 양파 2개를 썰어서 넣고 볶아줍니다.",
		"3. 야채를 볶아 양파의 달큰한 향이 날 때살짝 익힌 문어와 양념을 다 한꺼번에 넣어주세요. 그리고 양념 섞었던 그릇에 물 2/3컵 받아서 부어주세요.",
		"4. 야채도 익었고, 낙지도 거의 다 익은 상태니 재빨리 휙휙 오래 볶지 말고 섞어가며 완성하세요. 양념이 야채와 낙지에 잘 버물러지도록만 볶은 후에 그리고 마지막으로 청양고추 1개 썰어넣고, 대파 15g썰어 넣어 마무리합니다."
	],
	"recipe_img": [
		"https://recipe1.ezmember.co.kr/cache/recipe/2015/05/19/644eba47f3f4e357623556295a7408571.jpg",
		"https://recipe1.ezmember.co.kr/cache/recipe/2015/05/19/daad93f87fc08f98e3a73b514aa1f3f11.jpg",
		"https://recipe1.ezmember.co.kr/cache/recipe/2015/05/19/7e4bfd0aaa658fb3d0eb1dcd0f3ece281.jpg",
		"https://recipe1.ezmember.co.kr/cache/recipe/2015/05/19/3b0067ba8a8012e629295bf5a55846df1.jpg"
	],
	"tag": [
		"낙지볶음, 영양식, 해물류"
	]
}