{
	"id": "6781834",
	"name": "어묵강정",
	"thumbnail": "https://recipe1.ezmember.co.kr/cache/recipe/2015/05/20/0a475dd705aaa7f40df464f089d960f81.jpg",
	"url": "https://www.10000recipe.com/recipe/6781834",
	"ingredient_ids": [
		10136,
		8050
	],
	"time": "30",
	"ingre_list": [
		{
			"ingre_name": "어묵",
			"ingre_count": "",
			"ingre_unit": ""
		},
		{
			"ingre_name": "밀가루",
			"ingre_count": "",
			"ingre_unit": ""
		}
	],
	"sauce_list": [
		{
			"ingre_name": "고추장",
			"ingre_count": "1/2",
			"ingre_unit": "T"
		},
		{
			"ingre_name": "케찹",
			"ingre_count": "2",
			"ingre_unit": "T"
		},
		{
			"ingre_name": "올리고당",
			"ingre_count": "2",
			"ingre_unit": "T"
		},
		{
			"ingre_name": "다진마늘",
			"ingre_count": "1",
			"ingre_unit": "작은술"
		}
	],
	"recipe": [
		"1. 어묵은 뜨거운물에 샤워시키고 물기 제거해서 준비해주시면 됩니다.",
		"2. 길쭉한 어묵은 먹기좋은 크기로 썰어주세요.",
		"3. 일회용 비닐봉지에 어묵넣기.  밀가루 조금 넣어주기. 봉지 흔들어주기. 이렇게 밀가루옷 이쁘게 입혀주시구요.",
		"4. 후라이팬에 기름 두르고, 중불에서 노릇하게 굴려주세요.",
		"5. 어묵은 모두 꺼내서 키친타올 위에 올리고 기름을 빼주세요.",
		"6. 어묵은 모두 꺼내서 키친타올 위에 올리고 기름을 빼주세요. 이렇게 한번 바르르 끓이시면 강정소스 완성이에요.",
		"7. 마지막에 노릇하게 구워진 어묵 넣고소스가 골고루 섞이게  가볍게 버무려 주세요",
		"8. 이제 완성된 어묵강정을 완성접시에 담아볼게요"
	],
	"recipe_img": [
		"https://recipe1.ezmember.co.kr/cache/recipe/2015/05/20/8f9197ccc84896982e6f396f8fa5584e1.jpg",
		"https://recipe1.ezmember.co.kr/cache/recipe/2015/05/20/fcdab542e688bae67eb58d040e8c989b1.jpg",
		"https://recipe1.ezmember.co.kr/cache/recipe/2015/05/20/1abe0f3b01467e76664b5079d702480b1.jpg",
		"https://recipe1.ezmember.co.kr/cache/recipe/2015/05/20/1f350d90180e8a6d39c4399bba7b84e21.jpg",
		"https://recipe1.ezmember.co.kr/cache/recipe/2015/05/20/d5d0fb37ffa46f98c97e3b319c36653a1.jpg",
		"https://recipe1.ezmember.co.kr/cache/recipe/2015/05/20/19e5e5c4a8509b43b9deab7a2f8d63941.jpg",
		"https://recipe1.ezmember.co.kr/cache/recipe/2015/05/20/50da1b1a7d2d28d25ce77c392afe61891.jpg",
		"https://recipe1.ezmember.co.kr/cache/recipe/2015/05/20/84890283304c22d816db1963a430ed221.jpg"
	],
	"tag": [
		"가공식품류, 간식, 강정, 굽기, 메인반찬"
	]
}