{
	"id": "6782268",
	"name": "카스타드(커스터드)",
	"thumbnail": "https://recipe1.ezmember.co.kr/cache/recipe/2015/05/20/56f6146f028b42bf21e4d217d39f43861.jpg",
	"url": "https://www.10000recipe.com/recipe/6782268",
	"ingredient_ids": [
		51719,
		8084,
		9456,
		51747,
		10230,
		51788,
		51747,
		10230,
		8084,
		51719,
		51796
	],
	"time": "60",
	"ingre_list": [
		{
			"ingre_name": "밀가루박력분",
			"ingre_count": "70",
			"ingre_unit": "g"
		},
		{
			"ingre_name": "설탕",
			"ingre_count": "70",
			"ingre_unit": "g"
		},
		{
			"ingre_name": "달걀",
			"ingre_count": "2",
			"ingre_unit": "개"
		},
		{
			"ingre_name": "달걀노른자",
			"ingre_count": "1",
			"ingre_unit": "개"
		},
		{
			"ingre_name": "우유",
			"ingre_count": "1",
			"ingre_unit": "T"
		},
		{
			"ingre_name": "녹인버터",
			"ingre_count": "30",
			"ingre_unit": "g"
		},
		{
			"ingre_name": "달걀노른자",
			"ingre_count": "1",
			"ingre_unit": "개"
		},
		{
			"ingre_name": "우유",
			"ingre_count": "100",
			"ingre_unit": "g"
		},
		{
			"ingre_name": "설탕",
			"ingre_count": "25",
			"ingre_unit": "g"
		},
		{
			"ingre_name": "밀가루박력분",
			"ingre_count": "10",
			"ingre_unit": "g"
		},
		{
			"ingre_name": "바닐라에센스",
			"ingre_count": "",
			"ingre_unit": ""
		}
	],
	"sauce_list": [],
	"recipe": [
		"1. 달걀 2개와 노른자를 멍울이 없어지게 풀어준 다음 따뜻한 물을 중탕으로 받쳐 설탕을 넣어가며 거품을 내줍니다.",
		"2. 뽀얀 거품이 되기 시작하면 따뜻한 물에서 내려 거품기를 들어 리본을 만들었을때 쉽게 사라지지 않고 흔적이 남을 정도로 휘핑해줍니다.",
		"3. 박력분을 두번 체쳐 넣고 거품이 꺼지지 않게 재빠르게 바닥까지 훑어주면서 섞어줍니다.  바닥에 가루가 가라앉는 경우가 많거든요.  거품이 꺼질까바 살살하면 더 거품이 꺼지니깐 빠르게 바닥까지 끌어올려주면서 섞어주세요.",
		"4. 우유에 녹인 버터를 넣고 잘 섞어 준데다가 ③에 반죽을 조금 덜어 섞어줍니다. 녹인 버터와 섞으니 우유가 차면 안되겠죠. 우유도 같이 살짝 데우거나 실온 정도로 준비하세요. 이 때 섞는 반죽은 버터와 우유가 반죽에 잘 섞일 수 있게 하기 위함이니 거품이 꺼지지 않게 할 필요없고 빠르게 섞어줍니다.",
		"5. 본반죽에 넣고 고루 섞어주고, 머핀팬에 기름이나 버터칠을 한 다음 반죽을 틀의 2/3 정도 높이로 넣고 160도로 예열된 오븐에 18~20분간 구워줍니다. 다 구운 빵은 식혀 준비하세요.오븐",
		"6. 냄비에 달걀 노른자를 넣고 설탕을 넣어 거품기로 잘 섞어줍니다.",
		"7. 달걀이 풀리면 체친 박력분을 넣고 섞어줍니다.",
		"8. 바닐라 에센스를 몇방울 떨어뜨린 다음 우유를 조금씩 넣어가며 섞어줍니다. 반죽이 거칠다 싶으면 체에 한번 걸러주세요.",
		"9. 약한 불에 섞어가며 살짝 걸죽한 상태까지 볶아줍니다. 다른 용기에 옮겨 틈이 없이 비닐을 밀착시켜 덮은 다음 식혀줍니다. 틈이 있으면 막이 생기기 때문에 밀착시켜주세요.",
		"10. 따뜻할 때 빵은 틀에서 분리해서 식혀두고(식으면 잘 안떨어질 수 있어요.) 커스터드 크림도 식으면 5mm정도의 별깍지나 슈에 크림넣는 용의 깍지를 끼운 짤주머니에 넣고 빵의 옆구리에 찔러 크림을 넣어줍니다. 너무 많이 넣으면 터질수 있으니 조심하세요."
	],
	"recipe_img": [
		"https://recipe1.ezmember.co.kr/cache/recipe/2015/05/20/2a3a7d8b7b1e62f10255f01162ed35ac1.jpg",
		"https://recipe1.ezmember.co.kr/cache/recipe/2015/05/20/d4d2331739130439938d48bcdc5dfdab1.jpg",
		"https://recipe1.ezmember.co.kr/cache/recipe/2015/05/20/43287e8e32ed623d44d6cb7e590647511.jpg",
		"https://recipe1.ezmember.co.kr/cache/recipe/2015/05/20/381280e718ccf0bbde87f9b91b3bef411.jpg",
		"https://recipe1.ezmember.co.kr/cache/recipe/2015/05/20/5f6553494696fbbff764184147b33f001.jpg",
		"https://recipe1.ezmember.co.kr/cache/recipe/2015/05/20/72b17e57025db62b7f6469b74f09d7491.jpg",
		"https://recipe1.ezmember.co.kr/cache/recipe/2015/05/20/4efca6e928bc1c287356495c8b60f10e1.jpg",
		"https://recipe1.ezmember.co.kr/cache/recipe/2015/05/20/98f8c386620c01ceecbfaf45f78419f11.jpg",
		"https://recipe1.ezmember.co.kr/cache/recipe/2015/05/20/f6b26b18dcff7736cff60b46bb7549861.jpg",
		"https://recipe1.ezmember.co.kr/cache/recipe/2015/05/20/46d862c75eb31567c8195dc878b6ded01.jpg"
	],
	"tag": [
		"간식, 굽기, 밀가루"
	]
}