{
	"id": "6783495",
	"name": "닭봉조림 만들기",
	"thumbnail": "https://recipe1.ezmember.co.kr/cache/recipe/2015/05/20/9f51de5e4e318dd8a08b6e107f5d5b071.jpg",
	"url": "https://www.10000recipe.com/recipe/6783495",
	"ingredient_ids": [
		51815
	],
	"time": "60",
	"ingre_list": [
		{
			"ingre_name": "닭봉",
			"ingre_count": "1",
			"ingre_unit": "팩"
		}
	],
	"sauce_list": [
		{
			"ingre_name": "양조간장",
			"ingre_count": "2",
			"ingre_unit": "T"
		},
		{
			"ingre_name": "올리고당",
			"ingre_count": "2",
			"ingre_unit": "T"
		},
		{
			"ingre_name": "물",
			"ingre_count": "2",
			"ingre_unit": "컵"
		},
		{
			"ingre_name": "다진마늘",
			"ingre_count": "1",
			"ingre_unit": "T"
		},
		{
			"ingre_name": "우유",
			"ingre_count": "",
			"ingre_unit": ""
		}
	],
	"recipe": [
		"1. 볼에 닭봉과 우유를 넣고 양념이 속까지 잘 베일 수 있도록 포크로 쿡쿡 찔러줍니다.",
		"2. 다진마늘을 넣어주고 골고루 섞어준 다음 냉장고에 1시간 정도 넣어둡니다.",
		"3. 팬에 물 두컵, 양조간장 2스푼, 올리고당 2스푼을 넣고",
		"4. 가장자리가 보글보글 끓어 오르면",
		"5. 우유에 재워두었던 닭봉을 건져내어 팬속에 퐁당 넣어주고 국물이 모두 졸여질때까지 가끔씩 뒤적거려주기만 하면 된답니다.",
		"6. 중간불에서 졸여 주다가 마지막에 양념이 조금 남았을 때 센불로 올려 졸여주었어요."
	],
	"recipe_img": [
		"https://recipe1.ezmember.co.kr/cache/recipe/2015/05/21/cfd394bc33b39bf4b75985f4e7648b571.jpg",
		"https://recipe1.ezmember.co.kr/cache/recipe/2015/05/21/f06b62f3ec3676cbfe9fc4b322f775ca1.jpg",
		"https://recipe1.ezmember.co.kr/cache/recipe/2015/05/21/acf80ddae2266e72a86f02793e359c181.jpg",
		"https://recipe1.ezmember.co.kr/cache/recipe/2015/05/21/2136d310343249a7ccef5dc146f0defc1.jpg",
		"https://recipe1.ezmember.co.kr/cache/recipe/2015/05/21/11edbb8802cdecd2d13c3deb5bfaced41.jpg",
		"https://recipe1.ezmember.co.kr/cache/recipe/2015/05/21/9abc404d8de2453ddba17e443a1216bd1.jpg"
	],
	"tag": [
		"닭고기, 조림"
	]
}