{
	"id": "6784310",
	"name": "비빔만두 만들기",
	"thumbnail": "https://recipe1.ezmember.co.kr/cache/recipe/2015/05/21/f161c639ddd88093c4a75e63bd5c695e1.jpg",
	"url": "https://www.10000recipe.com/recipe/6784310",
	"ingredient_ids": [
		51777,
		8386,
		42888,
		51700
	],
	"time": "30",
	"ingre_list": [
		{
			"ingre_name": "냉동만두",
			"ingre_count": "",
			"ingre_unit": ""
		},
		{
			"ingre_name": "당근",
			"ingre_count": "",
			"ingre_unit": ""
		},
		{
			"ingre_name": "양배추",
			"ingre_count": "",
			"ingre_unit": ""
		},
		{
			"ingre_name": "깻잎",
			"ingre_count": "",
			"ingre_unit": ""
		}
	],
	"sauce_list": [
		{
			"ingre_name": "고추장",
			"ingre_count": "",
			"ingre_unit": ""
		},
		{
			"ingre_name": "식초",
			"ingre_count": "",
			"ingre_unit": "약간"
		},
		{
			"ingre_name": "레몬즙",
			"ingre_count": "",
			"ingre_unit": ""
		},
		{
			"ingre_name": "참깨",
			"ingre_count": "",
			"ingre_unit": ""
		},
		{
			"ingre_name": "올리고당",
			"ingre_count": "",
			"ingre_unit": ""
		},
		{
			"ingre_name": "참기름",
			"ingre_count": "",
			"ingre_unit": ""
		}
	],
	"recipe": [
		"1. 냉장고속에 있는 야채들을 활용하면 되는데요... 전 당근, 양배추, 깻잎을 가늘게 채썰어 줍니다.",
		"2. 두는 달군팬에 최소량의 기름을 두르고 약한불에서 구워줍니다.. 노릇 노릇하게~~~",
		"3. 접시에 채썬 야채들을 색깔별로 담아주세요.",
		"4. 비빔양념장은 고추장, 식초약간, 레몬즙, 참깨,설탕,올리고당, 참기름을 넣어 섞어주세요. 식성에 따라 식초장 설탕의양을 조절하세요.",
		"5. 야채를 담은 접시에 구운 만두를 한입크기로 잘라 올려줍니다. 양념장과 곁들여 내시면 됩니다.",
		"6. 드시기 전에 양념장을 뿌려 비벼드시면 돼요~~"
	],
	"recipe_img": [
		"https://recipe1.ezmember.co.kr/cache/recipe/2015/05/26/14bce670d267d63618591ee286f7fbea1.jpg",
		"https://recipe1.ezmember.co.kr/cache/recipe/2015/05/26/28f3f8bdb124fc29d69741b76d12761b1.jpg",
		"https://recipe1.ezmember.co.kr/cache/recipe/2015/05/26/bbb6724563590d8ee7d4e4aa203d384a1.jpg",
		"https://recipe1.ezmember.co.kr/cache/recipe/2015/05/26/29930c5f4df5fa640927ffbc504166671.jpg",
		"https://recipe1.ezmember.co.kr/cache/recipe/2015/05/26/52d80e3804bc2820eaa8bb5e5a24fc491.jpg",
		"https://recipe1.ezmember.co.kr/cache/recipe/2015/05/26/cd4bd777b80722c5f702399301e52cc21.jpg"
	],
	"tag": [
		"만두, 면+만두, 비빔, 비빔만두, 손님접대"
	]
}