{
	"id": "6786023",
	"name": "김치비빔국수",
	"thumbnail": "https://recipe1.ezmember.co.kr/cache/recipe/2015/05/22/d2b195160bdf1500e627cc1737b5c6701.jpg",
	"url": "https://www.10000recipe.com/recipe/6786023",
	"ingredient_ids": [
		13309,
		9456,
		8710,
		8349
	],
	"time": "30",
	"ingre_list": [
		{
			"ingre_name": "소면",
			"ingre_count": "",
			"ingre_unit": ""
		},
		{
			"ingre_name": "달걀",
			"ingre_count": "",
			"ingre_unit": ""
		},
		{
			"ingre_name": "오이",
			"ingre_count": "",
			"ingre_unit": ""
		},
		{
			"ingre_name": "김치",
			"ingre_count": "",
			"ingre_unit": ""
		}
	],
	"sauce_list": [
		{
			"ingre_name": "고추장",
			"ingre_count": "1",
			"ingre_unit": "T"
		},
		{
			"ingre_name": "고춧가루",
			"ingre_count": "1/2",
			"ingre_unit": "T"
		},
		{
			"ingre_name": "간장",
			"ingre_count": "1",
			"ingre_unit": "T"
		},
		{
			"ingre_name": "올리고당",
			"ingre_count": "1",
			"ingre_unit": "T"
		},
		{
			"ingre_name": "매실액",
			"ingre_count": "1",
			"ingre_unit": "T"
		},
		{
			"ingre_name": "식초",
			"ingre_count": "1",
			"ingre_unit": "T"
		},
		{
			"ingre_name": "다진마늘",
			"ingre_count": "1/3",
			"ingre_unit": "T"
		},
		{
			"ingre_name": "참기름",
			"ingre_count": "1/2",
			"ingre_unit": "T"
		}
	],
	"recipe": [
		"1. 물에 소금약간 넣고 계란을 살살 굴려가며 삶아주세요. 초반에 이렇게 굴려줘야 노른자가 중앙에 예쁘게 자리잡거든요.",
		"2. 김치는 먹기좋게 송송 썰고, 오이는 가늘게 채썰어 주세요.",
		"3. 1인분 기준 어른수저로 고추장 1, 고춧가루 1/2, 간장 1, 올리고당 1,  매실액 1, 식초 1, 다진마늘 1/3, 참기름 1/2수저를 넣고 섞어주면  새콤달콤한 비빔국수 양념장이 된답니다.",
		"4. 팔팔 끓는 물에 소면을 넣고 끓어오르면 찬물한컵,  또 끓어오르면 찬물한컵을 넣고 팔팔 끓입니다.",
		"5. 바로 찬물에 샤워시킨뒤 물기를 빼주세요.",
		"6. 볼에 면을 담고 만들어놓은 양념장을 한두수저 넣어서 무치면서 간을 보고  양념장을 추가하세요.",
		"7. 여기에 김치만 같이 넣고 버무려줬어요. 그릇에 양념장을 무친 면을 담고 오이와 계란을 올려주면 완성!"
	],
	"recipe_img": [
		"https://recipe1.ezmember.co.kr/cache/recipe/2015/05/22/fba1bf0a4c24230563e5d98891870b821.jpg",
		"https://recipe1.ezmember.co.kr/cache/recipe/2015/05/22/d62eb1baa79c88e8d0a7c3de56fbfa0c1.jpg",
		"https://recipe1.ezmember.co.kr/cache/recipe/2015/05/22/13daedaec08170d4cdc3286676476cd41.jpg",
		"https://recipe1.ezmember.co.kr/cache/recipe/2015/05/22/f7fb9a6cd64802311829f34973bbd9e41.jpg",
		"https://recipe1.ezmember.co.kr/cache/recipe/2015/05/22/97e24d3ddd7bac49544efa8db3fceee81.jpg",
		"https://recipe1.ezmember.co.kr/cache/recipe/2015/05/22/538293d48a004ec27a4a284c58115dbf1.jpg",
		"https://recipe1.ezmember.co.kr/cache/recipe/2015/05/22/8803e919ac11163d1f5162886bee32531.jpg"
	],
	"tag": [
		"국수, 김치, 김치비빔국수, 면+만두, 밀가루, 비빔, 비빔국수"
	]
}