{
	"id": "6786989",
	"name": "계란과자",
	"thumbnail": "https://recipe1.ezmember.co.kr/cache/recipe/2015/05/22/1682fb48c97129a6b26944bde0e68e131.jpg",
	"url": "https://www.10000recipe.com/recipe/6786989",
	"ingredient_ids": [
		51719,
		8084,
		9456,
		51796,
		10438
	],
	"time": "30",
	"ingre_list": [
		{
			"ingre_name": "밀가루박력분",
			"ingre_count": "80",
			"ingre_unit": "g"
		},
		{
			"ingre_name": "설탕",
			"ingre_count": "30",
			"ingre_unit": "g"
		},
		{
			"ingre_name": "달걀",
			"ingre_count": "2",
			"ingre_unit": "개"
		},
		{
			"ingre_name": "바닐라에센스",
			"ingre_count": "2",
			"ingre_unit": "g"
		},
		{
			"ingre_name": "소금",
			"ingre_count": "2",
			"ingre_unit": "g"
		}
	],
	"sauce_list": [],
	"recipe": [
		"1. 미리 가루류는 체쳐서 넣고,계란이랑 다 같이 섞어서 만들었어요",
		"2. 짤주머니를 이용해서 해주면 모양이 이쁘게 잡혀진답니다!!",
		"3. 오븐에 175도에 7분정도 구워주었답니다!!오븐"
	],
	"recipe_img": [
		"https://recipe1.ezmember.co.kr/cache/recipe/2015/05/22/1d3ba9e4a31affe8b8b7ba4e48f96f951.jpg",
		"https://recipe1.ezmember.co.kr/cache/recipe/2015/05/22/5339912a7fbdc90e3c44843340633ad41.jpg",
		"https://recipe1.ezmember.co.kr/cache/recipe/2015/05/22/243e773e98f07681a9efbac89163da961.jpg"
	],
	"tag": [
		"계란, 과자, 달걀, 밀가루, 에그"
	]
}