{
	"id": "6787041",
	"name": "고추장 삼겹살 구이",
	"thumbnail": "https://recipe1.ezmember.co.kr/cache/recipe/2015/05/22/3eaba23420de22c13df312a53697836e1.jpg",
	"url": "https://www.10000recipe.com/recipe/6787041",
	"ingredient_ids": [
		9240,
		8917,
		8913,
		51700
	],
	"time": "60",
	"ingre_list": [
		{
			"ingre_name": "삼겹살",
			"ingre_count": "",
			"ingre_unit": ""
		},
		{
			"ingre_name": "팽이버섯",
			"ingre_count": "",
			"ingre_unit": ""
		},
		{
			"ingre_name": "새송이버섯",
			"ingre_count": "",
			"ingre_unit": ""
		},
		{
			"ingre_name": "깻잎",
			"ingre_count": "",
			"ingre_unit": ""
		}
	],
	"sauce_list": [
		{
			"ingre_name": "고추장",
			"ingre_count": "3",
			"ingre_unit": "T"
		},
		{
			"ingre_name": "고춧가루",
			"ingre_count": "1",
			"ingre_unit": "T"
		},
		{
			"ingre_name": "올리고당",
			"ingre_count": "1",
			"ingre_unit": "T"
		},
		{
			"ingre_name": "설탕",
			"ingre_count": "",
			"ingre_unit": "약간"
		},
		{
			"ingre_name": "매실액",
			"ingre_count": "1",
			"ingre_unit": "T"
		},
		{
			"ingre_name": "참기름",
			"ingre_count": "1",
			"ingre_unit": "T"
		},
		{
			"ingre_name": "후춧가루",
			"ingre_count": "",
			"ingre_unit": "약간"
		},
		{
			"ingre_name": "다진마늘",
			"ingre_count": "1",
			"ingre_unit": "작은술"
		},
		{
			"ingre_name": "굴소스",
			"ingre_count": "1과1/2큰술",
			"ingre_unit": "과T"
		}
	],
	"recipe": [
		"1. 오븐팬에 종이호일을 깔아준 후 그 위에 삼겹살을 올리고 고추장양념을 골고루 발라 주세요. 숟가락으로 쓱쓱~ 하셔도 좋고 기름붓으로 솔솔~ 발라주셔도 좋아요. 이 상태에서 오븐 180도 온도에서 15분간 구워주세요.오븐",
		"2. 15분 후 삼겹살을 뒤집어 준 후 양념을 덧발라주고 15분간 더 구워 주었어요.",
		"3. 고기가 익을 동안 팬에 팽이버섯이나 새송이버섯 등을 구워 삼겹살과 함께 곁들여 줍니다.",
		"4. 완성된 고추장삼겹살은 먹기 좋게 썰어 줍니다."
	],
	"recipe_img": [
		"https://recipe1.ezmember.co.kr/cache/recipe/2015/05/22/2b4dd274a80f279f7648047c04176e051.jpg",
		"https://recipe1.ezmember.co.kr/cache/recipe/2015/05/22/bda11ec34433e0932864025d3166ab631.jpg",
		"https://recipe1.ezmember.co.kr/cache/recipe/2015/05/22/2ae8d349a762355361d6ae488f251d181.jpg",
		"https://recipe1.ezmember.co.kr/cache/recipe/2015/05/22/00ebfcac699345f709b2a7ab969102121.jpg"
	],
	"tag": [
		"고추장, 구이, 돼지고기, 삼겹살, 삼겹살구이, 손님접대"
	]
}