{
	"id": "6792948",
	"name": "맥주안주로 좋은 양파튀김",
	"thumbnail": "https://recipe1.ezmember.co.kr/cache/recipe/2015/05/26/6b1a1b5988ec7247062d7ce2864e04151.jpg",
	"url": "https://www.10000recipe.com/recipe/6792948",
	"ingredient_ids": [
		8676,
		16602,
		9456,
		15179,
		51702
	],
	"time": "30",
	"ingre_list": [
		{
			"ingre_name": "양파",
			"ingre_count": "2",
			"ingre_unit": "개"
		},
		{
			"ingre_name": "튀김가루",
			"ingre_count": "2",
			"ingre_unit": "컵"
		},
		{
			"ingre_name": "달걀",
			"ingre_count": "4",
			"ingre_unit": "개"
		},
		{
			"ingre_name": "빵가루",
			"ingre_count": "2",
			"ingre_unit": "컵"
		},
		{
			"ingre_name": "파슬리가루",
			"ingre_count": "1",
			"ingre_unit": "T"
		}
	],
	"sauce_list": [
		{
			"ingre_name": "카레가루",
			"ingre_count": "2",
			"ingre_unit": "T"
		}
	],
	"recipe": [
		"1. 양파는 이렇게 링 모양으로 썰어주세요. 썰기 후 찬물에 약 5분정도 담근 후 키친타올로 가볍게 물기를 제거해주세요.",
		"2. 비닐팩에 튀김가루와 카레가루를 넣고 썰은 양파를 넣고 손묶음 해주신후 봉지채 흔들어서 섞어주세요.",
		"3. 볼에 계란을 풀으신후 가루옷을 입은 양파링에 계란옷을 골고루 입혀주세요.",
		"4. 마지막은 빵가루옷 입혀주기",
		"5. 빵가루에 파슬리가루 한스푼 넣고 섞어주었더니 튀김옷이 예쁘게 입혀졌어요.",
		"6. 예열된 팬에 양파링을 넣고 앞뒤로 골고루 튀겨주면 완성이에요."
	],
	"recipe_img": [
		"https://recipe1.ezmember.co.kr/cache/recipe/2015/05/26/e2a4deac69a5a9f745f7066db214c3f71.jpg",
		"https://recipe1.ezmember.co.kr/cache/recipe/2015/05/26/fa39cdfe002c4829c1751986f44921111.jpg",
		"https://recipe1.ezmember.co.kr/cache/recipe/2015/05/26/2469f8bb6dad2b0b2b79b89feceabee71.jpg",
		"https://recipe1.ezmember.co.kr/cache/recipe/2015/05/26/d356e4580cd40dcf8fbc6ad6e06660911.jpg",
		"https://recipe1.ezmember.co.kr/cache/recipe/2015/05/26/9bc77a7c49fc0c22face26f7461784661.jpg",
		"https://recipe1.ezmember.co.kr/cache/recipe/2015/05/26/fae39b177e36b8e4039be8bb1e137ea31.jpg"
	],
	"tag": [
		"술안주, 튀김"
	]
}