{
	"id": "6792786",
	"name": "치즈 가래떡 버터구이 만들기 ",
	"thumbnail": "https://recipe1.ezmember.co.kr/cache/recipe/2015/05/26/ed1942eb2e069ba590937ef4a58cf7f51.jpg",
	"url": "https://www.10000recipe.com/recipe/6792786",
	"ingredient_ids": [
		6786,
		10238,
		10267,
		51734,
		10489
	],
	"time": "30",
	"ingre_list": [
		{
			"ingre_name": "가래떡",
			"ingre_count": "",
			"ingre_unit": ""
		},
		{
			"ingre_name": "체다치즈",
			"ingre_count": "",
			"ingre_unit": ""
		},
		{
			"ingre_name": "버터",
			"ingre_count": "",
			"ingre_unit": ""
		},
		{
			"ingre_name": "파마산치즈가루",
			"ingre_count": "",
			"ingre_unit": ""
		},
		{
			"ingre_name": "파슬리",
			"ingre_count": "",
			"ingre_unit": ""
		}
	],
	"sauce_list": [
		{
			"ingre_name": "꿀",
			"ingre_count": "",
			"ingre_unit": ""
		}
	],
	"recipe": [
		"1. 약불에서 잘 달궈진 후라이팬에 버터반스푼을 넣고 잘 녹여 주었어요.",
		"2. 잘 녹여진 버터위에 말랑말랑한 가래떡을 올려 버터향가득하게 바삭바삭 구워주시면 되요. 혹 냉동실에 있는 가래떡은 뜨거운 물에 데쳐 사용하시면 된답니다.",
		"3. 요기조기 잘 굴려가며 가래떡에 버터향이 잘 베이도록 잘 굴려주신후 접시에 담아주시면 되요.",
		"4. 접시에 담긴 가래떡위에 꿀을 한스푼에서 한스푼 반정도를 골고루 잘 뿌려주시면 되요. 꿀은 기호에따라 양을 조절하시면 되요. 혹시 꿀이 없으시면 조청이나 올리고당을 사용하셔도 될듯 해요.",
		"5. 꿀을 적당히 뿌려준 가래떡 위에 체다치즈를 올려주세요. 치즈는 가래떡 2개에 하나가 딱이더라구요. 전 가래떡 4개라 치즈 두장 올려 주었어요.",
		"6. 치즈를 올려 전자레인지에 1분을 돌려 주시면 되요. 그럼 요렇게 치즈가 알맞게 녹는답니다.전자레인지",
		"7. 치즈가 잘 녹은 가래떡 위에 파마산 치즈가루를 기호에따라 적당량을 뿌려주시면 되요. 전 파마산 치즈가루를 넘 좋아해서 듬뿍 뿌려 주었답니다.",
		"8. 파마산 치즈가루를 적당히 뿌린후 파슬리 가루를 뿌려주면 맛있는 치즈 가래떡 버터구이는 완성된답니다."
	],
	"recipe_img": [
		"https://recipe1.ezmember.co.kr/cache/recipe/2015/05/26/d9c9eb4475c5fadc61677805e1e0ca741.jpg",
		"https://recipe1.ezmember.co.kr/cache/recipe/2015/05/26/74f2705cb943985caf5928212d0e1c4c1.jpg",
		"https://recipe1.ezmember.co.kr/cache/recipe/2015/05/26/8efd765768773d4f8cb10886b41ac0501.jpg",
		"https://recipe1.ezmember.co.kr/cache/recipe/2015/05/26/a429421bd364d1bde37c65bb80a685d41.jpg",
		"https://recipe1.ezmember.co.kr/cache/recipe/2015/05/26/6bdf16794174ec1104541226f55e54451.jpg",
		"https://recipe1.ezmember.co.kr/cache/recipe/2015/05/26/6d028cd05c938ae6a7bf158128b702de1.jpg",
		"https://recipe1.ezmember.co.kr/cache/recipe/2015/05/26/54040e4257e5e14e57662c64f5fb97ca1.jpg",
		"https://recipe1.ezmember.co.kr/cache/recipe/2015/05/26/f1952af9453d679461b6d3cc666bd0061.jpg"
	],
	"tag": [
		"구이, 디저트, 쌀"
	]
}