{
	"id": "6793680",
	"name": "묵은지 쌈밥만드는 법",
	"thumbnail": "https://recipe1.ezmember.co.kr/cache/recipe/2015/06/15/2d5a41699e06900fab8469e41c575128.jpg",
	"url": "https://www.10000recipe.com/recipe/6793680",
	"ingredient_ids": [
		51787,
		8722,
		8316,
		51720
	],
	"time": "15",
	"ingre_list": [
		{
			"ingre_name": "묵은지",
			"ingre_count": "",
			"ingre_unit": ""
		},
		{
			"ingre_name": "우엉조림",
			"ingre_count": "",
			"ingre_unit": ""
		},
		{
			"ingre_name": "청양고추",
			"ingre_count": "",
			"ingre_unit": ""
		},
		{
			"ingre_name": "참치캔",
			"ingre_count": "1/2",
			"ingre_unit": "개"
		}
	],
	"sauce_list": [
		{
			"ingre_name": "참기름",
			"ingre_count": "2",
			"ingre_unit": "작은술"
		},
		{
			"ingre_name": "고추장",
			"ingre_count": "1",
			"ingre_unit": "작은술"
		},
		{
			"ingre_name": "올리고당",
			"ingre_count": "1",
			"ingre_unit": "작은술"
		},
		{
			"ingre_name": "참깨",
			"ingre_count": "",
			"ingre_unit": ""
		}
	],
	"recipe": [
		"1. 김치에 묻은 양념들은 흐르는 물에 씻어줍니다. 그리고 참기름 1작은술을 둘러 조물조물 무쳐내주세요.",
		"2. 묵은지를 씻어내고 입사귀 윗부분을 조금 썰어 송송 잘게 다져준 후 만들어둔 우엉조림과 청양고추도 다져 넣어줘요. 그리고, 통조림 참치의 기름을 따라버리고 1/2캔을 사용해주었어요.",
		"3. 여기에 고추장 1작은술과 올리고당 1작은술을 넣어 양념을 골고루 섞어줍니다.",
		"4. 그리고 여기~ 양념을 만들었으니 밥에 참깨와 참기름을 살짝 둘러 조물조물 버무려 줍니다.",
		"5. 밥을 조금 뭉쳐준 후 살짝 편 상태에서 그 안에 양념재료를 넣어 살짝 뭉쳐 주세요.",
		"6. 씻어낸 묵은김치위에 양념을 넣은 밥을 올려준 후 돌돌 말아줍니다."
	],
	"recipe_img": [
		"https://recipe1.ezmember.co.kr/cache/recipe/2015/06/15/bc18dfbbb93f05ef35c3ee3861426ade1.jpg",
		"https://recipe1.ezmember.co.kr/cache/recipe/2015/06/15/89f81c57c1788853ed45464c9af535e21.jpg",
		"https://recipe1.ezmember.co.kr/cache/recipe/2015/06/15/b67f5ad9c317688b08ed9831197042e41.jpg",
		"https://recipe1.ezmember.co.kr/cache/recipe/2015/06/15/c66765baf64667582c3533840ec10d901.jpg",
		"https://recipe1.ezmember.co.kr/cache/recipe/2015/06/15/1461d09eee5fb26504f68c008b218b361.jpg",
		"https://recipe1.ezmember.co.kr/cache/recipe/2015/06/15/3582ae779ec2f7d6494e51846e07fd9d1.jpg"
	],
	"tag": [
		"쌈밥"
	]
}