{
	"id": "6795314",
	"name": "표고버섯 들깨야채볶음 만드는 법",
	"thumbnail": "https://recipe1.ezmember.co.kr/cache/recipe/2015/05/27/06d69224cd5eecb357d1cf5afa50c4931.jpg",
	"url": "https://www.10000recipe.com/recipe/6795314",
	"ingredient_ids": [
		8922,
		8850,
		8676
	],
	"time": "15",
	"ingre_list": [
		{
			"ingre_name": "표고버섯",
			"ingre_count": "",
			"ingre_unit": ""
		},
		{
			"ingre_name": "호박",
			"ingre_count": "",
			"ingre_unit": ""
		},
		{
			"ingre_name": "양파",
			"ingre_count": "",
			"ingre_unit": ""
		}
	],
	"sauce_list": [
		{
			"ingre_name": "들깨가루",
			"ingre_count": "",
			"ingre_unit": ""
		},
		{
			"ingre_name": "식용유",
			"ingre_count": "",
			"ingre_unit": ""
		},
		{
			"ingre_name": "소금",
			"ingre_count": "",
			"ingre_unit": "약간"
		}
	],
	"recipe": [
		"1. 양파는 먹기좋게 썰어줍니다.",
		"2. 애호박도 먹기좋게 썰어 준비합니다.",
		"3. 표고 버섯 또한 먹기 좋은 크기로 잘라 주시면 되구요.",
		"4. 잘 달궈진 후라이팬에 식용유를 두르고 준비된 양파,호박, 표고버섯을 넣고 볶아 주시면 돼요.",
		"5. 어느정도 버섯과 야채가 익기 시작하면 약간의 소금을 넣어 간을 맞춰 주시면 돼요.",
		"6. 표고버섯과 야채가 잘 볶아지면 들깨가루를 넣어 골고구 들깨 가루가 섞이도록 잘 볶아 주시면 돼요.",
		"7. 깨를 넣어 마무리 해주시면 돼돼요."
	],
	"recipe_img": [
		"https://recipe1.ezmember.co.kr/cache/recipe/2015/05/27/cbe4fe85f0bf15bcf941050e7258c75f1.jpg",
		"https://recipe1.ezmember.co.kr/cache/recipe/2015/05/27/8cdd8a0f3aa7fd57a231d437c2c1c57a1.jpg",
		"https://recipe1.ezmember.co.kr/cache/recipe/2015/05/27/afe88833cb94fddd9d015f206ca685131.jpg",
		"https://recipe1.ezmember.co.kr/cache/recipe/2015/05/27/1a5abe2dba88825e64e5fe7dd083670c1.jpg",
		"https://recipe1.ezmember.co.kr/cache/recipe/2015/05/27/8c49a87c3af7347df31d329449b4d2561.jpg",
		"https://recipe1.ezmember.co.kr/cache/recipe/2015/05/27/d4f034483f9c7a1774364eb8f3d2d0611.jpg",
		"https://recipe1.ezmember.co.kr/cache/recipe/2015/05/27/101a6bbfe01da758d693b852028c69ed1.jpg"
	],
	"tag": [
		"메인반찬, 버섯, 버섯류, 버섯볶음, 볶음, 표고버섯, 표고버섯볶음"
	]
}