{
	"id": "6796929",
	"name": "바지락된장수제비",
	"thumbnail": "https://recipe1.ezmember.co.kr/cache/recipe/2015/05/27/ccd22e708dd4ab8944af23a2979875381.jpg",
	"url": "https://www.10000recipe.com/recipe/6796929",
	"ingredient_ids": [
		11385,
		8850,
		8627,
		7997,
		8316,
		8824,
		31447
	],
	"time": "30",
	"ingre_list": [
		{
			"ingre_name": "바지락",
			"ingre_count": "250",
			"ingre_unit": "g"
		},
		{
			"ingre_name": "호박",
			"ingre_count": "1/2",
			"ingre_unit": "개"
		},
		{
			"ingre_name": "시금치",
			"ingre_count": "",
			"ingre_unit": "약간"
		},
		{
			"ingre_name": "감자",
			"ingre_count": "1",
			"ingre_unit": "개"
		},
		{
			"ingre_name": "청양고추",
			"ingre_count": "2",
			"ingre_unit": "개"
		},
		{
			"ingre_name": "대파",
			"ingre_count": "",
			"ingre_unit": "약간"
		},
		{
			"ingre_name": "감자수제비가루",
			"ingre_count": "240",
			"ingre_unit": "g"
		}
	],
	"sauce_list": [
		{
			"ingre_name": "재래식된장",
			"ingre_count": "1",
			"ingre_unit": "T"
		},
		{
			"ingre_name": "간마늘",
			"ingre_count": "1",
			"ingre_unit": "작은술"
		},
		{
			"ingre_name": "국간장",
			"ingre_count": "",
			"ingre_unit": "약간"
		},
		{
			"ingre_name": "굵은고춧가루",
			"ingre_count": "1",
			"ingre_unit": "작은술"
		}
	],
	"recipe": [
		"1. 소량으로 수제비가루가 나오더라구요.",
		"2. 물은 보아가며 조금씩 넣으며 반죽을 해 주세요.",
		"3. 비닐에 싸서 실온에 30분 정도 숙성시켜 놓아요 ~",
		"4. 바지락은 해감해서 준비하구요 ~",
		"5. 대파와 고추는 어슷썰고 호박은 채썰어서 준비하고 감자도 비슷한 크기로 썰어서 준비하시면 되요.",
		"6. 물이 끓으면 바지락과 감자를 넣고 ~ 끓여 주세요 감자가 익으면..된장과 간마늘을 넣고 수제비를 떠서 넣어 주세요 수제비가 어느정도 익으면 준비한 야채들 넣고 한소큼 끓여 줍니다.",
		"7. 간을 보아서 마지막 국간장과 고춧가루로 마무리 해 주심 되요."
	],
	"recipe_img": [
		"https://recipe1.ezmember.co.kr/cache/recipe/2015/05/27/c0be27d23618f30b9df3039c74c0993f1.jpg",
		"https://recipe1.ezmember.co.kr/cache/recipe/2015/05/27/bb35b6c7d7a17f5ad6c067e6203517071.jpg",
		"https://recipe1.ezmember.co.kr/cache/recipe/2015/05/27/4bbb04929a5168af846d2528e490b9cf1.jpg",
		"https://recipe1.ezmember.co.kr/cache/recipe/2015/05/27/08c6b76ccd41eaab1901c8635521fddd1.jpg",
		"https://recipe1.ezmember.co.kr/cache/recipe/2015/05/27/b9d703dcb57107bb4ef68ec5f8fc8ec81.jpg",
		"https://recipe1.ezmember.co.kr/cache/recipe/2015/05/27/c77576ae1da665ad1f6dca13953b08c31.jpg",
		"https://recipe1.ezmember.co.kr/cache/recipe/2015/05/27/142186047529ed2611284d5d7a9c1b9d1.jpg"
	],
	"tag": [
		"면+만두, 수제비, 해물류"
	]
}