{
	"id": "6797230",
	"name": "맛살 넣은 새콤달콤 오이냉채",
	"thumbnail": "https://recipe1.ezmember.co.kr/cache/recipe/2015/08/05/033ca576d91c9c99bad8874511b49d3c1.jpg",
	"url": "https://www.10000recipe.com/recipe/6797230",
	"ingredient_ids": [
		8710,
		10035
	],
	"time": "15",
	"ingre_list": [
		{
			"ingre_name": "오이",
			"ingre_count": "1",
			"ingre_unit": "개"
		},
		{
			"ingre_name": "게맛살",
			"ingre_count": "3~4개",
			"ingre_unit": "개"
		}
	],
	"sauce_list": [
		{
			"ingre_name": "연겨자",
			"ingre_count": "0.",
			"ingre_unit": "T"
		},
		{
			"ingre_name": "식초",
			"ingre_count": "2",
			"ingre_unit": "T"
		},
		{
			"ingre_name": "설탕",
			"ingre_count": "1",
			"ingre_unit": "T"
		},
		{
			"ingre_name": "매실액",
			"ingre_count": "1",
			"ingre_unit": "T"
		},
		{
			"ingre_name": "깨소금",
			"ingre_count": "",
			"ingre_unit": ""
		},
		{
			"ingre_name": "소금",
			"ingre_count": "1",
			"ingre_unit": "꼬집"
		}
	],
	"recipe": [
		"1. 김밥만들고 남은재료인 오이1개와 게맛살 3개반을 준비해 두었습니다.",
		"2. 오이길이 3등분 하고 안쪽에 물컹한 부분은 제거해줍니다.",
		"3. 오늘의 얇게 채썰기 합니다.",
		"4. 맛살은 2등분 해주었어요",
		"5. 윗부분에 칼집을 조급 넣어주고 손으로 쭉쭉 찢어줍니다.",
		"6. 채썰어둔 오이와 맛살 담아주고 마지막으로 소스를 만들어줍니다.",
		"7. 분량은 위 확인해주세요 식초와 설탕을 먼저 넣고 설탕이 잘 녹도록 휘휘 저어주시구요 겨자는 취향에 맞게 조절해서 넣어주세요",
		"8. 만들어둔 소스를 넣고 섞어주면 완성됩니다."
	],
	"recipe_img": [
		"https://recipe1.ezmember.co.kr/cache/recipe/2015/06/03/3f9efd4a2e90c256cb0a8dbc1473beb01.jpg",
		"https://recipe1.ezmember.co.kr/cache/recipe/2015/06/03/4ba3787813f9317fada806eaaf08ea9c1.jpg",
		"https://recipe1.ezmember.co.kr/cache/recipe/2015/06/03/ac4d4b04d1164a2c6669635b75a54f6d1.jpg",
		"https://recipe1.ezmember.co.kr/cache/recipe/2015/06/03/9d3f04967050b897e55fba16cffcd9bc1.jpg",
		"https://recipe1.ezmember.co.kr/cache/recipe/2015/06/03/dc99bd4889a0473a4468d13028014ece1.jpg",
		"https://recipe1.ezmember.co.kr/cache/recipe/2015/06/03/f1ff081d3e6700cc3affda4e782b55bb1.jpg",
		"https://recipe1.ezmember.co.kr/cache/recipe/2015/06/03/f76582865deee4762fe67b0f145143801.jpg",
		"https://recipe1.ezmember.co.kr/cache/recipe/2015/06/03/c285b4507b9c831f50f0239c381bd8001.jpg"
	],
	"tag": [
		"냉채, 일상, 채소류"
	]
}