{
	"id": "6797433",
	"name": "콩불 만드는 법",
	"thumbnail": "https://recipe1.ezmember.co.kr/cache/recipe/2015/05/28/9c7674533068162b67cb5fa059987bbb1.jpg",
	"url": "https://www.10000recipe.com/recipe/6797433",
	"ingredient_ids": [
		51709,
		51700,
		8792,
		8676,
		8917
	],
	"time": "30",
	"ingre_list": [
		{
			"ingre_name": "대패삼겹살",
			"ingre_count": "600",
			"ingre_unit": "g"
		},
		{
			"ingre_name": "깻잎",
			"ingre_count": "",
			"ingre_unit": ""
		},
		{
			"ingre_name": "콩나물",
			"ingre_count": "1",
			"ingre_unit": "웅큼"
		},
		{
			"ingre_name": "양파",
			"ingre_count": "",
			"ingre_unit": ""
		},
		{
			"ingre_name": "팽이버섯",
			"ingre_count": "",
			"ingre_unit": ""
		}
	],
	"sauce_list": [
		{
			"ingre_name": "고추장",
			"ingre_count": "2",
			"ingre_unit": "T"
		},
		{
			"ingre_name": "고춧가루",
			"ingre_count": "3",
			"ingre_unit": "T"
		},
		{
			"ingre_name": "간장",
			"ingre_count": "2",
			"ingre_unit": "T"
		},
		{
			"ingre_name": "굴소스",
			"ingre_count": "1",
			"ingre_unit": "T"
		},
		{
			"ingre_name": "매실액",
			"ingre_count": "2",
			"ingre_unit": "T"
		},
		{
			"ingre_name": "올리고당",
			"ingre_count": "1",
			"ingre_unit": "T"
		},
		{
			"ingre_name": "다진마늘",
			"ingre_count": "1",
			"ingre_unit": "T"
		},
		{
			"ingre_name": "청주",
			"ingre_count": "1",
			"ingre_unit": "T"
		},
		{
			"ingre_name": "참기름",
			"ingre_count": "1",
			"ingre_unit": "T"
		}
	],
	"recipe": [
		"1. 콩불에 꼭 들어가야하는 채소들이에요.",
		"2. 고기는 대패삼겹살을 이용하는게 따봉이에요.",
		"3. 채소를 다듬기 전에 먼저 콩불 양념을 만들어줄텐데요! 가능하다면 1시간 전에 미리 만들어두는게 좋답니다. 고춧가루가 들어가는 양념은 미리 만들어두어야 고춧가루가 충분히 불어나 텁텁함을 줄일 수 있거든요,",
		"4. 분량의 양념 잘 섞어서 잠시 대기",
		"5. 콩나물은 흐르는 물에 씻어서 지저분한 것을 제거해주고 팽이버섯, 양파, 깻잎은 먹기 좋은 크기로 썰어주어요.",
		"6. 요리를 할 팬이나 냄비에 고기부터 깔아주었어요,",
		"7. 고기 위에 콩나물은 더 듬뿍 냄비 밖으로 뛰쳐나올려고 해도 괜찮아. 익으면 고기도 콩나물도 숨이 죽어버리기 때문에 그득그득 넣어주어요.",
		"8. 양파와 양념장을 올려서 중불로 불을 켜서 잠시 놔두어. 고기가 가장 밑에 있기 때문에 기름이 베어나오면서 타지는 않아요. 그러나 아무래도 얇은 고기이기 때문에 금방 눌러붙으니 연기가 폴폴 나기 시작하면 뒤적거려 주면 된답니다.",
		"9. 요렇게 뒤적뒤적. 처음에는 양이 많아서 좀 힘든데 몇번 뒤적거리다 보면 숨이 죽으면서 국물이 생겨서 한결 수월해진답니다,",
		"10. 물한방울 넣지 않았는데도 자작한 국물이 생겼죠? 콩나물과 고기에서 배어나온 즙이라서 나중에 밥볶아 먹음 참 맛있어요.",
		"11. 고기가 다 익었을 때 팽이버섯과 깻잎을 넣고한번 부르르 익혀주면 끝."
	],
	"recipe_img": [
		"https://recipe1.ezmember.co.kr/cache/recipe/2015/05/28/60bcf6b7104a07e3be0427a42e28d8ab1.jpg",
		"https://recipe1.ezmember.co.kr/cache/recipe/2015/05/28/b37bd01259e531b14113b9c64895cdd61.jpg",
		"https://recipe1.ezmember.co.kr/cache/recipe/2015/05/28/52e66590ae01bd115af860ba9958d4931.jpg",
		"https://recipe1.ezmember.co.kr/cache/recipe/2015/05/28/1eb60fc2c65152f50b35791670d619011.jpg",
		"https://recipe1.ezmember.co.kr/cache/recipe/2015/05/28/35a9275c00254100409843b545f8d78f1.jpg",
		"https://recipe1.ezmember.co.kr/cache/recipe/2015/05/28/95a53f6b95288bbf831e8d888066d14e1.jpg",
		"https://recipe1.ezmember.co.kr/cache/recipe/2015/05/28/92f07b46317b1bd348cd59486130589b1.jpg",
		"https://recipe1.ezmember.co.kr/cache/recipe/2015/05/28/c01229d421da1f012f1202d6e04d68b01.jpg",
		"https://recipe1.ezmember.co.kr/cache/recipe/2015/05/28/eaa184af932be4e40dad9d6c9ef61daa1.jpg",
		"https://recipe1.ezmember.co.kr/cache/recipe/2015/05/28/01aaf3a2f5514925921c53343860e9ef1.jpg",
		"https://recipe1.ezmember.co.kr/cache/recipe/2015/05/28/16e179e4f9c61b38b74f5215f4ef3e2d1.jpg"
	],
	"tag": [
		"돼지고기, 콩나물불고기"
	]
}