{
	"id": "6797684",
	"name": "라이스크로켓",
	"thumbnail": "https://recipe1.ezmember.co.kr/cache/recipe/2015/05/28/0f075f03f50dcd575caa5abe80fb7c841.jpg",
	"url": "https://www.10000recipe.com/recipe/6797684",
	"ingredient_ids": [
		51685,
		8386,
		51753,
		8855
	],
	"time": "60",
	"ingre_list": [
		{
			"ingre_name": "밥",
			"ingre_count": "",
			"ingre_unit": ""
		},
		{
			"ingre_name": "당근",
			"ingre_count": "",
			"ingre_unit": ""
		},
		{
			"ingre_name": "빨간파프리카",
			"ingre_count": "",
			"ingre_unit": ""
		},
		{
			"ingre_name": "애호박",
			"ingre_count": "",
			"ingre_unit": ""
		}
	],
	"sauce_list": [],
	"recipe": [
		"1. 믹서기에 들어갈 야채들은 요렇게 잘라주세요.",
		"2. 휘릭 갈아주세요~",
		"3. 잘 갈아진 야채는 예열된 후라이팬에 기름 두르고 밥 올리고 - 야채 올리고 - 허브솔트 뿌리고 야채가 골고루 섞이게 볶아주세요 ~",
		"4. 다 볶아진 야채밥을 볼에 담아 식혀주세요~",
		"5. 식힌 야채밥을 동그랗게 만들어주세요~",
		"6. 밀가루, 계란, 빵가루 준비해주세요~",
		"7. 야채밥을 밀가루~",
		"8. 계란~",
		"9. 빵가루 순으로 옷을 입히고 요렇게 이제 튀길준비!",
		"10. 튀김용 그릇에 기름을 넣고 기름이 어느정도 끓으면 라이스고로켓 넣고 튀겨주세요~",
		"11. 노릇하게 잘 튀겨진 라이스크로켓을 키친타올 위에 올리고 기름기를 빼주세요~",
		"12. 이제 완성접시에 이쁘게 담아봅니다."
	],
	"recipe_img": [
		"https://recipe1.ezmember.co.kr/cache/recipe/2015/05/28/9cc028bbc1ecb05d40f4838476f029cc1.jpg",
		"https://recipe1.ezmember.co.kr/cache/recipe/2015/05/28/d9342db04ff515ffa0eaa6e49d0f3bf41.jpg",
		"https://recipe1.ezmember.co.kr/cache/recipe/2015/05/28/8f4127306f01753d586d531ec8f4df3d1.jpg",
		"https://recipe1.ezmember.co.kr/cache/recipe/2015/05/28/7bcc3e21a5274f15054394f56ab9650d1.jpg",
		"https://recipe1.ezmember.co.kr/cache/recipe/2015/05/28/3848fbf73f06aa243edf14b19506efae1.jpg",
		"https://recipe1.ezmember.co.kr/cache/recipe/2015/05/28/d89ac81d6df95d1bae141759aca6ccb91.jpg",
		"https://recipe1.ezmember.co.kr/cache/recipe/2015/05/28/f1e3eb695844dd3870bdf2f084ee40581.jpg",
		"https://recipe1.ezmember.co.kr/cache/recipe/2015/05/28/c754bd0b213394a2ec48bb188eb4a2051.jpg",
		"https://recipe1.ezmember.co.kr/cache/recipe/2015/05/28/498f4f98f6a4e8b81d5890246bb8419a1.jpg",
		"https://recipe1.ezmember.co.kr/cache/recipe/2015/05/28/4264fdf949d3d73134a5345e0e31c5151.jpg",
		"https://recipe1.ezmember.co.kr/cache/recipe/2015/05/28/c2cea757e30de61f256ddd2d8b6cdb291.jpg",
		"https://recipe1.ezmember.co.kr/cache/recipe/2015/05/28/0e64dd0ea2a89fd3a7e4a2c0c311408a1.jpg"
	],
	"tag": [
		"간식, 고로케, 밥, 쌀, 크로켓"
	]
}