{
	"id": "6798597",
	"name": "아몬드멸치볶음",
	"thumbnail": "https://recipe1.ezmember.co.kr/cache/recipe/2015/05/28/5081be8cbdfeef1e25cc25b1b81a8c221.jpg",
	"url": "https://www.10000recipe.com/recipe/6798597",
	"ingredient_ids": [
		51805,
		51781
	],
	"time": "30",
	"ingre_list": [
		{
			"ingre_name": "잔멸치",
			"ingre_count": "100",
			"ingre_unit": "g"
		},
		{
			"ingre_name": "아몬드슬라이스",
			"ingre_count": "1",
			"ingre_unit": "줌"
		}
	],
	"sauce_list": [
		{
			"ingre_name": "마요네즈",
			"ingre_count": "3",
			"ingre_unit": "T"
		},
		{
			"ingre_name": "설탕",
			"ingre_count": "",
			"ingre_unit": "약간"
		},
		{
			"ingre_name": "간장",
			"ingre_count": "1",
			"ingre_unit": "T"
		},
		{
			"ingre_name": "올리고당",
			"ingre_count": "3",
			"ingre_unit": "T"
		},
		{
			"ingre_name": "다진마늘",
			"ingre_count": "1",
			"ingre_unit": "T"
		},
		{
			"ingre_name": "통깨",
			"ingre_count": "",
			"ingre_unit": ""
		},
		{
			"ingre_name": "맛술",
			"ingre_count": "2",
			"ingre_unit": "T"
		},
		{
			"ingre_name": "식용유",
			"ingre_count": "1",
			"ingre_unit": "T"
		}
	],
	"recipe": [
		"1. 마른팬에서 비린맛이 날아가도록 볶아주었습니다.",
		"2. 멸치를 살짝 볶다가 아몬드 슬라이스도 넣어서 같이 볶아주었어요.",
		"3. 양념장 만들어 주었습니다.",
		"4. 볶아진 멸치위에 바로 부어도 좋지만 잔멸치에 잔가루가 많으면 한번 걸러주는것이 좋아요. 팬에 양념장을 올리니 바로 보글보글 끓기시작 하네요.",
		"5. 이때 바로 잔멸치 넣어주세요. 살짝 맛보시고 단맛을 조절해 주세요. 짠맛이 있는 멸치에 단맛이 적당히 들어가야 맛있더라구요",
		"6. 마지막에 불을끄고 마요네즈 3스푼 정도 넣어주었습니다.",
		"7. 한김 식혀서 냉장고에 넣어두면 든든한 우리집 반찬 완성~"
	],
	"recipe_img": [
		"https://recipe1.ezmember.co.kr/cache/recipe/2015/05/28/804fa92ab7879c4398fc5385f276b2ab1.jpg",
		"https://recipe1.ezmember.co.kr/cache/recipe/2015/05/28/05a5c757f8422088cd86771cac5746421.jpg",
		"https://recipe1.ezmember.co.kr/cache/recipe/2015/05/28/c853565301e3c472ddee8ca9929c8e531.jpg",
		"https://recipe1.ezmember.co.kr/cache/recipe/2015/05/28/e4dc39dfb4b08a59e1a93a1d87be6a901.jpg",
		"https://recipe1.ezmember.co.kr/cache/recipe/2015/05/28/0c554ee9c47aa891039975d9de8502aa1.jpg",
		"https://recipe1.ezmember.co.kr/cache/recipe/2015/05/28/63352c19045dabbe1808dbfdf1bab1371.jpg",
		"https://recipe1.ezmember.co.kr/cache/recipe/2015/05/28/1441f70c0aa978ae0d19c32367a6f9bc1.jpg"
	],
	"tag": [
		"건어물류, 멸치볶음, 아몬드멸치볶음"
	]
}