{
	"id": "6798540",
	"name": "꽃게된장찌개",
	"thumbnail": "https://recipe1.ezmember.co.kr/cache/recipe/2015/05/28/90a338a155de8a3c4795c608881e1e0c1.jpg",
	"url": "https://www.10000recipe.com/recipe/6798540",
	"ingredient_ids": [
		8850,
		7997,
		8676,
		51692,
		8158,
		11017
	],
	"time": "30",
	"ingre_list": [
		{
			"ingre_name": "호박",
			"ingre_count": "1/2",
			"ingre_unit": "개"
		},
		{
			"ingre_name": "감자",
			"ingre_count": "1",
			"ingre_unit": "개"
		},
		{
			"ingre_name": "양파",
			"ingre_count": "1/2",
			"ingre_unit": "개"
		},
		{
			"ingre_name": "청량고추",
			"ingre_count": "2",
			"ingre_unit": "개"
		},
		{
			"ingre_name": "두부",
			"ingre_count": "1/2",
			"ingre_unit": "모"
		},
		{
			"ingre_name": "꽃게",
			"ingre_count": "",
			"ingre_unit": ""
		}
	],
	"sauce_list": [
		{
			"ingre_name": "된장",
			"ingre_count": "2",
			"ingre_unit": "T"
		}
	],
	"recipe": [
		"1. 멸치다시육수에 된장을 풀어줍니다.",
		"2. 된장푼물이 한소끔 끓어오르면 깨끗히 씻어놓은 꽃게를 넣어 끓여줍니다.",
		"3. 그 사이 함께 넣어줄 야채들을 손질해주세요.",
		"4. 꽃게를 넣고나서 다시 한번 끓어오르면 그때 야채들을 함께 넣어주고 보글보글 끓여주세요. 꽃게에서 짠맛이 나와서 따로 간을 안해도 되더라구요 ~",
		"5. 야채들이 다익으면 두부넣고 청량고추 팍팍 넣어주고 파르르 한번만 더 끓여주면 완성이에요."
	],
	"recipe_img": [
		"https://recipe1.ezmember.co.kr/cache/recipe/2015/05/30/b207bca26a6e7846dfa5584104811e4a1.jpg",
		"https://recipe1.ezmember.co.kr/cache/recipe/2015/05/30/1e47656ed67729f1fe3ff047bad4de9b1.jpg",
		"https://recipe1.ezmember.co.kr/cache/recipe/2015/05/30/5d0cf9620fe05febc2aa8b7a381fcbc91.jpg",
		"https://recipe1.ezmember.co.kr/cache/recipe/2015/05/30/576cf26226f575619bd85b0e9e1e5fb71.jpg",
		"https://recipe1.ezmember.co.kr/cache/recipe/2015/05/30/ae5cd4325ab9c93128285f62509415131.jpg"
	],
	"tag": [
		"된장찌개, 찌개, 해물류"
	]
}