{
	"id": "6800351",
	"name": "아보카도 토스트",
	"thumbnail": "https://recipe1.ezmember.co.kr/cache/recipe/2015/05/29/5257fdf17c5272bd317f5112560894e11.jpg",
	"url": "https://www.10000recipe.com/recipe/6800351",
	"ingredient_ids": [
		12837,
		42807,
		51721,
		10438,
		8068,
		44006
	],
	"time": "30",
	"ingre_list": [
		{
			"ingre_name": "바게트",
			"ingre_count": "",
			"ingre_unit": ""
		},
		{
			"ingre_name": "아보카도",
			"ingre_count": "1",
			"ingre_unit": "개"
		},
		{
			"ingre_name": "레몬즙",
			"ingre_count": "1/2",
			"ingre_unit": "T"
		},
		{
			"ingre_name": "소금",
			"ingre_count": "",
			"ingre_unit": "약간"
		},
		{
			"ingre_name": "꿀",
			"ingre_count": "",
			"ingre_unit": "취향껏"
		},
		{
			"ingre_name": "블루베리",
			"ingre_count": "",
			"ingre_unit": "적당히"
		}
	],
	"sauce_list": [],
	"recipe": [
		"1. 아보카도 먹는법 부터... 잘 익어 진한 녹색을 띤 아보카도를 사진에서처럼 위아래 빨간점선대로 칼을 이용해 반을 가른 뒤 씨를 톡 쳐준다. 그러면 칼에 씨가 살짝 박히면서 분리.",
		"2. 크기에 따라 4등분이나 6등분을 해주고... 잘 익은 아보카도는 사진에서처럼 칼 없이도 과육과 껍질이 쉽게 분리가 된다. 마치 바나나처럼...",
		"3. 아보카도에 소금 약간과 레몬즙 꿀을 취향껏 넣어... 숟가락으로 으깨준다. 곱게 으깰 필요는 없고 대충 큰 덩어리가 안보일 정도로 설렁설렁~~~ 아보카도가 부드러워도 너무 부드러워 힘을 안줘도 쉽게 눈 녹듯 허물어진다. 아보카도 스프레드 완성.",
		"4. 바게트는 올리브오일에 앞뒤로 바삭하게 구워준다. 겉은 바삭하고 속은 쫄깃쫄깃하고... 바게트는 이렇게 밍숭밍숭하게 구워만 먹어도 너무 맛있다.",
		"5. 구운 바게트에 준비한 아보카도 스프레드 바르고 블루베리 올리면 건강한 토스트라 우기고픈 아보카도 토스트 만들기 끝."
	],
	"recipe_img": [
		"https://recipe1.ezmember.co.kr/cache/recipe/2015/05/29/059f41a5160f56cac896504c3b8d7ba11.jpg",
		"https://recipe1.ezmember.co.kr/cache/recipe/2015/05/29/a6cb69f86850dd3b42eee9c786603bd81.jpg",
		"https://recipe1.ezmember.co.kr/cache/recipe/2015/05/29/09ac499ebec943746a93085eba7beec31.jpg",
		"https://recipe1.ezmember.co.kr/cache/recipe/2015/05/29/e26157fd961cb922329fa91b142d424f1.jpg",
		"https://recipe1.ezmember.co.kr/cache/recipe/2015/05/29/e32dc6f5f9d8c329a4199cd8699c26111.jpg"
	],
	"tag": [
		"밀가루, 토스트"
	]
}