{
	"id": "6800364",
	"name": "아보카도&토마토샐러드",
	"thumbnail": "https://recipe1.ezmember.co.kr/cache/recipe/2015/05/29/450e1822c76aec9cf011e02cf9542eca1.jpg",
	"url": "https://www.10000recipe.com/recipe/6800364",
	"ingredient_ids": [
		43241,
		51754,
		42807
	],
	"time": "30",
	"ingre_list": [
		{
			"ingre_name": "토마토",
			"ingre_count": "4",
			"ingre_unit": "개"
		},
		{
			"ingre_name": "노랑파프리카",
			"ingre_count": "1/2",
			"ingre_unit": "개"
		},
		{
			"ingre_name": "아보카도",
			"ingre_count": "1",
			"ingre_unit": "개"
		}
	],
	"sauce_list": [
		{
			"ingre_name": "레몬즙",
			"ingre_count": "1/2",
			"ingre_unit": "T"
		},
		{
			"ingre_name": "매실액",
			"ingre_count": "1",
			"ingre_unit": "T"
		},
		{
			"ingre_name": "소금",
			"ingre_count": "",
			"ingre_unit": "약간"
		}
	],
	"recipe": [
		"1. 빨간 점선으로 표시한것 처럼 칼을 이용해 반으로 가른 뒤 씨를 톡 쳐주세요. 그러면 칼에 씨가 붙어 쏙 빠지며 분리돼요.",
		"2. 먹기 좋게 또는 요리하기 편하게 아보카도를 4등분이나 6등분 해줍니다. 잘 익은 아보카도는 칼 없이도 껍질이 살살 잘 벗겨지고 숟가락으로도 잘 으깨집니다. 으깬 아보카도에 레몬즙, 매실액, 소금을 넣어 골고루 섞어주세요",
		"3. 토마토도 먹기 좋게 6등분 또는 8등분해줍니다.",
		"4. 노랑 파프리카는 작게 다지듯 썰어주세요.",
		"5. 준비한 모든 재료를 살살 버부려주세요."
	],
	"recipe_img": [
		"https://recipe1.ezmember.co.kr/cache/recipe/2015/05/29/c8f69179e5ceeda8903968894161f19b1.jpg",
		"https://recipe1.ezmember.co.kr/cache/recipe/2015/05/29/41f62ff9107b0d67681529cfacc1f05a1.jpg",
		"https://recipe1.ezmember.co.kr/cache/recipe/2015/05/29/748abe56e949ad0f48ee59484db25b231.jpg",
		"https://recipe1.ezmember.co.kr/cache/recipe/2015/05/29/5ebeb23103f1eef446051198fe6e2f2c1.jpg",
		"https://recipe1.ezmember.co.kr/cache/recipe/2015/05/29/f519b54789c6553bea2781ea9647b5521.jpg"
	],
	"tag": [
		"과일류, 다이어트, 샐러드, 토마토, 토마토샐러드"
	]
}