{
	"id": "6801506",
	"name": "소고기 약고추장 만들기 ~~",
	"thumbnail": "https://recipe1.ezmember.co.kr/cache/recipe/2015/05/29/6f34d19d7b31693ce0b8f7e9dc5557c71.jpg",
	"url": "https://www.10000recipe.com/recipe/6801506",
	"ingredient_ids": [
		51803,
		8676
	],
	"time": "30",
	"ingre_list": [
		{
			"ingre_name": "소고기다짐육",
			"ingre_count": "420",
			"ingre_unit": "g"
		},
		{
			"ingre_name": "양파",
			"ingre_count": "1",
			"ingre_unit": "개"
		}
	],
	"sauce_list": [
		{
			"ingre_name": "간장",
			"ingre_count": "1",
			"ingre_unit": "T"
		},
		{
			"ingre_name": "맛술",
			"ingre_count": "1",
			"ingre_unit": "T"
		},
		{
			"ingre_name": "다진마늘",
			"ingre_count": "1",
			"ingre_unit": "T"
		},
		{
			"ingre_name": "참기름",
			"ingre_count": "1",
			"ingre_unit": "T"
		},
		{
			"ingre_name": "후춧가루",
			"ingre_count": "",
			"ingre_unit": "약간"
		},
		{
			"ingre_name": "고추장",
			"ingre_count": "6-7큰술",
			"ingre_unit": "T"
		},
		{
			"ingre_name": "매실청",
			"ingre_count": "2",
			"ingre_unit": "T"
		},
		{
			"ingre_name": "올리고당",
			"ingre_count": "2",
			"ingre_unit": "T"
		},
		{
			"ingre_name": "참기름",
			"ingre_count": "1",
			"ingre_unit": "T"
		},
		{
			"ingre_name": "통깨",
			"ingre_count": "",
			"ingre_unit": "약간"
		}
	],
	"recipe": [
		"1. 소고기 다짐육을 준비 합니다.",
		"2. 다짐육에 살짝 먼저 밑간을 해줍니다. 간장 1큰술, 맛술 1큰술, 다진마늘 1큰술, 참기름 1큰술, 후추약간",
		"3. 그사이 양파를 준비할께요 ! 예전에 만들땐 그냥 고기만 넣고 만들었는데 좀 뻑뻑하기도 하고... 양파를 넣는게 훨씬 식감이 더 좋더라구요~ 적당히 그냥 다져서 준비해 주시면 됩니다.",
		"4. 양념은 고추장 6-7큰술, 매실청 2큰술, 올리고당 2큰술, 참기름 1큰술해서 섞어 주세요. 고추장을 6-7큰술이라고 적은 이유는.. 저는 7큰술 넣고 만들었는데 양념이 한큰술 정도 남더라구요 ~ 간 봐가면서 개인 입맛에 따라 가감하시면 될 것 같아요 !!",
		"5. 팬에 기름을 살짝 두르고 양파를 먼저 넣어 볶아줍니다.",
		"6. 양파가 살짝 반투명해지면 소고기를 넣어 볶아 주세요 !",
		"7. 여기에서 포인트는 고기가 뭉치지 않도록 잘 풀어가며 볶아주기!!",
		"8. 고기가 2/3정도 익었을 때 양념을 넣어가며 섞어 볶아주세요 ! 위에 말씀드렸다시피 저는 고추장 7큰술을 넣고 양념을 만들었는데 다 넣으면 약간 짤듯해서 ~ 한큰술 정도 남겼어요. 개인 입맛에 따라 양념양을 조절해 주세요 ~~~~",
		"9. 요렇게 다 볶아지면",
		"10. 마지막에 참기름 1큰술 휘리릭 ~",
		"11. 통깨 약간 솔솔 뿌려 주면 완성 !!",
		"12. 이렇게 한통 만들어 담아 놓으면 아침에 간단하게 꺼내서 밥 슥슥 비벼먹고 출근 하면되니깐 완전 든든해요♥"
	],
	"recipe_img": [
		"https://recipe1.ezmember.co.kr/cache/recipe/2015/05/29/6467f17fbb84a8184fd653d89c0b20c11.jpg",
		"https://recipe1.ezmember.co.kr/cache/recipe/2015/05/29/e3e2a1e376b3c3ef7ded6d4fa60b040f1.jpg",
		"https://recipe1.ezmember.co.kr/cache/recipe/2015/05/29/d67e0c8c3e6f73feaaa45b5136fe207b1.jpg",
		"https://recipe1.ezmember.co.kr/cache/recipe/2015/05/29/71afc1cb92fd54dfcb4634037bdeeba21.jpg",
		"https://recipe1.ezmember.co.kr/cache/recipe/2015/05/29/30a8c444ae681345330389544ece57e61.jpg",
		"https://recipe1.ezmember.co.kr/cache/recipe/2015/05/29/a73ff5576f97d8681dcbc4a2e1abdd961.jpg",
		"https://recipe1.ezmember.co.kr/cache/recipe/2015/05/29/e005c08ca5ad445346fa81947fef7a831.jpg",
		"https://recipe1.ezmember.co.kr/cache/recipe/2015/05/29/f3edabadd3d9d5e4681057e626ca2ad51.jpg",
		"https://recipe1.ezmember.co.kr/cache/recipe/2015/05/29/b2eed00faab78f341bb74106307f6dc21.jpg",
		"https://recipe1.ezmember.co.kr/cache/recipe/2015/05/29/88387347403fd631dbea67b46d86c9a61.jpg",
		"https://recipe1.ezmember.co.kr/cache/recipe/2015/05/29/4e1f0858c0a7c49f8bd673cec353d3d41.jpg",
		"https://recipe1.ezmember.co.kr/cache/recipe/2015/05/29/475b205506b3986c88d056f49784cdd71.jpg"
	],
	"tag": [
		"고추장, 김치+젓갈+장류, 소고기, 약고추장"
	]
}