{
	"id": "6801269",
	"name": "간장오징어볶음",
	"thumbnail": "https://recipe1.ezmember.co.kr/cache/recipe/2015/05/29/4114159ddeac2f7174d1fa57750647471.jpg",
	"url": "https://www.10000recipe.com/recipe/6801269",
	"ingredient_ids": [
		10107,
		8676,
		8855,
		8386
	],
	"time": "30",
	"ingre_list": [
		{
			"ingre_name": "오징어",
			"ingre_count": "1/2",
			"ingre_unit": "마리"
		},
		{
			"ingre_name": "양파",
			"ingre_count": "",
			"ingre_unit": ""
		},
		{
			"ingre_name": "애호박",
			"ingre_count": "",
			"ingre_unit": ""
		},
		{
			"ingre_name": "당근",
			"ingre_count": "",
			"ingre_unit": ""
		}
	],
	"sauce_list": [
		{
			"ingre_name": "다진마늘",
			"ingre_count": "",
			"ingre_unit": ""
		},
		{
			"ingre_name": "들기름",
			"ingre_count": "",
			"ingre_unit": ""
		},
		{
			"ingre_name": "애간장",
			"ingre_count": "1",
			"ingre_unit": "T"
		},
		{
			"ingre_name": "올리고당",
			"ingre_count": "1",
			"ingre_unit": "T"
		},
		{
			"ingre_name": "굴소스",
			"ingre_count": "1",
			"ingre_unit": "T"
		},
		{
			"ingre_name": "깨",
			"ingre_count": "",
			"ingre_unit": "약간"
		}
	],
	"recipe": [
		"1. 오징어는 흐르는물에 깨끗이 씻어 껍질을 벗기구 아기가 먹기좋은 크기로 썰어서 준비해주세요.",
		"2. 양파,애호박,당근은 먹기좋게 썰어주세요.",
		"3. 들기름 두르고 다진마늘 약간넣어 채소와 달달달 볶아주세요.",
		"4. 채소가 어느정도 있으면 오징어를 넣고 어른수저로 애간장1, 올리고당1, 티스푼으로 굴소스1 넣고 센불에서 후다닥 볶아주세요."
	],
	"recipe_img": [
		"https://recipe1.ezmember.co.kr/cache/recipe/2015/05/29/8bd8ab5199514298bebe3609f536a69a1.jpg",
		"https://recipe1.ezmember.co.kr/cache/recipe/2015/05/29/d6f701dcd64cda9269b6e01e9d6f06891.jpg",
		"https://recipe1.ezmember.co.kr/cache/recipe/2015/05/29/1d173dfd075309864e6734914c9e1cf31.jpg",
		"https://recipe1.ezmember.co.kr/cache/recipe/2015/05/29/59727ba14402e5f1de2d1f5d63f355dd1.jpg"
	],
	"tag": [
		"메인반찬, 오징어, 오징어볶음, 해물류"
	]
}