{
	"id": "6803381",
	"name": "톳 두부무침",
	"thumbnail": "https://recipe1.ezmember.co.kr/cache/recipe/2015/05/30/74b436c9efee9d3f8af6167f30c81c761.jpg",
	"url": "https://www.10000recipe.com/recipe/6803381",
	"ingredient_ids": [
		12014,
		8158
	],
	"time": "30",
	"ingre_list": [
		{
			"ingre_name": "톳",
			"ingre_count": "",
			"ingre_unit": ""
		},
		{
			"ingre_name": "두부",
			"ingre_count": "",
			"ingre_unit": ""
		}
	],
	"sauce_list": [
		{
			"ingre_name": "소금",
			"ingre_count": "2.",
			"ingre_unit": "ml"
		},
		{
			"ingre_name": "참기름",
			"ingre_count": "5",
			"ingre_unit": "ml"
		},
		{
			"ingre_name": "간장",
			"ingre_count": "5",
			"ingre_unit": "ml"
		},
		{
			"ingre_name": "참깨",
			"ingre_count": "10",
			"ingre_unit": "ml"
		}
	],
	"recipe": [
		"1. 우선 톳은 깨끗한 물에 여러번 헹군후 물에 담궈두고 소금기를 빼주고 사용하시는게 좋다해요. 톳은 더욱 신선하게 먹고싶다면 톳을 담가놓는 물에 식초를 살짝 뿌려주면 톳의 비린맛도 없앨수 있다하니 참고하시면 좋을듯 해요. 물에 담궈둔후 뜨거운물에 데치면 이렇게 갈색인 톳이 초록색으로 변한답니다.",
		"2. 요렇게 톳 전체가 초록색으로 변하게 살짝 더 데쳐주신후 찬물에 헹궈 주신뒤 먹기좋은 크기로 잘라주시면 되요. 또한 톳이 적게 달린 줄기 끝부분은 과감히 쓰레기통으로 버려주시면 톳 준비 끝.",
		"3. 두부는 생두부를 사용하셔도 좋지만 끓는물에 살짝 데쳐서 사용하시면 되요.",
		"4. 데친 두부는 채반에 올려 이렇게 으깨 주시면서 물기를 빼주시 된답니다. 거즈가 있으면 거즈에 넣어 살짝 짜주셔도 됩니다.",
		"5. 준비된 톳과 두부를 볼에 담아 소금 2.5ml, 참기름도 5ml, 간장 5ml, 참깨 10ml, 마지막으로 맛을 내기 위한 요리에 한수도 5ml 넣어 주었답니다.",
		"6. 조물조물 묻혀 주시면 완성입니다~"
	],
	"recipe_img": [
		"https://recipe1.ezmember.co.kr/cache/recipe/2015/05/30/7ee69de1a6d837a8ac6e3a1dbafdb49b1.jpg",
		"https://recipe1.ezmember.co.kr/cache/recipe/2015/05/30/68ddcabbb5f6bab3d68dc5960d7fcbb41.jpg",
		"https://recipe1.ezmember.co.kr/cache/recipe/2015/05/30/4eb4a98d61b4ea99f93f24da3b4fd1141.jpg",
		"https://recipe1.ezmember.co.kr/cache/recipe/2015/05/30/aea851f20a8bda5912877853bb56de821.jpg",
		"https://recipe1.ezmember.co.kr/cache/recipe/2015/05/30/76cb35512a78482968846010b4954afa1.jpg",
		"https://recipe1.ezmember.co.kr/cache/recipe/2015/05/30/970efc2122223b13a8d5d12e2d1bc0631.jpg"
	],
	"tag": [
		"두부, 무침, 영양식, 콩+견과류"
	]
}