{
	"id": "6805634",
	"name": "새우볶음밥 만들기",
	"thumbnail": "https://recipe1.ezmember.co.kr/cache/recipe/2015/05/31/c44372ca928d8b590ea4a6b488c478281.jpg",
	"url": "https://www.10000recipe.com/recipe/6805634",
	"ingredient_ids": [
		9457,
		17935,
		15272,
		51685,
		8386,
		8855,
		8676
	],
	"time": "30",
	"ingre_list": [
		{
			"ingre_name": "계란",
			"ingre_count": "1~2개",
			"ingre_unit": "개"
		},
		{
			"ingre_name": "새우",
			"ingre_count": "1",
			"ingre_unit": "줌"
		},
		{
			"ingre_name": "햄",
			"ingre_count": "1",
			"ingre_unit": "줌"
		},
		{
			"ingre_name": "밥",
			"ingre_count": "1.",
			"ingre_unit": "공기"
		},
		{
			"ingre_name": "당근",
			"ingre_count": "",
			"ingre_unit": ""
		},
		{
			"ingre_name": "애호박",
			"ingre_count": "",
			"ingre_unit": ""
		},
		{
			"ingre_name": "양파",
			"ingre_count": "",
			"ingre_unit": ""
		}
	],
	"sauce_list": [
		{
			"ingre_name": "굴소스",
			"ingre_count": "1",
			"ingre_unit": "T"
		},
		{
			"ingre_name": "다진마늘",
			"ingre_count": "1",
			"ingre_unit": "T"
		},
		{
			"ingre_name": "버터",
			"ingre_count": "1",
			"ingre_unit": "T"
		},
		{
			"ingre_name": "맛술",
			"ingre_count": "1",
			"ingre_unit": "T"
		},
		{
			"ingre_name": "후춧가루",
			"ingre_count": "",
			"ingre_unit": ""
		}
	],
	"recipe": [
		"1. 냉동 새우는 미지근한 물에 담궈 해동시키고당근, 애호박, 양파, 햄은 잘게 다져 주세요.",
		"2. 계란은 소금간 살짝해서 잘 섞은 다음볶음팬에 오일을 두르고 스크램블 해줍니다.",
		"3. 중약불에 스크램블 에그를 만들어 줍니다.",
		"4. 알맞게 잘 익으면 불을 끄고 계란을 톡톡톡 쳐서작게 잘라 주세요. 그냥 대충 만들어도 상관없는데볶음밥에 넣을꺼라 너무 크면 안예뻐용.",
		"5. 작게 다진 야채와 스크램블에그는 따로 덜어 놓고.",
		"6. 볶음팬에 버터 1큰술을 약불에 녹여 주세요. 약불에 안 녹이면 금방 녹고 타버리니까 꼭 약불! 버터가 없으면 그냥 오일에 하셔도 상관없어요~근데 버터로 만들면 더 맛나다능.",
		"7. 버터가 녹으면 불은 그대로 약불 다진마늘 1큰술도 넣고 마늘향을 내줍니다. 다진마늘이 없으면 통마늘로도 해도 좋아요. 마늘은 생략해도 되지만 마늘을 넣어야 더 맛있답니다.",
		"8. 마늘향을 낸뒤 중불에 야채와 햄을 한번에 다 넣어서 볶아 주세요. 야채를 작게 다져 넣어서 한번에 같이 볶아도 잘 볶아지고 시간도 단축되요. 햄도 같이 볶으면 기름을 많이 안써도 되서 좋답니다.",
		"9. 야채들이 반쯤 익으면 새우를 넣고.",
		"10. 새우 위에 맛술이나 청주 1큰술 뿌려새우 냄새를 없애주고.",
		"11. 후추도 톡톡 새우가 동그랗게 말리고 예쁜 분홍색으로 변할때까지 중불에 익혀주세요.",
		"12. 새우와 야채가 다 익으면 불을 끄고밥 한공기 반과 굴소스 1큰술을 넣어 줍니다. 밥한공기 반에 마법의 굴소스 1큰술이 딱 적당한듯 해요.  tip: 식은밥보다는 따뜻한밥이 볶음밥 만들기 좋아요식은밥은 전자레인지에 1분정도 돌려준 뒤에 볶으면재료와 잘 섞이고 맛있게 잘 볶아진답니다.전자레인지",
		"13. 불을 켜지말고 굴소스가 잘 섞이도록 비벼주세요. 불을 키고 비비면 밥이 빨리 안섞이기 때문에 눌어붙거나 타니까불을끄고 느긋하게 잘 비벼주세용.",
		"14. 밥이 잘 비벼졌으면 불을 켜고처음에 만들어둔 스크램블 에그도 넣어서 잘 볶아 주세요.",
		"15. 이때 후추도 한번 더 톡톡. 볶음밥에는 후추가 살짝 들어가야 맛있어요."
	],
	"recipe_img": [
		"https://recipe1.ezmember.co.kr/cache/recipe/2015/05/31/94629c532a2d4f93e510d27a4c433b4d1.jpg",
		"https://recipe1.ezmember.co.kr/cache/recipe/2015/05/31/5d1a1a3765a5e7f7173b70d585ed7acf1.jpg",
		"https://recipe1.ezmember.co.kr/cache/recipe/2015/05/31/b14e99745d4b325503ce7a92f35e83f11.jpg",
		"https://recipe1.ezmember.co.kr/cache/recipe/2015/05/31/4b21996a08a604c6d6f16c6cad2115511.jpg",
		"https://recipe1.ezmember.co.kr/cache/recipe/2015/05/31/6b766b4d5dd646917042f554c6575a4a1.jpg",
		"https://recipe1.ezmember.co.kr/cache/recipe/2015/05/31/d7588f9c4fa70c284734752c936ae4061.jpg",
		"https://recipe1.ezmember.co.kr/cache/recipe/2015/05/31/185a63fdd2f6371636433e9ddd356f881.jpg",
		"https://recipe1.ezmember.co.kr/cache/recipe/2015/05/31/dd81cf157cfe05fe5523d3108d03215a1.jpg",
		"https://recipe1.ezmember.co.kr/cache/recipe/2015/05/31/e90def9165294dfaa1a8a34c28395f8a1.jpg",
		"https://recipe1.ezmember.co.kr/cache/recipe/2015/05/31/cc6f6ee8757e0e1a4577237ade7046c21.jpg",
		"https://recipe1.ezmember.co.kr/cache/recipe/2015/05/31/d443f5990a203760db14d536ed52b6d11.jpg",
		"https://recipe1.ezmember.co.kr/cache/recipe/2015/05/31/8e85ea2537d83649a9b338e5901ece501.jpg",
		"https://recipe1.ezmember.co.kr/cache/recipe/2015/05/31/8f9e71904aa9553623ff19a447d456631.jpg",
		"https://recipe1.ezmember.co.kr/cache/recipe/2015/05/31/d37a3d80838100b41126dddbab1be7491.jpg",
		"https://recipe1.ezmember.co.kr/cache/recipe/2015/05/31/287a1abe3bf8ef8f64e05d3b66ccd43b1.jpg"
	],
	"tag": [
		"밥, 볶음밥, 새우볶음, 새우볶음밥, 해물류"
	]
}