{
	"id": "6806895",
	"name": "아삭한 진미채 오이무침",
	"thumbnail": "https://recipe1.ezmember.co.kr/cache/recipe/2015/06/01/ede82c95a078890af5c8325ccaa32ed21.jpg",
	"url": "https://www.10000recipe.com/recipe/6806895",
	"ingredient_ids": [
		8676,
		8710,
		51769
	],
	"time": "15",
	"ingre_list": [
		{
			"ingre_name": "양파",
			"ingre_count": "1/4",
			"ingre_unit": "개"
		},
		{
			"ingre_name": "오이",
			"ingre_count": "2",
			"ingre_unit": "개"
		},
		{
			"ingre_name": "진미채",
			"ingre_count": "1",
			"ingre_unit": "줌"
		}
	],
	"sauce_list": [],
	"recipe": [
		"1. 양파는 얇게 채썰어 준비하고, 오이는 취향에 따라서 썰어 준비한다. 진미채는 물에 한번 헹궈 물기를 짜내고 손가락 1~2마디 정도의 길이로 잘라서 준비한다.",
		"2. 먼저 오이에는 소금으로 밑간을 살짝 해두는 것이 좋다. 소금으로 밑간이 되어있는 오이에 나머지 재료를 전부 넣고 초고추장, 고춧가루 1Ts, 후추가루 약간, 마늘 1Ts을 넣고 버무린다.",
		"3. 마지막으로 통깨까지 솔솔 뿌리면 완성!"
	],
	"recipe_img": [
		"https://recipe1.ezmember.co.kr/cache/recipe/2015/06/01/34e21b5ee379f05ba31521cd3fa4b6501.jpg",
		"https://recipe1.ezmember.co.kr/cache/recipe/2015/06/01/e532753e5424bdee5447e8adc11008fa1.jpg",
		"https://recipe1.ezmember.co.kr/cache/recipe/2015/06/01/6ca699cc730a99ce583dd26cbed924d91.jpg"
	],
	"tag": [
		"무침, 오이무침, 진미채, 진미채무침, 초스피드"
	]
}