{
	"id": "6810080",
	"name": "추억의 떡꼬치 만들기",
	"thumbnail": "https://recipe1.ezmember.co.kr/cache/recipe/2015/06/02/5106f467e1e18047876fc730570f74631.jpg",
	"url": "https://www.10000recipe.com/recipe/6810080",
	"ingredient_ids": [
		51765
	],
	"time": "30",
	"ingre_list": [
		{
			"ingre_name": "떡",
			"ingre_count": "",
			"ingre_unit": ""
		}
	],
	"sauce_list": [
		{
			"ingre_name": "고추장",
			"ingre_count": "3",
			"ingre_unit": "T"
		},
		{
			"ingre_name": "케챱",
			"ingre_count": "3",
			"ingre_unit": "T"
		},
		{
			"ingre_name": "다진마늘",
			"ingre_count": "1",
			"ingre_unit": "T"
		},
		{
			"ingre_name": "매실청",
			"ingre_count": "1",
			"ingre_unit": "T"
		},
		{
			"ingre_name": "물엿",
			"ingre_count": "2",
			"ingre_unit": "T"
		}
	],
	"recipe": [
		"1. 떡을 물에 불려주세요. 아니면 떡을 깨끗히 씻어서 렌지에 2분정도 돌려주어도 좋아요.",
		"2. 말랑말랑 물기없는 떡을 기름살짝 두르고 구워주세요.",
		"3. 분량대로 양념장을 만듭시다.",
		"4. 후라이팬에 불을 약불로 올려두고 양념장이 꾸덕꾸덕해지게 해주세요.",
		"5. 꼬지에 꽂아서 양념을 발라주세요.",
		"6. 이렇게 분식집 떡꼬치 완성이예요."
	],
	"recipe_img": [
		"https://recipe1.ezmember.co.kr/cache/recipe/2015/06/02/4cceada9380a489af651e94df02422f81.jpg",
		"https://recipe1.ezmember.co.kr/cache/recipe/2015/06/02/d927f01ac1488c394bddce4200af26231.jpg",
		"https://recipe1.ezmember.co.kr/cache/recipe/2015/06/02/32f3217c9a23c9d73d2a618d02a98ade1.jpg",
		"https://recipe1.ezmember.co.kr/cache/recipe/2015/06/02/06f0e126edac8a8fd13fb8330c8695d91.jpg",
		"https://recipe1.ezmember.co.kr/cache/recipe/2015/06/02/00fe005d0cb48327aeb92f2fed293ed61.jpg",
		"https://recipe1.ezmember.co.kr/cache/recipe/2015/06/02/65136ba33ab836a529a0d48ecf9da7221.jpg"
	],
	"tag": [
		"꼬치, 떡, 떡꼬치, 밥+죽+떡, 쌀"
	]
}