{
	"id": "6810288",
	"name": "매콤한 비름나물 무침",
	"thumbnail": "https://recipe1.ezmember.co.kr/cache/recipe/2015/06/02/5635551dbba30925d14325752a007ca71.jpg",
	"url": "https://www.10000recipe.com/recipe/6810288",
	"ingredient_ids": [
		6925
	],
	"time": "30",
	"ingre_list": [
		{
			"ingre_name": "비름나물",
			"ingre_count": "150",
			"ingre_unit": "g"
		}
	],
	"sauce_list": [
		{
			"ingre_name": "고추장",
			"ingre_count": "1/2",
			"ingre_unit": "T"
		},
		{
			"ingre_name": "된장",
			"ingre_count": "1",
			"ingre_unit": "작은술"
		},
		{
			"ingre_name": "매실청",
			"ingre_count": "1",
			"ingre_unit": "T"
		},
		{
			"ingre_name": "쪽파",
			"ingre_count": "1",
			"ingre_unit": "줄기"
		},
		{
			"ingre_name": "다진마늘",
			"ingre_count": "1",
			"ingre_unit": "술"
		},
		{
			"ingre_name": "참기름",
			"ingre_count": "",
			"ingre_unit": "적당량"
		},
		{
			"ingre_name": "통깨",
			"ingre_count": "",
			"ingre_unit": "약간"
		}
	],
	"recipe": [
		"1. 찬물에 5-10분 담궈서 이물질을 제거하고 체에 건져 놓습니다.",
		"2. 끓는 물 2리터에 소금 1큰술을 넣고 비름 나름이 숨이 죽으면서 파래지면 바로 건져냅니다. 소금을 넣는 이유도 더 파래지라고 넣어주는 것입니다. 찬물에 여러 번 헹궈서 열기를 빼주고 눌러서 짜준 다음 체에 받쳐 놓습니다.",
		"3. 먹기좋게 칼로 3등분 합니다.",
		"4. 양념장은 고추장 반큰술, 된장 1작은술, 매실청 1큰술, 쪽파 1줄기, 다진 마늘 1작은술, 참기름 1작은술, 통깨 1작은술 등을 넣어 고루 섞어줍니다. 항상 양념은 미리 섞어서 만들어야 주재료에 버무렸을 때 간이 골고루 잘 배인답니다.",
		"5. 양념을 넣고 버무려주세요."
	],
	"recipe_img": [
		"https://recipe1.ezmember.co.kr/cache/recipe/2015/06/03/fd4bd4765372b4e251ec17e06e419a841.jpg",
		"https://recipe1.ezmember.co.kr/cache/recipe/2015/06/03/6801e954983d82695f499c244d286cf01.jpg",
		"https://recipe1.ezmember.co.kr/cache/recipe/2015/06/03/a6f0246837498f26dd252059d55b6bb01.jpg",
		"https://recipe1.ezmember.co.kr/cache/recipe/2015/06/03/191211a4930aac50e199fca20ec225311.jpg",
		"https://recipe1.ezmember.co.kr/cache/recipe/2015/06/03/162049c7187be726a6721999e77182d21.jpg"
	],
	"tag": [
		"나물, 무침, 밑반찬, 일상, 채소류"
	]
}