{
	"id": "6811032",
	"name": "초간단 토마토 연두부 카나페",
	"thumbnail": "https://recipe1.ezmember.co.kr/cache/recipe/2015/06/03/6bd2874125a099472f58bfbf7ef826371.jpg",
	"url": "https://www.10000recipe.com/recipe/6811032",
	"ingredient_ids": [
		17603,
		8807,
		8548
	],
	"time": "30",
	"ingre_list": [
		{
			"ingre_name": "연두부",
			"ingre_count": "1",
			"ingre_unit": "팩"
		},
		{
			"ingre_name": "방울토마토",
			"ingre_count": "10",
			"ingre_unit": "개"
		},
		{
			"ingre_name": "브로콜리",
			"ingre_count": "",
			"ingre_unit": "적당량"
		}
	],
	"sauce_list": [
		{
			"ingre_name": "간장",
			"ingre_count": "2",
			"ingre_unit": "T"
		},
		{
			"ingre_name": "올리브유",
			"ingre_count": "2",
			"ingre_unit": "T"
		},
		{
			"ingre_name": "사과식초",
			"ingre_count": "1",
			"ingre_unit": "T"
		},
		{
			"ingre_name": "매실청",
			"ingre_count": "1",
			"ingre_unit": "T"
		},
		{
			"ingre_name": "다진양파",
			"ingre_count": "2",
			"ingre_unit": "T"
		}
	],
	"recipe": [
		"1. 브로콜리는 적당히 썰어 끓는 물에 굵은소금을 넣고 30초 정도 데쳐 주세요(색이 선명해질때까지)",
		"2. 연두부를 팩에서 꺼내주실 때에는 뒤집어서 모서리부분을 엄지와검지로 눌러주어 공간을 만들어주면 아래로 쏘옥 빠진답니다.",
		"3. 방울토마토를 슬라이스 해주시는데요. 바닥을 평평하게 만들어주어야 카나페에 올릴때 쓰러지지 않아요.",
		"4. 접시에 연두부를 담아주시구요.",
		"5. 연두부, 방울토마토, 브로콜리순으로 올리고 간장 2큰술, 올리브유 2큰술, 사과 식초 1큰술, 매실청1큰술, 다진 양파 2큰술을 섞은 드레싱을 끼얹어 주기만 하면 완성입니다."
	],
	"recipe_img": [
		"https://recipe1.ezmember.co.kr/cache/recipe/2015/06/03/153cb50a35f1efdd557996cd63e11a581.jpg",
		"https://recipe1.ezmember.co.kr/cache/recipe/2015/06/03/5a2c80f709cff2899b418205e1035cb21.jpg",
		"https://recipe1.ezmember.co.kr/cache/recipe/2015/06/03/27af12bb7f50e0d8ff8750cface55c3f1.jpg",
		"https://recipe1.ezmember.co.kr/cache/recipe/2015/06/03/fa62ea7cb46c07b81d996ffcbbf1ef9e1.jpg",
		"https://recipe1.ezmember.co.kr/cache/recipe/2015/06/03/58d581bb7742b836dc3ee93b5ea6097d1.jpg"
	],
	"tag": [
		"다이어트, 두부, 디저트, 카나페, 토마토"
	]
}