{
	"id": "6811319",
	"name": "밥투정하는 아이를 위한 밥도그",
	"thumbnail": "https://recipe1.ezmember.co.kr/cache/recipe/2015/06/03/e2f2d96116eb2c384becba9868adbf3f1.jpg",
	"url": "https://www.10000recipe.com/recipe/6811319",
	"ingredient_ids": [
		51746,
		51685,
		8386,
		9457,
		8050,
		15179
	],
	"time": "30",
	"ingre_list": [
		{
			"ingre_name": "비엔나소세지",
			"ingre_count": "",
			"ingre_unit": ""
		},
		{
			"ingre_name": "밥",
			"ingre_count": "",
			"ingre_unit": ""
		},
		{
			"ingre_name": "당근",
			"ingre_count": "",
			"ingre_unit": ""
		},
		{
			"ingre_name": "계란",
			"ingre_count": "",
			"ingre_unit": ""
		},
		{
			"ingre_name": "밀가루",
			"ingre_count": "",
			"ingre_unit": ""
		},
		{
			"ingre_name": "빵가루",
			"ingre_count": "",
			"ingre_unit": ""
		}
	],
	"sauce_list": [
		{
			"ingre_name": "소금",
			"ingre_count": "",
			"ingre_unit": "약간"
		},
		{
			"ingre_name": "깨소금",
			"ingre_count": "",
			"ingre_unit": "약간"
		}
	],
	"recipe": [
		"1. 소세지가 일반 비엔나보다 조금 큰 사이즈라서 반을 잘라서 준비했어요.",
		"2. 아이들 먹일거니까 그냥 먹는거보다 첨가물도 뺄겸 끓는물에 살짝 데쳐주면 더 좋답니다.",
		"3. 당근을 조금 다져서 넣었어요. 다른 야채도 조금더 같이 넣어주면 좋아요.",
		"4. 밥에 다져준 당근이랑 참깨 갈아둔거, 소금을 약간 넣어서 섞어주었어요.",
		"5. 반으로 잘라두었던 소세지에 밥을 잘 뭉쳐줍니다.",
		"6. 밥을 동글 동글 이쁘게 말아서 만들어 두면 1차 준비 완료.",
		"7. 이제 밀.계.빵 준비해 줍니다. 바로 밀가루, 계란, 빵가루",
		"8. 밀가루 먼저 고루 발라주고",
		"9. 계란물에 퐁당",
		"10. 빵가루 꼭꼭 눌러서 준비해 주세요.",
		"11. 기름온도를 먼저 체크해주세요. 빵가루 하나 넣어보고 기름 보글 보글 잘 올라오면 OK. 동글 동글 굴려가면서 노릇노릇하게 익혀주세요. 겉면만 익으면 되니까 그리오래 익힐 필요는 없답니다.",
		"12. 접시에 담아주고 케찹 솔솔 뿌려주면 완성."
	],
	"recipe_img": [
		"https://recipe1.ezmember.co.kr/cache/recipe/2015/06/03/5794d7fc298aafe7c921241cc8256d7f1.jpg",
		"https://recipe1.ezmember.co.kr/cache/recipe/2015/06/03/dd6c5687ea691fc36678efeab59b49081.jpg",
		"https://recipe1.ezmember.co.kr/cache/recipe/2015/06/03/e1bf6f2776c206f4c4c1cd5e7f2116371.jpg",
		"https://recipe1.ezmember.co.kr/cache/recipe/2015/06/03/e5744227ec8a4a050136d7ef1519a7171.jpg",
		"https://recipe1.ezmember.co.kr/cache/recipe/2015/06/03/e773d1da8fc2622fdab91c81c0421b5c1.jpg",
		"https://recipe1.ezmember.co.kr/cache/recipe/2015/06/03/9a9acdb14572f4fc02597519b48aac211.jpg",
		"https://recipe1.ezmember.co.kr/cache/recipe/2015/06/03/cc6240593fd9b645c831068f006e27201.jpg",
		"https://recipe1.ezmember.co.kr/cache/recipe/2015/06/03/462b03c8d34200dd66bce5e6f91bf7e21.jpg",
		"https://recipe1.ezmember.co.kr/cache/recipe/2015/06/03/15a44b4189f7cbc6e02442776bd474291.jpg",
		"https://recipe1.ezmember.co.kr/cache/recipe/2015/06/03/c52b68a7d0bc644cf5c6dca6dbff46ab1.jpg",
		"https://recipe1.ezmember.co.kr/cache/recipe/2015/06/03/87f1f64f395d458ed81a57eceea64b9b1.jpg",
		"https://recipe1.ezmember.co.kr/cache/recipe/2015/06/03/6b7778b77a05447d8ff95305e25be2ed1.jpg"
	],
	"tag": [
		"간식, 곡류, 밥+죽+떡, 밥"
	]
}