{
	"id": "6811848",
	"name": "고추전",
	"thumbnail": "https://recipe1.ezmember.co.kr/cache/recipe/2015/06/03/f7e6a3bf7edce2e50e0a77eff10fa0fb1.jpg",
	"url": "https://www.10000recipe.com/recipe/6811848",
	"ingredient_ids": [
		17785,
		8306
	],
	"time": "60",
	"ingre_list": [
		{
			"ingre_name": "동그랑땡",
			"ingre_count": "",
			"ingre_unit": ""
		},
		{
			"ingre_name": "고추",
			"ingre_count": "",
			"ingre_unit": ""
		}
	],
	"sauce_list": [
		{
			"ingre_name": "올리브유",
			"ingre_count": "",
			"ingre_unit": ""
		},
		{
			"ingre_name": "계란",
			"ingre_count": "",
			"ingre_unit": ""
		},
		{
			"ingre_name": "밀가루",
			"ingre_count": "",
			"ingre_unit": ""
		}
	],
	"recipe": [
		"1. 고추와 동그란땡을 준비해주세요.",
		"2. 고추는 반을 갈라서 안에 씨를 제거해 준비해 둡니다.",
		"3. 해동된 동그랑땡을 손으로 으깨주세요",
		"4. 반을 가른 고추에 밀가루를 묻혀서 준비합니다.",
		"5. 그리고 준비한 동그랑땡 속을 채워줍니다.",
		"6. 속을 채운 고추에 밀가루를 입혀주세요. 꼼꼼하게 입혀 줘야 계란물이 잘 묻어요.",
		"7. 계란물을 입혀 줍니다.",
		"8. 후라이팬을 달군 후 기름을 두르고 계란물을 입힌 고추전을 지글지글 부쳐줍니다.",
		"9. 노릇노릇 구우면 완성입니다."
	],
	"recipe_img": [
		"https://recipe1.ezmember.co.kr/cache/recipe/2015/06/03/5759f1b20dff9996e95235648a0dc67a1.jpg",
		"https://recipe1.ezmember.co.kr/cache/recipe/2015/06/03/89c17780b824db6f23b31587f3c7bb4e1.jpg",
		"https://recipe1.ezmember.co.kr/cache/recipe/2015/06/03/665200480f3ede0677f4d0f30b39e73e1.jpg",
		"https://recipe1.ezmember.co.kr/cache/recipe/2015/06/03/867a02ad0902850ea13c1b3b572b232d1.jpg",
		"https://recipe1.ezmember.co.kr/cache/recipe/2015/06/03/64981c0d57e6583cbc22438dcee136091.jpg",
		"https://recipe1.ezmember.co.kr/cache/recipe/2015/06/03/4af1b39df0b3f7a541b7466722921e931.jpg",
		"https://recipe1.ezmember.co.kr/cache/recipe/2015/06/03/3a7eccdac044b27c400bbdae37857d191.jpg",
		"https://recipe1.ezmember.co.kr/cache/recipe/2015/06/03/b08e4f5e186e024617272cb72dda61831.jpg",
		"https://recipe1.ezmember.co.kr/cache/recipe/2015/06/03/5a6b2dca2488fde7cdd4a8c7c200b3011.jpg"
	],
	"tag": [
		"부침, 부침개, 전"
	]
}