{
	"id": "6811751",
	"name": "구운 가지나물 무침",
	"thumbnail": "https://recipe1.ezmember.co.kr/cache/recipe/2015/06/03/2b911fc3056a9eb2b356deb064897edd1.jpg",
	"url": "https://www.10000recipe.com/recipe/6811751",
	"ingredient_ids": [
		8260
	],
	"time": "30",
	"ingre_list": [
		{
			"ingre_name": "가지",
			"ingre_count": "2",
			"ingre_unit": "개"
		}
	],
	"sauce_list": [
		{
			"ingre_name": "간장",
			"ingre_count": "1",
			"ingre_unit": "T"
		},
		{
			"ingre_name": "국간장",
			"ingre_count": "1/2",
			"ingre_unit": "T"
		},
		{
			"ingre_name": "고운고추가루",
			"ingre_count": "1/2",
			"ingre_unit": "T"
		},
		{
			"ingre_name": "매실청",
			"ingre_count": "1",
			"ingre_unit": "T"
		},
		{
			"ingre_name": "참치액",
			"ingre_count": "1",
			"ingre_unit": "작은술"
		},
		{
			"ingre_name": "쪽파",
			"ingre_count": "2",
			"ingre_unit": "줄기"
		},
		{
			"ingre_name": "다진마늘",
			"ingre_count": "2",
			"ingre_unit": "작은술"
		},
		{
			"ingre_name": "참기름",
			"ingre_count": "1/2",
			"ingre_unit": "T"
		},
		{
			"ingre_name": "통깨",
			"ingre_count": "1/2",
			"ingre_unit": "T"
		}
	],
	"recipe": [
		"1. 가지를 준비하시구요. 껍질째 요리할 것이므로 베이킹 소다를 1큰술 뿌려서 꼼꼼히 세척해줍니다. 맑은 물에 여러 번 헹궈주세요.",
		"2. 통썰기로 어슷썰어줍니다.",
		"3. 팬을 기름없이 뜨겁게 먼저 달궈줍니다. 그런 다음 앞뒤로 노릇하게 구워줍니다. 구워야 아주 쫄깃한 식감을 느낄 수 있답니다.",
		"4. 약간 식힌 후에 집게로 잡고 주방가위로 반을 잘라줍니다.",
		"5. 분량의 양념장을 섞어주세요. 쪽파는 송송송 썰어서 양념장에 섞어주세요. 매실청이 없으면 설탕을 넣어주시요~ 참치액 대신 까나리 액젓을 넣으셔도 좋아요.",
		"6. 큰 볼에 구운 가지와 양념을 넣고 섞어줍니다. 데친 나물이나 구운 나물들은 항상 손끝에 힘을 주고 조물조물 무쳐야 양념이 잘 배입니다."
	],
	"recipe_img": [
		"https://recipe1.ezmember.co.kr/cache/recipe/2015/06/03/9e32822aa34d62fff819c2c15214fcb51.jpg",
		"https://recipe1.ezmember.co.kr/cache/recipe/2015/06/03/2272940e943cd84216206babddf3c5481.jpg",
		"https://recipe1.ezmember.co.kr/cache/recipe/2015/06/03/714ebddf483eec5a5c782fc3132531511.jpg",
		"https://recipe1.ezmember.co.kr/cache/recipe/2015/06/03/35012ed1f2461f12038d970094aa2b291.jpg",
		"https://recipe1.ezmember.co.kr/cache/recipe/2015/06/03/13be1c604cddcadd422d0e6151bfa98c1.jpg",
		"https://recipe1.ezmember.co.kr/cache/recipe/2015/06/03/5885fd3b2de3fa77324037e5e9e505391.jpg"
	],
	"tag": [
		"가지무침, 나물, 무침"
	]
}