{
	"id": "6811822",
	"name": "간단한 반찬 깻잎 절임",
	"thumbnail": "https://recipe1.ezmember.co.kr/cache/recipe/2015/06/03/f098f9f8234657fee616256338981f151.jpg",
	"url": "https://www.10000recipe.com/recipe/6811822",
	"ingredient_ids": [
		51700
	],
	"time": "30",
	"ingre_list": [
		{
			"ingre_name": "깻잎",
			"ingre_count": "30",
			"ingre_unit": "장"
		}
	],
	"sauce_list": [
		{
			"ingre_name": "간장",
			"ingre_count": "6",
			"ingre_unit": "T"
		},
		{
			"ingre_name": "물",
			"ingre_count": "6",
			"ingre_unit": "T"
		},
		{
			"ingre_name": "올리고당1+1/2큰술",
			"ingre_count": "1+1/2",
			"ingre_unit": "T"
		},
		{
			"ingre_name": "설탕",
			"ingre_count": "1",
			"ingre_unit": "T"
		},
		{
			"ingre_name": "들기름",
			"ingre_count": "1",
			"ingre_unit": "T"
		},
		{
			"ingre_name": "고춧가루",
			"ingre_count": "1/2",
			"ingre_unit": "T"
		},
		{
			"ingre_name": "다진마늘",
			"ingre_count": "1/2",
			"ingre_unit": "T"
		},
		{
			"ingre_name": "깨",
			"ingre_count": "1/2",
			"ingre_unit": "T"
		},
		{
			"ingre_name": "홍고추",
			"ingre_count": "1",
			"ingre_unit": "개"
		},
		{
			"ingre_name": "쪽파",
			"ingre_count": "10",
			"ingre_unit": "g"
		},
		{
			"ingre_name": "양파",
			"ingre_count": "1/2",
			"ingre_unit": "개"
		}
	],
	"recipe": [
		"1. 깻잎을 깨끗하게 씻어서 물 빠지게 해서 준비하세요.",
		"2. 어른 숟가락 기준으로 간장6, 물6, 올리고당1.5, 설탕1, 들기름1, 고춧가루0.5, 다진마늘0.5, 깨0.5 그리고 홍고추1개, 쪽파10g, 양파1/2개를 썰어 넣어주세요.",
		"3. 깻잎 한 장 두고 양념장 올리고 또 깻잎 한 장 올리고 양념장 올리고를 반복하면 되요."
	],
	"recipe_img": [
		"https://recipe1.ezmember.co.kr/cache/recipe/2015/06/03/55dad308a415cb4851f46784e98dfda11.jpg",
		"https://recipe1.ezmember.co.kr/cache/recipe/2015/06/03/b98989abe9905f8747405408f8883ed71.jpg",
		"https://recipe1.ezmember.co.kr/cache/recipe/2015/06/03/b22a592361223831e3a4e3130d10a7691.jpg"
	],
	"tag": [
		"절임"
	]
}