{
	"id": "6812410",
	"name": "매콤달콤 마늘쫑무침",
	"thumbnail": "https://recipe1.ezmember.co.kr/cache/recipe/2015/06/03/5edd010014ee68c29795c183ca3a600c1.jpg",
	"url": "https://www.10000recipe.com/recipe/6812410",
	"ingredient_ids": [
		51736
	],
	"time": "30",
	"ingre_list": [
		{
			"ingre_name": "마늘쫑",
			"ingre_count": "",
			"ingre_unit": ""
		}
	],
	"sauce_list": [
		{
			"ingre_name": "고추장",
			"ingre_count": "7",
			"ingre_unit": "T"
		},
		{
			"ingre_name": "진간장",
			"ingre_count": "1",
			"ingre_unit": "T"
		},
		{
			"ingre_name": "올리고당",
			"ingre_count": "2",
			"ingre_unit": "T"
		},
		{
			"ingre_name": "참기름",
			"ingre_count": "1",
			"ingre_unit": "T"
		},
		{
			"ingre_name": "다진마늘",
			"ingre_count": "1/2",
			"ingre_unit": "T"
		},
		{
			"ingre_name": "부순깨",
			"ingre_count": "1",
			"ingre_unit": "T"
		}
	],
	"recipe": [
		"1. 마늘쫑은 5cm 길이로 먹기좋게 썰었구요~~~ 머리부분 시들시들한 부분은 다 제거해주세요~~~",
		"2. 끓는물에 소금 넣고 1분 데쳐줍니다",
		"3. 다 데쳐진 마늘쫑을 재빨리 꺼내서~~",
		"4. 마늘쫑 양념장은~~ 고추장 7스푼, 진간장 1스푼, 올리고당 2스푼, 참기름 한스푼, 다진마늘 반스푼, 부순깨 한스푼~~",
		"5. 물기가 빠진 마늘쫑을 볼에 담고~~ 그 위에 양념 올리시고~~~                   ",
		"6. 양념이 골고루 섞이게 무쳐주세요~~~~ ㅋㅋㅋ"
	],
	"recipe_img": [
		"https://recipe1.ezmember.co.kr/cache/recipe/2015/06/03/70fb24cd3829d389e184f2c3d97846f71.jpg",
		"https://recipe1.ezmember.co.kr/cache/recipe/2015/06/03/7ceff28e328c5c9aca6fd6ba435847d11.jpg",
		"https://recipe1.ezmember.co.kr/cache/recipe/2015/06/03/40a80f9ac500db569604e5a249457e6e1.jpg",
		"https://recipe1.ezmember.co.kr/cache/recipe/2015/06/03/21cdab56de106d034861f291e099d41f1.jpg",
		"https://recipe1.ezmember.co.kr/cache/recipe/2015/06/03/9791bf18e78c015d7694313bd8756c051.jpg",
		"https://recipe1.ezmember.co.kr/cache/recipe/2015/06/03/927502f01ef2adbbcacecf66781283311.jpg"
	],
	"tag": [
		"마늘쫑무침, 무침"
	]
}