{
	"id": "6814491",
	"name": "쫀득한 브라우니 만들기",
	"thumbnail": "https://recipe1.ezmember.co.kr/cache/recipe/2015/06/04/7528a7cba227ecfcd3bff3ca44e6283a1.jpg",
	"url": "https://www.10000recipe.com/recipe/6814491",
	"ingredient_ids": [
		9456,
		51687,
		51699,
		51729
	],
	"time": "60",
	"ingre_list": [
		{
			"ingre_name": "달걀",
			"ingre_count": "3",
			"ingre_unit": "개"
		},
		{
			"ingre_name": "박력분",
			"ingre_count": "50",
			"ingre_unit": "g"
		},
		{
			"ingre_name": "베이킹파우더",
			"ingre_count": "1",
			"ingre_unit": "꼬집"
		},
		{
			"ingre_name": "초코칩",
			"ingre_count": "1",
			"ingre_unit": "주먹"
		}
	],
	"sauce_list": [
		{
			"ingre_name": "버터",
			"ingre_count": "125",
			"ingre_unit": "g"
		},
		{
			"ingre_name": "다크커버춰초콜렛",
			"ingre_count": "125",
			"ingre_unit": "g"
		},
		{
			"ingre_name": "설탕",
			"ingre_count": "130",
			"ingre_unit": "g"
		},
		{
			"ingre_name": "코코아가루",
			"ingre_count": "30",
			"ingre_unit": "g"
		}
	],
	"recipe": [
		"1. 먼저 계란을 실온에 30분이상 꺼내둡니다. 초코렛과 버터를 한곳에 넣고 입니다.",
		"2. 버터와 초코렛을 녹이는 동안 사각팬에 종이호일을 깔아줍니다.",
		"3. 초코렛과 버터가 녹으면 설탕을 넣고 젓고, 계란을 한 개씩 따로 넣어 저어줍니다.",
		"4. 박력분, 코코아가루, 베이킹 파우더를 체쳐 넣고 주걱으로 저어줍니다.",
		"5. 반죽에 초코칩을 넣고 섞습니다.",
		"6. 반죽을 틀에 붓고 윗면을 스크래퍼로 평평하게 펴주고 오븐 170도에서 20분동안 구워줍니다. 구운 브라우니를 1시간 동안 식힌 후 잘라줍니다.오븐"
	],
	"recipe_img": [
		"https://recipe1.ezmember.co.kr/cache/recipe/2015/06/04/103a099e0ab45627222241fb4f7b96e21.jpg",
		"https://recipe1.ezmember.co.kr/cache/recipe/2015/06/04/2fab8112795e0307ff220330959ef30b1.jpg",
		"https://recipe1.ezmember.co.kr/cache/recipe/2015/06/04/560e40b3722b9dac37bbb4b544b4841b1.jpg",
		"https://recipe1.ezmember.co.kr/cache/recipe/2015/06/04/5fe4d3af1e9a6ab975be44b097d4a6671.jpg",
		"https://recipe1.ezmember.co.kr/cache/recipe/2015/06/04/908f173d432aae0d5c4ba25e3c9b28071.jpg",
		"https://recipe1.ezmember.co.kr/cache/recipe/2015/06/04/89f9d0fcb6eb8bdd366f77266775d9cb1.jpg"
	],
	"tag": [
		"밀가루, 브라우니"
	]
}