{
	"id": "6815319",
	"name": "떡강정",
	"thumbnail": "https://recipe1.ezmember.co.kr/cache/recipe/2015/06/08/6baf0f9b1f974fc74fbb672da79ab0eb.jpg",
	"url": "https://www.10000recipe.com/recipe/6815319",
	"ingredient_ids": [
		51765
	],
	"time": "10",
	"ingre_list": [
		{
			"ingre_name": "떡",
			"ingre_count": "",
			"ingre_unit": ""
		}
	],
	"sauce_list": [
		{
			"ingre_name": "참기름",
			"ingre_count": "1",
			"ingre_unit": "T"
		},
		{
			"ingre_name": "간장",
			"ingre_count": "1",
			"ingre_unit": "T"
		},
		{
			"ingre_name": "올리고당",
			"ingre_count": "1",
			"ingre_unit": "T"
		},
		{
			"ingre_name": "다진마늘",
			"ingre_count": "0.",
			"ingre_unit": "T"
		}
	],
	"recipe": [
		"1. 떡은 흐르는 물에 깨끗이 씻어 아이들이 먹기 좋게 삼등분 해서 썰어준다.",
		"2. 후라이팬에 떡을 넣고 참기름 1수저, 다진마늘 0.5수저를 넣고 달달 볶아준다.",
		"3. 간장 1수저, 올리고당 1수저 넣고 떡에 골고루 베이도록 볶아준다.  양념이 졸여질 때까지 볶아주면 끝~"
	],
	"recipe_img": [
		"https://recipe1.ezmember.co.kr/cache/recipe/2015/06/09/86f3da6f6eca05c05f35242357a3b8a41.jpg",
		"https://recipe1.ezmember.co.kr/cache/recipe/2015/06/09/fff9ba27cdf78b09873c258cfb1f5d8a1.jpg",
		"https://recipe1.ezmember.co.kr/cache/recipe/2015/06/09/d946315faca6dce4f7b67a21694190e91.jpg"
	],
	"tag": [
		"간식, 강정, 디저트, 떡, 볶음, 쌀"
	]
}