{
	"id": "6817216",
	"name": "오리훈제 주물럭 만들기",
	"thumbnail": "https://recipe1.ezmember.co.kr/cache/recipe/2015/06/05/2a9ac43054a20e3d198ee4ecae80b8fb1.jpg",
	"url": "https://www.10000recipe.com/recipe/6817216",
	"ingredient_ids": [
		13182,
		8676,
		8544
	],
	"time": "30",
	"ingre_list": [
		{
			"ingre_name": "오리훈제",
			"ingre_count": "500",
			"ingre_unit": "g"
		},
		{
			"ingre_name": "양파",
			"ingre_count": "1/2",
			"ingre_unit": "개"
		},
		{
			"ingre_name": "부추",
			"ingre_count": "1",
			"ingre_unit": "줌"
		}
	],
	"sauce_list": [
		{
			"ingre_name": "고추장",
			"ingre_count": "1",
			"ingre_unit": "T듬뿍"
		},
		{
			"ingre_name": "고춧가루",
			"ingre_count": "2",
			"ingre_unit": "T"
		},
		{
			"ingre_name": "요리에한수",
			"ingre_count": "1",
			"ingre_unit": "T"
		},
		{
			"ingre_name": "다진마늘",
			"ingre_count": "1",
			"ingre_unit": "T"
		},
		{
			"ingre_name": "후추",
			"ingre_count": "",
			"ingre_unit": "약간"
		},
		{
			"ingre_name": "설탕",
			"ingre_count": "1",
			"ingre_unit": "티T"
		},
		{
			"ingre_name": "참기름",
			"ingre_count": "1",
			"ingre_unit": "T"
		},
		{
			"ingre_name": "맛술",
			"ingre_count": "1",
			"ingre_unit": "T"
		},
		{
			"ingre_name": "간장",
			"ingre_count": "1",
			"ingre_unit": "T"
		}
	],
	"recipe": [
		"1. 부추 오리훈제 주물럭을 만들기 위해서 양념을 먼저 준비했어요. 고춧가루 두스푼에 고추장 한스푼 듬뿍 .. 마늘도 한스푼 넣어 주었구요.",
		"2. 깨 한스푼이랑 참기름과 물엿도 반스푼씩 넣어 주었어요. 설탕 티스푼으로 한스푼넣어주었구요.",
		"3. 요리에 한수와 간장도 한스푼 넣어 주었구요. 혹시 모를 잡내를 위해 맛술과 후추 살짝. 모든재료들을 골고루 잘 섞어주면 부추 오리훈제 주물럭 양념은 완성이예요.",
		"4. 부추와 오리와 궁합이 최고라 부추도 함께 준비하고,양파도 함께 준비하였답니다.",
		"5. 부추는 먹기 좋은 크기로 잘라 주었어요. 5cm정도 되는듯 해요.",
		"6. .오리 훈제는 워낙 기름기가 많아 그냥 사용하게 되면 기름기가 넘 많아 오리훈제를 살짝 데쳐 주었어요.",
		"7. 미리 양념해 놓은 주물럭 양념을 살짝 대쳐 기름기를 뺀 오리 훈제와 함께 골고루 조물락 조물락 양념이 잘 베이도록 잘 섞어 주었어요.",
		"8. 맛나게 양념이 베어진 오리 훈제를 달궈진 궁중팬에 올려 양파가 잘 익도록 잘 볶아 주었답니다. 사실 오리 훈제는 익혀진 상태라 양념과 양파가 잘 익을 정도로만 볶아주시면 된답니다.",
		"9. 오리 훈제가 잘 볶아지면 마지막 단계로 부추를 넉넉히 넣어 살짝만 볶아 주시면 너무도 맛난 오리 훈제 주물럭이 완성 된답니다."
	],
	"recipe_img": [
		"https://recipe1.ezmember.co.kr/cache/recipe/2015/06/07/5afc176414b3fb6069aa8a530aa33f211.jpg",
		"https://recipe1.ezmember.co.kr/cache/recipe/2015/06/07/d68272c19fc27afe7f3f94c9f0567c9c1.jpg",
		"https://recipe1.ezmember.co.kr/cache/recipe/2015/06/07/017dd1c593f04df281ffe941c69fadbc1.jpg",
		"https://recipe1.ezmember.co.kr/cache/recipe/2015/06/07/1df26c1b7c70de5fe1b895ccfe55fe2b1.jpg",
		"https://recipe1.ezmember.co.kr/cache/recipe/2015/06/07/e7776514fec041d013b964bf166c594d1.jpg",
		"https://recipe1.ezmember.co.kr/cache/recipe/2015/06/07/0504acfedeff8b4b059d7317abf314281.jpg",
		"https://recipe1.ezmember.co.kr/cache/recipe/2015/06/07/8aae46a8080ccd74c84a2d9e558c1e311.jpg",
		"https://recipe1.ezmember.co.kr/cache/recipe/2015/06/07/3ef5b8913c007b682f39d406a8b16a0e1.jpg",
		"https://recipe1.ezmember.co.kr/cache/recipe/2015/06/07/14fca9a9e88e4e965b779ca773747c471.jpg"
	],
	"tag": [
		"영양식, 오리, 오리주물럭, 육류"
	]
}