{
	"id": "6820776",
	"name": "깻잎참치전 만들기",
	"thumbnail": "https://recipe1.ezmember.co.kr/cache/recipe/2015/06/07/69356e5ffb339019b311fbf97c35be391.jpg",
	"url": "https://www.10000recipe.com/recipe/6820776",
	"ingredient_ids": [
		51700,
		8050,
		18025,
		9457,
		8676,
		8386,
		51745
	],
	"time": "30",
	"ingre_list": [
		{
			"ingre_name": "깻잎",
			"ingre_count": "",
			"ingre_unit": ""
		},
		{
			"ingre_name": "밀가루",
			"ingre_count": "",
			"ingre_unit": ""
		},
		{
			"ingre_name": "참치",
			"ingre_count": "",
			"ingre_unit": ""
		},
		{
			"ingre_name": "계란",
			"ingre_count": "2",
			"ingre_unit": "알"
		},
		{
			"ingre_name": "양파",
			"ingre_count": "1/2",
			"ingre_unit": "개"
		},
		{
			"ingre_name": "당근",
			"ingre_count": "1/2",
			"ingre_unit": "개"
		},
		{
			"ingre_name": "맛살",
			"ingre_count": "1",
			"ingre_unit": "개"
		}
	],
	"sauce_list": [],
	"recipe": [
		"1. 당근, 양파, 맛살을",
		"2. 전부침에 넣을수있게 잘 다져주세요.",
		"3. 작게 잘 다져지고 나면 참치 한캔과 밀가루 두스푼, 달걀 한개와 소금간을 살짝 하구요.",
		"4. 요로코롬 잘 섞어주세요.",
		"5. 그 다음 깻잎 앞뒤로 밀가루를 묻혀주세요.",
		"6. 깻잎반쪽에 만들어둔 속을 예쁘게 올려주시구요.",
		"7. 잘 닫아주세요. 푸른 나뭇잎위에 눈이 내린거같은 예쁜 자태.",
		"8. 이제 계란을 풀어서 앞뒤로 적시고",
		"9. 기름 두른팬에 앞뒤로 잘 구워줍니다."
	],
	"recipe_img": [
		"https://recipe1.ezmember.co.kr/cache/recipe/2015/06/07/27f51faf5626411a86110d4d4f49f85a1.jpg",
		"https://recipe1.ezmember.co.kr/cache/recipe/2015/06/07/e113940af9942985bd34ba27d656a7ab1.jpg",
		"https://recipe1.ezmember.co.kr/cache/recipe/2015/06/07/c96fda83bdac3f083e87a895a2cc0abb1.jpg",
		"https://recipe1.ezmember.co.kr/cache/recipe/2015/06/07/b1cec7260ae26df236918a734b5d60c31.jpg",
		"https://recipe1.ezmember.co.kr/cache/recipe/2015/06/07/80705c229151a28b42d2a33cec69685f1.jpg",
		"https://recipe1.ezmember.co.kr/cache/recipe/2015/06/07/faf881067f17e17a13104c086e14e43f1.jpg",
		"https://recipe1.ezmember.co.kr/cache/recipe/2015/06/07/29d855ac0a5f7fdcc058fb53251793d11.jpg",
		"https://recipe1.ezmember.co.kr/cache/recipe/2015/06/07/4a8c532e0eb5352a324905729bcc2d841.jpg",
		"https://recipe1.ezmember.co.kr/cache/recipe/2015/06/07/a5886d1a6af01d5c2dad0273727fc33e1.jpg"
	],
	"tag": [
		"가공식품류, 깻잎전, 부침, 술안주, 전, 참치전"
	]
}