{
	"id": "6821497",
	"name": "오징어볶음",
	"thumbnail": "https://recipe1.ezmember.co.kr/cache/recipe/2015/06/08/d0c366f1e3350d3e78de62fc27da22871.jpg",
	"url": "https://www.10000recipe.com/recipe/6821497",
	"ingredient_ids": [
		10107,
		8386,
		8676,
		8544,
		8820
	],
	"time": "30",
	"ingre_list": [
		{
			"ingre_name": "오징어",
			"ingre_count": "2",
			"ingre_unit": "마리"
		},
		{
			"ingre_name": "당근",
			"ingre_count": "",
			"ingre_unit": ""
		},
		{
			"ingre_name": "양파",
			"ingre_count": "",
			"ingre_unit": ""
		},
		{
			"ingre_name": "부추",
			"ingre_count": "",
			"ingre_unit": ""
		},
		{
			"ingre_name": "파",
			"ingre_count": "",
			"ingre_unit": ""
		}
	],
	"sauce_list": [
		{
			"ingre_name": "고추장",
			"ingre_count": "1",
			"ingre_unit": "T"
		},
		{
			"ingre_name": "고춧가루",
			"ingre_count": "3",
			"ingre_unit": "T"
		},
		{
			"ingre_name": "간장",
			"ingre_count": "1",
			"ingre_unit": "T"
		},
		{
			"ingre_name": "굴소스",
			"ingre_count": "1",
			"ingre_unit": "T"
		},
		{
			"ingre_name": "매실액",
			"ingre_count": "2",
			"ingre_unit": "T"
		},
		{
			"ingre_name": "설탕",
			"ingre_count": "1/2",
			"ingre_unit": "T"
		},
		{
			"ingre_name": "다진마늘",
			"ingre_count": "1/2",
			"ingre_unit": "T"
		},
		{
			"ingre_name": "다진생강",
			"ingre_count": "1/4",
			"ingre_unit": "T"
		},
		{
			"ingre_name": "들기름",
			"ingre_count": "1/2",
			"ingre_unit": "T"
		},
		{
			"ingre_name": "후춧가루",
			"ingre_count": "",
			"ingre_unit": "약간"
		},
		{
			"ingre_name": "맛술",
			"ingre_count": "",
			"ingre_unit": ""
		}
	],
	"recipe": [
		"1. 당근,양파,부추를 준비해 주세요",
		"2. 분량의 재료를 섞어 양념장을 만들어 주세요",
		"3. 모든 재료를 한번에 넣고",
		"4. 반정도 볶다가 파를 넣어주시고 고추가루를 좀 더 넣어서 좀더 진하게 만들어 주세요",
		"5. 맛있는 오징어 볶음 완성입니다"
	],
	"recipe_img": [
		"https://recipe1.ezmember.co.kr/cache/recipe/2015/06/09/3ceaf95d29505504cac538ad46101ad81.jpg",
		"https://recipe1.ezmember.co.kr/cache/recipe/2015/06/09/8244968e285b72bbea3bc6dabbbe6c671.jpg",
		"https://recipe1.ezmember.co.kr/cache/recipe/2015/06/09/a359d8e1a7f6bf96d3a969a67a3d38001.jpg",
		"https://recipe1.ezmember.co.kr/cache/recipe/2015/06/09/5b00bb71a85f869c3daf9d6040802f3d1.jpg",
		"https://recipe1.ezmember.co.kr/cache/recipe/2015/06/09/a52a77388c6887f923c8e575bff2e6cb1.jpg"
	],
	"tag": [
		"오징어, 오징어볶음, 해물류"
	]
}