{
	"id": "6821828",
	"name": "자투리 채소와 함께 어묵전",
	"thumbnail": "https://recipe1.ezmember.co.kr/cache/recipe/2015/09/02/b179e626cf0757fb148ecba3c6fd46d91.jpg",
	"url": "https://www.10000recipe.com/recipe/6821828",
	"ingredient_ids": [
		10136,
		8386,
		8827,
		51822,
		8676,
		8917,
		13708,
		9457
	],
	"time": "30",
	"ingre_list": [
		{
			"ingre_name": "어묵",
			"ingre_count": "",
			"ingre_unit": ""
		},
		{
			"ingre_name": "당근",
			"ingre_count": "",
			"ingre_unit": ""
		},
		{
			"ingre_name": "파프리카",
			"ingre_count": "",
			"ingre_unit": ""
		},
		{
			"ingre_name": "청피망",
			"ingre_count": "",
			"ingre_unit": ""
		},
		{
			"ingre_name": "양파",
			"ingre_count": "",
			"ingre_unit": ""
		},
		{
			"ingre_name": "팽이버섯",
			"ingre_count": "",
			"ingre_unit": ""
		},
		{
			"ingre_name": "부침가루",
			"ingre_count": "",
			"ingre_unit": ""
		},
		{
			"ingre_name": "계란",
			"ingre_count": "",
			"ingre_unit": ""
		}
	],
	"sauce_list": [
		{
			"ingre_name": "올리브오일",
			"ingre_count": "",
			"ingre_unit": ""
		},
		{
			"ingre_name": "후추",
			"ingre_count": "",
			"ingre_unit": "약간"
		}
	],
	"recipe": [
		"1. 재료를 준비해 주시구요..",
		"2. 당근, 파프리카, 양파, 팽이버섯, 어묵을 잘게 다져주세요.",
		"3. 달걀, 부침가루를 넣어 잘 섞어 부치기 알맞은 농도로 맞춰주세요..  따로 간은 하지 않고 후추만 약간 뿌려주었어요,..",
		"4. 오일 두른 팬에 노릇하게 부쳐주기만 하면 완성입니다."
	],
	"recipe_img": [
		"https://recipe1.ezmember.co.kr/cache/recipe/2015/06/08/40ccce5db1f3f70c83fb62f577e470251.jpg",
		"https://recipe1.ezmember.co.kr/cache/recipe/2015/06/08/c19999463384d472b7aef85b6d6209201.jpg",
		"https://recipe1.ezmember.co.kr/cache/recipe/2015/06/08/50adebcdc1c6f7d034e3994ee1ee688c1.jpg",
		"https://recipe1.ezmember.co.kr/cache/recipe/2015/06/08/b85e336dfee684e2bffc4f6b39ca5d7a1.jpg"
	],
	"tag": [
		"가공식품류, 밑반찬, 부침, 부침개, 전"
	]
}