{
	"id": "6823913",
	"name": "전복조림 (전복초)",
	"thumbnail": "https://recipe1.ezmember.co.kr/cache/recipe/2015/09/02/794e89b14d0ef918826ffe1001aef11a1.jpg",
	"url": "https://www.10000recipe.com/recipe/6823913",
	"ingredient_ids": [
		9985,
		51689,
		51691
	],
	"time": "30",
	"ingre_list": [
		{
			"ingre_name": "전복",
			"ingre_count": "10",
			"ingre_unit": "마리"
		},
		{
			"ingre_name": "홍고추",
			"ingre_count": "",
			"ingre_unit": "적당량"
		},
		{
			"ingre_name": "청고추",
			"ingre_count": "",
			"ingre_unit": "적당량"
		}
	],
	"sauce_list": [
		{
			"ingre_name": "간장2+1/2큰술",
			"ingre_count": "2+1/2",
			"ingre_unit": "T"
		},
		{
			"ingre_name": "매실청",
			"ingre_count": "2",
			"ingre_unit": "T"
		},
		{
			"ingre_name": "정종",
			"ingre_count": "2",
			"ingre_unit": "T"
		},
		{
			"ingre_name": "맛술",
			"ingre_count": "1",
			"ingre_unit": "T"
		},
		{
			"ingre_name": "설탕",
			"ingre_count": "1/2",
			"ingre_unit": "T"
		},
		{
			"ingre_name": "꿀",
			"ingre_count": "1",
			"ingre_unit": "T"
		},
		{
			"ingre_name": "물",
			"ingre_count": "1/2",
			"ingre_unit": "컵"
		},
		{
			"ingre_name": "참기름",
			"ingre_count": "",
			"ingre_unit": "약간"
		},
		{
			"ingre_name": "후춧가루",
			"ingre_count": "",
			"ingre_unit": "약간"
		}
	],
	"recipe": [
		"1. 전복은 솔을 이용해 이물질을 구석 구석 깨끗하게 닦아주셔요",
		"2. 숟가락을 이용해 전복껍질에서 살을 분리하고",
		"3. 내장이 터지지않게 살살 떼어내셔요",
		"4. 내장부분을 손으로 떼어내고 전복의 이빨부분을 칼로 잘라내면 전복손질 끝",
		"5. 손질한 전복은 칼집을 내주셔요",
		"6. 간장 2큰술반에 매실청 2큰술, 정종 2큰술, 맛술 1큰술, 설탕 1/2큰술, 물 1/2컵을 넣고 홍고추 1개를 넣어 중약불에 바글바글 끓여주셔요",
		"7. 조림장이 끓어 조림장이 살짝 끈적임이 생기면전복을 먼저 넣어 양념을 끼얹어가면서 잠시 졸여주구요 중간에 내장도 넣어주는데요",
		"8. 마지막에 꿀 1큰술을 넣어주고 후추가루와 참기름을 아주 약간씩만 넣어주셔요",
		"9. 접시에 담아주면 맛있는 전복조림 완성"
	],
	"recipe_img": [
		"https://recipe1.ezmember.co.kr/cache/recipe/2015/06/13/012225ed296bbd2ccc9624509993e0cf1.jpg",
		"https://recipe1.ezmember.co.kr/cache/recipe/2015/06/13/d664a4f3636a3e5faa2336d3a21cebaf1.jpg",
		"https://recipe1.ezmember.co.kr/cache/recipe/2015/06/13/4bc4f634e355fb987255e03506fd9da11.jpg",
		"https://recipe1.ezmember.co.kr/cache/recipe/2015/06/13/cdbe0a1b0b66248dabdb9625ce2cfe321.jpg",
		"https://recipe1.ezmember.co.kr/cache/recipe/2015/06/13/d2f0f24f111094f6ceea10b9aee241541.jpg",
		"https://recipe1.ezmember.co.kr/cache/recipe/2015/06/13/a0f126482000adc7fb65dc544ac0307e1.jpg",
		"https://recipe1.ezmember.co.kr/cache/recipe/2015/06/13/32e169a9ff238b2647f21a6c8b6940261.jpg",
		"https://recipe1.ezmember.co.kr/cache/recipe/2015/06/13/d70a542d5de821e05273b5a6b9bb2a241.jpg",
		"https://recipe1.ezmember.co.kr/cache/recipe/2015/06/13/0e090f2b3f1a6f011009f610faad3c3b1.jpg"
	],
	"tag": [
		"손님접대, 조림, 해물류"
	]
}