{
	"id": "6824162",
	"name": "츄러스",
	"thumbnail": "https://recipe1.ezmember.co.kr/cache/recipe/2015/06/09/6c10f75b52afd0cf4c62ccf81c44ac4c1.jpg",
	"url": "https://www.10000recipe.com/recipe/6824162",
	"ingredient_ids": [
		51687,
		10267,
		9457,
		10230,
		51683
	],
	"time": "60",
	"ingre_list": [
		{
			"ingre_name": "박력분",
			"ingre_count": "100",
			"ingre_unit": "g"
		},
		{
			"ingre_name": "버터",
			"ingre_count": "50",
			"ingre_unit": "g"
		},
		{
			"ingre_name": "계란",
			"ingre_count": "2",
			"ingre_unit": "개"
		},
		{
			"ingre_name": "우유",
			"ingre_count": "3",
			"ingre_unit": "T"
		},
		{
			"ingre_name": "물",
			"ingre_count": "3",
			"ingre_unit": "T"
		}
	],
	"sauce_list": [
		{
			"ingre_name": "소금",
			"ingre_count": "",
			"ingre_unit": "약간"
		},
		{
			"ingre_name": "설탕",
			"ingre_count": "1/2",
			"ingre_unit": "T"
		},
		{
			"ingre_name": "튀김용식용유",
			"ingre_count": "",
			"ingre_unit": "적당량"
		},
		{
			"ingre_name": "계피가루",
			"ingre_count": "",
			"ingre_unit": "적당량"
		}
	],
	"recipe": [
		"1. 냄비에 물,우유,소금,버터,설탕을 넣고 저어가며 녹여 줍니다.",
		"2. 버터가 다 녹고 끓기 시작하면 불에서 내려 박력분을 체에 내려 섞어줍니다.",
		"3. 섞인 반죽을 1-2분간 약불에서 한덩어리가 되도록 볶아줍니다. (호화과정이라고 한답니다) 반죽을 한번 볶아주면 날밀가루 냄새가 나지 않는다고 해요",
		"4. 반죽을 볼에 담아 한 김 식힌 후 계란을 조금씩 넣어가며 휘핑기 낮은 단계로 섞어줍니다  버터의 끓인 정도와 반죽의 볶는 정도에 따라 되기가 달라질 수 있으니 계란을 넣으면서 농도를 조절해 주세요..  커스터드 농도쯤으로 되기를 조절해주시면 될 듯 해요",
		"5. 중간크기의 별깍지를 끼운 짤주머니에 반죽을 담아 10cm정도의 크기로 유산지 위에 짜줍니다. 반죽이 잘 안끊어지면 가위 사용해 끊어 주세요",
		"6. 160도 정도의 온도에서 유산지채 넣어 튀겨줍니다.  유산지는 튀겨지면서 저절로 떨어집니다. 앞뒤로 노릇하게 튀겨주세요.",
		"7. 튀겨진 츄러스는 기름기 살짝 털어 뜨거울때 설탕과 계피가루 섞인것에 고루 굴려 입혀 주면 완성"
	],
	"recipe_img": [
		"https://recipe1.ezmember.co.kr/cache/recipe/2015/06/09/11af47d4b8486371a92600c5a84eadc11.jpg",
		"https://recipe1.ezmember.co.kr/cache/recipe/2015/06/09/bba39a56496bbd054c622f8783e740ee1.jpg",
		"https://recipe1.ezmember.co.kr/cache/recipe/2015/06/09/1ad90de7ee2b8ec07a97b700a2f01b631.jpg",
		"https://recipe1.ezmember.co.kr/cache/recipe/2015/06/09/8981860218ac998a7cda3b4caa5b0d3f1.jpg",
		"https://recipe1.ezmember.co.kr/cache/recipe/2015/06/09/64654ce29cd4fad5f93bef3c3c0b8e8e1.jpg",
		"https://recipe1.ezmember.co.kr/cache/recipe/2015/06/09/c61210e7fb8379d933368d3655631b021.jpg",
		"https://recipe1.ezmember.co.kr/cache/recipe/2015/06/09/c7856aa8bba72e13f8f8cfb5f0a062961.jpg"
	],
	"tag": [
		"밀가루, 츄러스"
	]
}