{
	"id": "6824190",
	"name": "계란덮밥",
	"thumbnail": "https://recipe1.ezmember.co.kr/cache/recipe/2015/06/09/10d91202676575cc16d1d3ef1bdd580b1.jpg",
	"url": "https://www.10000recipe.com/recipe/6824190",
	"ingredient_ids": [
		8676,
		8386,
		8855,
		9457,
		8824
	],
	"time": "15",
	"ingre_list": [
		{
			"ingre_name": "양파",
			"ingre_count": "",
			"ingre_unit": ""
		},
		{
			"ingre_name": "당근",
			"ingre_count": "",
			"ingre_unit": ""
		},
		{
			"ingre_name": "애호박",
			"ingre_count": "",
			"ingre_unit": ""
		},
		{
			"ingre_name": "계란",
			"ingre_count": "2",
			"ingre_unit": "개"
		},
		{
			"ingre_name": "대파",
			"ingre_count": "",
			"ingre_unit": ""
		}
	],
	"sauce_list": [
		{
			"ingre_name": "들기름",
			"ingre_count": "1",
			"ingre_unit": "T"
		},
		{
			"ingre_name": "다진마늘",
			"ingre_count": "",
			"ingre_unit": "약간"
		},
		{
			"ingre_name": "깨",
			"ingre_count": "",
			"ingre_unit": "약간"
		},
		{
			"ingre_name": "애간장",
			"ingre_count": "3",
			"ingre_unit": "T"
		},
		{
			"ingre_name": "올리고당",
			"ingre_count": "1",
			"ingre_unit": "T"
		},
		{
			"ingre_name": "참기름",
			"ingre_count": "1",
			"ingre_unit": "T"
		},
		{
			"ingre_name": "굴소스",
			"ingre_count": "1/2",
			"ingre_unit": "T"
		},
		{
			"ingre_name": "물",
			"ingre_count": "150",
			"ingre_unit": "ml"
		}
	],
	"recipe": [
		"1. 양파,당근,애호박은 채썰어 팬에 들기름(또는 참기름)과 다진마늘약간 넣어 달달 볶아준다",
		"2. 양념장(물 150ml+,애간장3,올리고당1,참기름1,굴소스0.5)을 만들고 어느정도 야채가 익어갈때쯤 넣어 끓여준다",
		"3. 바글바글 끓어오르면 계란2개 알끈을 제거 후 풀어준다름 같이 넣고 끓여준다",
		"4. 마지막으로 대파를 송송 썰어 위에 올려준다음 계란이 어느정도 익을때까지는 절대 뒤적이지말것",
		"5. 계란이 어느정도 익는게 보인다면 그때 뒤적뒤적 해준다",
		"6. 그릇에 밥을 담고 , 계란을 얹여주면 끝"
	],
	"recipe_img": [
		"https://recipe1.ezmember.co.kr/cache/recipe/2015/06/09/ee652cef97a46cf4d80565a27aed419f1.jpg",
		"https://recipe1.ezmember.co.kr/cache/recipe/2015/06/09/d1ac6342cc303928dd6edf3446a938081.jpg",
		"https://recipe1.ezmember.co.kr/cache/recipe/2015/06/09/7604ded5df5b49def790d102a29258e81.jpg",
		"https://recipe1.ezmember.co.kr/cache/recipe/2015/06/09/d3c37f6c728b0998813d9c29d217096d1.jpg",
		"https://recipe1.ezmember.co.kr/cache/recipe/2015/06/09/3651dfcb79e39aa4f13215a3cf98872d1.jpg",
		"https://recipe1.ezmember.co.kr/cache/recipe/2015/06/09/5006675847de003b06ed4d3d299441a91.jpg"
	],
	"tag": [
		"계란, 달걀+유제품, 달걀, 덮밥, 에그"
	]
}