{
	"id": "6825191",
	"name": "새콤달콤 두부케첩조림",
	"thumbnail": "https://recipe1.ezmember.co.kr/cache/recipe/2015/06/09/0f2bd09b4ea06ef389fce67eb57affab1.jpg",
	"url": "https://www.10000recipe.com/recipe/6825191",
	"ingredient_ids": [
		8158,
		51757,
		8827,
		8676
	],
	"time": "15",
	"ingre_list": [
		{
			"ingre_name": "두부",
			"ingre_count": "1/2",
			"ingre_unit": "모"
		},
		{
			"ingre_name": "오일",
			"ingre_count": "",
			"ingre_unit": "적당량"
		},
		{
			"ingre_name": "파프리카",
			"ingre_count": "",
			"ingre_unit": ""
		},
		{
			"ingre_name": "양파",
			"ingre_count": "",
			"ingre_unit": ""
		}
	],
	"sauce_list": [
		{
			"ingre_name": "다진마늘",
			"ingre_count": "1/2",
			"ingre_unit": "T"
		},
		{
			"ingre_name": "케첩",
			"ingre_count": "1",
			"ingre_unit": "T"
		},
		{
			"ingre_name": "굴소스",
			"ingre_count": "1/2",
			"ingre_unit": "T"
		},
		{
			"ingre_name": "올리고당",
			"ingre_count": "1",
			"ingre_unit": "T"
		}
	],
	"recipe": [
		"1. 물기를 제거한 두부는 먹기좋은 크기로 썰어줍니다.",
		"2. 오일을 두르고 두부를 노릇노릇 잘 구워줍니다.",
		"3. 파프리카와 양파를 넣고 한번 더 볶아주세요.",
		"4. 다진마늘 0.5수저, 케첩 1수저, 굴소스 0.5수저 , 올리고당 1수저를 넣어줍니다.",
		"5. 소스가 잘베이도록 골고루 뒤적뒤적 볶아주면 완성."
	],
	"recipe_img": [
		"https://recipe1.ezmember.co.kr/cache/recipe/2015/06/10/d3ce7b211ada37b5222339de190fa3731.jpg",
		"https://recipe1.ezmember.co.kr/cache/recipe/2015/06/10/2c2301e37c8dee0013b5c893e68f68391.jpg",
		"https://recipe1.ezmember.co.kr/cache/recipe/2015/06/10/c54192e2e864ad0b5ba903c5a77cec721.jpg",
		"https://recipe1.ezmember.co.kr/cache/recipe/2015/06/10/1ded153c460e9e76320902d9955083731.jpg",
		"https://recipe1.ezmember.co.kr/cache/recipe/2015/06/10/cf81730ae19e0b96d3cd73ef2337add91.jpg"
	],
	"tag": [
		"두부, 두부조림, 밑반찬, 일상, 조림, 콩+견과류"
	]
}