{
	"id": "6826434",
	"name": "한그릇요리로 좋은 달걀볶음밥",
	"thumbnail": "https://recipe1.ezmember.co.kr/cache/recipe/2015/06/10/e8d661b6383d5ec94ab4ff4d72a981071.jpg",
	"url": "https://www.10000recipe.com/recipe/6826434",
	"ingredient_ids": [
		51685,
		9457,
		15272,
		8824,
		51684
	],
	"time": "15",
	"ingre_list": [
		{
			"ingre_name": "밥",
			"ingre_count": "1",
			"ingre_unit": "공기"
		},
		{
			"ingre_name": "계란",
			"ingre_count": "2",
			"ingre_unit": "개"
		},
		{
			"ingre_name": "햄",
			"ingre_count": "4",
			"ingre_unit": "장"
		},
		{
			"ingre_name": "대파",
			"ingre_count": "30",
			"ingre_unit": "g"
		},
		{
			"ingre_name": "식용유",
			"ingre_count": "2",
			"ingre_unit": "T"
		}
	],
	"sauce_list": [
		{
			"ingre_name": "간장",
			"ingre_count": "1",
			"ingre_unit": "T"
		}
	],
	"recipe": [
		"1. 햄은 2cm크기로 썰어주시고 대파는 쏭쏭 썰어주세요. 햄대신 베이컨을 사용하셔도 좋아요.",
		"2. 달걀은 잘 풀어 소금 살짝 넣어 스크램블을 만들어주세요. 스크램블은 따로 그릇에 담아주시구요.",
		"3. 달군팬에 기름을 두르고 대파를 넣어 30초 정도 향을 내주세요.",
		"4. 햄을 넣어 노릇하게 볶아주시구요.",
		"5. 밥을 넣어 볶아주세요.",
		"6. 간장을 둘러 팬에 넣어주세요.",
		"7. 스크램블을 넣어 섞어주시면 완성입니다.",
		"8. 그릇에 담고 검정깨 솔솔 뿌렸답니다."
	],
	"recipe_img": [
		"https://recipe1.ezmember.co.kr/cache/recipe/2015/06/13/ff6f3d90fa267382fd604aa1cc15dfa31.jpg",
		"https://recipe1.ezmember.co.kr/cache/recipe/2015/06/13/ed1efad3786860df9b960d8440e6dc4c1.jpg",
		"https://recipe1.ezmember.co.kr/cache/recipe/2015/06/13/61308b7f1fe46594fadd8850faee46051.jpg",
		"https://recipe1.ezmember.co.kr/cache/recipe/2015/06/13/eeb29c1d974aded609b3e7a7392935131.jpg",
		"https://recipe1.ezmember.co.kr/cache/recipe/2015/06/13/276e15ba6fc4d1abecfa98e283241fa01.jpg",
		"https://recipe1.ezmember.co.kr/cache/recipe/2015/06/13/8328323cfb6e8f0286d96c7d728163341.jpg",
		"https://recipe1.ezmember.co.kr/cache/recipe/2015/06/13/18791422ab466d0a2b315e308e4e402b1.jpg",
		"https://recipe1.ezmember.co.kr/cache/recipe/2015/06/13/7d7991d4847fdcab20fbe6af9ad119971.jpg"
	],
	"tag": [
		"계란, 달걀+유제품, 달걀, 밥+죽+떡, 밥, 볶음밥, 에그"
	]
}