{
	"id": "6826538",
	"name": "선물용으로 좋은 초코칩쿠키",
	"thumbnail": "https://recipe1.ezmember.co.kr/cache/recipe/2015/06/10/5fa04c61e4dab6a2228296f307985e811.jpg",
	"url": "https://www.10000recipe.com/recipe/6826538",
	"ingredient_ids": [
		51719,
		51729,
		9456,
		51699,
		51760
	],
	"time": "60",
	"ingre_list": [
		{
			"ingre_name": "밀가루박력분",
			"ingre_count": "130",
			"ingre_unit": "g"
		},
		{
			"ingre_name": "초코칩",
			"ingre_count": "70",
			"ingre_unit": "g"
		},
		{
			"ingre_name": "달걀",
			"ingre_count": "25",
			"ingre_unit": "g"
		},
		{
			"ingre_name": "베이킹파우더",
			"ingre_count": "2",
			"ingre_unit": "Ts"
		},
		{
			"ingre_name": "베이킹소다",
			"ingre_count": "1",
			"ingre_unit": "Ts"
		}
	],
	"sauce_list": [
		{
			"ingre_name": "버터",
			"ingre_count": "60",
			"ingre_unit": "g"
		},
		{
			"ingre_name": "설탕",
			"ingre_count": "40",
			"ingre_unit": "g"
		},
		{
			"ingre_name": "바닐라익스트랙",
			"ingre_count": "1/2",
			"ingre_unit": "Ts"
		}
	],
	"recipe": [
		"1. 실온상태의 버터를 부드럽게 풀어줍니다. 설탕을 넣고 잘 섞어주세요.",
		"2. 실온상태의 계란을 두어번 나누어 넣으면서 빠르게 섞어주시구요. 바닐라익스트랙도 섞어줍니다.",
		"3. 가루류(박력분,베이킹파우더,베이킹소다)를 체쳐 넣어주시구 초코칩도 넣어 잘 섞어주세요.",
		"4. 반죽을 25 - 26g씩 둥글게 분할해 주시구 납작하게 만들어준 후 예열한 오븐 180도에서 15분 정도 구워줍니다.오븐"
	],
	"recipe_img": [
		"https://recipe1.ezmember.co.kr/cache/recipe/2015/06/10/f7fff18dff0b06b80dbe7da62ce9f4cf1.jpg",
		"https://recipe1.ezmember.co.kr/cache/recipe/2015/06/10/69c04da10f3b3d154c634d070eb58bf61.jpg",
		"https://recipe1.ezmember.co.kr/cache/recipe/2015/06/10/4a9bdcf20bd695029664d8fb2c6aa3491.jpg",
		"https://recipe1.ezmember.co.kr/cache/recipe/2015/06/10/04b16ec600051a96ed730661dc944e091.jpg"
	],
	"tag": [
		"간식, 밀가루, 초코칩쿠키, 초코쿠키, 쿠키"
	]
}