{
	"id": "6826383",
	"name": "계란장조림",
	"thumbnail": "https://recipe1.ezmember.co.kr/cache/recipe/2015/06/10/cfa1d71eed000b9b37bd352e8a6bb8611.jpg",
	"url": "https://www.10000recipe.com/recipe/6826383",
	"ingredient_ids": [
		9457,
		51820
	],
	"time": "30",
	"ingre_list": [
		{
			"ingre_name": "계란",
			"ingre_count": "10",
			"ingre_unit": "개"
		},
		{
			"ingre_name": "꽈리고추",
			"ingre_count": "10",
			"ingre_unit": "개"
		}
	],
	"sauce_list": [
		{
			"ingre_name": "간장6+1/2큰술",
			"ingre_count": "6+1/2",
			"ingre_unit": "T"
		},
		{
			"ingre_name": "물1+1/3컵",
			"ingre_count": "1+1/3",
			"ingre_unit": "컵"
		},
		{
			"ingre_name": "맛술",
			"ingre_count": "1",
			"ingre_unit": "T"
		},
		{
			"ingre_name": "설탕",
			"ingre_count": "1",
			"ingre_unit": "T"
		},
		{
			"ingre_name": "물엿",
			"ingre_count": "1",
			"ingre_unit": "T"
		},
		{
			"ingre_name": "소금",
			"ingre_count": "1/2",
			"ingre_unit": "T"
		},
		{
			"ingre_name": "식초",
			"ingre_count": "1",
			"ingre_unit": "T"
		}
	],
	"recipe": [
		"1. 먼저 계란을 삶아주는데요... 계란삶을때 껍질이 잘까지라고 소금 1/2큰술과 식초 1큰술을 넣어주구요 물이 끓기 시작하면 1분정도 삶으면 돼요.",
		"2. 삶은 계란은 바로 찬물에 담궈 식혀주면 껍질이 매끄럽게 잘까져요~",
		"3. 꽈리고추도 꼭지를 따고 씻어서 준비했어요.",
		"4. 간장 6큰술반에 물 1컵 + 1/3컵, 맛술 1큰술, 설탕 1큰술, 물엿 1큰술을 넣고 삶은 계란을 넣어주세요.",
		"5. 골고루 색이 나도록 굴려가면서 졸여줍니다",
		"6. 계란에 간장물이 곱게 물들면 꽈리고추를 넣어 잠시만 더 졸여주면 된답니다"
	],
	"recipe_img": [
		"https://recipe1.ezmember.co.kr/cache/recipe/2015/06/13/ed1e9925d016d4e8dbc23785f55c02261.jpg",
		"https://recipe1.ezmember.co.kr/cache/recipe/2015/06/13/346f1260cf031e503316f8137f15e2f61.jpg",
		"https://recipe1.ezmember.co.kr/cache/recipe/2015/06/13/ce9eb3926e7e12130328361b3ebf0db21.jpg",
		"https://recipe1.ezmember.co.kr/cache/recipe/2015/06/13/66e294f4b511cc8e461de1ccf7db5e601.jpg",
		"https://recipe1.ezmember.co.kr/cache/recipe/2015/06/13/485b41e4b1e515a4fd369e95381bf8621.jpg",
		"https://recipe1.ezmember.co.kr/cache/recipe/2015/06/13/f759fea4d0504b9e6f498567b8e181c91.jpg"
	],
	"tag": [
		"계란, 계란장, 계란장조림, 달걀+유제품, 달걀, 에그, 장조림, 조림"
	]
}