{
	"id": "6827518",
	"name": "이쁘고 맛난 양배추쌈 ",
	"thumbnail": "https://recipe1.ezmember.co.kr/cache/recipe/2015/06/10/bda85722382329c24c54c2d4dd9a6a601.jpg",
	"url": "https://www.10000recipe.com/recipe/6827518",
	"ingredient_ids": [
		42888,
		51685,
		8823,
		8316
	],
	"time": "60",
	"ingre_list": [
		{
			"ingre_name": "양배추",
			"ingre_count": "",
			"ingre_unit": ""
		},
		{
			"ingre_name": "밥",
			"ingre_count": "",
			"ingre_unit": ""
		},
		{
			"ingre_name": "쪽파",
			"ingre_count": "",
			"ingre_unit": ""
		},
		{
			"ingre_name": "청양고추",
			"ingre_count": "",
			"ingre_unit": ""
		}
	],
	"sauce_list": [
		{
			"ingre_name": "고추장",
			"ingre_count": "2",
			"ingre_unit": "T"
		},
		{
			"ingre_name": "된장",
			"ingre_count": "1",
			"ingre_unit": "T"
		},
		{
			"ingre_name": "올리고당",
			"ingre_count": "1",
			"ingre_unit": "T"
		},
		{
			"ingre_name": "통깨",
			"ingre_count": "1/2",
			"ingre_unit": "T"
		},
		{
			"ingre_name": "참기름",
			"ingre_count": "1",
			"ingre_unit": "T"
		},
		{
			"ingre_name": "다진마늘",
			"ingre_count": "1/2",
			"ingre_unit": "T"
		}
	],
	"recipe": [
		"1. 양배추 1/4통 준비했어요. 양배추는 요렇게 딱딱한 심지는 잘라주시구요.",
		"2. 잎을 하나하나 떼어줍니다. 겉에 있는 양배추잎만 사용하고 속에 있는 노란 양배추잎은 샐러드로 사용하심 됩니다.",
		"3. 양배추 겉잎을 흐르는 물에 씻고 쪄주시면 되는데요. 너무 오래 찌지 마시고 양배추가 살짝 투명할 정도로만 쪄주시면 됩니다. 그래야 물르지도 않고 아삭하니 맛나요.",
		"4. 양배추 겉잎이 아주 적당히 쪄졌네요. 좀 식혔다가 싸주시면 됩니다",
		"5. 양배추 잎이 식는동안 양념장을 만들어볼게요. 고추장 2스푼, 된장 1스푼, 올리고당 1스푼, 통깨 반스푼, 참기름 1스푼, 다진마늘 반스푼, 쪽파, 청양고추 쫑쫑 썰어서 넣고 골고루 섞어주시면 완성입니다.",
		"6. 밥도 미리해서 식혀 놓았구요.",
		"7. 양배추잎을 나무도마 위에 올리고 그 위에 밥을 반만 올려서 펴주세요.",
		"8. 그리고 돌돌 말아주시면 양배추 쌈밥 완성 입니다.",
		"9. 다 만들어진 양배추 쌈밥을 칼로 썰어볼게요. 요렇게 삼등분 하니까 한입 크기더라구요.",
		"10. 한입크기의 양배추쌈밥을 완성접시에 올리고",
		"11. 만들어놓은 양념장을 양배추 쌈밥 위에 올려주면 완성입니다."
	],
	"recipe_img": [
		"https://recipe1.ezmember.co.kr/cache/recipe/2015/06/12/f3eb4fd899754cc8d2b689b2392cc37a1.jpg",
		"https://recipe1.ezmember.co.kr/cache/recipe/2015/06/12/360716dbc66bbd9734fde214b840364c1.jpg",
		"https://recipe1.ezmember.co.kr/cache/recipe/2015/06/12/d98024a47cc01e9998ade8a7ebdcd7071.jpg",
		"https://recipe1.ezmember.co.kr/cache/recipe/2015/06/12/a80b75d48c7c1a4fd067cc35b4bf6b721.jpg",
		"https://recipe1.ezmember.co.kr/cache/recipe/2015/06/12/ca4575bc5621f6bede9e5c59443d81531.jpg",
		"https://recipe1.ezmember.co.kr/cache/recipe/2015/06/12/928aa83344cada1bbc6cc3e5186658cb1.jpg",
		"https://recipe1.ezmember.co.kr/cache/recipe/2015/06/12/1a6e45322be39b1d43d858a38f19869a1.jpg",
		"https://recipe1.ezmember.co.kr/cache/recipe/2015/06/12/806364b6a35017843e9fdcb2556dc5501.jpg",
		"https://recipe1.ezmember.co.kr/cache/recipe/2015/06/12/6b7631131cb069f73fac919d11001ffa1.jpg",
		"https://recipe1.ezmember.co.kr/cache/recipe/2015/06/12/5c330191d1db6629247a55319d037d811.jpg",
		"https://recipe1.ezmember.co.kr/cache/recipe/2015/06/12/37f3dff1266a94570389f2e60f521cd71.jpg"
	],
	"tag": [
		"다이어트, 데치기, 메인반찬, 쌈, 양배추쌈, 채소류"
	]
}