{
	"id": "6828904",
	"name": "두툼한 부추달걀말이",
	"thumbnail": "https://recipe1.ezmember.co.kr/cache/recipe/2015/06/13/6525ce6703447c581bf189c1ec4afd4d1.jpg",
	"url": "https://www.10000recipe.com/recipe/6828904",
	"ingredient_ids": [
		9456,
		51683,
		8544,
		51757
	],
	"time": "30",
	"ingre_list": [
		{
			"ingre_name": "달걀",
			"ingre_count": "3",
			"ingre_unit": "개"
		},
		{
			"ingre_name": "물",
			"ingre_count": "3",
			"ingre_unit": "T"
		},
		{
			"ingre_name": "부추",
			"ingre_count": "1",
			"ingre_unit": "줌"
		},
		{
			"ingre_name": "오일",
			"ingre_count": "",
			"ingre_unit": "적당히"
		}
	],
	"sauce_list": [
		{
			"ingre_name": "새우젓",
			"ingre_count": "",
			"ingre_unit": "약간"
		},
		{
			"ingre_name": "식초",
			"ingre_count": "1~2방울",
			"ingre_unit": "방울"
		},
		{
			"ingre_name": "참기름",
			"ingre_count": "1~2방울",
			"ingre_unit": "방울"
		}
	],
	"recipe": [
		"1. 부추는 잘게 썰고 달걀, 물, 새우젓, 참기름 등을 볼에 담는다.",
		"2. 젓가락이나 거품기로 잘 풀어준다.",
		"3. 팬이 달궈지면 불을 약불로 낮추고 오일을 붓고 달걀물을 반만 부어 익힌다. 오일을 부은 후 키친타월로 팬 전체를 코팅하듯 닦아준다.",
		"4. 달걀이 익기 시작하면 달걀말이를 하면서 팬 위쪽으로 달걀말이를 올려준 후 남은 달걀물을 붓고 마지막까지 말이를 해준다. 달걀물을 2-3회에 걸쳐 부어가며 말아주면 실패를 만회할 기회가 그만큼 늘어나는 것이니 한번에 다 붓고 말 생각은 하지 마시길",
		"5. 달걀말이가 다 끝나도 바로 꺼내지 말고 좀 잔열에 좀 더 놔둬야 속까지 잘 익는다.",
		"6. 달걀말이가 완전히 식었을 때 썰어야 모양이 흐트러지지 않게 잘 썰린다."
	],
	"recipe_img": [
		"https://recipe1.ezmember.co.kr/cache/recipe/2015/06/16/d80a9ecb22b225a4c89c8e238a94aa7f1.jpg",
		"https://recipe1.ezmember.co.kr/cache/recipe/2015/06/16/8dad625367d1e0212ac7e746a28ba3fb1.jpg",
		"https://recipe1.ezmember.co.kr/cache/recipe/2015/06/16/0be2ae334a705cc627e98549ba352d301.jpg",
		"https://recipe1.ezmember.co.kr/cache/recipe/2015/06/16/9f385f7d31476d3a18c8541906218f941.jpg",
		"https://recipe1.ezmember.co.kr/cache/recipe/2015/06/16/8851b037ec4166c7b5be6d87208bdbf91.jpg",
		"https://recipe1.ezmember.co.kr/cache/recipe/2015/06/16/13f5b3e20f637c23d48c41dad40329591.jpg"
	],
	"tag": [
		"계란, 달걀+유제품, 달걀, 달걀말이, 말이, 부침, 에그"
	]
}