{
	"id": "6828701",
	"name": "콩나물 불고기",
	"thumbnail": "https://recipe1.ezmember.co.kr/cache/recipe/2015/06/11/ef472570eb8b1b0ba9e942bf966c61f91.jpg",
	"url": "https://www.10000recipe.com/recipe/6828701",
	"ingredient_ids": [
		51709,
		8792,
		51811,
		8676
	],
	"time": "60",
	"ingre_list": [
		{
			"ingre_name": "대패삼겹살",
			"ingre_count": "1",
			"ingre_unit": "팩"
		},
		{
			"ingre_name": "콩나물",
			"ingre_count": "",
			"ingre_unit": ""
		},
		{
			"ingre_name": "파채",
			"ingre_count": "",
			"ingre_unit": ""
		},
		{
			"ingre_name": "양파",
			"ingre_count": "",
			"ingre_unit": ""
		}
	],
	"sauce_list": [
		{
			"ingre_name": "고추장",
			"ingre_count": "2",
			"ingre_unit": "T"
		},
		{
			"ingre_name": "고춧가루",
			"ingre_count": "3",
			"ingre_unit": "T"
		},
		{
			"ingre_name": "간장",
			"ingre_count": "3",
			"ingre_unit": "T"
		},
		{
			"ingre_name": "매실액",
			"ingre_count": "2",
			"ingre_unit": "T"
		},
		{
			"ingre_name": "올리고당",
			"ingre_count": "1",
			"ingre_unit": "T"
		},
		{
			"ingre_name": "청주",
			"ingre_count": "1",
			"ingre_unit": "T"
		},
		{
			"ingre_name": "후춧가루",
			"ingre_count": "",
			"ingre_unit": ""
		},
		{
			"ingre_name": "다진마늘",
			"ingre_count": "",
			"ingre_unit": ""
		},
		{
			"ingre_name": "생강가루",
			"ingre_count": "",
			"ingre_unit": ""
		}
	],
	"recipe": [
		"1. 콩나물 깔고 위에 대패삽겹살 올려주세요.",
		"2. 파채도 물에 한번 헹궈준뒤에 물기 빼고 올려주었어요.",
		"3. 양념장 재료 다 넣고 만들어주었어요.",
		"4. 모든 양념은 요렇게 미리 만들어서 숙성시켜 만들어서 먹는게 더 맛나다고 하네용",
		"5. 양념장 듬뿍 넣어주었어요",
		"6. 완성이랍니다."
	],
	"recipe_img": [
		"https://recipe1.ezmember.co.kr/cache/recipe/2015/06/12/72388dd65987a7b840cf2966040e65621.jpg",
		"https://recipe1.ezmember.co.kr/cache/recipe/2015/06/12/7d0afc8a8d6b7355e3a0bb6896a9bb991.jpg",
		"https://recipe1.ezmember.co.kr/cache/recipe/2015/06/12/c0a08b581f9c8739f242862c4c45ea261.jpg",
		"https://recipe1.ezmember.co.kr/cache/recipe/2015/06/12/3de04de5b87a15cab5b7c779604dec151.jpg",
		"https://recipe1.ezmember.co.kr/cache/recipe/2015/06/12/92016297ccbe06921a62f813bdec77a31.jpg",
		"https://recipe1.ezmember.co.kr/cache/recipe/2015/06/12/c7f6a74fc71505272f073ec6752e6ffa1.jpg"
	],
	"tag": [
		"나물, 메인반찬, 볶음, 불고기, 손님접대, 육류, 콩나물불고기"
	]
}