{
	"id": "6828884",
	"name": "아이랑 먹기좋은 삼치간장조림",
	"thumbnail": "https://recipe1.ezmember.co.kr/cache/recipe/2015/06/13/203565901f4924687088994a71807b191.jpg",
	"url": "https://www.10000recipe.com/recipe/6828884",
	"ingredient_ids": [
		11584,
		8676,
		8820
	],
	"time": "30",
	"ingre_list": [
		{
			"ingre_name": "삼치",
			"ingre_count": "2",
			"ingre_unit": "마리"
		},
		{
			"ingre_name": "양파",
			"ingre_count": "1/2",
			"ingre_unit": "개"
		},
		{
			"ingre_name": "파",
			"ingre_count": "1",
			"ingre_unit": "뿌리"
		}
	],
	"sauce_list": [
		{
			"ingre_name": "마늘가루",
			"ingre_count": "",
			"ingre_unit": "약간"
		},
		{
			"ingre_name": "생강가루",
			"ingre_count": "",
			"ingre_unit": "약간"
		},
		{
			"ingre_name": "올리브유",
			"ingre_count": "",
			"ingre_unit": "약간"
		},
		{
			"ingre_name": "소금",
			"ingre_count": "",
			"ingre_unit": "약간"
		},
		{
			"ingre_name": "후추",
			"ingre_count": "",
			"ingre_unit": "약간"
		},
		{
			"ingre_name": "간장",
			"ingre_count": "7",
			"ingre_unit": "숟가락"
		},
		{
			"ingre_name": "청주혹은소주",
			"ingre_count": "3",
			"ingre_unit": "숟가락"
		},
		{
			"ingre_name": "설탕",
			"ingre_count": "1",
			"ingre_unit": "숟가락"
		},
		{
			"ingre_name": "마늘",
			"ingre_count": "1",
			"ingre_unit": "숟가락"
		},
		{
			"ingre_name": "물",
			"ingre_count": "4",
			"ingre_unit": "숟가락"
		}
	],
	"recipe": [
		"1. 삼치는 깨끗하게 씻어서 밑간을 해둡니다 우선  소금약간후추.생강가루.마늘가루뿌려서  조금 절여둔다",
		"2. 후라이팬에 올리브유를 두르고 살짝 구워줍니다",
		"3. 삼치를 구운뒤에 소스를 만들어줍니다 소스는 간장(8t).청주혹은소주(3t).설탕(1t).마늘(1t).물 넣고 끓여주면 됩니다",
		"4. 그리고  그동안 파.양파썰어놓고 고추넣으면 더 맛있지만 아이랑 먹을꺼라서  파.양파만 썰었음",
		"5. 구워놓은 생선을 끓는 양념장에넣고 같이 졸이다가 양파넣고 더 졸인뒤",
		"6. 마지막으로 파넣고  살짝 더 졸이면 삼치간장조림 끝"
	],
	"recipe_img": [
		"https://recipe1.ezmember.co.kr/cache/recipe/2015/06/13/ff401ed60da25bc3f67dcef6c7ca49fb1.jpg",
		"https://recipe1.ezmember.co.kr/cache/recipe/2015/06/13/bb5837ade5090e7ca8ed55ce1acba1191.jpg",
		"https://recipe1.ezmember.co.kr/cache/recipe/2015/06/13/1ac8897eaae44463180906720abccc7b1.jpg",
		"https://recipe1.ezmember.co.kr/cache/recipe/2015/06/13/db40a5f3299ef3c06c0b8872c6e9d7e71.jpg",
		"https://recipe1.ezmember.co.kr/cache/recipe/2015/06/13/ac6698737f3d410652edd391f978b4381.jpg",
		"https://recipe1.ezmember.co.kr/cache/recipe/2015/06/13/e62f34b05d96619c0a79d453bd7945fc1.jpg"
	],
	"tag": [
		"메인반찬, 삼치조림, 장조림, 조림, 해물류"
	]
}