{
	"id": "6828882",
	"name": "야채참치죽",
	"thumbnail": "https://recipe1.ezmember.co.kr/cache/recipe/2015/06/12/c2726087a9bc24dd33df6ad2500a82711.jpg",
	"url": "https://www.10000recipe.com/recipe/6828882",
	"ingredient_ids": [
		8386,
		8855,
		18025,
		51683,
		51685,
		51722
	],
	"time": "30",
	"ingre_list": [
		{
			"ingre_name": "당근",
			"ingre_count": "1/2",
			"ingre_unit": "개"
		},
		{
			"ingre_name": "애호박",
			"ingre_count": "1/2",
			"ingre_unit": "개"
		},
		{
			"ingre_name": "참치",
			"ingre_count": "1",
			"ingre_unit": "캔"
		},
		{
			"ingre_name": "물",
			"ingre_count": "15",
			"ingre_unit": "컵"
		},
		{
			"ingre_name": "밥",
			"ingre_count": "2",
			"ingre_unit": "공기"
		},
		{
			"ingre_name": "김가루",
			"ingre_count": "",
			"ingre_unit": "조금"
		}
	],
	"sauce_list": [
		{
			"ingre_name": "국간장",
			"ingre_count": "2",
			"ingre_unit": "T"
		},
		{
			"ingre_name": "참기름",
			"ingre_count": "2",
			"ingre_unit": "T"
		}
	],
	"recipe": [
		"1. 달군 후라이팬에 참기름을 두르고 손질한 당근->호박 순서로 볶은 후 밥과 함께 볶아주세요.",
		"2. 야채와 밥을 볶는 동안 참치의 기름을 빼주세요.",
		"3. 볶은밥에 물(밥이 물에 잠길정도)을 넣고 센불로 조리하다 끓기시작하면 중불로 줄이고 쫄기 시작하면 물을 계속 넣어주세요.",
		"4. 20분 가량 국자로 누르며 휘져은 후 기름 뺀 참치를 넣어주세요.",
		"5. 5분가량 계속 누르듯 원을 그리며 휘져으며 끓이다가 국간장 2T를 넣고 5분 더 끓여 마무리해주세요."
	],
	"recipe_img": [
		"https://recipe1.ezmember.co.kr/cache/recipe/2015/06/13/60c58ec5c95e36ae5d378fd9ccd07b971.jpg",
		"https://recipe1.ezmember.co.kr/cache/recipe/2015/06/13/cde04a39014a43ab17f02a0905f550c61.jpg",
		"https://recipe1.ezmember.co.kr/cache/recipe/2015/06/13/30ce535163331cc92a34f135e720c37c1.jpg",
		"https://recipe1.ezmember.co.kr/cache/recipe/2015/06/13/c74bfdd0b78da80ff46fdfd51e7c0c471.jpg",
		"https://recipe1.ezmember.co.kr/cache/recipe/2015/06/13/7c4c2bfa7adfa0d09e3fdaafb5818bda1.jpg"
	],
	"tag": [
		"끓이기, 밥+죽+떡, 야채죽, 영양식, 죽, 채소류"
	]
}