{
	"id": "6828161",
	"name": "볶음밥",
	"thumbnail": "https://recipe1.ezmember.co.kr/cache/recipe/2015/06/10/60ca45f30aa951a5416fb2baa1643db81.jpg",
	"url": "https://www.10000recipe.com/recipe/6828161",
	"ingredient_ids": [
		9456,
		8824,
		9298
	],
	"time": "15",
	"ingre_list": [
		{
			"ingre_name": "달걀",
			"ingre_count": "3",
			"ingre_unit": "개"
		},
		{
			"ingre_name": "대파",
			"ingre_count": "1",
			"ingre_unit": "대"
		},
		{
			"ingre_name": "베이컨",
			"ingre_count": "",
			"ingre_unit": ""
		}
	],
	"sauce_list": [
		{
			"ingre_name": "간장",
			"ingre_count": "1",
			"ingre_unit": "T"
		},
		{
			"ingre_name": "굴소스",
			"ingre_count": "1/2",
			"ingre_unit": "T"
		}
	],
	"recipe": [
		"1. 계란 3개는 풀어서 준비해주세요.",
		"2. 파는 송송 썰어줍니다. 베이컨도 먹기 좋은 크기로 썰어주세요.",
		"3. 푼 계란을 스크램블로 만들어주세요.",
		"4. 달군팬에 기름으 두르고 파를 볶다가 파향이 올라오면 베이컨을 넣고 볶아요.",
		"5. 볶은 재료 옆에 간장 1스푼과 굴소스 반스푼을 넣고 밥을 넣고 볶아줍니다. 마지막으로 계란을 넣고 섞습니다."
	],
	"recipe_img": [
		"https://recipe1.ezmember.co.kr/cache/recipe/2015/06/10/0f5c34fb0800ca1b53cfdfca1d3bda091.jpg",
		"https://recipe1.ezmember.co.kr/cache/recipe/2015/06/10/a1c1193af54b3382c0d9d5794ace0fdf1.jpg",
		"https://recipe1.ezmember.co.kr/cache/recipe/2015/06/10/32dd02501a3fc70fe3705996b9957cc51.jpg",
		"https://recipe1.ezmember.co.kr/cache/recipe/2015/06/10/c5b347e9ef4fe5eeda5a769422ddf0591.jpg",
		"https://recipe1.ezmember.co.kr/cache/recipe/2015/06/10/bfa0ac09d1e7f38e7c2794c66e13eb361.jpg"
	],
	"tag": [
		"밥, 볶음밥, 쌀"
	]
}