{
	"id": "6828945",
	"name": "오징어 콩나물 굴소스볶음 ",
	"thumbnail": "https://recipe1.ezmember.co.kr/cache/recipe/2015/06/14/752344d72735cf3f4d27d057c301ab2d1.jpg",
	"url": "https://www.10000recipe.com/recipe/6828945",
	"ingredient_ids": [
		10107,
		8792,
		8676,
		8386,
		8824,
		51691,
		51689
	],
	"time": "30",
	"ingre_list": [
		{
			"ingre_name": "오징어",
			"ingre_count": "1",
			"ingre_unit": "마리"
		},
		{
			"ingre_name": "콩나물",
			"ingre_count": "300",
			"ingre_unit": "g"
		},
		{
			"ingre_name": "양파",
			"ingre_count": "1",
			"ingre_unit": "개"
		},
		{
			"ingre_name": "당근",
			"ingre_count": "",
			"ingre_unit": "조금"
		},
		{
			"ingre_name": "대파",
			"ingre_count": "1",
			"ingre_unit": "개"
		},
		{
			"ingre_name": "청고추",
			"ingre_count": "",
			"ingre_unit": ""
		},
		{
			"ingre_name": "홍고추",
			"ingre_count": "",
			"ingre_unit": ""
		}
	],
	"sauce_list": [
		{
			"ingre_name": "굴소스",
			"ingre_count": "2",
			"ingre_unit": "T"
		},
		{
			"ingre_name": "다진마늘",
			"ingre_count": "1/2",
			"ingre_unit": "T"
		},
		{
			"ingre_name": "물",
			"ingre_count": "1/3",
			"ingre_unit": "C"
		},
		{
			"ingre_name": "소금",
			"ingre_count": "",
			"ingre_unit": "약간"
		},
		{
			"ingre_name": "레드페퍼",
			"ingre_count": "1/2",
			"ingre_unit": "T"
		},
		{
			"ingre_name": "통깨",
			"ingre_count": "",
			"ingre_unit": "조금"
		}
	],
	"recipe": [
		"1. 양파는 채썰고 대파, 고추는 어슷하게 썹니다. 당근은 채썰어도 되구 나박하게 썰어두 되구요.",
		"2. 콩나물은 씻어서 머리를 떼주었어요.",
		"3. 오징어는 손질해서 한입크기로 잘라주었어요.",
		"4. 후라이팬에 기름을 두르고 야채를 볶아주세요.",
		"5. 콩나물, 다진마늘, 물, 소금 약간을 넣고 볶아주세요.",
		"6. 센불에서 오징어와 레드페퍼를 넣고 굴소스를 넣어주세요",
		"7. 대파, 고추를 넣어 계속 센불에서 볶아주세요. 오징어는 센불에서 빠른시간에 볶아내야 질겨지지 않아요.",
		"8. 접시에 담아내고 통깨를 솔솔 뿌려주면 푸짐하고 맛깔스런 오징어 콩나물 볶음이 완성이예요."
	],
	"recipe_img": [
		"https://recipe1.ezmember.co.kr/cache/recipe/2015/06/16/583e5d0d201ef633fd8c8c500ffd10e61.jpg",
		"https://recipe1.ezmember.co.kr/cache/recipe/2015/06/16/87f9b9cc762c060d8ab0c5e3fbd8649c1.jpg",
		"https://recipe1.ezmember.co.kr/cache/recipe/2015/06/16/db1a10482471ed39d31adfab79a02c6e1.jpg",
		"https://recipe1.ezmember.co.kr/cache/recipe/2015/06/16/a0a505a9a5b09514dd626c5d216302bf1.jpg",
		"https://recipe1.ezmember.co.kr/cache/recipe/2015/06/16/4e92b5a0c3239a6fc15aa98840f466071.jpg",
		"https://recipe1.ezmember.co.kr/cache/recipe/2015/06/16/37ff6a6f4073e65278a96be1d98ff1ec1.jpg",
		"https://recipe1.ezmember.co.kr/cache/recipe/2015/06/16/c0fdfc63dc8cc50d9a92ee0e6fe246c01.jpg",
		"https://recipe1.ezmember.co.kr/cache/recipe/2015/06/16/68cfc158a60f39f436ec30d03b5b32c91.jpg"
	],
	"tag": [
		"나물, 메인반찬, 볶음, 소스, 오징어, 오징어볶음, 해물류"
	]
}