{
	"id": "6828810",
	"name": "버섯 어묵볶음",
	"thumbnail": "https://recipe1.ezmember.co.kr/cache/recipe/2015/06/11/cb674807a6ea1a4e35b79561fa40de541.jpg",
	"url": "https://www.10000recipe.com/recipe/6828810",
	"ingredient_ids": [
		51727,
		8913,
		8676,
		8316
	],
	"time": "15",
	"ingre_list": [
		{
			"ingre_name": "사각어묵",
			"ingre_count": "150",
			"ingre_unit": "g"
		},
		{
			"ingre_name": "새송이버섯",
			"ingre_count": "3",
			"ingre_unit": "개"
		},
		{
			"ingre_name": "양파",
			"ingre_count": "1/4",
			"ingre_unit": "개"
		},
		{
			"ingre_name": "청양고추",
			"ingre_count": "2",
			"ingre_unit": "개"
		}
	],
	"sauce_list": [
		{
			"ingre_name": "다진마늘",
			"ingre_count": "1",
			"ingre_unit": "T"
		},
		{
			"ingre_name": "간장",
			"ingre_count": "2",
			"ingre_unit": "T"
		},
		{
			"ingre_name": "생강술",
			"ingre_count": "1",
			"ingre_unit": "T"
		},
		{
			"ingre_name": "참기름",
			"ingre_count": "1",
			"ingre_unit": "T"
		},
		{
			"ingre_name": "조청",
			"ingre_count": "1",
			"ingre_unit": "T"
		},
		{
			"ingre_name": "후추",
			"ingre_count": "",
			"ingre_unit": "약간"
		},
		{
			"ingre_name": "통깨",
			"ingre_count": "1/2",
			"ingre_unit": "T"
		}
	],
	"recipe": [
		"1. 새송이 버섯은 채썰어서 준비합니다.",
		"2. 그리고 어묵도 버섯이랑 비슷한 길이로 채썰어줍니다.",
		"3. 달군 팬에 오일을 둘러준 후 다진마늘과 채썬 양파를 먼저 볶아 마늘과 양파 향을 내어준 후 어묵부터 넣고 달달 볶아줍니다.",
		"4. 어묵을 1분정도 볶고 채썬 새송이버섯과 송송썬 청양고추를 넣고 볶아줍니다.",
		"5. 간장, 생강술, 참기름, 후추, 조청을 넣고 볶아줍니다. 잘 볶아주다가 불끄고 통깨 휘릭 뿌려내면 완성입니다."
	],
	"recipe_img": [
		"https://recipe1.ezmember.co.kr/cache/recipe/2015/06/12/1e3079d6e4e29f220dd24856463cac181.jpg",
		"https://recipe1.ezmember.co.kr/cache/recipe/2015/06/12/1adfc3b90aa4b68ba3d8db3df87e4cb71.jpg",
		"https://recipe1.ezmember.co.kr/cache/recipe/2015/06/12/59cb66a7b48635900e4951cf3cb4a0a31.jpg",
		"https://recipe1.ezmember.co.kr/cache/recipe/2015/06/12/a65f163c2a56576bdfe7563e2c9e821e1.jpg",
		"https://recipe1.ezmember.co.kr/cache/recipe/2015/06/12/2152eaa979e5eb637ce4fc06f1b4b6fe1.jpg"
	],
	"tag": [
		"버섯, 버섯류, 버섯볶음, 어묵볶음"
	]
}