{
	"id": "6828811",
	"name": "매콤 비빔국수",
	"thumbnail": "https://recipe1.ezmember.co.kr/cache/recipe/2015/06/11/80fe92a291da3ac22b53272a1f84bbce1.jpg",
	"url": "https://www.10000recipe.com/recipe/6828811",
	"ingredient_ids": [
		7851
	],
	"time": "30",
	"ingre_list": [
		{
			"ingre_name": "국수",
			"ingre_count": "",
			"ingre_unit": ""
		}
	],
	"sauce_list": [
		{
			"ingre_name": "고추장",
			"ingre_count": "7",
			"ingre_unit": "T"
		},
		{
			"ingre_name": "고추가루",
			"ingre_count": "1",
			"ingre_unit": "T"
		},
		{
			"ingre_name": "간장",
			"ingre_count": "2",
			"ingre_unit": "T"
		},
		{
			"ingre_name": "식초",
			"ingre_count": "6",
			"ingre_unit": "T"
		},
		{
			"ingre_name": "설탕",
			"ingre_count": "4.",
			"ingre_unit": "T"
		},
		{
			"ingre_name": "물엿",
			"ingre_count": "2",
			"ingre_unit": "T"
		},
		{
			"ingre_name": "다진대파",
			"ingre_count": "2",
			"ingre_unit": "T"
		},
		{
			"ingre_name": "다진마늘",
			"ingre_count": "1",
			"ingre_unit": "T"
		},
		{
			"ingre_name": "깨소금",
			"ingre_count": "1",
			"ingre_unit": "T"
		},
		{
			"ingre_name": "사이다",
			"ingre_count": "3",
			"ingre_unit": "T"
		},
		{
			"ingre_name": "참기름",
			"ingre_count": "1",
			"ingre_unit": "T"
		}
	],
	"recipe": [
		"1. 양념장은 미리 만들어 놓고 숙성 시켜 놓습니다. 최소 드시기전 30분 전에는 만들어 두시는게 좋답니다",
		"2. 국수면은 끓는 물에 저어가며 삶다 끓어오를때마다 두 어번 물 한컵씩 부어 가며 삶아줍니다. 찬물에 여러번 비비고 치대가며 씻어줘야 쫄깃하고 탱글한 면발을 만날 수 있습니다.",
		"3. 양념장에 쓱쓱 비벼 오이,당근,달걀 얹어주면 끝~"
	],
	"recipe_img": [
		"https://recipe1.ezmember.co.kr/cache/recipe/2015/06/12/684bf752634f088636a91646f9132a861.jpg",
		"https://recipe1.ezmember.co.kr/cache/recipe/2015/06/12/052d0ac744ff5d1ce3835bf1b437579b1.jpg",
		"https://recipe1.ezmember.co.kr/cache/recipe/2015/06/12/c16c771e30cd7254fe7592352393d7c91.jpg"
	],
	"tag": [
		"국수, 면+만두, 비빔, 비빔국수"
	]
}