{
	"id": "6828565",
	"name": "여름반찬 오이맛살초무침",
	"thumbnail": "https://recipe1.ezmember.co.kr/cache/recipe/2015/06/12/6a4f058e9f5532cd6db43a338c35c37d.jpg",
	"url": "https://www.10000recipe.com/recipe/6828565",
	"ingredient_ids": [
		8710,
		51745,
		8917
	],
	"time": "15",
	"ingre_list": [
		{
			"ingre_name": "오이",
			"ingre_count": "1",
			"ingre_unit": "개"
		},
		{
			"ingre_name": "맛살",
			"ingre_count": "3",
			"ingre_unit": "개"
		},
		{
			"ingre_name": "팽이버섯",
			"ingre_count": "1/2",
			"ingre_unit": "봉"
		}
	],
	"sauce_list": [
		{
			"ingre_name": "소금",
			"ingre_count": "1/2",
			"ingre_unit": "작은술"
		},
		{
			"ingre_name": "식초",
			"ingre_count": "4",
			"ingre_unit": "T"
		},
		{
			"ingre_name": "설탕",
			"ingre_count": "2",
			"ingre_unit": "T"
		},
		{
			"ingre_name": "참기름",
			"ingre_count": "2",
			"ingre_unit": "T"
		},
		{
			"ingre_name": "깨소금",
			"ingre_count": "1",
			"ingre_unit": "T"
		}
	],
	"recipe": [
		"1. 오이는 씻어 돌려깍아 채썰어 줍니다. 맛살은 3등분해서 결대로 찢고 팽이버섯은 씻어 물기를 빼서 밑둥을 잘라냅니다.",
		"2. 볼에 손질한 재료를 담아줍니다.",
		"3. 양념을 넣어 무쳐주면 완성입니다."
	],
	"recipe_img": [
		"https://recipe1.ezmember.co.kr/cache/recipe/2015/06/12/2fa094d4856bcc7006be8cd5ec54e4b51.jpg",
		"https://recipe1.ezmember.co.kr/cache/recipe/2015/06/12/f9a64d5dea8afcb53577379df22b886f1.jpg",
		"https://recipe1.ezmember.co.kr/cache/recipe/2015/06/12/8ca194a027b417152436b5795a9fb50a1.jpg"
	],
	"tag": [
		"무침, 오이무침"
	]
}