{
	"id": "6829065",
	"name": "오독오독 씹히는 맛이 개운한 오이지무침",
	"thumbnail": "https://recipe1.ezmember.co.kr/cache/recipe/2015/06/17/e6ce0409d932672b78507641a66488de1.jpg",
	"url": "https://www.10000recipe.com/recipe/6829065",
	"ingredient_ids": [
		8715
	],
	"time": "10",
	"ingre_list": [
		{
			"ingre_name": "오이지",
			"ingre_count": "4",
			"ingre_unit": "개"
		}
	],
	"sauce_list": [
		{
			"ingre_name": "고춧가루1+1/2큰술",
			"ingre_count": "1+1/2",
			"ingre_unit": "T"
		},
		{
			"ingre_name": "매실청",
			"ingre_count": "2",
			"ingre_unit": "T"
		},
		{
			"ingre_name": "다진마늘",
			"ingre_count": "2/3",
			"ingre_unit": "T"
		},
		{
			"ingre_name": "참기름",
			"ingre_count": "1/2",
			"ingre_unit": "T"
		},
		{
			"ingre_name": "통깨",
			"ingre_count": "1/2",
			"ingre_unit": "T"
		},
		{
			"ingre_name": "송송썬대파",
			"ingre_count": "",
			"ingre_unit": "약간"
		}
	],
	"recipe": [
		"1. 오이지를 납작하게 썰어서 찬물에 잠깐 약 5분정도 담궈 소금기를 좀 빼주세요. 시간은 오이지 간의 세기에 따라 가감 하셔야 될거 같지요.",
		"2. 오이지를 깨끗하게 씻은 양파망에 담아 물기를 꼭 짜서 준비합니다. 요 양파망 하나 챙겨두니 요럴때 아주 요긴하게 쓰이네요. 면보자기보다 물기 제거가 더 쉽답니다. 요래 짜줘야 꼬들꼬들 하니 무쳤을때 맛있어요.",
		"3. 오이지를 큰 그릇에 담고 분량의 재료들을 모두 넣어주세요.",
		"4. 조물조물 조금은 강도있게 골고루 무쳐줍니다."
	],
	"recipe_img": [
		"https://recipe1.ezmember.co.kr/cache/recipe/2015/06/18/ec11c301b767180be79e1a68dd7ff3ca1.jpg",
		"https://recipe1.ezmember.co.kr/cache/recipe/2015/06/18/5096b15c77fe3b8698c883ce1f7fd7001.jpg",
		"https://recipe1.ezmember.co.kr/cache/recipe/2015/06/18/5bc6719af4c43599f91d98b27f1421491.jpg",
		"https://recipe1.ezmember.co.kr/cache/recipe/2015/06/18/60b272928e4b9c4bbeea48279bd570e41.jpg"
	],
	"tag": [
		"무침, 오이무침, 오이지, 오이지무침"
	]
}