{
	"id": "6829144",
	"name": "고소한 베이컨 갈릭 콘치즈 만들기",
	"thumbnail": "https://recipe1.ezmember.co.kr/cache/recipe/2015/06/18/c27ba62d24ce46afc05b553261f327591.jpg",
	"url": "https://www.10000recipe.com/recipe/6829144",
	"ingredient_ids": [
		51791,
		8676,
		51755,
		51753,
		23166,
		9298,
		51737
	],
	"time": "30",
	"ingre_list": [
		{
			"ingre_name": "옥수수통조림",
			"ingre_count": "1",
			"ingre_unit": "개"
		},
		{
			"ingre_name": "양파",
			"ingre_count": "1/2",
			"ingre_unit": "개"
		},
		{
			"ingre_name": "노란파프리카",
			"ingre_count": "1/2",
			"ingre_unit": "개"
		},
		{
			"ingre_name": "빨간파프리카",
			"ingre_count": "1/2",
			"ingre_unit": "개"
		},
		{
			"ingre_name": "모짜렐라치즈",
			"ingre_count": "",
			"ingre_unit": "기호"
		},
		{
			"ingre_name": "베이컨",
			"ingre_count": "2",
			"ingre_unit": "줄"
		},
		{
			"ingre_name": "편마늘",
			"ingre_count": "",
			"ingre_unit": ""
		}
	],
	"sauce_list": [
		{
			"ingre_name": "마요네즈",
			"ingre_count": "2",
			"ingre_unit": "T"
		},
		{
			"ingre_name": "설탕",
			"ingre_count": "0.",
			"ingre_unit": "T"
		},
		{
			"ingre_name": "소금",
			"ingre_count": "",
			"ingre_unit": "약간"
		},
		{
			"ingre_name": "후추",
			"ingre_count": "",
			"ingre_unit": "약간"
		}
	],
	"recipe": [
		"1. 콘치즈는 물기를 빼서 준비해주시고, 베이컨, 양파, 파프리카는 잘게 썰어주세요.",
		"2. 한쪽으로 후라이팬을 기울여서 기름이 모아지게 해놓고, 편마늘을 튀기듯이 볶아 주세요.",
		"3. 베이컨은 기름 없이 바삭바삭하게 볶아내 주세요.",
		"4. 바삭하게 볶아낸 베이컨은 키친타올에 올려서 기름기를 제거해 주세요.",
		"5. 옥수수콘, 파프리카, 양파 넣으시고, 마요네즈 2T + 설탕 0.5T + 소금약간 + 후추약간 넣어서 잘 버무려 주세요.",
		"6. 후라이팬에 쿠킹호일을 깔고, 버무려 놓은 옥수수콘과 야채를 넣어주세요.",
		"7. 위에 모짜렐라 치즈 쫙~ 올리시구요. 센불에서 1분 정도 구워주세요",
		"8. 1분정도 지난후에, 뚜껑을 덮으시구요. 약불로 해주세요.",
		"9. 치즈가 다 녹았으면, 불을 끄시구요. 쿠킹호일 그대로, 접시에 담으세요.",
		"10. 마지막에 구워놓은 마늘과 베이컨을 토핑해주세요. 베이컨갈릭 콘치즈 완성이랍니다."
	],
	"recipe_img": [
		"https://recipe1.ezmember.co.kr/cache/recipe/2015/06/19/126825919c2a2ec25633260aa4abc51a1.jpg",
		"https://recipe1.ezmember.co.kr/cache/recipe/2015/06/19/ec69354f011ac0bfe975150dfa69cf751.jpg",
		"https://recipe1.ezmember.co.kr/cache/recipe/2015/06/19/b0de1999c97acb14fae99247e69751811.jpg",
		"https://recipe1.ezmember.co.kr/cache/recipe/2015/06/19/8df2353fefb38f0028cec8674be072bf1.jpg",
		"https://recipe1.ezmember.co.kr/cache/recipe/2015/06/19/1da959e44a13ec12547bc4449097adc31.jpg",
		"https://recipe1.ezmember.co.kr/cache/recipe/2015/06/19/ce8c6b0fcd8d8f8b608bb67e29b7a7021.jpg",
		"https://recipe1.ezmember.co.kr/cache/recipe/2015/06/19/70c6472e3e01350a72ae5bcfab3329f61.jpg",
		"https://recipe1.ezmember.co.kr/cache/recipe/2015/06/19/3674d1e2ec7727324e579c1c671049721.jpg",
		"https://recipe1.ezmember.co.kr/cache/recipe/2015/06/19/7fd838528773f162da649e0ba8dcecf11.jpg",
		"https://recipe1.ezmember.co.kr/cache/recipe/2015/06/19/0fc88a8491ce9ee3ae430d2c962d3b081.jpg"
	],
	"tag": [
		"가공식품류, 디저트, 볶음, 술안주, 콘치즈"
	]
}