{
	"id": "6829114",
	"name": "저칼로리 양파 전",
	"thumbnail": "https://recipe1.ezmember.co.kr/cache/recipe/2015/06/18/d3ec67b44782b8443f407fbe5f193d8a1.jpg",
	"url": "https://www.10000recipe.com/recipe/6829114",
	"ingredient_ids": [
		8676,
		9456,
		8386,
		8824,
		10284
	],
	"time": "30",
	"ingre_list": [
		{
			"ingre_name": "양파",
			"ingre_count": "1",
			"ingre_unit": "개"
		},
		{
			"ingre_name": "달걀",
			"ingre_count": "1",
			"ingre_unit": "개"
		},
		{
			"ingre_name": "당근",
			"ingre_count": "",
			"ingre_unit": ""
		},
		{
			"ingre_name": "대파",
			"ingre_count": "",
			"ingre_unit": ""
		},
		{
			"ingre_name": "콩기름",
			"ingre_count": "",
			"ingre_unit": ""
		}
	],
	"sauce_list": [
		{
			"ingre_name": "소금",
			"ingre_count": "",
			"ingre_unit": "약간"
		},
		{
			"ingre_name": "찍어먹을맛간장",
			"ingre_count": "",
			"ingre_unit": ""
		}
	],
	"recipe": [
		"1. 대파, 당근, 양파는 곱게 채를 썰어둔다.",
		"2. 달걀 1개와 소금을 약간 넣고 잘 섞어준다.",
		"3. 프라이팬에 식용유를 두르고 한 숟가락씩 놓는다.",
		"4. 노릇노릇 구워내면 완성된다."
	],
	"recipe_img": [
		"https://recipe1.ezmember.co.kr/cache/recipe/2015/08/07/35d508b97f19bc36c958547b491fe9571.jpg",
		"https://recipe1.ezmember.co.kr/cache/recipe/2015/08/07/f1f71514570025fbe6abbba0748dd7a11.jpg",
		"https://recipe1.ezmember.co.kr/cache/recipe/2015/08/07/9526f4709e8f9761bec775a1cdca03b91.jpg",
		"https://recipe1.ezmember.co.kr/cache/recipe/2015/08/07/86cc1c63cecc3964cb4e7682ba508f3b1.jpg"
	],
	"tag": [
		"밑반찬, 부침, 부침개, 야식, 전, 채소류"
	]
}