{
	"id": "6829107",
	"name": "초간단 일본식 계란 덮밥, 텐신항, 텐신동",
	"thumbnail": "https://recipe1.ezmember.co.kr/cache/recipe/2015/06/18/80b110ac0a35c9299f2f630dc0131a781.jpg",
	"url": "https://www.10000recipe.com/recipe/6829107",
	"ingredient_ids": [
		51685,
		9456,
		51705,
		51757
	],
	"time": "30",
	"ingre_list": [
		{
			"ingre_name": "밥",
			"ingre_count": "1",
			"ingre_unit": "공기"
		},
		{
			"ingre_name": "달걀",
			"ingre_count": "2",
			"ingre_unit": "개"
		},
		{
			"ingre_name": "다진파",
			"ingre_count": "2",
			"ingre_unit": "T"
		},
		{
			"ingre_name": "오일",
			"ingre_count": "1",
			"ingre_unit": "T"
		}
	],
	"sauce_list": [
		{
			"ingre_name": "물",
			"ingre_count": "200",
			"ingre_unit": "ml"
		},
		{
			"ingre_name": "간장",
			"ingre_count": "1",
			"ingre_unit": "T"
		},
		{
			"ingre_name": "설탕",
			"ingre_count": "1",
			"ingre_unit": "T"
		},
		{
			"ingre_name": "식초",
			"ingre_count": "1.",
			"ingre_unit": "T"
		},
		{
			"ingre_name": "미림",
			"ingre_count": "1",
			"ingre_unit": "T"
		},
		{
			"ingre_name": "굴소스",
			"ingre_count": "1",
			"ingre_unit": "T"
		},
		{
			"ingre_name": "치킨스톡파우더(or혼다시등조미료)",
			"ingre_count": "1",
			"ingre_unit": "T"
		},
		{
			"ingre_name": "전분",
			"ingre_count": "2",
			"ingre_unit": "T"
		}
	],
	"recipe": [
		"1. 파는 다져놓고, 전분은 물 1T정도와 섞는다.",
		"2. 전분을 제외한 앙카케 소스 재료를 모두 섞은 뒤, 소스가 끓기 시작하면 물전분을 빠르게 섞어가며 부은 뒤 걸쭉하게 끓인다.",
		"3. 계란 두 개는 다진 파와 소금 한 꼬집 넣고 잘 섞은 뒤, 팬에 오일 한 스푼정도 두른다.",
		"4. 팬에 열이 오르면 계란 믹스쳐를 모두 붓고 젓가락으로 빠르게 휘휘 저어가며 익힌다. 뒤집을 필요는 없고 그냥 80%정도 익히고 나머지는 잔열로 익힌다.",
		"5. 그릇에 밥을 푸고 계란을 올린다음 아까 만들었던 소스를 붓는다."
	],
	"recipe_img": [
		"https://recipe1.ezmember.co.kr/cache/recipe/2015/06/19/8a2836865209f0d7f02a3341357d967c1.jpg",
		"https://recipe1.ezmember.co.kr/cache/recipe/2015/06/19/e5f59b056c892027f600ece536f17cb11.jpg",
		"https://recipe1.ezmember.co.kr/cache/recipe/2015/06/19/0f1f1ef926582cdef997c1fd599113e21.jpg",
		"https://recipe1.ezmember.co.kr/cache/recipe/2015/06/19/89cad83cafcab40282a3e276da3ad38f1.jpg",
		"https://recipe1.ezmember.co.kr/cache/recipe/2015/06/19/4db1ca51af4820b74dbc73f7f4dad88e1.jpg"
	],
	"tag": [
		"계란, 끓이기, 달걀+유제품, 달걀, 덮밥, 밥+죽+떡, 밥, 에그, 일상"
	]
}