{
	"id": "6829028",
	"name": "두부덮밥 만들기",
	"thumbnail": "https://recipe1.ezmember.co.kr/cache/recipe/2015/06/16/fb3e296dca395ea9a71cea1e15cf6b2b1.jpg",
	"url": "https://www.10000recipe.com/recipe/6829028",
	"ingredient_ids": [
		8765,
		8855,
		8827,
		8386,
		8905,
		8158
	],
	"time": "10",
	"ingre_list": [
		{
			"ingre_name": "청경채",
			"ingre_count": "",
			"ingre_unit": ""
		},
		{
			"ingre_name": "애호박",
			"ingre_count": "",
			"ingre_unit": ""
		},
		{
			"ingre_name": "파프리카",
			"ingre_count": "",
			"ingre_unit": ""
		},
		{
			"ingre_name": "당근",
			"ingre_count": "",
			"ingre_unit": ""
		},
		{
			"ingre_name": "양송이버섯",
			"ingre_count": "",
			"ingre_unit": ""
		},
		{
			"ingre_name": "두부",
			"ingre_count": "1/2",
			"ingre_unit": "모"
		}
	],
	"sauce_list": [
		{
			"ingre_name": "참기름",
			"ingre_count": "1",
			"ingre_unit": "T"
		},
		{
			"ingre_name": "다진마늘",
			"ingre_count": "1",
			"ingre_unit": "T"
		},
		{
			"ingre_name": "굴소스",
			"ingre_count": "1",
			"ingre_unit": "T"
		},
		{
			"ingre_name": "물",
			"ingre_count": "100",
			"ingre_unit": "ml"
		},
		{
			"ingre_name": "전분가루",
			"ingre_count": "2",
			"ingre_unit": "T"
		}
	],
	"recipe": [
		"1. 야채는 깨끗이씻어 먹기좋게 다져준다 청경채,애호박,파프리카,당근,양송이버섯",
		"2. 두부는 먹기좋게 작게 깍둑썰기해서 팬에 참기름을 두르고 두부를 튀기듯이 구어준다",
		"3. 어느정도 두부가 구어졌으면 야채를 넣고",
		"4. 다진마늘 1티스푼,굴소스1티스푼 넣은뒤 소스가 고루 배이도록 달달 볶아준뒤",
		"5. 물을 100ml 넣어준다",
		"6. 물이 보글보글 끓어오르면 전분가루를 풀어주면 끝 !!"
	],
	"recipe_img": [
		"https://recipe1.ezmember.co.kr/cache/recipe/2015/06/18/02c7e3a70d0e6a12b8355a483d91c8441.jpg",
		"https://recipe1.ezmember.co.kr/cache/recipe/2015/06/18/54a7162307fcbd0102081d12b0892cfb1.jpg",
		"https://recipe1.ezmember.co.kr/cache/recipe/2015/06/18/fc70888f36cca46bd69836843cfbdec61.jpg",
		"https://recipe1.ezmember.co.kr/cache/recipe/2015/06/18/6d555c6a78916bdcbc9bff49301d925b1.jpg",
		"https://recipe1.ezmember.co.kr/cache/recipe/2015/06/18/8d21372e7c0d5fa4c709a88c4078af3d1.jpg",
		"https://recipe1.ezmember.co.kr/cache/recipe/2015/06/18/330f60e56ef87d4a7c62231c1abc50401.jpg"
	],
	"tag": [
		"덮밥, 두부, 두부덮밥, 밥+죽+떡, 볶음, 일상, 콩+견과류"
	]
}