{
	"id": "6829094",
	"name": "백종원 파무침",
	"thumbnail": "https://recipe1.ezmember.co.kr/cache/recipe/2015/06/17/1172a5379400fd716687ccc66a516ca21.jpg",
	"url": "https://www.10000recipe.com/recipe/6829094",
	"ingredient_ids": [
		8824
	],
	"time": "10",
	"ingre_list": [
		{
			"ingre_name": "대파",
			"ingre_count": "2",
			"ingre_unit": "줄"
		}
	],
	"sauce_list": [
		{
			"ingre_name": "식초",
			"ingre_count": "2",
			"ingre_unit": "T"
		},
		{
			"ingre_name": "간장",
			"ingre_count": "1",
			"ingre_unit": "T"
		},
		{
			"ingre_name": "고춧가루",
			"ingre_count": "3",
			"ingre_unit": "T"
		},
		{
			"ingre_name": "설탕",
			"ingre_count": "2",
			"ingre_unit": "T"
		},
		{
			"ingre_name": "깨",
			"ingre_count": "1",
			"ingre_unit": "T"
		},
		{
			"ingre_name": "참기름",
			"ingre_count": "2",
			"ingre_unit": "T"
		}
	],
	"recipe": [
		"1. 파채칼로 파채를 만들어주세요.",
		"2. 파채에 참기름 2T를 먼저 넣고 버무려 준다.",
		"3. 재료의 양념장을 만들어 파채와 버무려 준다."
	],
	"recipe_img": [
		"https://recipe1.ezmember.co.kr/cache/recipe/2015/06/19/56123f8325b804387b14a5c68c11894b1.jpg",
		"https://recipe1.ezmember.co.kr/cache/recipe/2015/06/19/e051b37684ceb89cf5c401c533e082131.jpg",
		"https://recipe1.ezmember.co.kr/cache/recipe/2015/06/19/dabe13df7595174d7a3b526a1b69f0f41.jpg"
	],
	"tag": [
		"무침, 밑반찬, 채소류, 초스피드"
	]
}