{
	"id": "6829113",
	"name": "짭쪼름한 우엉조림",
	"thumbnail": "https://recipe1.ezmember.co.kr/cache/recipe/2015/06/19/c97a1c3a36b753fe60f5d9d2f27e2e1d1.jpg",
	"url": "https://www.10000recipe.com/recipe/6829113",
	"ingredient_ids": [
		8720,
		51683,
		10454
	],
	"time": "60",
	"ingre_list": [
		{
			"ingre_name": "우엉",
			"ingre_count": "2",
			"ingre_unit": "뿌리"
		},
		{
			"ingre_name": "물",
			"ingre_count": "",
			"ingre_unit": "우엉이잠길정도"
		},
		{
			"ingre_name": "식초",
			"ingre_count": "5",
			"ingre_unit": "T"
		}
	],
	"sauce_list": [
		{
			"ingre_name": "간장",
			"ingre_count": "5",
			"ingre_unit": "T"
		},
		{
			"ingre_name": "맛술",
			"ingre_count": "3",
			"ingre_unit": "T"
		},
		{
			"ingre_name": "물엿",
			"ingre_count": "2",
			"ingre_unit": "T"
		},
		{
			"ingre_name": "설탕",
			"ingre_count": "2",
			"ingre_unit": "T"
		},
		{
			"ingre_name": "참기름",
			"ingre_count": "1",
			"ingre_unit": "T"
		},
		{
			"ingre_name": "통깨",
			"ingre_count": "1",
			"ingre_unit": "T"
		}
	],
	"recipe": [
		"1. 우엉은 필러고 깍은 다음 어슷썰어 채썰기를 해줬어요. 우엉이 잠길 정도의 물에 식초를 넣고 30분 이상 우려주세요. 우엉의 아린 맛을 빼준답니다.",
		"2. 우엉이 식초물에 우려지는 동안 양념장을 만들어 주세요 양념 재료를 넣어서 간을 맞추세요.",
		"3. 거기에 양념장을 붓고 졸여주세요 바글바글 끓고 국물이 자작하니 거의 졸아들 때까지 졸여주시면 됩니다."
	],
	"recipe_img": [
		"https://recipe1.ezmember.co.kr/cache/recipe/2015/06/19/60555c07c5deab630647f79f08bc647a1.jpg",
		"https://recipe1.ezmember.co.kr/cache/recipe/2015/06/19/03f99818093d9ccab0e459129db8912b1.jpg",
		"https://recipe1.ezmember.co.kr/cache/recipe/2015/06/19/79f3ef9926e15e78c45ccc7a8c8140091.jpg"
	],
	"tag": [
		"우엉조림, 조림"
	]
}