{
	"id": "6829047",
	"name": "달콤짭짤한 두부조림만들기",
	"thumbnail": "https://recipe1.ezmember.co.kr/cache/recipe/2015/06/16/985ee7c03f9f0e18e322d788c6426bd81.jpg",
	"url": "https://www.10000recipe.com/recipe/6829047",
	"ingredient_ids": [
		8158,
		8676,
		8820,
		8316
	],
	"time": "30",
	"ingre_list": [
		{
			"ingre_name": "두부",
			"ingre_count": "1",
			"ingre_unit": "모"
		},
		{
			"ingre_name": "양파",
			"ingre_count": "1/2",
			"ingre_unit": "개"
		},
		{
			"ingre_name": "파",
			"ingre_count": "1",
			"ingre_unit": "뿌리"
		},
		{
			"ingre_name": "청양고추",
			"ingre_count": "1",
			"ingre_unit": "개"
		}
	],
	"sauce_list": [
		{
			"ingre_name": "멸치육수",
			"ingre_count": "1",
			"ingre_unit": "컵"
		},
		{
			"ingre_name": "간장",
			"ingre_count": "3",
			"ingre_unit": "숟가락"
		},
		{
			"ingre_name": "설탕",
			"ingre_count": "1",
			"ingre_unit": "숟가락"
		},
		{
			"ingre_name": "고추가루",
			"ingre_count": "2",
			"ingre_unit": "숟가락"
		},
		{
			"ingre_name": "다진마늘",
			"ingre_count": "1",
			"ingre_unit": "숟가락"
		},
		{
			"ingre_name": "깨",
			"ingre_count": "",
			"ingre_unit": "조금"
		},
		{
			"ingre_name": "참기름",
			"ingre_count": "",
			"ingre_unit": "조금"
		}
	],
	"recipe": [
		"1. 먼저 부침용두부사서 먹기 좋은 적당한크기로 자른뒤 키친타올로 물기닦아 낸뒤에 후라이팬에 기름조금 둘러서 살짝 구워준다",
		"2. 노릇노릇해질 정도로 살짝구워준다",
		"3. 두부가 구워지면 두부양념장을 만든다 양파.대파.다진마늘.청양고추(적당히) 고추가루(2t).설탕(1t).간장(3t).깨.참기름 간봐가면서 취향에 맞게 양념장을 만든뒤",
		"4. 구워놓은 두부를 냄비에 옮겨담고 두부위에 양념장적당히 올리며 두부를 쌓아 올린다",
		"5. 미리끓여놓은 멸치육수를 냄비에 붓고 중불로 끓이다가 약불로 서서이 졸여주면 된다",
		"6. 국물이 자작해질때까지 졸이다가 계란하나 넣으면 되고 계란안좋아하면 생략해도됨 이렇게 달콤짭짤한 두부조림 완성"
	],
	"recipe_img": [
		"https://recipe1.ezmember.co.kr/cache/recipe/2015/06/18/213e8b3ce070fbf7f00ef9ac07bd9d341.jpg",
		"https://recipe1.ezmember.co.kr/cache/recipe/2015/06/18/8dbbf9a3c8d468bea5679fc5051190ca1.jpg",
		"https://recipe1.ezmember.co.kr/cache/recipe/2015/06/18/7bbdbc43cf1fbbf92e09c1b5c44e36ef1.jpg",
		"https://recipe1.ezmember.co.kr/cache/recipe/2015/06/18/107e7f82af4a9b7647f9a97327fe9eff1.jpg",
		"https://recipe1.ezmember.co.kr/cache/recipe/2015/06/18/ad49cbe907968d77269a6036ed6edf4d1.jpg",
		"https://recipe1.ezmember.co.kr/cache/recipe/2015/06/18/f3b58a109c976ebaf8d59bd90ff933431.jpg"
	],
	"tag": [
		"두부, 두부조림, 조림, 콩+견과류"
	]
}