{
	"id": "6829053",
	"name": "옥수수콘으로 만드는 초간단 마약옥수수 ",
	"thumbnail": "https://recipe1.ezmember.co.kr/cache/recipe/2015/06/18/f48c600c68ba995f44accac4dc379a1c1.jpg",
	"url": "https://www.10000recipe.com/recipe/6829053",
	"ingredient_ids": [
		10267,
		13190
	],
	"time": "15",
	"ingre_list": [
		{
			"ingre_name": "버터",
			"ingre_count": "1/2",
			"ingre_unit": "T"
		},
		{
			"ingre_name": "옥수수콘",
			"ingre_count": "2/3",
			"ingre_unit": "캔"
		}
	],
	"sauce_list": [
		{
			"ingre_name": "마요네즈",
			"ingre_count": "2-3스푼",
			"ingre_unit": "T"
		},
		{
			"ingre_name": "설탕",
			"ingre_count": "1",
			"ingre_unit": "T"
		},
		{
			"ingre_name": "파마산치즈",
			"ingre_count": "",
			"ingre_unit": ""
		},
		{
			"ingre_name": "고춧가루",
			"ingre_count": "",
			"ingre_unit": "약간"
		},
		{
			"ingre_name": "파슬리가루(생략가능)",
			"ingre_count": "",
			"ingre_unit": ""
		}
	],
	"recipe": [
		"1. 옥수수는 체에걸러 물기를 빼서 준비해 주시구요. 달군팬에 버터를 아빠숫갈 반스푼정도 넣어줍니다.",
		"2. 마요네즈를 약간 넣어줍니다.",
		"3. 설탕을 한스푼 넣어주세요.",
		"4. 옥수수를 넣어 같이 볶아줍니다.",
		"5. 파마산치즈가루와 고추가루를 뿌리면 완성입니다."
	],
	"recipe_img": [
		"https://recipe1.ezmember.co.kr/cache/recipe/2015/06/18/aba0bf6b687fdaa69c47c874d9ef03f61.jpg",
		"https://recipe1.ezmember.co.kr/cache/recipe/2015/06/18/9929b40aedee96456835d846251437d11.jpg",
		"https://recipe1.ezmember.co.kr/cache/recipe/2015/06/18/caa8325d38b77b6fe5efd557d207a5a61.jpg",
		"https://recipe1.ezmember.co.kr/cache/recipe/2015/06/18/0babeaff00459f97945cf266d1d7c5cf1.jpg",
		"https://recipe1.ezmember.co.kr/cache/recipe/2015/06/18/1fa5d6821f7473ea7f6739b8e5a524f61.jpg"
	],
	"tag": [
		"가공식품류, 디저트, 마약옥수수, 술안주, 옥수수"
	]
}