{
	"id": "6829119",
	"name": "치즈맛이 고소한 콘치즈 쉽게 만들기",
	"thumbnail": "https://recipe1.ezmember.co.kr/cache/recipe/2015/06/18/3efc71184fce792008cd1d5bd41580451.jpg",
	"url": "https://www.10000recipe.com/recipe/6829119",
	"ingredient_ids": [
		15377,
		28988,
		23217,
		15272,
		8386
	],
	"time": "15",
	"ingre_list": [
		{
			"ingre_name": "스위트콘",
			"ingre_count": "200",
			"ingre_unit": "g"
		},
		{
			"ingre_name": "슬라이스치즈",
			"ingre_count": "1",
			"ingre_unit": "장"
		},
		{
			"ingre_name": "피자치즈",
			"ingre_count": "1/2",
			"ingre_unit": "컵"
		},
		{
			"ingre_name": "햄",
			"ingre_count": "",
			"ingre_unit": "조금"
		},
		{
			"ingre_name": "당근",
			"ingre_count": "30",
			"ingre_unit": "g"
		}
	],
	"sauce_list": [
		{
			"ingre_name": "올리고당",
			"ingre_count": "1",
			"ingre_unit": "수푼"
		},
		{
			"ingre_name": "소금",
			"ingre_count": "1",
			"ingre_unit": "꼬집"
		},
		{
			"ingre_name": "마요네즈",
			"ingre_count": "5",
			"ingre_unit": "T"
		},
		{
			"ingre_name": "후추",
			"ingre_count": "",
			"ingre_unit": "톡톡"
		}
	],
	"recipe": [
		"1. 스위트콘 통조림은 체에 받쳐 물기를 빼둡니다.",
		"2. 팬에 기름을 두른후 잘게 다진 햄과 당근을 넣고 먼저 볶아주세요. 햄의 구운 향이 올라오면 채에 받쳐 물기를 뺀 스위트콘을 넣고 함께 살짝 볶아주세요.",
		"3. 오븐용기에 볶은 재료를 넣고 마요네즈 4~5스푼, 올리고당 1스푼, 소금 한꼬집을 넣고 섞어주신 후 피자치즈와 올린 다음 슬라이스 치즈를 잘라서 올려주세요. 파슬리가루도 조금 뿌려 예열된 180도 오븐에서 약 10분정도 구워주시면 콘치즈 완성.오븐"
	],
	"recipe_img": [
		"https://recipe1.ezmember.co.kr/cache/recipe/2015/06/19/904c7161ab2a067086debde48dc61b0f1.jpg",
		"https://recipe1.ezmember.co.kr/cache/recipe/2015/06/19/d3326841d129f71e014d3740d075dc6c1.jpg",
		"https://recipe1.ezmember.co.kr/cache/recipe/2015/06/19/f8fa1fdeae2ea6c541c7e65d2bf35c141.jpg"
	],
	"tag": [
		"디저트, 콘치즈"
	]
}