{
	"id": "6829129",
	"name": "매콤한 오징어볶음 만들기",
	"thumbnail": "https://recipe1.ezmember.co.kr/cache/recipe/2015/06/18/ec33defc2f1a4f27329d51f9f47a24e51.jpg",
	"url": "https://www.10000recipe.com/recipe/6829129",
	"ingredient_ids": [
		10107,
		42888,
		8676,
		8386,
		8824,
		51689,
		8232,
		51684
	],
	"time": "30",
	"ingre_list": [
		{
			"ingre_name": "오징어",
			"ingre_count": "1",
			"ingre_unit": "마리"
		},
		{
			"ingre_name": "양배추",
			"ingre_count": "",
			"ingre_unit": "약간"
		},
		{
			"ingre_name": "양파",
			"ingre_count": "1/2",
			"ingre_unit": "개"
		},
		{
			"ingre_name": "당근",
			"ingre_count": "",
			"ingre_unit": "약간"
		},
		{
			"ingre_name": "대파",
			"ingre_count": "1",
			"ingre_unit": "대"
		},
		{
			"ingre_name": "홍고추",
			"ingre_count": "1",
			"ingre_unit": "개"
		},
		{
			"ingre_name": "참깨",
			"ingre_count": "",
			"ingre_unit": ""
		},
		{
			"ingre_name": "식용유",
			"ingre_count": "1",
			"ingre_unit": "T"
		}
	],
	"sauce_list": [
		{
			"ingre_name": "고춧가루",
			"ingre_count": "2",
			"ingre_unit": "T"
		},
		{
			"ingre_name": "올리고당",
			"ingre_count": "1",
			"ingre_unit": "T"
		},
		{
			"ingre_name": "설탕",
			"ingre_count": "1/2",
			"ingre_unit": "작은술"
		},
		{
			"ingre_name": "참기름",
			"ingre_count": "1",
			"ingre_unit": "작은술"
		},
		{
			"ingre_name": "간장",
			"ingre_count": "2/3",
			"ingre_unit": "T"
		},
		{
			"ingre_name": "맛술",
			"ingre_count": "1",
			"ingre_unit": "작은술"
		},
		{
			"ingre_name": "생강가루",
			"ingre_count": "",
			"ingre_unit": "약간"
		},
		{
			"ingre_name": "다진마늘",
			"ingre_count": "1",
			"ingre_unit": "작은술"
		},
		{
			"ingre_name": "후춧가루",
			"ingre_count": "",
			"ingre_unit": "약간"
		},
		{
			"ingre_name": "참깨",
			"ingre_count": "",
			"ingre_unit": ""
		}
	],
	"recipe": [
		"1. 양배추와 양파, 당근과 대파 홍고추를 썰어준 후 오징어는 끓는 물에 가볍게 데쳐주었어요. 냉동된 상태의 오징어 그대로 볶아내면 수분이 많이 빠져나오더라구요. 그래서 먼저 가볍게 데친 후 사용했어요. 가볍게만 데쳐주세요. 오징어는 너무 오래 익히면 질겨져요. 다시한 번 볶아줄꺼니 가볍게만",
		"2. 분량의 볶음양념장도 준비합니다.",
		"3. 달궈진 팬에 기름을 1큰술 두른 후 양배추와 양파, 당근을 넣고 센불에서 재빨리 볶아주세요.",
		"4. 어느정도 볶아지고 나면 데친 오징어를 넣어 가볍게 볶아낸 후",
		"5. 볶음양념장을 넣고 골고루 양념이 섞이도록 볶아줍니다.",
		"6. 마지막으로 대파와 홍고추를 넣어 가볍게 볶아준 후 마무리 합니다.",
		"7. 국물이 거의 없는 오징어볶음 완성이네요. 이거 이거 밥반찬으로도 좋지만 양념이 자작하지 않은 상태의 오징어볶음은 술안주로 가장 좋은 것 같아요."
	],
	"recipe_img": [
		"https://recipe1.ezmember.co.kr/cache/recipe/2015/06/19/3d2380b76da6ba70d0206d2e64c2016f1.jpg",
		"https://recipe1.ezmember.co.kr/cache/recipe/2015/06/19/b5b4a8c3f36535d7f035916cfda121101.jpg",
		"https://recipe1.ezmember.co.kr/cache/recipe/2015/06/19/b57877eb1ad50c7dee676dbe9e74cc381.jpg",
		"https://recipe1.ezmember.co.kr/cache/recipe/2015/06/19/39ba537660bb566bd2d3c68f2e15b80d1.jpg",
		"https://recipe1.ezmember.co.kr/cache/recipe/2015/06/19/ae0b30632162820477386926399963581.jpg",
		"https://recipe1.ezmember.co.kr/cache/recipe/2015/06/19/13f61864ce8cbeefbecd67e6f7ac57131.jpg",
		"https://recipe1.ezmember.co.kr/cache/recipe/2015/06/19/c1220b6875a7a5f29fd95d4fcc468e721.jpg"
	],
	"tag": [
		"술안주, 오징어, 오징어볶음, 해물류"
	]
}