{
	"id": "6829057",
	"name": "고소한 멸치주먹밥",
	"thumbnail": "https://recipe1.ezmember.co.kr/cache/recipe/2015/06/17/f1122b6b3256e51ffe1a9201604e1ed11.jpg",
	"url": "https://www.10000recipe.com/recipe/6829057",
	"ingredient_ids": [
		8850,
		8386,
		8676,
		51722,
		11266,
		51685
	],
	"time": "15",
	"ingre_list": [
		{
			"ingre_name": "호박",
			"ingre_count": "",
			"ingre_unit": ""
		},
		{
			"ingre_name": "당근",
			"ingre_count": "",
			"ingre_unit": ""
		},
		{
			"ingre_name": "양파",
			"ingre_count": "",
			"ingre_unit": ""
		},
		{
			"ingre_name": "김가루",
			"ingre_count": "",
			"ingre_unit": ""
		},
		{
			"ingre_name": "멸치",
			"ingre_count": "",
			"ingre_unit": ""
		},
		{
			"ingre_name": "밥",
			"ingre_count": "",
			"ingre_unit": ""
		}
	],
	"sauce_list": [],
	"recipe": [
		"1. 야채들을 채썰어서 아이들이 먹기좋게 다져줍니다.",
		"2. 다진 양파는 넉넉하게 준비해서 올리브유 두르고 볶아주세요. 볶을때 소금을 두꼬집정도 넣어 볶아줍니다.",
		"3. 먹다 남은 멸치볶음은 칼로 조금 다져줍니다.",
		"4. 큰 볼에 밥 3공기를 넣고 볶아놓은 채소와 멸치를 넣어줍니다. 참기름 2스푼과 통깨도 같이 넣어주세요.",
		"5. 김가루를 넣어 줍니다. 일회용장갑을 끼고 잘 섞어 동그랗게 뭉쳐주면 완성입니다."
	],
	"recipe_img": [
		"https://recipe1.ezmember.co.kr/cache/recipe/2015/06/18/ea94f34d3a30b7167017368a0bed0d891.jpg",
		"https://recipe1.ezmember.co.kr/cache/recipe/2015/06/18/ea789093bb69cbe46056acac562dacc51.jpg",
		"https://recipe1.ezmember.co.kr/cache/recipe/2015/06/18/f1c2615ba5a7cf9bbc1d720f810219541.jpg",
		"https://recipe1.ezmember.co.kr/cache/recipe/2015/06/18/d632bb41868aff1389fdaab811ec279e1.jpg",
		"https://recipe1.ezmember.co.kr/cache/recipe/2015/06/18/748e92bf8bd52d65b5a79d7bfa92de5b1.jpg"
	],
	"tag": [
		"건어물류, 밥, 비빔, 삼각김밥, 주먹밥"
	]
}